:020000040800F2
:1000000000040020B9010008BB010008BB01000882
:10001000BB010008BB010008BB010008BB010008D0
:10002000BB010008BB010008BB010008A9EC0008E7
:10003000BB010008BB010008BB0100083301010837
:10004000BB010008BB010008BB010008BB010008A0
:10005000BB010008BB01000825FE00084DFE00089A
:1000600075FE00089DFE0008C5FE0008BB010008E3
:10007000BB010008BB01000865080108BB010008BE
:10008000EDFE0008BB010008BB010008BB01000831
:10009000BB010008BB010008BB010008BB01000850
:1000A000BB010008BB0100085104010865040108F8
:1000B000BB010008BB0100083D020108BB010008AC
:1000C0005102010851FF0008BB010008BB010008F4
:1000D000BB010008BB010008BB010008BB01000810
:1000E00072B6264880F30888254880F30988254899
:1000F00025490860022080F31488BFF36F8F0EF04B
:10010000A7FA0DF0FFFD4FF0553020491B4A9142F0
:100110003CBF41F8040BFAE71D49194A91423CBF24
:1001200041F8040BFAE71B491B4A1C4B9A423EBF9D
:1001300051F8040B42F8040BF8E700201849194A5B
:1001400091423CBF41F8040BFAE70EF085FA0EF03D
:1001500080FA154C154DAC4203DA54F8041B88475D
:10016000F9E707F00BFE124C124DAC4203DA54F8DB
:10017000041B8847F9E70EF06DBA00000004002068
:10018000000C00200000000808ED00E00000002046
:1001900000040020C41A0108000C002008140020EC
:1001A000081400208C4F0020E0000008E000000848
:1001B000E0000008E000000892E700F000F8FEE729
:1001C0002DE9F04FC1F80CD0C3689D46BDE8F08F13
:1001D000002383F311882846A04700200EF06AFC14
:1001E000FEE70EF09BFB00DFFEE7000053B94AB9C3
:1001F000002908BF00281CBF4FF0FF314FF0FF302F
:1002000000F08AB9ADF1080C6DE904CE00F01AF8DF
:10021000DDF804E0DDE9022304B07047430803F091
:100220005533C01A830803F0333300F033301844D9
:1002300000EB101000F00F3000EB002000EB00404E
:10024000000E70472DE9F047089E0D46044688468B
:10025000002B4DD18A42944668D9B2FA82F252B14B
:1002600001FA02F3C2F1200120FA01F10CFA02FCBA
:1002700041EA030894404FEA1C41B8FBF1F71FFA2A
:100280008CFE01FB178807FB0EF0230C43EA0843A2
:1002900098420AD91CEB030307F1FF3580F01E8159
:1002A000984240F21B81023F63441B1AB3FBF1F0FA
:1002B00001FB103300FB0EFEA4B244EA0344A64542
:1002C0000AD91CEB040400F1FF3380F00981A64534
:1002D00040F20681644402380021A4EB0E0440EA97
:1002E00007401EB10023D440C6E90043BDE8F087B3
:1002F0008B4208D9002E00F0EE800021C6E90005EF
:100300000846BDE8F087B3FA83F100294AD1AB4231
:1003100002D3824200F2FC80841A65EB03030120C1
:100320009846002EE2D0C6E90048DFE702B9FFDEBA
:10033000B2FA82F2002A40F09180A1EB0C00012178
:100340004FEA1C471FFA8CFEB0FBF7F307FB1300C4
:10035000250C45EA00450EFB03F0A84208D91CEB2A
:10036000050503F1FF3802D2A84200F2CE804346D1
:100370002D1AB5FBF7F007FB10550EFB00FEA4B2DB
:1003800044EA0544A64508D91CEB040400F1FF35F6
:1003900002D2A64500F2B6802846A4EB0E0440EA3D
:1003A00003409EE7C1F120078B4022FA07FC4CEA8C
:1003B000030C25FA07FA4FEA1C49BAFBF9F820FAB0
:1003C00007F309FB18AA8D401FFA8CFE1D4300FAA3
:1003D00001F308FB0EF02C0C44EA0A44A04202FA96
:1003E00001F20BD91CEB040408F1FF3A80F088807D
:1003F000A04240F28580A8F102086444241AB4FBAC
:10040000F9F009FB104400FB0EFEADB245EA0444CE
:10041000A64508D91CEB040400F1FF356CD2A645B3
:100420006AD90238644440EA0840A0FB0295A4EB74
:100430000E04AC42C846AE4656D353D0002E69D007
:10044000B3EB080264EB0E0422FA01F304FA07F797
:100450001F43CC40C6E90074002147E70CFA02FCB8
:10046000C2F1200125FA01F34FEA1C4720FA01F1FD
:1004700095400D43B3FBF7F107FB11331FFA8CFED8
:10048000280C40EA034001FB0EF3834204FA02F415
:1004900008D91CEB000001F1FF382FD283422DD97F
:1004A00002396044C01AB0FBF7F307FB1300ADB28A
:1004B00045EA004503FB0EF0A84208D91CEB0505F0
:1004C00003F1FF3816D2A84214D9023B6544281A1A
:1004D00043EA014138E73146304607E72F46E4E674
:1004E0001846F9E64B45A9D2B9EB020865EB0C0EAC
:1004F0000138A3E74346EAE7284694E74146D1E7B7
:10050000D0467BE76444023847E7023B65442FE767
:10051000084606E73146E9E6704700BF062008B501
:1005200000F08AFA01200FF0F3FA00BF032A10B599
:1005300016D940EA010C1CF0030F04460B4622D1E9
:1005400019462046D1F800E0D0F800C00433F44545
:1005500004F1040417D1043A032A20461946EFD8BF
:10056000541EA2B100F1FF3C013901E0C3180CD0C8
:100570001CF801EF11F8012FA4EB0C039645F5D000
:10058000AEEB020010BD541EECE7184610BD10463D
:1005900010BD00BF844641EA000313F0030349D1B4
:1005A000403A23D30B6803604B6843608B688360D9
:1005B000CB68C3600B6903614B6943618B698361DD
:1005C000CB69C3610B6A03624B6A43628B6A8362C5
:1005D000CB6AC3620B6B03634B6B43638B6B8363AD
:1005E000CB6BC36340304031403ADBD230320BD367
:1005F0000B6803604B6843608B688360CB68C360A3
:1006000010301031103AF3D20C3205D351F8043BBC
:1006100040F8043B043AF9D2043208D0D2071CBF98
:1006200011F8013B00F8013B01D30B8803806046C1
:10063000704700BF082A13D38B07B1D010F0030313
:10064000AED0C3F10403D21ADB071CBF11F8013B83
:1006500000F8013BA4D331F8023B20F8023B9FE7AE
:10066000043AD9D3013A11F8013B00F8013BF9D221
:100670000B7803704B7843708B78837060467047BB
:1006800088420DD98B1883420AD900EB020CBAB10B
:10069000624613F801CD994202F801CDF9D17047B5
:1006A0000F2A0ED8034602F1FF3C4AB10CF1010CAF
:1006B000013B8C4411F8012B614503F8012FF9D15E
:1006C000704740EA01039B074FD1A2F1100370B5B8
:1006D00001F1200C23F00F0501F1100E00F11004C0
:1006E000AC441B095EF8105C0EF1100E44F8105C6F
:1006F0005EF81C5C103444F81C5C5EF8185C44F82E
:10070000185C5EF8145CE64544F8145CEAD10133E9
:1007100012F00C0F01EB031102F00F0400EB0313B6
:1007200027D08E46043C24F003064FEA940C1E4466
:100730001C1F5EF8045B44F8045FB442F9D10CF16D
:10074000010402F0030203EB840301EB840102F1D4
:10075000FF3C4AB10CF1010C013B8C4411F8012B18
:10076000614503F8012FF9D170BD034602F1FF3C4A
:100770009CE72246EBE700BF830730B548D0541E04
:10078000002A3FD00346CAB201E0013C3AD303F845
:10079000012B9D07F9D1032C2DD9CDB245EA0525B2
:1007A0000F2C45EA054536D9A4F1100222F00F0CB2
:1007B00003F1200EE6444FEA121C03F1100242E955
:1007C000045542E9025510327245F8D10CF101028C
:1007D00014F00C0F03EB021204F00F0C13D0ACF169
:1007E000040323F003030433134442F8045B9342ED
:1007F000FBD10CF003042CB1CAB21C4403F8012B4A
:100800009C42FBD130BD64461346002CF4D1F9E77D
:1008100003461446BFE71A46A446E0E738B5124B34
:1008200004461D68AA6B1AB10023C2E9044338BD0F
:10083000182000F02DFA0246A86378B100210B239E
:1008400001209381C2E90401084B0949094DC2E91D
:10085000011300231560C2E9044338BD4221064B51
:10086000064800F0CDF900BF000C0020ECDE0500CA
:1008700034126DE60E33CDABF41901080C1A0108E1
:1008800038B5194B1C68A26B8AB1136917495469B2
:1008900003FB01F1164800FB0411A3FB00300133F8
:1008A00041EB0001C2E9043121F0004038BD1820BD
:1008B00000F0EEF90246A06388B1012400250B2365
:1008C0000A480C49C2E90445116001460A4D0B4C27
:1008D00093810B4BC2E90154C2E9043138BD4E216A
:1008E000084B094800F08CF9000C00202DF45158F9
:1008F0002D7F954C0E33CDAB34126DE6ECDE05004A
:100900002E7F954CF41901080C1A010838B5446C77
:100910000CB1002038BD8021054600F02FFA0246B8
:10092000686430B1031F7C3243F8044F9342FBD11B
:10093000EFE74FF0FF3038BD1F29F8B5054608D85E
:10094000466C0C4617464EB156F8240046F8247003
:10095000F8BD16234FF0FF302B60F8BD802100F06A
:100960000DFA0646686440B10021031F00F17C05C2
:1009700043F8041F9D42FBD1E6E74FF0FF30F8BD7E
:100980001F2938B5054620D8426C0C466AB152F88A
:10099000213053B1012B16D0591C10D00025204610
:1009A00042F824509847284638BD284600F0F8F809
:1009B000224601462846BDE8384000F0DDB816233F
:1009C00001202B6038BD002038BD16234FF0FF30CA
:1009D0002B6038BD1F292BD8426C38B50C46054614
:1009E00082B152F8243002EB84024BB1591C1AD068
:1009F000012B16D00025204615609847284638BDA3
:100A0000012038BD802100F0B9F90246686460B168
:100A10000020131F02F17C0143F8040F9942FBD11F
:100A2000DFE7032038BD022038BD4FF0FF3038BD6E
:100A30004FF0FF30704700BF38B5144B1F281D68BA
:100A40001FD86A6C044662B152F820304BB1012BBA
:100A500015D0591C0FD0002542F820509847284641
:100A600038BD284600F09CF8224601462846BDE8DD
:100A7000384000F081B8162301202B6038BD0020DB
:100A800038BD16234FF0FF302B6038BD000C00201E
:100A9000124B1F2870B51E6808D80D46716C0446AD
:100AA00049B151F8240041F8245070BD16234FF08D
:100AB000FF30336070BD8021304600F05FF90146A1
:100AC000706440B10022031F00F17C0C43F8042F36
:100AD0006345FBD1E5E74FF0FF3070BD000C00200F
:100AE00038B50B4B1D686C6C0CB1002038BD8021F3
:100AF000284600F043F9686438B1031F00F17C0216
:100B000043F8044F9342FBD1EFE74FF0FF3038BD7D
:100B1000000C002038B5174B1F281D6827D86A6CB9
:100B2000044682B152F8243002EB84024BB1591CC6
:100B30001BD0012B17D0002520461560984728466A
:100B400038BD012038BD8021284600F017F9024643
:100B5000686460B10020131F02F17C0143F8040FA8
:100B60008B42FBD1DEE7032038BD022038BD4FF0B9
:100B7000FF3038BD000C002070B50026074D04463C
:100B8000084611462E600EF0CBFF431C00D070BD0E
:100B90002B68002BFBD0236070BD00BF1014002019
:100BA0000EF0C6BF20F0030110F00300C0F10000FA
:100BB00051F8043B00F1040C4FEACC0C6FF000023A
:100BC0001CBF22FA0CF213434FF0010C4CEA0C2C20
:100BD0004CEA0C4CA3EB0C0222EA030212EACC1200
:100BE00004BF51F8043B0430F4D0C2F1000102EA22
:100BF0000102B2FA82F2C2F11F0200EBD20070478A
:100C0000144600B51A460A4B0D461B6885B0DE68CF
:100C100003464CB1074901913046074902940095BB
:100C200000F022F8FFF77AFC04490C46F3E700BF16
:100C3000000C0020401A0108501A01084C1A010843
:100C400008B513460022FFF7DBFF00BF0CB400B568
:100C500083B004AB53F8042B019300F025F903B0E3
:100C60005DF804EB02B070470EB400B5074A82B0DD
:100C700003AB0146106853F8042B019300F014F9FC
:100C800002B05DF804EB03B0704700BF000C002019
:100C9000024B0146186800F071B800BF000C00203C
:100CA000024B0146186800F003B800BF000C00209A
:100CB000002952D038B551F8043C0C1F002BB8BFA6
:100CC000E418054601F0AEF92B4A1368002B45D015
:100CD000A3420CD921686018834228D0636028465B
:100CE0001460BDE8384001F09FB9A3420FD81A46FE
:100CF0005B68002BF9D11168501884421DD034D3A1
:100D0000636054602846BDE8384001F08DB9116831
:100D10005018A04215D028D8216860188342EFD11E
:100D200018685B680144C4E900135460EAE7186876
:100D30005B680144C4E90013D1E7236819441160DA
:100D4000E0E720680144501883421160DAD1D3E90A
:100D500000030144C2E90013D4E7704728466360EA
:100D60001460BDE8384001F05FB90C2328462B60C1
:100D7000BDE8384001F058B908140020F8B5CD1C82
:100D800025F0030508350C2D38BF0C25002D06462F
:100D900023DBA94221D8264F01F044F93A6822B357
:100DA000144603E063682246FBB11C4623685B1BC4
:100DB000F8D40B2B15D8636894420CBF3B6053608A
:100DC000304601F031F904F10B00231D20F007003B
:100DD000C21A01D01B1AA350F8BD0C2300203360A7
:100DE000F8BD23601C442560EAE77968D1B1294643
:100DF00030460EF07FFE431C01460CD0C41C24F08C
:100E00000304A04205D03046611A0EF073FE013093
:100E100001D02560D4E70C233046336001F004F99B
:100E20000020F8BD30460EF065FE7860DFE700BFB9
:100E3000081400209368013B002B936005DAD2F878
:100E400018C0634507DB0A2905D01368581C1060D9
:100E500008461970704700F069BB00BF9BB1F8B538
:100E6000134406460F46541E5D1E01E0AC4208D0F6
:100E70003A46304614F8011FFFF7DCFF431CF5D15A
:100E8000F8BD0020F8BD0020704700BF936810B582
:100E9000144613B91846536010BD00F031FE00230C
:100EA000C4E9013310BD00BF2DE9F04F0E46924654
:100EB0001C4607469FB018B18369002B00F0A8803C
:100EC000954B9E4200F0AA80944B9E4200F0B58064
:100ED000934B9E4208BFFE68B389180740F1A38078
:100EE0003369002B00F09F80002320220B933023D6
:100EF0009AF80010059401258A4C8DF831208DF860
:100F0000323000297DD0D1460B4604E019F8013F6C
:100F1000002B00F09480252BF8D1B9EB0A0B40F0A0
:100F2000918099F80030002B6BD000234FF0FF32F6
:100F300009F10109CDE90723069309938DF85B3088
:100F40001C9304E0001B05FA00F018430690CA4603
:100F50000522204619F8011B01F01CF8069B002809
:100F6000F0D1D90644BF20228DF85B201A0748BF74
:100F70002B229AF8001048BF8DF85B202A2972D1E5
:100F8000059A1168043200290592C0F2A0800991E7
:100F90009AF801100AF1010A2E2976D0DFF888911B
:100FA0000322484600F0F6FF48B14022069BA0EB22
:100FB000090002FA00F003430AF1010A06931AF845
:100FC000011B062259488DF8301000F0E3FF00287D
:100FD00000F08380564B002B6CD005A9009132465F
:100FE0003846544B06A9AFF300800390039B0133AE
:100FF00007D00B9B039A9AF8001013440B93002917
:1010000081D1B3895B0615D40B981FB0BDE8F08F72
:1010100000F056FD404B9E427FF456AF7E68B38988
:1010200018073FF55DAF3146384600F0E1FA002879
:101030003FF45AAF4FF0FF30E7E7BE684CE7B9EB3B
:101040000A0BDED0D046CAF1010A03E0934538D935
:1010500018F8011F32463846FFF7ECFE01300AEB64
:101060000802F3D1CDE7A1F13002092A94D8099BF7
:101070001AF8011F03EB830302EB4303A1F13002D3
:10108000092AF5D92E29099388D19AF801102A291D
:101090002DD1059B0AF102001A680433002A05933A
:1010A000B8BF4FF0FF339AF8021007928246B8BFDC
:1010B000079373E7059B073323F007030833059372
:1010C00097E70B9A99F800305A440B922BE7494264
:1010D00043F00203099106935AE705A900913246AD
:1010E0003846144B06A900F0CBF803907EE70023A6
:1010F000A1F13002092A0AF1010A07933FF64EAF27
:101100001AF8011F03EB830302EB4303A1F1300242
:10111000092AF5D9079341E7900F0108700F0108DC
:10112000500F0108801A0108881A01088C1A01085A
:10113000000000005D0E00088C4600B58646134690
:10114000034A714610685DF804EB6246FFF7ACBED7
:10115000000C00202DE9F04791461E460A698B6875
:101160000C469A42B8BF1A46C9F8002091F843309D
:101170000546DDF8208013B10132C9F8002022684D
:1011800091065DD5D9F800300233C9F800302268E5
:1011900012F0060F11461ED1E168CB1A002BD8BF02
:1011A000114618DD002704F1190A06E0D9F80030CD
:1011B000E268A2EB030CBC450CDD0123524631462C
:1011C0002846C047013007F10107EFD14FF0FF304B
:1011D000BDE8F087216894F84330003B18BF012335
:1011E0008A060AD53021E21882F8431094F8451097
:1011F0005A1C2244023382F843103146284604F137
:101200004302C0470130E1D0236803F00603042BFA
:101210001DD0A3682269934225DD00279B1A1F4435
:1012200004F11A09002401E0BC421CDA01234A46F9
:1012300031462846C047013004F10104F4D1C5E726
:1012400012F0060F12D0003B18BF0123D5E7D9F8E2
:101250000030E1682269C91AA36821EAE177934264
:10126000DCDC0029DCDC0020BDE8F087E168D9F88F
:101270000030CB1A002BD8BF114693DCABE700BF80
:101280002DE9F04317460A7E85B00C46064698467F
:101290000C9D01F1430C002A33D0A2F15803D9B2BE
:1012A000202967D8202B65D8DFE813F0DD00640023
:1012B000640064006400640064006400640064000E
:1012C0006400A3006E0064006400640064006E00AB
:1012D000640064006400640021007F00BF006400BB
:1012E0006400AE0064007F0064006400E4002368D2
:1012F0001A0640F102812B686269191D29601B687A
:101300001A600023E14623613B4621463046CDF872
:10131000008003AAFFF71EFF013020D04A4639465D
:1013200030462369C047013019D02368E0689B0725
:10133000039919D5431A002B16DD002504F119096C
:1013400004E0E0680399431AAB420DDD01234A46ED
:1013500039463046C047013005F10105F1D14FF063
:10136000FF3005B0BDE8F0838842B8BF084605B03D
:10137000BDE8F083012384F8422004F1420923618F
:10138000002384F84330BFE72368190602D45A06C5
:1013900000F1BF8029680A68043129601146002ADB
:1013A0006ADB0A25DFF87CE110E02368180640F1CB
:1013B0009A802B68191D296019686F2A0CBF0825AF
:1013C0000A25DFF860E1002384F843306268002AD0
:1013D000A2607DDB236823F004032360002959D138
:1013E000002A77D1E146082D63D0ACEB09032361D5
:1013F0008AE701222B6804F14209196804332B6043
:1014000084F842102261BBE72B6800211A1D2A6074
:10141000D3F800906268484600F0BCFD00287FD0F9
:10142000A0EB090060602061AAE7236843F0200375
:1014300023607822DFF8F0E084F845202A68111D47
:101440002960190642D45D0640D51188D80744BFEB
:1014500043F020032360002943D12368102523F0A3
:1014600020032360AFE75823DFF8B8E084F8453065
:101470002368E3E72368DCE72D2284F843206268D1
:101480004942002AA26002DB23F0040323600A25FC
:10149000DFF890E0E146B1FBF5F30A4605FB1310D7
:1014A00019461EF80030AA4209F8013DF3D2082D72
:1014B0009BD12368D90798D5626823699A4294DC46
:1014C000302309F1FF3989F800308EE71168BDE754
:1014D0000029DFD19EF8003004F1420984F842303F
:1014E00081E710256FE713F0400F2B6803F104012B
:1014F00029600CBF196819885FE713F0400F2B684B
:10150000626903F1040129601B6814BF1A801A6024
:10151000F7E62A68B2F9001004322A600A463EE76C
:10152000606880E7941A0108A81A0108F8B5064611
:101530000D46144608B1836943B3254B9C422AD01B
:10154000244B9C4229D0244B9C4208BFF468A269DA
:10155000A389A2601A0722D5236903B322686169AF
:10156000D31AEDB299422F4629DD0133A168013922
:10157000A160511C2160157062699A4216D0A3893E
:10158000DB0701D50A2D11D03846F8BD00F098FAD6
:101590000F4B9C42D4D17468D9E7B468D7E7214691
:1015A000304600F025F838B92369D7E721463046A0
:1015B00000F024F90028E7D04FF0FF37E4E7214698
:1015C000304600F01BF90028F6D101232268CDE750
:1015D000900F0108700F0108500F010803460A46DA
:1015E000024908681946FFF7A1BF00BF000C0020A0
:1015F0003C4B70B51D6806460C460DB1AB69E3B1B6
:10160000394B9C421FD0394B9C424DD0384B9C42A9
:1016100008BFEC68B4F90C3018079AB219D52169E3
:1016200011B312F001002FD000256069A56040427F
:10163000A06100292ED0002070BD284600F040FA9D
:10164000294B9C42DFD16C68B4F90C3018079AB270
:10165000E5D4D1063ED5520728D4216943F00803CA
:10166000A3819AB20029DCD102F42070B0F5007F8A
:10167000D7D02146304600F0FFFBB4F90C30216989
:101680009AB212F00100CFD1950758BF6069A060EF
:101690000029D0D1120658BF0846CDD543F04003EB
:1016A0004FF0FF30A38170BDAC68B3E7616B51B1FF
:1016B00004F14402914204D03046FFF7F9FAB4F93C
:1016C0000C30002262630022216923F02403C4E964
:1016D0000012C3E7092243F0400332604FF0FF30AD
:1016E000A38170BD000C0020900F0108700F01084D
:1016F000500F0108F8B58B890C46190707463BD4F3
:101700006268002A55DDE66A002E50D000223D684E
:101710003A6013F4805250D101233846216AB04711
:10172000421C5CD0A389E66A5B0705D56368C01AD2
:10173000636B0BB1236CC01A0246216A0023384642
:10174000B047411C3BD13B68002B38D01D2B01D04A
:10175000162B4BD100232269C4E90023616B3D6045
:1017600029B304F14403994202D03846FFF7A0FAA6
:10177000002318466363F8BD2669C6B19A0718BFEF
:101780000023256808BF63692660AD1BA3600CE0D9
:101790002B463246D4F828C03846216AE047B0F1DB
:1017A000000CA5EB0C05664412DD002DF0DC0020DA
:1017B000F8BD226C002AA6DCF9E7606DB4E70022D0
:1017C000236962602360A389DB04C7D56065C5E730
:1017D000A3894FF0FF3043F04003A381F8BD3B687D
:1017E000002B9FD01D2B06D0162B04D0A38943F0CD
:1017F0004003A381F8BD00203D60F8BD38B50B69FA
:10180000BBB10C46054608B18369B3B10D4B9C4290
:1018100011D00D4B9C4213D00C4B9C4208BFEC687E
:10182000B4F90C302BB121462846BDE83840FFF70B
:1018300061BF002038BD6C68F2E700F041F9E5E7D0
:10184000AC68EDE7900F0108700F0108500F010818
:1018500038B540B303690446E3B1174B1D680DB1B9
:10186000AB69CBB1154B9C420FD0154B9C4221D09C
:10187000144B9C4208BFEC68B4F90C3053B12146BC
:101880002846BDE83840FFF735BF6C68B4F90C3026
:10189000002BF4D1002038BD284600F011F9074B89
:1018A0009C42E2D1F1E7084B08491868BDE838408E
:1018B00000F0BEBAAC68DFE7000C0020900F010812
:1018C000700F0108500F01084C0F0108FD170008A8
:1018D00000207047014900F0ABBA00BFFD170008B7
:1018E00000207047682270B54D1E02FB05F50E46BC
:1018F00005F17401FFF742FA044640B100210C30B3
:10190000C4E9016005F168022160FEF735FF204659
:1019100070BD00BF274B2DE9F0411E680746B36933
:1019200053B34FF004084836D6E90134013B04D5DF
:101930001EE05A1C04F168041AD0B4F90C50013BA3
:10194000002DF6D11C4B08222946C4E90055C4E9F4
:101950000253C4E904556566A56104F15C00FEF715
:101960000BFFC4E90D55C4E912552046BDE8F081CE
:1019700035682DB12E46D7E7304600F01FF8D0E786
:101980004FF4D6713846FFF7F9F9044668B105609F
:1019900029460546C0F804800C304FF4D072A06090
:1019A000FEF7EAFE34602E46BEE70C2330603B6053
:1019B000DBE700BF4C0F01080100FFFF0023334AA3
:1019C0002DE9F0471268C0E912339042036508BF61
:1019D00001232F4908BF836181620546FFF79AFF03
:1019E000034628466B60FFF795FFA8602846002451
:1019F000FFF790FF04236E68DFF898A0DFF8989057
:101A0000DFF89880264FE8600822F3602146C6E997
:101A10000044C6E904447466B460B46106F15C0035
:101A2000FEF7AAFE1F4BC6E9086AC6E90A983763A3
:101A3000AE680822F3602146C6E90044C6E90444C2
:101A40007466B460B46106F15C00FEF795FE164B57
:101A5000C6E9086AC6E90A983763EE682146F3606A
:101A60000822C6E90044C6E904447466B460B4615F
:101A700006F15C00FEF780FE0123C6E9086AC6E9AC
:101A80000B87C6F82890AB61BDE8F0874C0F0108C2
:101A9000D51800087D200008A5200008E5200008D2
:101AA000052100080900010012000200024B034951
:101AB000186800F0BDB900BF4C0F0108FD17000801
:101AC000836903B97AE77047704700BF704700BF6A
:101AD000704700BF704700BF024B0349186800F011
:101AE00087B900BF000C0020D1180008024B034941
:101AF000186800F07DB900BF000C0020E118000854
:101B00009368002B00F0B7802DE9F04FB1F90C304D
:101B10000C4619078046174683B098B225D523692D
:101B20001BB310F002033D682DD04FF0000B5E4652
:101B3000DFF8B8A2002E00F08B80564533465A4697
:101B400028BF53464046216AD4F828C0E047002801
:101B500040F38780BB6883441B1A361ABB60002B96
:101B6000E8D1002003B0BDE8F08F21464046FFF7E2
:101B70003FFD002840F03681B4F90C303D6898B242
:101B800010F00203D1D110F0010976D14E46002E9B
:101B90005AD08205D4F808B040F1B580B3455A4612
:101BA00000F2CD8010F4906F00F0CB8023682169A3
:101BB000A3EB010B636903EB430A0AEBDA7A0BF13F
:101BC00001034FEA6A0A33445345524684BF9A469A
:101BD0005246430540F1EA8011464046FFF7CEF8F1
:101BE000002800F0F9805A4621690190FEF7D2FCE6
:101BF000A289019B22F4906242F08002A28103EB51
:101C00000B0023613246AAEB0B03B346C4F814A0C1
:101C1000A3602060B246002649460192FEF730FDDF
:101C2000A3682168019AA3EB0B030A44A360226016
:101C3000B868D144A0EB0A00B860002891D0B4F98C
:101C40000C0080B2002EA4D1D5E9009608359EE79D
:101C5000D5E900B608356DE721464046FFF7CEFDD1
:101C600080B3B4F90C304FF0FF3043F04003A38150
:101C700003B0BDE8F08F002070471E46AA46994683
:101C800018461D4656B3002832D04A4620682169BE
:101C9000B24228BF32468842636904D9A16803EB87
:101CA000010B5A4574DC934265DC2A464046216AA2
:101CB000D4F828C0E047B0F1000BD2DDB9EB0B0936
:101CC000CAD00120BB685D44A3EB0B03A6EB0B0657
:101CD000BB60002B3FF445AF002ED4D10AF10803BE
:101CE00053F8046C9A4653F8085C0833002EF7D07A
:101CF00032460A21284600F04DF9002869D001300B
:101D0000A0EB0509C1E72068236998421BD86369E5
:101D1000B34218D86FF0004CB44528BFB4469CFBC2
:101D2000F3FC4A4603FB0CF34046216AD4F828C072
:101D3000E047B0F1000A94DDA6EB0A0678E7B34667
:101D40003246206866E7B345DA4628BFB2464946C0
:101D50005246FEF795FCA3682268A3EB0A0352449F
:101D6000A3602260002BE7D121464046FFF746FDE5
:101D70000028E1D075E7294693460192FEF780FCE2
:101D8000A368019A9B1AA36023681A44226095E70E
:101D900029465A46FEF774FC236821465B444046B8
:101DA0002360FFF72BFD002888D05AE7404600F05B
:101DB0003DF9034600287FF422AF40462169FEF733
:101DC00077FF0C22B4F90C30C8F8002023F0800310
:101DD00049E7721C914659E70C22B4F90C30C8F857
:101DE000002040E74FF0FF30BCE600BF00FCFF7F63
:101DF0002DE9F0410026884600F14807D7E9015453
:101E0000013D0ED4A389013D012B06D9B4F90E3052
:101E1000013302D02046C04706436B1C04F168041E
:101E2000F0D13F68002FE9D13046BDE8F08100BF16
:101E30002DE9F8434FF000090746884600F14806AF
:101E4000D6E90154013D10D4A389013D012B08D9E5
:101E5000B4F90E30013304D021463846C04749EA70
:101E600000096B1C04F16804EED13668002EE7D13E
:101E70004846BDE8F88300BFF0B58B890C4699074A
:101E800097B007D5012204F14703C4E90432236067
:101E900017B0F0BDB4F90E10054600292DDB6A46D7
:101EA0000DF01AFE002827DB019E4FF4806706F430
:101EB0007046A6F50056B6FA86F6394628467609E3
:101EC000FEF75CFF30B3A3891A4A43F08003AA628D
:101ED000C4E90407A3812060002ED9D02846B4F9B4
:101EE0000E100DF005FE0028D2D0A38923F00303C5
:101EF00043F00103A381CBE7A38913F0800F14BF44
:101F000040274FF48067284639460026FEF736FF03
:101F10000028D8D1B4F90C309A05B9D4012123F0A6
:101F2000030304F1470243F00203C4E90421A3813F
:101F30002260ADE7D518000870B50C46B1F90E1057
:101F4000164600291D4696B013DB6A460DF0C4FD07
:101F500000280EDB01994FF4806301F47041A1F574
:101F60000051B1FA81F1002049092960336016B0AF
:101F700070BD0022B4F90C302A601B0604D5402342
:101F80000020336016B070BD4FF4806300203360D2
:101F900016B070BD5FFA81FC810710D00346511E58
:101FA0002AB90AE09A0718460AD0013905D318461B
:101FB00013F8012B6245F5D1704700207047114698
:101FC00003290CD80029F8D00346014401E08B42D4
:101FD000F3D0184613F8012B6245F8D1ECE702461E
:101FE00010B54CEA0C2444EA044410460368043259
:101FF0006340A3F1013E2EEA030313F0803F04D1B6
:10200000043903291046F0D851B10346014401E0D8
:102010008B4205D0184613F8012B6245F8D110BD4C
:10202000002010BD704700BF704700BFF8B51446D0
:10203000F9B1CAB106460D4600F068F8A04202D3D5
:102040002F463846F8BD21463046FEF797FE074634
:102050000028F6D022462946FEF79CFA304629464B
:10206000FEF726FE3846F8BD2746FEF721FE384625
:10207000F8BD1146BDE8F840FEF780BE10B50C462D
:10208000B1F90E100DF01FFD002803DB636D034452
:10209000636510BDA38923F48053A38110BD00BFE5
:1020A000002070472DE9F0410C46B1F90C101F4695
:1020B000CB05054616460BD421F48051A1813B4641
:1020C00032462846B4F90E10BDE8F0410DF000BDCF
:1020D000B4F90E10022300220DF0FCFCB4F90C1030
:1020E000EAE700BF10B50C46B1F90E100DF0F2FC96
:1020F000A389421C0EBF23F4805343F480536065D0
:10210000A38110BDB1F90E100DF0DBBC51F8040C29
:102110000028A0F10400BCBF0B58C018704700BFD6
:102120002DE9F74304460D4608F0F0FF00274FF075
:1021300012092D4EDFF8B4807080E0B2854250D98C
:1021400000232B4A0FE01CF801EBBEF1FF0F01D07A
:1021500070451BD001310929F5D10133DBB20C2BBD
:1021600002F109023BD094460021ECE7012A07D195
:10217000012B05D173888DF800708DF8017016E081
:102180008DF801308DF80010738810E0D8F8002029
:102190002AB309FB032333F81120110AD3B2120A20
:1021A000E4D1002BECD18DF800308DF801308DF8A2
:1021B0000230009806F080FAC0F307238DF804007F
:1021C000C0F307408DF805308DF806009DF8063005
:1021D00020469DF805209DF8041007F053F80134BF
:1021E000ABE703B0BDE8F083640C002014140020BA
:1021F000980C0020032805D8D82202FB00F10248E1
:1022000005F05CB8704700BF18140020074B084A5F
:1022100010B51A600023074C2370607008F076FF39
:1022200060806078BDE81040FFF7E4BF1414002020
:1022300018140020640C0020024B1878431E5842EA
:1022400058417047640C0020F0B5124B18780128F3
:102250001DD1114B1B68A3B112244A7804FB023331
:102260000A780E4933F812500E4631F8027BC4B298
:10227000AF4207D104F0070136F81110012023F80E
:102280001210F0BD01300928EFD10021F6E700203F
:10229000F7E700BF640C002014140020BC0F0108F5
:1022A000704700002DE9F0431F4B85B01B784BB3FE
:1022B000002201AC1146104607F01CF90025A0468B
:1022C0000A27DFF868900A2249464046FEF762F97D
:1022D00000F086FE0378EAB2B3FBF7F3934200D82E
:1022E000EAB900F07DFE03782678312B0DD9002362
:1022F000962219463046013506F0C4FF0A2D04F136
:102300000104E0D105B0BDE8F08300F069FE037878
:102310001D2B4FF00003EBD81A469621EAE7002365
:1023200020781A461946E6E71C400020B00F010845
:10233000F8B50D4616460446364F002845D00AF03B
:1023400095FF354B38601A69570402D51A69110494
:1023500042D41A69520402D41B691F043ED42E4A87
:102360001169C1F38033490405D5136913F4004F93
:1023700014BF002302232A78511E042930D9062ACB
:1023800030D0002A0CBF03200020244A14B9117851
:10239000994202D11C1A18BF0124022B137023D0BA
:1023A000032B2AD0012B31D102232B7094B100F0E2
:1023B00071FA0022314600F0B7F90AF057FF184BC6
:1023C00018600AF026FF012005E038680AF003FFD4
:1023D0003228B4D80020F8BD0323CCE70123CAE794
:1023E0000120D2E70220D0E703232B70002CF1D08C
:1023F00000F050FA00220621DDE701232B70002CAB
:10240000E8D000F047FA00221146D4E7002CE1D0D2
:10241000D3E700BFF814002000080040F4140020A7
:10242000F0140020014B1860704700BFF01400202A
:1024300070B503F0BFF80446B8B100F0CDFD284DEB
:1024400002782B789A4206D000F0C6FD002203786D
:102450002B70244B1A6000F0BFFD0378022B16D0BE
:10246000032B04D00BB91F4A1360204670BD1D4DCD
:102470002E689EB90AF0FAFE286000F00BFA0546B5
:1024800000F008FA32460146284601F0ABFE154D31
:102490002868C0B90AF0EAFE2860E6E730460AF08C
:1024A0009AFE47F22F539842F1D90AF0DFFE2860D6
:1024B000112000F051FF44F620600CF000FB0120D9
:1024C00000F0F0FBE3E70AF086FE074B9842CCD918
:1024D0000AF0CCFE2860012000F0E4FBC5E700BF55
:1024E000F5140020F0140020DF93040013B58DF8DC
:1024F00007100DF10701FFF71BFF044608B9FFF7AE
:1025000097FF204602B010BD2DE9F04103F052F8CC
:10251000002828D020224FF4804158480DF098FD23
:1025200000BF00BF00BF00BF00BF00BF00BF00BFB3
:1025300000BF00BF00BF00BF00BF00BF00BF00BFA3
:1025400000BF00BF00BF00BF00BF00BF00BF00BF93
:10255000302383F3118803220E2148480DF098FDA3
:10256000002383F3118803F025F8002828D02022C7
:102570004FF4004141480DF06BFD00BF00BF00BFAC
:1025800000BF00BF00BF00BF00BF00BF00BF00BF53
:1025900000BF00BF00BF00BF00BF00BF00BF00BF43
:1025A00000BF00BF00BF00BF00BF302383F311880E
:1025B00003220F2131480DF06BFD002383F31188B6
:1025C0002F4B1B7873B309244FF001082D4E56F89A
:1025D000041B4A1C0BD021F00F0701F00F0108FA71
:1025E00001F50122294638460DF032FDBD61013C5E
:1025F00014F0FF04EBD14FF00108234E56F8041BF2
:102600004B1C0BD021F00F0701F00F0108FA01F568
:102610000122294638460DF01BFDBD610134E4B2AC
:10262000092CEBD1002280214FF080400DF010FDED
:1026300000BF00BF00BF00BF00BF00BF00BF00BFA2
:1026400000BF00BF00BF00BF00BF00BF00BF00BF92
:1026500000BF00BF00BF00BF00BF00BF00BF00BF82
:10266000302383F31188012207214FF080400DF0C1
:102670000FFD002383F31188BDE8F08100080040BE
:10268000DC1E0020CC0F0108F00F0108072805D040
:102690000E38012804D8072000F0E4BA0320FBE735
:1026A0007047000008B502F085FF38B14FF0804355
:1026B0004FF400129A614FF000729A61074B1B7839
:1026C0005BB1112000F048FE44F620600CF0F7F9F1
:1026D000BDE80840022000F0C5BA08BDDC1E00209D
:1026E00010B5084C237863B100F0C2FA0338012812
:1026F0009DBF0023032023700220BDE8104000F09E
:10270000A3BA10BDDC1E002008B500F065FC0378FC
:10271000022B03D100F068FC007808BD0020FCE724
:1027200000F04ABC70470000F8B50C461546064656
:10273000F8B921BB134F3B78A34200D13DB100F063
:102740004BFC0323037000F04FFC002303703C702C
:1027500004F0B0F92946204600F09AFE2A462146A8
:10276000304601F03FFD2A4621463046FFF7DAFFAA
:10277000F8BD0029DED1012000F00EFADAE70220D0
:10278000FAE700BF1215002037B5044600F024FC1C
:102790000378012B0DD00025CDE9005500F01CFC7D
:1027A0000378022B07D0094B2A4619780846FFF711
:1027B000BBFF03B030BD24B1082221466846FDF7B7
:1027C000E9FE684600F026FDF3E700BF1215002081
:1027D00037B5044600F000FC0378012B0ED000252D
:1027E00000958DF8045000F0F7FB0378022B07D01A
:1027F0000D4B2A4619780846FFF796FF03B030BD07
:1028000074B163788DF80030A3788DF80130E378E7
:102810008DF8023063798DF8033023798DF8043018
:10282000684600F05BFDE9E71215002037B5044665
:1028300000F0D2FB0378012B0DD00025ADF8065037
:1028400000F0CAFB0378022B07D0114B2A461978F7
:102850000846FFF769FF03B030BD002CFBD063785A
:10286000A27843EA0223ADF80630813B022B09D857
:1028700001220DF1060002FA03F3ADF8063000F074
:1028800011FDE8E70DF1060000F0F6FCE3E700BFFC
:1028900012150020014B1878704700BF1215002058
:1028A00038B5154C00252378032B22D8DFE803F038
:1028B000020B131B0A2311488370C5700AF088FAB3
:1028C0000123237038BDF6230C48C37085700AF0CD
:1028D0007FFA0223F5E7F62308488370C5700AF0F3
:1028E00077FA0323EDE70A2304488570C3700AF0E2
:1028F0006FFA2570E6E700BFFC14002004150020E5
:102900007047000010B5FFF7FBFF00F079FA00F008
:1029100075FB01F039FA00F05BF9012803D1BDE83D
:10292000104000F05BB900F089F968B9074C2068E5
:1029300004F018FC40F6B733984205D900F00EFEBB
:1029400010B104F0FFFB206010BD00BF0015002097
:102950002DE9F04F00258FB08146CDE90255049551
:10296000ADF8145000F038FB0378012B0AD000F0CA
:1029700033FB0378022B08D05C4B2A4619780846B3
:10298000FFF7D2FE0FB0BDE8F08FB9F1000F00F0F5
:10299000A4804FF01E082022494606A8FDF7FAFD44
:1029A000534F9DF819300DF11A063B7016F8010BC4
:1029B000FDF734FC08F1FF34054414F0FF08EDB2D4
:1029C000F4D14C4E4FF0060BB2461AF8013B9BB3C4
:1029D00000242246D3B29D420BD81AF8013CA342F0
:1029E00018BF0AF8018C22E001331E2B04D11C46CB
:1029F00007E000230DF11A0111F8010BDCB20028E9
:102A0000F2D004F138036B4413F81E0C019202F06B
:102A100060FF40EAC404E4B2214606A80AF0A8FA1E
:102A20001AF8013C019AA34202F10102D2D10BF142
:102A3000FF3B1BF0FF0BC8D14946202206A8FDF73B
:102A4000A9FD4FF000084FF001095FFA88F39D429D
:102A50000FD800F095FA002845D125480AF0A2F9D0
:102A600002A800F0F0FB8DE701331E2B04D11C46B9
:102A700007E000230DF11A0212F8011BDCB2002955
:102A8000F2D004F138036B4413F81E0C02F021FF5E
:102A900040EAC404E4B2214606A80AF069FA3246C4
:102AA000002312F8011BA14202D021B93B449C70C3
:102AB00008F10108C9E70133062BF2D16F2CF7D8D2
:102AC0000EAB03EBD40313F8301C04F0070409FA2F
:102AD00004F40C4303F8304CEAE708224946044862
:102AE000FDF74AFEB5E7FFF70DFFB2E7121500202C
:102AF0000A1500200C15002070B5044660B10AF0DC
:102B000021F90D4B834215D018460AF015F9BDE89E
:102B1000704001200AF0FEBA00F05EFA0378022B42
:102B200008D1054D20466B6898472046AB68BDE844
:102B30007040184770BD00BF680C002038B50446CF
:102B400088B10AF0FFF8114C84421ED00122104BCC
:102B50001A7001F04BF80F480BF044F82046BDE81E
:102B600038400AF0E9B80B4B1B78042B05D1074D10
:102B70006B6898472046AB68984706480CF034FDD0
:102B800004480DF02FF901F039F838BD100F00207E
:102B9000253C0020384F002010B50C4B04461A7815
:102BA000824204D00128187002D0022807D010BD3C
:102BB0000020FFF7A1FF2046FFF7C0FFF7E7002046
:102BC000FFF7BCFF0120FFF797FFF0E7800C002024
:102BD000014B1878704700BF800C002010B5FFF73C
:102BE00059FE0E4CB0B90E4B1B78052B12D1236841
:102BF00013B904F0A7FA2060206804F0B3FA41F694
:102C00005733984208D9002301202360BDE81040C3
:102C100000F048B80023236010BD00BF1415002049
:102C2000384F002008B5044B186804F09BFAC728F9
:102C300094BF0020012008BD1C150020014B18780E
:102C4000704700BF18150020014B1870704700BF77
:102C50001815002008B504F075FA014B186008BD7E
:102C60001C150020014B1870704700BF2015002074
:102C7000014B1878704700BF20150020302310B595
:102C800083F3118800F0A0FC002484F3118872B64D
:102C900000F052FE00F094FD04F0C8FB84F31188AC
:102CA00062B610BD014B1870704700BF211500209F
:102CB00010B5074C237828B11BB1FFF7CBFF0323D6
:102CC000237010BD002BFCD10122024B1A70F8E7D3
:102CD0001815002021150020F8B50F4B0F4E1F6866
:102CE00000F0FBFF054618B9002434702046F8BDFB
:102CF000FFF7D0FD18B90A4B1B78042BF4D03478B9
:102D00001CB100232C463370F0E7002FEED003F007
:102D1000C5FEB842EAD3F4E7840C00202115002058
:102D2000384F002008B500F0DFFF18B1BDE80840BB
:102D3000FFF778BF08BD0120704708B5FFF7FBFF1C
:102D400018B1BDE80840FFF76DBF08BD70B5FFF7CB
:102D5000A1FD044668B9084E3578012D09D100F06F
:102D600045FF30460AF03EFF224621462846FFF73F
:102D7000DBFC012070BD00BF384F002008B5FFF715
:102D8000E5FF18B1BDE80840FFF74CBF08BD70472C
:102D900008B508F00BF9003818BF0120044B187073
:102DA00008F0ECF80AF02CFAFFF7F1FF08BD00BFBD
:102DB00022150020002310B5074C2370FFF772FC8A
:102DC000FFF75CFF2378054A022B18BF032313701B
:102DD000FFF786FC10BD00BF20150020181500204D
:102DE00008B5064B1B780BB108F0AEF80AF011FAE3
:102DF00002F0BCFBBDE8084003F05CBE22150020D9
:102E000010B5154C2378032B1BD8DFE803F0020A1A
:102E1000131BFFF761FFA0B1FFF71CFF0123237015
:102E20000FE0FFF77FFF60B1FFF7B2FFFFF712FF80
:102E30000223F4E7FFF781FF18B1FFF70BFFFFF75D
:102E4000B9FF10BDFFF79AFF0028FAD0FFF7C8FFBF
:102E5000FFF700FF0023E2E718150020202938B50E
:102E600005460C4610D1FFF7B3FE012806D12246D5
:102E70002946BDE8384002200AF0FABE214628461D
:102E8000BDE8384000F0E0BA38BD09F009BE0000E6
:102E9000054A064B06495A60116051609A60DA6033
:102EA000002219611A707047081D0020F41C0020D0
:102EB000231500202DE9F041174C0E466768A568E0
:102EC00007F59C784545E36804D19F4206D1002070
:102ED000BDE8F08105F108029342F7E70F49226946
:102EE00001F2CF739B1A312B98BF2161322EEED89D
:102EF0002369014632461846FDF74CFB034645451B
:102F0000334428606B6018BF08354FF0010023611F
:102F10000CBFA760A560DBE7F41C00202315002090
:102F2000074A10B5D3689268934207D0D3E90014DA
:102F3000641A2246FDF72EFB204610BD0024FBE755
:102F4000F41C0020074BDA6899688A4208D0596857
:102F500001F59C70824201D1D96070470832DA6075
:102F6000704700BFF41C0020014B1878704700BF69
:102F7000F41C0020014B1870704700BFF41C0020A7
:102F8000034BD8689B68C01A18BF0120704700BF68
:102F9000F41C00200246002330B50C1812F8015B27
:102FA0002B44A242DBB2F9D1435430BD012070471B
:102FB00008B5FFF7FBFF08BD08B54FF4E1300AF094
:102FC000EBFBFFF765FFBDE8084024220021014824
:102FD000FDF7D2BB4D1E002000487047880C002032
:102FE000004870478B0C002000487047890C002077
:102FF00018B111B189B20AF0FFBB704773B5FFF782
:10300000B3FF03280FD8DFE800F040022D3B774BD9
:10301000186804F0A7F80A2805D900220220744B8A
:103020001A70FFF7A7FF734D734C0AF0EFFB0028EF
:1030300056D00AF0D7FB2A68012A38D0022A3ED09F
:10304000002A5BD161282FD85F2804D8A0F15A0349
:10305000DBB2032BE9D8012302222B60674B2070DF
:103060001A70E2E7624A13780133DBB2282B02D8E8
:1030700013700020D5E700231370FFF763FFF8E714
:10308000FFF760FF0020FFF775FF5D48FFF748FF7F
:1030900001460028C7D05A48FFF7AAFF04F052F8AB
:1030A000524B18600120BCE7AF28BED1D3E7022302
:1030B000524A2B6013786070013B1370B5E7237898
:1030C000612B0FD163780D2B18D10A2816D1FFF789
:1030D0004BFF012802D10320FFF74CFF00232B6098
:1030E00002B070BDAF2B09D16378602B06D10323EA
:1030F0002B60424BA0700130187096E73F49531C7B
:103100002B600B78A054013BDBB20B70002B8CD1F1
:10311000194639488A421FD1A25C9A4230D1032213
:10312000384901A8FDF736FA032101A80AF064FB2B
:1031300020462978FFF73CFF0028D1D02378602B68
:1031400010D8592B1CD95A3B062B19D8DFE803F0AD
:103150001B1F3F431818470010F8016B013133441F
:10316000DBB2D7E7AF2B0BD1A678202E08D12649AA
:1031700032462648FDF70EFA31462448FFF785FE11
:1031800000232B6051E76278214B5A70F8E763788F
:10319000313B052BF4D801A252F823F0B5310008D9
:1031A000BD310008C33100088131000881310008B9
:1031B000C93100080122164B1A70E1E70222144BB4
:1031C000FAE70322124BF7E70422114BF4E7627887
:1031D0000F4BDA70D4E762780D4B9A70D0E76078C5
:1031E000431E58425841FFF763FDC9E7B81E00204F
:1031F000B51E0020481E0020911E00204C1E0020FD
:103200004D1E002014100108941E0020711E002085
:10321000880C00201FB5002301930293ADF80C30F9
:10322000A123082201460DF105008DF80430FDF7B9
:10323000B1F901A80921FFF7ADFE0A21FFF73AFE17
:1032400005B05DF804FB1FB50023CDE90033029300
:103250000393A2230E2201460DF101008DF80030E8
:10326000FDF798F968460F21FFF794FE1021FFF74C
:1032700021FE05B05DF804FB002307B50193A323ED
:10328000022201460DF105008DF80430FDF782F9A8
:1032900001A80321FFF77EFE0421FFF70BFE03B018
:1032A0005DF804FB37B5022504462A460A4901A801
:1032B000FDF770F900238DF80630A4238DF8043053
:1032C0002378294601A88DF80530FFF763FE032116
:1032D000FFF7F0FD03B030BD000E0108002307B575
:1032E0000093ADF804308DF80630A823052201467E
:1032F0000DF101008DF80030FDF74CF9684606210C
:10330000FFF748FE0721FFF7D5FD03B05DF804FB8A
:1033100030B50021054687B0112201A80091FDF7C4
:103320002BFA2846FDF73EFCC4B2122C11D8A92373
:10333000224629460DF102008DF800308DF801403B
:10334000FDF728F9A11C6846FFF724FE1521FFF7B9
:10335000B1FD07B030BD000037B5022504462A464E
:103360000A4901A8FDF716F900238DF80630A623B7
:10337000294601A88DF804308DF80540FFF70AFEB4
:103380000321FFF797FD03B030BD00BF000E010819
:1033900030B50C4600218FB005462D2202A80191C0
:1033A000FDF7EAF92E2C11D8AB23224629460DF160
:1033B00006008DF804308DF80540FDF7EBF8A11CF0
:1033C00001A8FFF7E7FDE11CFFF774FD0FB030BD6A
:1033D00030B50C4600218FB005462D2202A8019180
:1033E000FDF7CAF92E2C11D8AC23224629460DF13F
:1033F00006008DF804308DF80540FDF7CBF8A11CD0
:1034000001A8FFF7C7FDE11CFFF754FD0FB030BD69
:103410001FB5002304220293ADF80C30AD2340EA1F
:10342000014001900DEB02010DF109008DF808300B
:10343000FDF7B0F802A80521FFF7ACFD0621FFF764
:1034400039FD05B05DF804FB30B50C4600218BB0AA
:103450000546202202A80191FDF78EF9202C14D1F7
:10346000AF238DF804306123224629460DF1070071
:103470008DF805308DF80640FDF78CF8232101A862
:10348000FFF788FD2421FFF715FD0BB030BD0000CC
:1034900010B50C46062851D8DFE800F004212C3581
:1034A0003E4709001120BDE81040FFF755BF30200E
:1034B000FFF752FF002C41D012212148FFF768FF8F
:1034C00018212048FFF784FF43F22D404EF2C641F9
:1034D000FFF79EFF5220FFF73FFF5120E3E7312027
:1034E000FFF73AFF54B35220FFF736FF1648FFF7B5
:1034F0000FFFF2E73220FFF72FFFFCB15220FFF75A
:103500002BFF1248F3E73320FFF726FFB4B1522018
:10351000FFF722FF0E48EAE73420FFF71DFF6CB1EA
:103520005220FFF719FF0B48E1E73520FFF714FFA2
:1035300024B15220FFF710FF0748D8E710BD00BFA5
:10354000181001082A100108421001084C10010847
:1035500056100108601001086C10010808B5FFF74B
:103560000FFD20B95320FFF7F7FE012008BD002012
:10357000FCE7000010B5C4B20B2C03D0122C0ED007
:10358000012000E00220FFF76DFB2046FFF77EF8E8
:103590000CF037FD4FF0FF32024B5A6110BD042092
:1035A000F1E700BF001800400023054A0549C2E9C1
:1035B00000130133102B02F10802F8D1704700BF4D
:1035C000984B0020753500082DE9F041FFF7ECFF1E
:1035D00001F0F0FF002800F0938009254FF001086A
:1035E000724E56F8041B481C0CD021F00F0701F056
:1035F0000F0108FA01F421460522384624040CF094
:1036000027FDBC61013D15F0FF05EAD10624012626
:103610003027674D55F8040B411C2ED000F00F01E8
:10362000202206FA01F120F00F000CF011FD00BF7E
:1036300000BF00BF00BF00BF00BF00BF00BF00BF92
:1036400000BF00BF00BF00BF00BF00BF00BF00BF82
:1036500000BF00BF00BF00BF00BF00BF00BF87F3B7
:10366000118855F8040C022200F00F0120F00F0021
:103670000CF00EFD002383F31188013C14F0FF04CD
:10368000C8D100224FF480614FF080400CF0E0FC84
:1036900000BF00BF00BF00BF00BF00BF00BF00BF32
:1036A00000BF00BF00BF00BF00BF00BF00BF00BF22
:1036B00000BF00BF00BF00BF00BF00BF00BF00BF12
:1036C000302585F3118803220A214FF080400CF049
:1036D000DFFC002484F3118885F3118801220C217A
:1036E0004FF080400CF0D4FC84F311880621232095
:1036F0000CF02EFAFEF708FFBDE8F0410CF062BCBA
:1037000009254FF001082B4E56F8041B4A1C0CD01B
:1037100021F00F0701F00F0108FA01F421460522FC
:10372000384624040CF094FCBC61013D15F0FF0503
:10373000EAD10624012630271F4D55F8040B431CFF
:103740002ED000F00F01202206FA01F120F00F0028
:103750000CF07EFC00BF00BF00BF00BF00BF00BF79
:1037600000BF00BF00BF00BF00BF00BF00BF00BF61
:1037700000BF00BF00BF00BF00BF00BF00BF00BF51
:1037800000BF00BF87F3118855F8040C022200F037
:103790000F0120F00F000CF07BFC002383F3118855
:1037A000013C14F0FF04C8D16BE700BF781001089A
:1037B0001C1101089C1001081C1101087047000031
:1037C00008B50AF09FFA03222B4B2C499A620C226F
:1037D000DA62D1F890202A4822F01802C1F890202D
:1037E00000229A62DA62D3F8402C03F5406342F477
:1037F00080721A641A6C4FF4006142F002021A647B
:1038000001225A63DA67DA6608225A615A695A61F4
:103810005A6942F001025A619A6C42F4C0629A6499
:103820009A6C9A6C42F480429A649A6CDA6C42F018
:103830000802DA64DA6C9A6C42F480529A649A6CE8
:10384000DA6C42F01002DA6440F28232DB6C0CF087
:10385000FFFB40F282324FF400714FF080400CF0D9
:10386000F7FB40F282324FF480614FF080400CF061
:10387000EFFBFFF7A3FF08BD00000140000401407B
:10388000000800404FF0E02210B500210124136928
:1038900023F001031361224B224A5A6100228B005C
:1038A00003F1604303F56143D3F80001D040C00742
:1038B00048BF04FA02F002F1010248BFC3F88001D8
:1038C000202AF1D101310829E8D1174C636843F06F
:1038D00000736360154B1A6802F009021A601A68D7
:1038E00042F46C3242F004021A6040F2B3321A62BF
:1038F0000F4B43F001039847236943F0040323610E
:1039000030BF0C4B43F0010398474FF0E02223698E
:1039100023F004032361136943F00103136110BD15
:1039200000180040FFFF070000ED00E0000001402C
:10393000F4100108C0100108FFF7A4BF0B8807B5F9
:10394000A3F5FC43032B1ED8DFE803F002213B550F
:10395000364A012013789278C3F3420302F007023B
:103960000DF107018DF80730FEF7E2FC9DF80730F6
:10397000042B02D013F0FD0F05D1FEF78BFF0122BF
:103980001146FEF7D1FE002003B05DF804FB274A84
:10399000012013789278C3F3420302F007020DF17D
:1039A00007018DF80730FEF7C3FC9DF80730042BA4
:1039B00002D013F0FD0FE6D1FEF76CFF01220221C9
:1039C000DFE71A4A012013789278C3F3420302F02A
:1039D00007020DF107018DF80730FEF7A9FC9DF8ED
:1039E0000730042B02D013F0FD0FCCD1FEF752FFAD
:1039F00001220321C5E70D4A012013789278C3F311
:103A0000420302F007020DF107018DF80730FEF7BF
:103A10008FFC9DF80730DA1E012A01D9002BB2D1A4
:103A2000FEF738FF01220621ABE700BF94490020D2
:103A300008B540F282324FF400714FF080400CF034
:103A400007FBBDE8084040F282324FF480614FF03E
:103A500080400CF0FDBA000010B50A4C238803F03A
:103A60000E0363F0FE032380A37823F00F0343F0DB
:103A70000103A370FEF714FC2068BDE8104002F0BB
:103A8000C0BF00BF94490020002310B586B08DF858
:103A90000C3004938DF8143055238DF8083005232D
:103AA00004AC8DF809008DF80A108DF80B2019462A
:103AB000009402AA0F2004F00FF906B010BD000018
:103AC00008B502F09CFF044B186018B9BDE8084027
:103AD000FFF7C2BF08BD00BF9449002008B5FFF73B
:103AE000EFFF01F067FD0122202100285CD04FF09C
:103AF00080400CF0ADFA07F009FB18B14FF080439D
:103B000020229A6101224FF480714FF080400CF026
:103B10009FFA07F0FBFA20B14FF080434FF4807218
:103B20009A6120224FF4804129480CF091FA20221A
:103B30004FF4004126480CF08BFA4FF4003325482F
:103B40000122836102210CF083FA002280214FF0D0
:103B500080400CF07DFA4FF4004120224FF080406D
:103B60000CF076FAFEF7DCFD09F080FB1A4B1860CA
:103B700002F0E9FF194B18780009FEF747FB07F040
:103B8000A1FA174BC0F307221870C0F307405A7010
:103B90009870FFF725FA134B027813491A700F201B
:103BA000BDE8084004F08AB84FF080400CF050FAAD
:103BB00001224FF480714FF080400CF049FA07F079
:103BC000A5FA0028ADD04FF0804320229A61A5E7E6
:103BD0000008004000040040E01E0020944900203E
:103BE0009049002020400020BD5400084FF40032CE
:103BF000014B9A61704700BF000400400222014B54
:103C00009A617047000400407FB5FFF711FF04225E
:103C100000210DF10900FCF7AFFD002204AB049276
:103C20008DF814200093CC2205238DF80820194626
:103C300002AA0F2004F050F807B05DF804FB10B59D
:103C400001F0B8FC70B107F061FA18B14FF0804391
:103C500020229A6107F05AFA20B14FF080434FF4C6
:103C600080729A61FEF716FE0446FEF713FE0022EC
:103C700001462046FEF758FDFFF7C6FF09F0F6FAA9
:103C8000BDE81040FEF7CEBB7FB5042200210DF148
:103C90000900FCF771FD002204AB04928DF814209A
:103CA0000093BB2205238DF80820194602AA0F2095
:103CB00004F012F807B05DF804FB08B501F07AFCD7
:103CC00038B14FF080434FF400129A614FF0807288
:103CD0009A61BDE80840FFF7D7BF08B5FEF7DAFDE7
:103CE000003818BF012008BD10B586B001F062FC95
:103CF00048B30023ADF80A308DF80C3004938DF8EA
:103D00001430AA238DF808301A4B04AA1B780F2010
:103D10008DF8093005230092194602AA03F0DCFF52
:103D2000154B1B7813F00E0F0DD004224FF4806159
:103D30004FF080400CF08CF904224FF400714FF0EA
:103D400080400CF085F9FEF7A5FD78B90B4B1B7888
:103D500063B90B4C2378012B08D00222094B204673
:103D60009A610CF03FF820460BF03EFC012006B0B3
:103D700010BD00BFDC1E002094490020C81E00209A
:103D8000384F00200004004038B5144D144C28680A
:103D9000C8B109F020FA632815D97020FFF7DCFAC2
:103DA0005520FFF7D9FA5720FFF7D6FA00222178DD
:103DB00011F00E0F0CBF01201046C1F34201FEF7B7
:103DC000B3FC00232B60A27821780020BDE83840A6
:103DD00002F00702C1F34201FEF788BBE01E00209B
:103DE00094490020554B37B51880A0F5FC400C468F
:103DF000032800F2A080DFE800F002355778504A2F
:103E0000012013789278C3F3420302F007020DF108
:103E100007018DF80730FEF78BFA9DF80730042B69
:103E200002D013F0FD0F1AD16579464C002D7DD0DC
:103E3000FEF730FD012805D0FEF72CFD0022012100
:103E4000FEF772FC237833B940F6B8303B4A3E495E
:103E500007F072FD207009F009FAFEF7E3FA00207E
:103E600003B030BD364A012013789278C3F3420381
:103E700002F007020DF107018DF80730FEF758FA3E
:103E80009DF80730042B02D013F0FD0FE7D16579C0
:103E90002C4C002D4AD0FEF7FDFC0228D2D0FEF7B4
:103EA000F9FC00220221CBE7254A01201378927801
:103EB000C3F3420302F007020DF107018DF807304A
:103EC000FEF736FA9DF80730042B02D013F0FD0FF1
:103ED000C5D165791B4C4DB3FEF7DCFC0328B1D08E
:103EE000FEF7D8FC00220321AAE7154A0120137827
:103EF0009278C3F3420302F007020DF107018DF837
:103F00000730FEF715FA9DF80730DA1E012A01D9AD
:103F1000002BA4D165790B4C45B1FEF7BBFC0628FC
:103F200090D0FEF7B7FC0022062189E7207807F041
:103F300011FD25708FE7012092E700BFD61E0020FB
:103F400094490020E71E00203D3900082DE9F0418A
:103F500004460D4601F0CEFB0646A0B3244B1A786A
:103F60003AB16A792AB10022114610461A7005F05A
:103F7000C1FAFFF731F80378022B03D109F076F983
:103F8000FEF750FA45F223239C4207D047F643033D
:103F90009C4218D045F221239C4217D195F8058008
:103FA000B8F1000F0FD1FEF747F9074658B1114E8F
:103FB00033782BB12946204686F80080FEF744F975
:103FC000012333703E463046BDE8F081FEF734F9F8
:103FD0000028F8D0A4F5A443203B1F2BF3D96B791C
:103FE000002BF0D029462046FEF72EF90026EAE7FE
:103FF000E61E00204040002013B507F01DF8012800
:10400000374C0CD107F05EF8C0F3072310F0FF0027
:104010008DF8053013D1DBB2C3B1032323702378AD
:104020000133DBB20B2B237020D10023237006F069
:104030009DFF23782B4AD05C06F0FAFF22E0782817
:1040400010D005D8282809D0502809D00923E5E741
:10405000A02809D0C828F9D10823DFE70423DDE729
:104060000523DBE70623D9E70723D7E70A2BDED1B1
:1040700007F028F8FF21C0F30742002007F01FF8DF
:1040800006F08CFF07F01EF82378C0F30742092BD7
:1040900024D8DFE803F01D2323050C0F1215181B8D
:1040A000FF21002002B0BDE8104007F008B8FF2152
:1040B0002820F7E7FF215020F4E7FF217820F1E7DF
:1040C000FF21A020EEE7FF21C820EBE70021E8E771
:1040D000FF2002B0BDE8104007F096B8C820F8E70E
:1040E000DD1E00208C0C002038B5FEF7D3FB20B974
:1040F000254B1B780BB1FEF7D3FBFEF703FC4FF00B
:1041000080431A6921491B69C2F3C0120A70204911
:10411000C3F3C0330B707AB3002B14BF662464243E
:104120001C4D286850BB09F0A1F828602046FFF715
:1041300013F95320FFF710F901F03CFAC0B1164C07
:10414000206809F048F8B0F5FA6F11D909F08EF837
:104150002060FEF745FF114D03782B70FEF79AFBA8
:104160000446FEF797FB2A7801462046FFF78CFCB1
:10417000BDE8384002F003BD6524D1E709F02BF813
:10418000B0F57A7FCFD8D7E71D400020C81E0020A9
:10419000BC1E0020D01E0020D81E00202040002081
:1041A00073B5154606461C46019109F05FF8084BA9
:1041B00003221860074B64001E60074B01A91D60B5
:1041C000064B07481C60FCF7E5F902B070BD00BF64
:1041D000F41E0020E81E0020EC1E0020F81E002027
:1041E000F11E0020F7B55E4B5E4D0E462F7814464B
:1041F0001A70FEF74FFBC7F34207874213D0FEF752
:1042000049FB2B7800F0070060F343032B7003F0A9
:104210000E032BB103289EBFAB7860F30203AB7093
:10422000286802F0EEFB711E052900F29780DFE896
:1042300001F0031F374F677FFF237CB100228DF809
:1042400006308DF804208DF805200123C8221120A6
:10425000019903B0BDE8F040FFF7A2BF8DF806302A
:104260004FF4FA7201238DF804408DF80540EEE713
:10427000FF235CB100228DF806308DF804208DF804
:1042800005200123C82212200199E2E78DF80630AB
:104290004FF4FA7201238DF804408DF80540F2E7DF
:1042A000FF235CB100228DF806308DF804208DF8D4
:1042B00005200123C82213200199CAE78DF8063092
:1042C0004FF4FA7201238DF804408DF80540F2E7AF
:1042D000FF235CB100228DF806308DF804208DF8A4
:1042E00005200123C82229200199B2E78DF8063064
:1042F0004FF4FA7201238DF804408DF80540F2E77F
:10430000FF235CB100228DF806308DF804208DF873
:1043100005200123C8222A2001999AE78DF806304A
:104320004FF4FA7201238DF804408DF80540F2E74E
:10433000FF238DF804304CB10023C8228DF80530DE
:104340008DF8063001231420019982E701234FF4F0
:10435000FA728DF805408DF80640F4E703B0F0BD21
:10436000F01E00209449002010B5FEF735FE0378BA
:10437000022B0CD0FEF78EFA0446FEF78BFA064BA2
:1043800001461A782046FFF72DFF012010BD01F0ED
:10439000C7FA0020FAE700BFF01E002070B5164CE7
:1043A0002068D0B108F017FF144B154D1B689842D8
:1043B00008D2144B18682B6813F0010313D11A4666
:1043C000194614E008F052FF2B68206033B900232F
:1043D0002360FFF7C9FF0028EBD170BD013B2B60C4
:1043E000002BE6D1F3E708498B784A780978BDE8D5
:1043F000704004F047BF00BFF41E0020EC1E0020F8
:10440000F81E0020E81E0020F11E0020F7B50C4C1D
:104410001D46237806461746019173B90123237080
:1044200008F024FF6D006060032201A904F111006F
:10443000A760E5602674FCF7ADF803B0F0BD00BFDF
:104440002440002010B5124C237803B3606808F0B4
:10445000C2FEA36898420FD308F008FFE3686060CB
:1044600033B900232370636000231A46194609E01C
:10447000013BE360002BF4D0E368DB07F4D5E37C79
:10448000A27C617C207CBDE8104004F0FBBE10BD26
:104490002440002013B501F08DF800284AD0264BA7
:1044A0001C78B4B1254B26491A78264B1B785BB192
:1044B00000230B60002A3DD01A46FF213F2002B0A6
:1044C000BDE8104004F0DEBE0B609AB3FF2219462F
:1044D000F4E7FEF785FD0378052B29D8FF238DF837
:1044E00005408DF804308DF80640012347F2305224
:1044F0003F200199FFF78AFFFEF772FD0378CBB9E1
:104500000F4C236813B908F0B1FE2060206888B111
:1045100008F061FE4EF6602398420BD9002301207B
:104520002360094B187002B0BDE81040FEF7BABB1B
:10453000034B1C6002B010BDC81E0020D41E00201A
:10454000C41E0020BC1E0020DC1E00202DE9F3410B
:1045500006461D46182000231746134A019100FB0A
:1045600003F111F802808C18B8F1000F17D1012364
:10457000237008F07BFE6D0060600322A760E56099
:10458000267401A904F11100FCF704F8FF2E0ABFFC
:10459000064BC4F81480636102B0BDE8F0810133BA
:1045A000632BDCD1F8E700BF4840002041460008FB
:1045B0001FB500248DF800408DF801408DF80240B1
:1045C00000990123FA223620FFF7C0FF8DF804403E
:1045D0008DF805408DF8064001990123FA2242200A
:1045E000FFF7B4FF8DF808408DF809408DF80A40B8
:1045F00002990123FA224320FFF7A8FF0123FA22A0
:1046000041208DF80C408DF80D408DF80E40039937
:1046100004B0BDE81040FFF799BF102307B58DF82F
:1046200004308DF805308DF80630FA220323FF2080
:104630000199FFF78BFF012003B05DF804FB000038
:104640001822144B82B002FB0030437C6E2B10D139
:10465000827CE2B9C27CD2B98DF804308DF8052095
:104660008DF806200123FA22FF20019902B0FFF7FE
:104670006DBF63B9837C6E2B09D1C37C3BB98DF8C8
:1046800004308DF805306F238DF80630EAE702B06C
:10469000704700BF48400020094A0023114610B56A
:1046A000147C844206D1182253430022C818C260E9
:1046B000CA5410BD0133632B02F11802F0D1F8E7A0
:1046C0004840002070B586B005460E46FFF73EFC18
:1046D00018B90024204606B070BD31462846FFF7C1
:1046E00081FB04460028F4D0452D7FD81D2DF1D93B
:1046F0001E3D272DEED801A353F825F0914B00085D
:10470000D94B0008214C0008754C0008C94C000822
:10471000154D0008574D00089F4D0008E74D000853
:104720002F4E0008D54600080F4F0008794F0008AB
:10473000D5460008D5460008774E0008BF4E000851
:10474000D5460008D5460008D5460008D5460008DD
:10475000D5460008D54600083D4F0008D54600085C
:10476000D5460008D5460008D5460008C7480008C9
:10477000014900083B49000875490008AF49000895
:10478000E9490008234A00085D4A0008A94A0008D0
:10479000E34A00081D4B0008574B0008A5F5FC45EF
:1047A000053D022D00F25584DFE815F06205120484
:1047B0003D04A5F5F045433D092D8BD801A353F8E1
:1047C00025F000BFF5510008D5460008D546000881
:1047D000D5460008D5460008D54600089F50000879
:1047E000F9500008715000088B50000847F64C0340
:1047F0009D424BD847F642039D42DAD8B5F5A44F07
:1048000000F0A5841FD8E32D00F00385E72D7FF489
:1048100061AFA14D287801F05CF8022840F01C85BA
:104820009E4B1B78DB067FF555AFFDF705FD002895
:104830007FF450AF7579E720002D00F0158500F06A
:1048400023FF2C4646E745F202239D4200F0A9844F
:1048500047F213039D427FF43DAFFDF7EDFC0028C6
:1048600040F0B8837579002D3FF434AF00236E22F9
:104870008DF810308DF811208DF81230FA220123B6
:10488000FF200499FFF762FE2C4623E747F60763F3
:104890009D423FF61FAF47F603639D423FF67EAF52
:1048A000B5F5F84F00F0CA8347F603439D427FF405
:1048B00011AF74797A4D002C00F0D78308F0D6FC44
:1048C0000024286006E7774B9B78D9067FF502AF76
:1048D000714D287800F0FDFF022805D1747954B994
:1048E000AF2000F0E7FEF5E6287800F0F2FF03289D
:1048F0007FF4F0AEF2E7AF2000F0C6FE0024E9E658
:10490000684B9B78DA067FF5E5AE634D287800F0BA
:10491000E0FF022805D1747954B9AA2000F0CAFE3C
:10492000D8E6287800F0D5FF03287FF4D3AEF2E76D
:10493000AA2000F0A9FE0024CCE65A4B9B78DB06A7
:104940007FF5C8AE544D287800F0C3FF022805D18A
:10495000747954B9A92000F0ADFEBBE6287800F0C8
:10496000B8FF03287FF4B6AEF2E7A92000F08CFE72
:104970000024AFE64B4B9B78DD067FF5ABAE464D92
:10498000287800F0A6FF022805D1747954B9A82030
:1049900000F090FE9EE6287800F09BFF03287FF44D
:1049A00099AEF2E7A82000F06FFE002492E63D4B9E
:1049B0009B78D8067FF58EAE374D287800F089FFBA
:1049C000022805D1747954B9AD2000F073FE81E658
:1049D000287800F07EFF03287FF47CAEF2E7AD205C
:1049E00000F052FE002475E62E4B9B78D9067FF529
:1049F00071AE294D287800F06CFF022805D174793A
:104A000054B9AC2000F056FE64E6287800F061FF4F
:104A100003287FF45FAEF2E7AC2000F035FE0024FF
:104A200058E6204B9B78DA067FF554AE1A4D28786D
:104A300000F04FFF022805D1747954B9AE2000F080
:104A400039FE47E6287800F044FF03287FF442AEA1
:104A5000F2E7AE2000F018FE00243BE6114B9B78F5
:104A6000DB067FF537AE0C4D287800F032FF0228C8
:104A700005D1747954B9AB2000F01CFE2AE62878E1
:104A800000F027FF03287FF425AEF2E7AB2000F00B
:104A9000FBFD00241EE600BF021F0020B0490020DD
:104AA000CC1E002094490020984B9B78DD067FF5B2
:104AB00011AE974D287800F00CFF022805D17479CB
:104AC00054B9B12000F0F6FD04E6287800F001FFAB
:104AD00003287FF4FFADF2E7B12000F0D5FD0024FC
:104AE000F8E58A4B9B78D8067FF5F4AD884D287899
:104AF00000F0EFFE022805D1747954B9B52000F01A
:104B0000D9FDE7E5287800F0E4FE03287FF4E2AD64
:104B1000F2E7B52000F0B8FD0024DBE57B4B9B7885
:104B2000D9067FF5D7AD7A4D287800F0D2FE02285D
:104B300005D1747954B9B22000F0BCFDCAE52878DB
:104B400000F0C7FE03287FF4C5ADF2E7B22000F005
:104B50009BFD0024BEE56D4B9B78DA067FF5BAAD70
:104B60006B4D287800F0B5FE022805D1747954B950
:104B7000B42000F09FFDADE5287800F0AAFE0328E0
:104B80007FF4A8ADF2E7B42000F07EFD0024A1E59B
:104B90005E4B9B78DB067FF59DAD5D4C207800F089
:104BA00098FE02280ED0207800F093FE032809D04A
:104BB00074793A201CB100F001FF00248AE500F06E
:104BC00045FF87E57479BE201CB100F0F7FE002494
:104BD00080E500F03BFF7DE54C4B9B78DD067FF5E3
:104BE00079AD4B4C207800F074FE02280ED020786E
:104BF00000F06FFE032809D074793B201CB100F04F
:104C0000DDFE002466E500F021FF63E57479BD2038
:104C10001CB100F0D3FE00245CE500F017FF59E55D
:104C20003A4B9B78D8067FF555AD394C207800F08B
:104C300050FE02280ED0207800F04BFE032809D049
:104C400074793C201CB100F0B9FE002442E500F06C
:104C5000FDFE3FE57479E32034B100F0AFFE2B2078
:104C600000F0ACFE002435E500F0F0FE2B2000F053
:104C7000EDFE2FE5254B9B78D9067FF52BAD244C17
:104C8000207800F026FE02280ED0207800F021FEC9
:104C9000032809D074793D201CB100F08FFE002458
:104CA00018E500F0D3FE15E57479E32034B100F087
:104CB00085FE082000F082FE00240BE500F0C6FE11
:104CC000082000F0C3FE05E5104B9B78DA067FF55F
:104CD00001AD0F4C207800F0FCFD02280ED02078AA
:104CE00000F0F7FD032809D074793E201CB100F0D4
:104CF00065FE0024EEE400F0A9FEEBE473790BB945
:104D00000024E7E406F074FA0024E3E49449002068
:104D1000021F0020954B9B78DB067FF5DBAC944CA3
:104D2000207800F0D6FD02280ED0207800F0D1FDCA
:104D3000032809D074793F201CB100F03FFE002405
:104D4000C8E400F083FEC5E47379002BD8D006F0E8
:104D50003BFA0024BEE4854B9B78DD067FF5BAACB8
:104D6000834C207800F0B5FD02280ED0207800F0AA
:104D7000B0FD032809D0747940201CB100F01EFE5C
:104D80000024A7E400F062FEA4E47479AC201CB116
:104D900000F014FE00249DE400F058FE9AE4734BEA
:104DA0009B78D8067FF596AC714C207800F091FD89
:104DB00002280ED0207800F08CFD032809D07479E9
:104DC00041201CB100F0FAFD002483E400F03EFE17
:104DD00080E47479AE201CB100F0F0FD002479E489
:104DE00000F034FE76E4614B9B78D9067FF572AC17
:104DF0005F4C207800F06DFD02280ED0207800F086
:104E000068FD032809D0747942201CB100F0D6FD5A
:104E100000245FE400F01AFE5CE47479AB201CB15E
:104E200000F0CCFD002455E400F010FE52E44F4B9E
:104E30009B78DA067FF54EAC4D4C207800F049FDAA
:104E400002280ED0207800F044FD032809D07479A0
:104E500043201CB100F0B2FD00243BE400F0F6FD5D
:104E600038E47479A8201CB100F0A8FD002431E4D6
:104E700000F0ECFD2EE43D4B9B78DB067FF52AAC81
:104E80003B4C207800F025FD02280ED0207800F061
:104E900020FD032809D0747944201CB100F08EFD58
:104EA000002417E400F0D2FD14E47479AA201CB1A8
:104EB00000F084FD00240DE400F0C8FD0AE42B4B53
:104EC0009B78DD067FF506AC294C207800F001FDCB
:104ED000022810D0207800F0FCFC03280BD0747955
:104EE000452024B100F06AFD0024FFF7F3BB00F079
:104EF000ADFDFFF7EFBB7479A92024B100F05EFD92
:104F00000024FFF7E7BB00F0A1FDFFF7E3BB174B61
:104F10009B78D8067FF5DEAB164B1B7813F00A059D
:104F20007FF4D8AB7479352024B100F047FD2C46CE
:104F3000FFF7D0BB00F08AFDFFF7CCBB0B4B9B7893
:104F4000D9067FF5C7AB0B4B1B7813F00A057FF42E
:104F5000C1AB7479292024B100F030FD2C46FFF755
:104F6000B9BB00F073FDFFF7B5BB00BF944900204B
:104F7000021F0020061F00207579DDB101F0DCFB67
:104F800010F0220F3FF4A6AB0122C04BC04C1A70A8
:104F900001F0D2FB00F02200207001F0DBFB462084
:104FA00000F072FB01F08CFC207801F0CBFB0024B8
:104FB000FFF790BBB54B1A78002A3FF48BAB462025
:104FC0001D702C4600F076FB01F07AFCFFF782BBE7
:104FD000737913B90024FFF77DBBAE4D0024AB7885
:104FE00083F01002C2F3001262F30413AB7028685E
:104FF00001F007FDF0238DF80830AB7804AAC3F365
:1050000000138DF8093005230092194602AA0F20DB
:10501000ADF80A408DF80C4004948DF8144002F06D
:105020005BFEFFF757BB73799B4A23B101211C46F6
:105030001170FFF74FBB1370FFF74CBB7579002D54
:105040003FF448AB01F0C2FC2C4608F05DF9FFF7D5
:1050500041BBFDF7F1F804460028BBD17379002B62
:10506000B8D0FEF7C9FFFFF735BB2C60FFF732BBA6
:105070007379002B3FF42EAB06F0CEF8D6287FF6DE
:1050800029ABFFF795FAFFF725BB7379002B3FF4A7
:1050900021AB06F0C1F85F283FF61CABF1E775794C
:1050A000002D3FF417AB05F061FF00F083FA30B13B
:1050B0004FF0804320229A614FF480729A6106F08B
:1050C00025F895287FF606AB06F020F800F13C03A2
:1050D0009BB2962B28BF9623DBB28DF810308DF84B
:1050E00011308DF81230FA22022336200499FFF78E
:1050F0002DFA2C46FFF7EEBA7579002D3FF4EAAA97
:1051000006F004F81E283FF6E5AA002400232046F6
:105110001A461946013404F0B5F8442CF6D105F0CE
:10512000F5FF00F13C039BB2962B28BF9623DBB220
:105130008DF810308DF811308DF81230FA220223DC
:1051400042200499FFF702FA2C46FFF7C3BA73799D
:10515000002B3FF43FAF00210E20FFF79DFAFF2305
:105160004E4C8DF810308DF811308DF81230FA2237
:1051700003230F200499FFF7E9F9207800F0A9FB39
:10518000022808D1002000F05DFB002000F07BFF2A
:105190000024FFF79FBA207800F09BFB0328F7D18B
:1051A000F0E77379002B3FF415AF00210F20FFF7D4
:1051B00073FAFF23394C8DF810308DF811308DF8CB
:1051C0001230FA2203230E200499FFF7BFF920784A
:1051D00000F07FFB02280AD0207800F07AFB032839
:1051E00005D0022000F02EFB002000F04CFF002430
:1051F000FFF770BA7379002B3FF46CAA05F01CFF1F
:105200001D287FF467AA1F2005F012FF0024FFF776
:1052100061BA224D287800F05CFB022811D1204BA6
:105220001B78DA067FF556AAFDF706F800287FF40A
:1052300051AA7579E3205DB100F026FA2C46FFF7FC
:1052400049BA287800F045FB03287FF443AAE6E733
:1052500000F030FAFFF73EBA287800F03AFB032856
:105260007FF438AAFFF7DCBA00F024FAFFF732BA6D
:10527000084B0C4A1B78002413F00E0318BF7379F7
:1052800003F001031370FFF725BA00BFE41E0020EE
:10529000E51E002094490020D41E0020021F00209B
:1052A000B04900201C400020F8B500252E461D4CBA
:1052B000237873B1606807F08EFFA368984212D319
:1052C00007F0D4FFE36860604BB9636926706660DD
:1052D000C3B90135632D04F11804E9D1F8BD013BD0
:1052E000E360002BF1D0E368207C13F0010311D0C0
:1052F000FF28677CA17CE37C07D11A46384604F07E
:10530000F9F8E6E7E8B29847E3E70A46394603F0DA
:10531000B9FFDEE7FF281A4602D119461846EEE724
:105320001946F4E7484000207FB500F043F9A0B1EA
:10533000042200210DF10900FBF71EFA002204AB44
:1053400004928DF814200093DD2205238DF80820A7
:1053500019460F2002AA02F0BFFC00220B4B1A7064
:1053600001F07EFB03F056FF094801F040FBFFF718
:1053700054F940B107F07AFFFDF754F807B05DF833
:1053800004EBFEF7ABBB07B05DF804FB970C002005
:10539000B049002073B505F0B9FE00F13C04A4B299
:1053A000962C28BF96243D4BE4B21E78A6B100246B
:1053B00096238DF804408DF806308DF8054001984D
:1053C00003F07AF9C0F30742C0F30721C0B204F03A
:1053D00091F8204602B070BD314D286840B107F009
:1053E000FAFE40F6B833984202D9FFF79DFF2E60CF
:1053F00007F0D4FC810705D5002321461A46022078
:1054000003F040FF274D287800F063FA02280ED001
:10541000287800F05EFA032809D0234B1B78DA06BF
:1054200005D5002321461A46012003F02BFF1F4D0E
:10543000FEF7B4FF2B7863B91D4E306807F0CBFE42
:10544000B0F5FA6F16D901232B7007F00FFF30600B
:1054500010E0184B1B786BB9FCF7EEFE38B9FEF77D
:10546000F1FFFFF717F807F001FF114B18602B78D9
:10547000002BE1D0FFF718FF0F4B9B78DB0609D517
:105480001625002328461A462146013503F0FAFE68
:10549000232DF6D1FCF706FF01209BE7E61E002036
:1054A000CC1E0020021F0020B0490020970C0020D5
:1054B000C01E0020D51E00209449002038B51C468F
:1054C0000B780D46CC2B43D006D8AA2B17D0BB2B7C
:1054D00035D0552B0BD038BDDD2B40D0F02BFAD179
:1054E000204B49789A7861F304129A7004E0002204
:1054F00089786878FDF718F900232370EBE7194BDA
:105500001B7813F00E0F0DD004224FF480614FF082
:1055100080400AF09DFD04224FF400714FF080405E
:105520000AF096FD002323706B780F4A003B18BFEA
:10553000012301201370BDE83840FDF7B3BB4FF4E1
:1055400000124FF080439A614FF080729A61D3E766
:1055500020224FF080439A614FF48072F6E7FFF704
:10556000E3FEC9E794490020DC1E002008B5104B7B
:1055700000209A78197802F00702C1F34201FCF783
:10558000B5FF41F2883009F09AFA00F013F805F0FF
:10559000BDFD4FF0804328B120229A614FF4807204
:1055A0009A6108BD4FF400129A614FF08072F7E7DC
:1055B0009449002010B5054C002220464FF400719C
:1055C0000AF046FD2069C0F3402010BD00040040F1
:1055D00003280DD80B290BD8082A09D86C2301EB16
:1055E000C10103FB0011034B0A4433F8120070475A
:1055F0000120704744110108032808D839B9054B28
:1056000082F0010202EB400033F8100070470120E5
:10561000704700BF34110108A0F58073B3F5F85F3F
:1056200010B526D210F4805F00F4807300F400748B
:1056300000F4806100F400620DD0002B0CBF00204C
:1056400010200CB140F0200009B140F040000AB138
:1056500040F0800010BD181E18BF01200CB140F0B2
:10566000020009B140F00400002AF3D040F0080025
:10567000F0E70020EEE710B50C46FFF7CDFF23461C
:10568000BDE8104018470000A0F1E003072B10B55B
:10569000044600D940B920460449FFF7ECFFE0B2C8
:1056A000BDE8104000F08AB90149F6E70D5B00083B
:1056B000355F000810B50446C0B200F0C7F9A4F188
:1056C000E003072B00D92CB903492046BDE8104060
:1056D000FFF7D1BF0149F8E71F5B0008475F0008EB
:1056E000012070470120704708B5FFF7FBFF08BD98
:1056F00001207047012070477047704708B5FFF7D9
:10570000FCFF08BD012070477047704713B502AB1E
:1057100003E903000F4B1B78B3B99DF8053073B153
:105720006AB100F063FD04460146009800F01CFDDC
:105730002046009902B0BDE8104001F0DBBB0098A4
:1057400000F034FD0446F3E7009800F04FFD0099A7
:10575000F0E700BF011F0020034610B400885C88FA
:105760000A4640EA0440998810BCFFF7CFBF10B545
:1057700004460121FFF7F0FF2146FFF7B1FF30B1EA
:1057800001212046FFF7E8FF2146FFF7ADFF00F0BB
:10579000010010BD38B500210446FFF7DDFF0546C6
:1057A0002146FFF7A9FF21462846FFF7A7FF38BD8E
:1057B00038B501210446FFF7CFFF21460546FFF724
:1057C00097FFB8B321462846FEF77CFF90B32146E9
:1057D000284607F069F868B32146284606F072FFAC
:1057E00040B32146284606F093FA18B321462846CE
:1057F00006F068FAF0B12146284602F049FEC8B129
:105800002146284602F08EFEA0B12146284606F029
:10581000A7FF78B12146284601F0B4FC50B12146DB
:10582000284601F0BFFC28B121462846BDE8384093
:1058300001F0D4BC002038BD012303FA00F0C0B24F
:1058400000F0F3BB10B504460120A040C0B201F047
:10585000CCF82046BDE81040FFF7EEBF01207047AE
:1058600008B5FFF7FBFF08BD10B5044600F08CFB40
:105870002046FFF747FF2046FFF7F2FF10BD08B5AF
:105880000120FFF7F1FFBDE8084007F03DBD08B576
:105890000020FFF7E9FFBDE8084007F05BBD08B551
:1058A000FFF732FFFEF709FA05F048FA00F033F887
:1058B000BDE80840012005F011BB08B500F030F844
:1058C000002005F00BFBFFF720FFBDE80840FEF7C6
:1058D000B6B9034600091CBF034604209A081EBF40
:1058E00013460230C0B25B081CBF0130C0B2704723
:1058F00001207047704738B50546FFF7F9FF0446A9
:1059000010B12846FFF7F6FF204638BD704708B5AE
:10591000FFF7F1FF08BD08B50020FFF7F8FF08BD4D
:1059200008B507F025FAFFF7F2FF08BD10B507F03C
:105930001FFA074B04461A78824207D0187007F006
:1059400095FC044B18602046FFF7E1FF10BD00BF37
:10595000001F0020FC1E00201FB56C4684E80300D9
:105960009DF805300BB100F013FF0023ADF80E30A9
:1059700094E80300ADF80C10C9B2029002AC29B94A
:1059800094E8030000F05EFE04B010BD2046FFF76F
:10599000EEFE0028F4D1F7E70379012B02D100884D
:1059A00000F044BC704708B529B106F047FBBDE8DC
:1059B000084006F017BC06F09FFBF8E710B5044658
:1059C000002840D0031FDBB2A02B0ED807F06AFAE4
:1059D00020B1204607F0F8FA00F072FF204607F0E9
:1059E000D5FABDE8104000F06BBF00F12003DBB238
:1059F000072B07D800F007040120A040C0B200F038
:105A0000A1FEEEE700F15B03DBB2022B05D8BDE897
:105A10001040243880B207F0E7B900F15803DBB238
:105A20001A2B06D8BDE81040074A32F8130007F0D9
:105A3000F7B93334E4B2122C05D806F0FFFABDE80A
:105A4000104006F0CFBB10BDA414010808B50346F2
:105A5000A0B3021FD2B2A02A05D807F0B5FABDE85C
:105A6000084000F02DBF00F12002D2B2072A07D86B
:105A700000F0070301209840C0B200F06BFEEEE793
:105A800000F15B02D2B2022A04D8BDE8084000202F
:105A900007F0AAB900F15802D2B21A2A04D8BDE818
:105AA0000840002007F0BCB93333DBB2122B05D815
:105AB00006F022FBBDE8084006F094BB08BD0000DC
:105AC00038B50C460546FFF779FF9CB140F2E73048
:105AD00009494FF47A72A4FB014120184FF00003EA
:105AE00041F10001FAF782FB08F0E9FF2846FFF7D1
:105AF000ADFF38BD0120F7E7A086010008B53928C1
:105B00000CBF50210021FFF7DBFF08BD08B528B10D
:105B100000F018FEBDE8084000F0D2BE08BD08B590
:105B200028B100F017FEBDE8084000F0C9BE08BD6E
:105B30002DE9F047877981460C46457900F0F2FD62
:105B40003F09064608B32E46FDB1C4F3072303F010
:105B5000F002402A0CD0E1B201F12002D2B2072AB1
:105B600026D903F0E003202B02D1012920D90FB35D
:105B7000A04B5E7816F0040607D0022000F0DCFE91
:105B800000F0D0FD80F00106F6B2C4F3033ABAF19A
:105B90000B0F3ED8DFE81AF0100010004900490052
:105BA000A300BA003D003D00BF001D0130013001DF
:105BB0000026EAE73E46E8E7C4F30723C4F30327D9
:105BC00013F0F00F18BF3F01E4B285B157B104F1F3
:105BD0002003DBB2072B384600D92CB900F0B2FD08
:105BE00000F06EFE204640E000F0C2FDF8E72046DF
:105BF000FFF72CFF6FB104F12003DBB2072B38460F
:105C000000D914B900F0A6FD01E000F0B9FD00F0E4
:105C100057FEAAF1080ABAF1030F00F2428107F019
:105C2000A7F8BDE8F047FFF772BEC4F3072303F0FF
:105C3000F003C4F30328202BE4B218BF4FEA08187E
:105C40002CB1012C34D0002D3CD0DFB1CAE7694B18
:105C50005B785A0714D45DB1B8F1000F04D0404608
:105C600000F070FD00F02CFE0020FFF7A7FED0E74B
:105C70002846FFF7EBFEB8F1000FCAD04046C1E757
:105C800055B11FB94046FFF741FFC2E7012FC0D110
:105C9000404600F09DFDBCE7002FBAD14046FFF71B
:105CA0003EFF404600F0A2FD404600F07DFDB0E71B
:105CB00015B1052FADD8E5E7042FAAD84046FFF768
:105CC0002EFFA6E7002FF9D0392C0CBF4FF4FA5065
:105CD000012008F0F4FE2046FFF7B8FE99E714F41F
:105CE000406FC4F3812307D0012B92D165B1C4F377
:105CF000090007F095F88CE725B1C4F3090007F017
:105D000073F886E72846FAE72846F2E72946E0B224
:105D1000FFF749FE7DE714F4407F29D1002D7FF481
:105D200078AFC4F342108000C2B204F00F0014F048
:105D3000100300FA02F0C5B21EBF0F209040C0430E
:105D4000C4F3812418BFC3B2022C43EA050009D072
:105D5000032C0AD0012C02D000F072F959E700F0B0
:105D600067F956E700F074F953E700F05EF950E781
:105D7000C4F301220DB312F0010F3FF44AAFC4F394
:105D800042108000C2B204F00F0014F0100300FAB9
:105D900002F0C5B21EBF0F209040C043C4F381245F
:105DA00018BFC3B2022C43EA05000CD0032C0DD05F
:105DB000012C05D000F098F92BE712F0020FDCE778
:105DC00000F08AF925E700F097F922E700F04EF994
:105DD0001FE7E7B2C4F3032425B1204600F05AF9C7
:105DE000384650E73846FFF79AFE204600F05EF945
:105DF0000FE700BFB04900205FFA84F8A8F1F00374
:105E0000042B39D8DFE803F003220E151E003DB144
:105E1000042F3FF6FEAEC4F3042000F051F9F8E67B
:105E2000052FF6E7C4F30420002DDFD100F032F98E
:105E3000EFE625B1C4F3042000F025F9E9E600F00F
:105E40001FF9E6E6224B5B785B0704D4C4F3042019
:105E5000002DCBD0EAE72DB10321C4F3042000F0DC
:105E600049FDD6E6012000F067FD012F7FF6D1AE97
:105E7000022000F061FDCCE62DB10FB14046F4E602
:105E8000C4F30420D2E74FB1B8F1390F0CBF4FF47F
:105E9000FA50012008F013FE40461DE7C4F3042029
:105EA000A4E79EB100F036FC10F001000ED189F895
:105EB000050000F029FC00F0EDF8484600F01CF861
:105EC00000F022FCBDE8F04700F0F0B8BDE8F08734
:105ED000B049002038B501880446407900F0B2F995
:105EE000054600F011F900F09FF829462046BDE86C
:105EF0003840FFF71DBE0000037910B50446B3B16A
:105F0000FFF756FC68B900F00DFC80B1637973B1FE
:105F1000074B5B785B070AD5BDE81040022000F014
:105F20000BBD2046FFF7D6FF2046FFF733FC10BD20
:105F3000B049002008B528B100F01AFCBDE80840BF
:105F400000F0BEBC08BD08B528B100F019FCBDE8E2
:105F5000084000F0B5BC08BD08B5002006F044FFBD
:105F6000002006F05DFF00F013FC00F0A9FC06F035
:105F700055F9BDE8084006F035B908B507F042F814
:105F8000BDE80840FFF7E8BF08B500F0EBFBBDE84F
:105F90000840FFF7F2BFC0F30333062BC2B213D0A1
:105FA00094BF0E33063303F00F03012B10D8F02AF1
:105FB00010D004D8E72A8CBF002001207047F42AB3
:105FC00014BF002001207047E72A03D9F12AF7E720
:105FD000002070470120704708B50346007930B1B2
:105FE000188800F023F9BDE80840FFF7D4BF08BDCA
:105FF00082B002AB03E9030002B0704782B002AB8B
:1060000003E9030002B07047704708B5FFF7FCFFD3
:1060100008BD704708B5FFF7FCFFFFF7F6FF014B1F
:10602000187008BD021F00207047FFF7F3BF000083
:10603000024B1B781843FFF7EDBF00BF021F002083
:10604000024B1B781840FFF7E5BF00BF021F00207E
:10605000024B1B785840FFF7DDBF00BF021F002036
:10606000704708B5FFF7FCFF08BD704708B5FFF79C
:10607000FCFFFFF7F6FF014B187008BD061F00205C
:106080000020FFF7F3BF012303FA00F0C0B2FFF7CF
:10609000EDBF0000012303FA00F0034B1B78184307
:1060A000C0B2FFF7E3BF00BF061F00200123034A71
:1060B0008340107820EA0300FFF7D8BF061F0020B6
:1060C000012303FA00F0034B1B785840C0B2FFF7DE
:1060D000CDBF00BF061F0020024B1B781843FFF7FF
:1060E000C5BF00BF061F0020024B1B781840FFF7FA
:1060F000BDBF00BF061F0020024B1B785840FFF7B2
:10610000B5BF00BF061F0020704701F00703C90894
:1061100030B501EB410101240139114400229C40BA
:10612000E4B211F8015F20FA02F343F300036B407D
:10613000234001326B40032A0B70F2D130BD0022A4
:1061400010B500F00704C00800EB40000144104601
:106150008B5CE34003F00103934001321843032AB0
:10616000C0B2F5D110BD000017B40C46ADF8040064
:10617000C1B2C0F307200B280AD808290ED801EBBA
:10618000C001084A0144204603B010BCFFF7BDBF60
:10619000031DDBB2012B01D8034AF4E703B010BCA6
:1061A000704700BF071F0020031F002082B0ADF81A
:1061B0000400C3B2C0F307200B2808D8082B0DD861
:1061C00003EBC0030749184402B0FFF7B8BF04301F
:1061D000C0B2012802D818460349F5E7002002B0F2
:1061E000704700BF071F0020031F002073B507245E
:1061F0000C4BADF804001E780B4B1B781E4346FA7F
:1062000004F3DB07E5B205D4013CF8D200252846AB
:1062100002B070BD2846019900F08BFE80B20128C3
:10622000F2D0F4E7061F0020021F002007B5ADF8EA
:1062300004000198FFF7DAFF019903B05DF804EB61
:1062400000F077BE13B5104BADF804101B782BB1DE
:10625000019802B0BDE81040FFF7E8BF70B10198A7
:10626000FFF7C4FF044601460198FFF77DFF204673
:10627000019902B0BDE8104000F05BBE0198FFF745
:1062800095FF0446F3E700BF011F002010B501246D
:1062900004FA01F104FA02F20A43D1B202408A423E
:1062A00004FA03F406BF2043C0B2A04310BD0000AF
:1062B00008B513460A46014603480078FFF7E6FF93
:1062C000BDE80840FFF7D2BE061F0020F8B50C4B12
:1062D0000C4E1C780C4D3378A34200D1F8BD05EB71
:1062E000C40335F834005F889A88D98840EA0740AB
:1062F00042EA01410134FFF781FE04F00704EAE7B6
:106300007B1F00207A1F00203A1F0020064B10B48C
:1063100018885C889A88D98840EA044042EA01419A
:1063200010BCFFF76BBE00BF321F00201A4AF8B541
:10633000937913F0F00F0AD1537943B1174B1849F1
:106340001B780D7816885788164CAB4200D1F8BDE3
:1063500004EBC3010879D0B134F83300B04216D150
:106360004879A0B94888C01B80B2C7280FD801203F
:10637000937960F3071393718B7960F307138B7133
:106380000548FFF7B9FDBDE8F840FFF79FBF0133AF
:1063900003F00703D9E700BF321F00207B1F002056
:1063A0007A1F00203A1F0020F0B50D4B0D4C1B78D2
:1063B00026780D4CB34201D10020F0BD04EBC3059B
:1063C0006F788F4206D114F83370874202D16D790D
:1063D000954203D1013303F00703EBE70120ECE71B
:1063E0007B1F00207A1F00203A1F00202DE9FF4765
:1063F000E8460446924D062201464046FAF7CAF89E
:106400002B7967792279C3B9AAB18FB12046FFF7FA
:10641000E3FD064660B1082221462846FAF7BAF89D
:106420002846FFF7B9FAFFF781FFFFF76FFF4CE04F
:106430002046FFF761FD012647E0B4F802906B8823
:106440006E79A9EB03039BB2002E00F0B280C72B3C
:1064500000F28A80002A38D0AB79298813F0F00F37
:10646000228850D191420FD1002F40F0E3800122C9
:1064700062F30713AB71FFF749FF2846FFF73CFDB6
:10648000AB79A371002620E0002F40F0D38025785F
:106490003A4628466178FFF787FF2846FFF784FFD2
:1064A00005460028EED10098FFF7C0FEC0F3033286
:1064B000032AC3B20DD8012A15D910F4706F17D072
:1064C000A27912F0F00F13D12E46304604B0BDE889
:1064D000F087063202F00F02012A0ED92046FFF79C
:1064E0000BFD3546F0E710F4706F01D0002BEBD0B8
:1064F0002033DBB2072BE7D9F0E7EF2BE4D90F33DA
:10650000DBB2022BF7E791420AD14FB92046A371C3
:10651000FFF7F2FC082221462846FAF73BF884E709
:106520002046FFF759FD002882D0002F80D0AB799C
:106530001F2B0FD92A8802A8ADF808202A79ADF8B8
:106540000A908DF80C2000228DF80E308DF80D2069
:10655000FFF7D2FC082221463948FAF71BF8FFF76B
:10656000E5FEFFF7D3FE66E7AB7913F0F00A0ED134
:1065700098E80300FFF73CFD2846FFF7BDFC082222
:1065800051462846FAF7F8F8FFF7C0FE7AE7002AE6
:106590009BD0298822889142C2D1002FC0D12046A9
:1065A000A371FFF7A9FC082239462846FAF7E4F858
:1065B0008BE7C72B34D8002A3FF43DAF3E46002F6F
:1065C0003FF436AF2A8823889A421CD1AB79DA0788
:1065D00013D413F0F00210D0F02AA37106D0DBB26E
:1065E000C3F30312013262F30713A3712046FFF7CE
:1065F00083FC0822214612488FE7082221461048D2
:10660000F9F7C8FF61E72046FFF7E6FC0028A1D1B3
:10661000AB79204643F00103AB71FFF76DFC54E703
:1066200098E80300FFF7E4FC082231462846FAF711
:10663000A3F8FAE6AB7943F00103AB7122E700BFA0
:10664000321F0020F0B585B06C4684E80300204678
:10665000FFF7CCFE284F0646284D68B19DF8043060
:106660001BB194E80300FFF7C9FC254C28783B7860
:10667000834226D105B0F0BD9DF8042002AB94E81A
:10668000030083E80300002AEFD038782A78441CFE
:1066900004F0070494420AD01946194B082203EB70
:1066A000C000F9F777FF3C70FFF710FEDDE7FFF75A
:1066B0006BFC0822314613483E702E70FAF75CF8E6
:1066C000D3E704EBC000FFF791FE0028D2D02B786F
:1066D00034F8330004EBC3035E889A88D98840EA13
:1066E000064042EA0141FFF789FC2B78013303F0B1
:1066F00007032B70BAE700BF7A1F00207B1F002022
:106700003A1F0020321F0020014B1878C008704744
:10671000CC1F0020024B187800F00700704700BF24
:10672000CC1F0020034B187810F0070018BF012081
:10673000704700BFCC1F0020014B1878704700BF86
:10674000CF1F0020024B1A7810431870704700BF0B
:10675000CF1F0020024A137823EA0003137070470A
:10676000CF1F00200022014B1A707047CF1F00205E
:10677000024B1A7810431870704700BFD01F0020DA
:10678000024A137823EA000313707047D01F0020D9
:106790000022014B1A707047D01F0020704708B5C7
:1067A000FFF7FCFF08BD000008B5054A1378034257
:1067B00004D023EA00001070FFF7F1FF08BD00BF0E
:1067C000CD1F0020704708B5FFF7FCFF08BD000093
:1067D00008B505490B7830EA030C03D003430B706E
:1067E000FFF7F1FF08BD00BFCE1F002008B5054A26
:1067F0001378034204D023EA00001070FFF7E3FF90
:1068000008BD00BFCE1F002008B5044B1A781AB18E
:1068100000201870FFF7D7FF08BD00BFCE1F002073
:1068200010B5084B1C78084B1B781C43074B1B7892
:106830002BB11C4306F012FB08B1FFF7E5FF204621
:1068400010BD00BFCF1F0020D01F0020CE1F002092
:1068500038B50B4C2568FFF7E3FF28702468082241
:1068600020460849F9F762FE48B12146082205484A
:10687000F9F790FE2046BDE8384006F093BA38BDDF
:10688000D00D0020C41F002038B50B4C2568FFF741
:10689000C7FF68702468202220460849F9F746FEA1
:1068A00048B1214620220548F9F774FE2046BDE88C
:1068B000384006F081BA38BDD40D0020A41F002056
:1068C00008B506F047FA40B1064B93F90030002BAB
:1068D00003DABDE80840FFF7D7BFBDE80840FFF77F
:1068E000B7BF00BFB0490020704708B5FFF7FCFFF5
:1068F00008BD0000094A10B5527852070AD5084C65
:1069000041EAC0012170FFF7C5FB2078C008FFF7FE
:10691000ECFF10BDBDE81040FFF7BCBBB049002044
:10692000CC1F0020002008B5024B1870FFF7DDFFD8
:1069300008BD00BFCC1F002008B50A4A137823EA1F
:106940000000107042070CD198420AD0064B5B78C9
:106950005B0706D5C008FFF7A9FBBDE80840FFF7B5
:10696000E1BF08BDCC1F0020B04900200246094805
:1069700008B54378C3F38001914209D062F38203E2
:10698000437000F036F8BDE808400220FFF7D4BF9E
:1069900008BD00BFB0490020044B5878C0F3800008
:1069A00080F0010000F00100FFF7E0BFB0490020D7
:1069B0000120FFF7DBBF0020FFF7D8BF704708B505
:1069C000002000F06AFCFFF7F9FF08BD00F032BCC0
:1069D00008B500F020FC18B1BDE8084005F00EBF76
:1069E00008BD00F032BC00F03BBC00F03CBC00F045
:1069F0003EBC00F043BC00F045BC00F047BC00F0DA
:106A000049BC00F04ABC00F04CBC00F04EBC000099
:106A100007B500F0FDFB00F008FC002368468DF888
:106A2000003000F019FC01200B4B187000F01BFC2B
:106A30000A4B01A81B88ADF8043000F01FFC02F0DF
:106A4000E9FBFBF72DFC05F00AFFFFF7B8FF02F0AA
:106A5000D5FB03B05DF804FB021F0020060E010801
:106A6000FFF7D6BF73B506F037FC0B4D04462B88F5
:106A700083420ED00026ADF8006006F02DFCADF884
:106A80000460ADF8020002AB13E90300FEF764FFF7
:106A90002C8002B070BD00BFE41F0020014B1868BD
:106AA00000F060BBD81F0020014B1868704700BF82
:106AB000DC1F002008B500F045FB024B1860024BBC
:106AC000186008BDD81F0020DC1F0020014B18688B
:106AD000704700BFD41F002008B500F033FB024B05
:106AE0001860024B186008BDD81F0020D41F00207A
:106AF000014B1868704700BFE01F0020074B914210
:106B00001860074B196038BF1146064B1A60064BD8
:106B100081422CBF19601860704700BFDC1F002045
:106B2000D41F0020E01F0020D81F002070477047AE
:106B300008B5FFF7FCFF08BD704708B5FFF7FCFF7D
:106B4000FFF7F6FF08BD7047704708B5FFF7FCFF79
:106B5000FCF7C4FF08BD01207047000008B50548D8
:106B600000F0CCFB01F0B6F9FFF7E0FFBDE808400C
:106B7000FFF7E3BF81710008FEF71CBD7047704747
:106B800008B5FFF7FBFFFDF7AFFAFFF7F8FF08BD09
:106B900008B5FFF71DFF08B9FFF762FF0848FFF7C8
:106BA00020FF0848FFF723FF04F022FEFFF71BFF3A
:106BB000FFF73BFA044B1878BDE80840FFF751BADD
:106BC000E61F0020B0490020061F002008B506F08F
:106BD0004BFB00F0A3FA05F056FE00F07DFD04F03B
:106BE00097FB00F093FCFFF7D3FF06F0B1F8FEF738
:106BF0008DFE04F045F904F0FFFD00F07FFDBDE8D7
:106C00000840FFF7A2BF70B504460D46164602F0D5
:106C10002BFD324629462046BDE8704006F0C6BA34
:106C200008B5FEF7C7FC18B1BDE8084006F091B8FA
:106C300008BD00002DE9F04F85B0FFF78CFF88B943
:106C4000FFF710FFFFF7ECFF04F078F804F00AFC00
:106C500008B1FFF741FF05F009FB05B0BDE8F04FB3
:106C6000FEF764BEDFF8C88000F0A2FC46460024B0
:106C7000E0B236F8025B00F051FB0B2C54D0854299
:106C800004F10104F4D02B4B1B789B0701D500F0D5
:106C90004BFBFFF771FF002701905FFA87F9484629
:106CA00000F03CFB38F8026B0446B04236D04FF09F
:106CB000000A01254640B6B22E4224D0019B2C4248
:106CC00014BF4FF0010B4FF0000BBBB151464846CB
:106CD00006F060FA90B98DF808A08DF8099006F0DA
:106CE000FBFA4FF00103ADF80A008DF80C308DF877
:106CF0000DB002AB93E80300FEF72EFE5A46514654
:106D00004846FFF780FF0AF101035FFA83FA6D003E
:106D1000BAF1090FADB2CFD128F8024C01370C2FD0
:106D2000BBD1FFF7C7FE8DE78542ACD188E700BF36
:106D300098490020E61F002038B500F005F9B0F5AD
:106D4000A44F044643D2B0F5A04F80F0AC80DF28BA
:106D500016D8CC2800F28A80A7280AD8A42878D888
:106D6000012804D0031F9BB2A12B28BF002420467A
:106D700038BDA0F1A8039BB21A2B6FD90024F6E707
:106D8000B0F5804F19D2B0F5005F80F0A080E72801
:106D9000EDD9A0F580739BB2B3F5F85FEED2C0F3E6
:106DA000072000F057F90546E0B200F0CDF82D02BB
:106DB00005F4F8550543ACB2D9E7C0B200F0C4F809
:106DC00004F47064044344F42044A4B2CFE7B0F563
:106DD000A54F21D245F25F23984251D845F23F2377
:106DE00098420ED845F21F23984242D80124C0F39E
:106DF000850300F00300844044EA431444F40D4446
:106E0000E3E70124C0F3820300F00300844044EA76
:106E1000431444F40C44D8E745F2BF2398420AD8FF
:106E200045F29F23984200F01F0034D84AF2F40440
:106E300044EA00249BE7A0F5A543403B9BB21F2BEF
:106E40009CD8040204F4F85444F4204444F0F004C0
:106E50008DE7A0F1240444F48044B6E7244B583471
:106E6000E4B233F8144044F4884480E740F4A0448A
:106E7000ABE74AF2F10300F01F0443EA042476E78B
:106E80000124C0F3820300F00300844044EA431469
:106E900044F40A4499E700F0DDF8040204F4F854DD
:106EA00044F4005463E700F01F0000F0D3F8C30679
:106EB00048BF0001C4F343144FEA04244CBF00F060
:106EC000F00000B2204340F4104084B24FE7C0F31A
:106ED000042000F0BFF80546E0B200F035F82D02BE
:106EE00005F4F85545EA000444F400546DE700BF8A
:106EF000DA14010882B0ADF80410CBB2C1F3072157
:106F00000B2905D8082B11D81A4602B004F08BBD06
:106F1000FD2905D153B90122194602B004F090BDF4
:106F2000FC2903D113B91A461946F6E7002002B02E
:106F3000704707B5ADF804100199FFF7DBFF03B008
:106F40005DF804EBFFF7F8BEE72850D8DF2807D834
:106F5000312865D00ED8292858D02A2867D0704704
:106F6000A0F1E003072B42D8DFE803F01541242904
:106F700033413D42392804D0822802D0352840D000
:106F80007047334B1A7892075CD15B7813F0080F87
:106F900018BF292070472E4A1378D9074ED452784B
:106FA00012F0010F23D013F0100F08BFE32018BF19
:106FB00000207047264B1B7813F0040FF2E7244A99
:106FC000137859073CD45278D2073BD413F0100FF2
:106FD000EDE71F4B5A78910709D51B7813F0100F76
:106FE00008BFE720E3E71A4B1B781A07F6D470476F
:106FF000174A1378190727D452789107E6D5E42069
:107000007047134B1B7813F0200FC1E7104B1A7811
:1070100092061BD45B7813F0080F18BF3920704715
:107020000B4B1B7813F0400F18BF2A207047084BFA
:107030001B7813F0400F18BF31207047392070477C
:10704000E2207047E0207047E62070473520CEE709
:10705000B049002010B5304C21784B0713D500F013
:107060001402A2F1040C00F01803DCF1000242EB60
:107070000C02A3F1080CDCF1000343EB0C039A4271
:1070800018BF80F00C000B0713D500F01402A2F11A
:10709000140C00F01803DCF1000242EB0C02A3F127
:1070A000180CDCF1000343EB0C039A4218BF80F08C
:1070B0000C006478E30713D500F0110202F1FF3CE5
:1070C00000F01803DCF1000242EB0C02A3F1080C03
:1070D000DCF1000343EB0C039A4218BF80F0090077
:1070E000A30711D500F0110200F01803A2F111045A
:1070F0006242A3F1180C6241DCF1000343EB0C0384
:107100009A4218BF80F00900CA0603D5030748BF9A
:1071100000F0E70010BD00BFB04900200022014B85
:107120001A607047B449002010B50446FEF742FAD1
:1071300020B906F09BF8024B241A1C6010BD00BF5A
:10714000B449002008B5FEF735FA18B1BDE808408B
:1071500006F08CB806F08AF8014B1B68184408BD8D
:10716000B449002010B50446FEF724FA20B12046A9
:10717000BDE8104006F02FB8FFF7E4FF001B10BD7C
:1071800000207047A0F5A543603B1F2B10B507D822
:107190004C791CB900F01F00FEF754FB204610BDCF
:1071A0000124FBE708B503464879A8B147F65B42DE
:1071B00093420ED047F65C42934206D047F65A42BD
:1071C000934205D1FFF7F4FB01E0FFF7E5FB002058
:1071D00008BDFFF7F0FBFAE70120F9E708B5034621
:1071E000487998B147F6014293420CD047F60342E2
:1071F000934206D0B3F5F84F02D1FEF740FB0020D2
:1072000008BDFFF7E3FBFEF742FBF8E70120F7E7D5
:10721000002000F061BE08B5002000F0D8FD4FF658
:10722000E363C31A5842584108BD4FF6E36100209A
:1072300000F034BE08B5002000F04EFEBDE8084066
:107240004FF6FF71002000F029BE10B50446022061
:1072500000F0AEFD207010BD0178022000F010BEDD
:10726000032000F0A5BD0146032000F009BE10B5C3
:107270000446042000F0ABFD208010BD01880420EE
:1072800000F00CBE0822172100F028BE08221721AA
:1072900000F0DCBD0F2000F0A9BD01460F2000F07A
:1072A0000BBE01460E2000F0EBBD08B5132000F028
:1072B0009DFDA0F55D735842584108BD70B50E465E
:1072C00005461446FFF7A1FB014680B13444B4F5EE
:1072D0005D7F88BF40F2993406F1250198BF2534BF
:1072E000641A2246284600F0F9FD204670BD224669
:1072F0002846F9F741FAF8E700207047014B18607B
:10730000704700BFD80D0020704708B5FFF7FCFF9D
:1073100008BD704708B5FFF7FCFF08BD014B33F807
:1073200010007047D249002070474FF4346007F0D6
:10733000FDB900BF00BF00BF00BF00BF00BF00BF5E
:1073400000BF00BF00BF00BF00BF00BF00BF00BF45
:1073500000BF00BF00BF00BF00BF00BF00BF00BF35
:1073600000BF704708B5FFF7E0FF08BD704708B5DC
:10737000FFF7FCFF08BD00007FB5FEF71BF91E4DAF
:1073800004461E4A60B30023107801A905EB4000B3
:1073900001930293039300F0C5F9194E80B1194B84
:1073A0000C22187801A905EB4000F9F7BFF801237A
:1073B000337060B90024FFF7ADFF204604B070BD04
:1073C0003378002BF6D001900290039030700D4B73
:1073D0000C22187801A905EB4000F9F7DBF8EAE781
:1073E000084B1178187805EB410105EB400000F0DF
:1073F000FBF9FFF7BCFFE0E7D2490020EA49002093
:10740000E71F0020B849002008B5302383F3118816
:10741000012100F00F039940202220F00F0008F016
:1074200017FE002383F3118808BD000038B5092436
:107430000B4D55F8040B421C01D0FFF7E5FF013C52
:1074400014F0FF04F5D10624064D55F8040B431C37
:1074500001D0FFF7D9FF013C14F0FF04F5D138BD8E
:10746000DC0D0020000E00202DE9F843DFF89480A9
:10747000174658F8213005465A1C0E4640D0302297
:1074800082F31188012223F00F0903F00F0302FA9F
:1074900003F421464846240408F0DAFDC9F81840F0
:1074A000002484F31188FFF744FF6FEA070C1648A5
:1074B000AA1E0A3550F8041B32F8023FB1F1FF3F13
:1074C0001AD021F00F0EDEF810E001F00F012EFAB5
:1074D00001F1C90710D401243B4313809542E9D13F
:1074E00058F82600431C01D0FFF78EFF2146304696
:1074F000BDE8F843FFF736BF0CEA03031380EDE75E
:10750000BDE8F883DC0D0020000E0020F0B591B03E
:1075100000F0DCF8F0B91F4C01AD0FCC0FC594E8BA
:10752000030085E803001C4E01AF0FCF0FC695E89E
:107530000300083407AD86E803000FCC0FC50FCC5D
:107540000FC52668154C2E6007AD0FCD0FC40FCDAB
:107550000FC4266000F0BAF8002814BF00230623E9
:107560000F4A13700F4AC3F106031370FFF75EFF53
:10757000182200210C48F9F7FFF8182200210B48C7
:10758000F9F7FAF800F04CF811B0BDE8F040FFF759
:10759000BCBE00BF080E0108000E0020DC0D00205C
:1075A000EA490020B8490020D2490020BA49002009
:1075B00030B587B0182200216846F9F7DDF80025BC
:1075C00001242246E9B268460135FFF74DFF640009
:1075D000092DA4B2F5D1182269460E48F8F7A6FF86
:1075E000002814BF0124002404D018226946094849
:1075F000F8F7D0FF084B22461978084B054803EBF3
:10760000410100F00FF80446FFF7B6FE2043C0B278
:1076100007B030BDBA490020EA490020D249002015
:10762000704700002DE9F04106460D461446134F01
:1076300042B101233B7005F019FE114B1860002088
:10764000BDE8F08197F80080B8F1000FF7D00C4B3F
:10765000186805F0C0FD0028F1D00C2231462846FC
:10766000F8F764FF28B10C2231462846F8F792FF5C
:107670004446002320463B70E2E700BFE81F00209D
:10768000EC1F002010B5074C00224FF4007120467B
:1076900008F0DEFC4FF4165007F048F82069C0F3FC
:1076A000402010BD0004004038B5C82406F0C8FFD3
:1076B000054648B9013C4FF47A70A4B207F0FFF9CF
:1076C000002CF3D106F0B0FF284638BD014B5878A6
:1076D000704700BFF31F002010B5FFF7E5FF064C11
:1076E0002070FFF7CFFF6070FDF764FF18B1BDE8B1
:1076F000104000F045B810BDF31F002008B5FDF79D
:1077000059FF18B9BDE8084000F03CB808BD0000BA
:10771000034B187809288CBF00200120704700BF58
:10772000F21F002070B5144D04462B780E46092B2D
:1077300016D82046314600F055F80446C8B92B78D3
:10774000FF2B1CBF01332B702B78092B94BF012416
:10775000002403D905F0C0FD084B1880204670BDF9
:10776000064B188805F030FDB0F5FA7FE1D2002411
:10777000F4E700232B70F1E7F21F0020F01F002038
:1077800005F056BE05F040BEF8B504461E46BDF8ED
:10779000187062B10C234343104DE85C1D449042C5
:1077A00038BF02466B880E481844F8F7F3FE2046AF
:1077B00005F040FE054670B16FB10C20074900FB93
:1077C00004110A79CB880649BA4228BF3A463046A6
:1077D0001944F8F7DFFE2846F8BD00BF180E002058
:1077E000F81F002000F0CEB900F008BA054B1A6867
:1077F000054B92F83A1083F8901092F83B2083F8EA
:10780000AC20704710150108180E002003F054BE7C
:10781000114B70B51C68032104F1390003F0EDFF32
:1078200094F83830834215D194F939200F2A11DCAD
:107830000C210A4B01FB02339D685DB1AC4694F804
:107840003B2094F83A0004F15C0304F13C01BDE8EC
:107850007040604770BD00BF10150108180E002071
:107860002DE9F04390461D460022012385B0009388
:107870000E46DDE90C9711460DF10F03FFF784FF6B
:10788000044650B3D8F8000005F0A5FC63281CD9C5
:107890000022BBB21146009330462B46FFF774FF1F
:1078A00039460446484603F0A8FF9DF80F3083424E
:1078B00014BF002404F001041CB105F0D7FCC8F883
:1078C0000000204605B0BDE8F0833946484603F085
:1078D00094FF9DF80F308342DAD13A464946284654
:1078E000F8F758FEEDE700001E4B2DE9F0411E6849
:1078F000082386B006F11B080193042103201A4ACD
:10790000CDF8008004ABFFF7ABFF054620B1174F61
:10791000B27E3B789A4215D1284606B0BDE8F08188
:107920009DF80F109DF80E0003F038FD044650B985
:10793000002305201A4619460093FFF725FF204033
:10794000C5B20BE0002440460DF10F020DF10E010F
:1079500003F00AFD0028E3D1002CE9D1B37E3B708F
:10796000DAE700BF101501089C20002074200020D9
:1079700070B50C260E4B86B01B680D460233009383
:10798000012100200B4A01960DEB0603FFF768FF6B
:10799000044628B1324608480DEB0601F8F7FAFD17
:1079A0000C2228460449F8F7F5FD204606B070BDC4
:1079B000101501089420002080200020F7B504460F
:1079C00008680D4617461E4605F005FC632800D8DA
:1079D0007FB1002320463146BDF820200093FFF7F9
:1079E000D3FE044610B105F041FC2860204603B0E8
:1079F000F0BD0124FAE72DE9F0411446069F054643
:107A00000E463A4619462046F8F790FD021E2346D8
:107A100031462846BDE8F04118BF0122FFF7CEBF2E
:107A20007FB5FFF741F80390FFF750F80490FFF798
:107A30005FF80C22064B05901B68009205492C3319
:107A40006A440A20FFF7D7FF07B05DF804FB00BFC8
:107A5000101501089020002007B50C21054B0246A7
:107A60001B6800910E3304490220FFF7C4FF03B0E6
:107A70005DF804FB10150108982000201FB505F0E3
:107A800077F90122074B8DF80F001B680092064919
:107A90002A330DF10F020920FFF7ADFF05B05DF8A5
:107AA00004FB00BF10150108A420002037B50124F5
:107AB0000E4B07201D680E4B95F828101A7800947D
:107AC0008A1A18BF01220B49FFF778FF58B10A4BF9
:107AD00095F829101A7808208A1A18BF0122074938
:107AE0000094FFF76BFF03B030BD00BF1015010815
:107AF000061F00207C200020021F0020782000208C
:107B000030B50E4D85B0286805F065FB632812D9A5
:107B1000FFF718FB00230230039004220620009395
:107B200003A9FFF731FE044610B105F09FFB286062
:107B3000204605B030BD0124FAE700BFA020002098
:107B40002DE9F04706460F469046FFF7E1FD002875
:107B500014BF4FF00A094FF001090125394630469C
:107B6000C04710B901354D4501DDBDE8F087044639
:107B700005FB05FA4FF47070013406F0D7FD54454B
:107B8000F8D1EBE738B5164A04460D46FFF7D8FFA3
:107B900020B329462046134AFFF7D2FFF0B1294609
:107BA0002046114AFFF7CCFFC0B1294620460F4AB4
:107BB000FFF7C6FF90B1294620460D4AFFF7C0FFE8
:107BC00060B1294620460B4AFFF7BAFF30B129467B
:107BD0002046BDE83840084AFFF7B2BF002038BD54
:107BE00071790008597A0008E9780008017B0008DB
:107BF000AD7A00087D7A0008217A000870B50E463B
:107C0000054607F099FF294B0C221C683146A31C3E
:107C10001846F8F7BFFC0C2103F0EFFD264606F8E6
:107C20000E0B07F08FFF07F087FF0C223146284626
:107C300004F11B05F8F7AEFC07F084FF07F07CFFAA
:107C4000284603F031FC0821284603F0D6FDA07633
:107C500007F078FF07F070FF154B606A1A689042D2
:107C600002D01860FFF760FA07F06CFF07F064FFBE
:107C700094F828200F4B1A7094F829200E4B1A7094
:107C800007F060FF07F058FF94F82A0005F06AF843
:107C900007F058FF07F050FF04F12C0007C8FEF76B
:107CA0002DFFBDE8704007F04DBF00BF1015010863
:107CB0008C200020061F0020021F00200E2808DD57
:107CC0000C22044B02FB00303C2343805C23816088
:107CD000C3807047180E0020F0B587B00E461746D7
:107CE0001D468DF80F00FFF713FD10B9002007B0F7
:107CF000F0BD9DF90F300E2BF8DD202EF6D8202D8B
:107D0000F4D8002403210DF115008DF815308DF8FD
:107D100014408DF816608DF8175003F06EFD154B6A
:107D20008DF8140083F8906083F8AC500422234649
:107D30000B20009405A9FFF727FD0028D6D0234685
:107D4000324639460C200094FFF71EFD0028CDD0A6
:107D5000234601220D2000940DF10F01FFF714FDC1
:107D60000028C3D0224621460C9B00950E20FFF729
:107D70000BFDBCE7180E0020FEF75CBF08B505F050
:107D800038FA05F0CDFFFEF7E9FE05F0CBFFFEF770
:107D90001DFF05F0D5FF05F0D9FFFFF7EDFF05F05A
:107DA000D7FF05F097FF03F0DDFDFEF7E9FEF2E7F0
:107DB000002307B5014601220DF107008DF80730B9
:107DC00000F08CF89DF8070003B05DF804FB002379
:107DD00007B5014602220DF10600ADF8063000F0AD
:107DE0007DF8BDF8060003B05DF804FB07B504227A
:107DF000002301460DEB0200019300F06FF801989B
:107E000003B05DF804FB07B501228DF807100146A9
:107E10000DF1070000F067F803B05DF804FB07B54B
:107E20000222ADF8061001460DF1060000F05BF8E5
:107E300003B05DF804FB07B50422019101460DEB88
:107E4000020000F050F803B05DF804FBF8B50546F9
:107E50001446D31D23F0070300AFADEB030D6846B6
:107E60000E4600F03BF8224669462846F8F75EFBCE
:107E700020B122463146284600F035F8BD46F8BD0F
:107E800038B50C460546FFF793FFA04205D02146C2
:107E90002846BDE83840FFF7B6BF38BD38B50C46B8
:107EA0000546FFF794FFA04205D021462846BDE8CD
:107EB0003840FFF7B4BF38BD38B50C460546FFF76C
:107EC00095FFA04205D021462846BDE83840FFF77F
:107ED000B2BF38BD00F014B900F038B80B46014607
:107EE000184600F04DB80B460146184600F09CB805
:107EF00008B5064B4FF4805218460021F8F73CFCB9
:107F000041F2080200F580531A6008BDA820002045
:107F100010B5054C23792BB900F06BF908B101209D
:107F2000207110BD0220FCE7A830002010B5064CDF
:107F3000237933B100F067F910B1002301202371D8
:107F400010BD0220FCE700BFA830002038B5FFF7C5
:107F5000DFFF044618B9FFF7E9FF204638BD00F0FF
:107F60004AF90546FFF7C4FF012C06D1FFF7DEFFF3
:107F700000280CBF002505F001052C46EDE70000A8
:107F800008B5034608469918B1F5805F05D804493D
:107F90001944F8F7FFFA012008BD0020FCE700BFF4
:107FA000A82000200000000038B500F024F90446A5
:107FB00008B3FFF7ADFF4FF40072054612490020E9
:107FC00000F03EF970B10EA3D3E900234FF48051C5
:107FD0000D4803F060F902460B464FF4805000F064
:107FE00061F950B90024012D01D1FFF79FFF41F243
:107FF0000802064B1A60204638BD0224F3E700BF92
:1080000025232284E49CF2CBA8200020A830002065
:10801000044B1B68B3F5005F01D3FFF7C5BF012018
:10802000704700BFA83000208318B3F5805F2DE9AA
:10803000F34705460F4616461AD8304C00EB0408A5
:1080400041463846F8F772FA002854D0324639468D
:108050004046F8F79FFAFFF75BFF814630B104F521
:1080600080583EB9FFF7D4FF044639E0FFF75EFFC2
:1080700000243CE0052EB24628BF4FF0050A052239
:1080800000210DF10300F8F777FBC5F3024343EA43
:10809000CA03524639468DF800300DF103002B0A11
:1080A0008DF801308DF80250F8F774FADDE90023FD
:1080B000D8F8000000F0F6F8044688B1D8F800308F
:1080C0000833C8F80030FFF7A3FF0128044604D1A5
:1080D000A6EB0A0655445744C3E7022818BF0024FC
:1080E000B9F1010F03D1FFF721FF0028C0D02046CE
:1080F00002B0BDE8F0870124F9E700BFA820002006
:108100007FB5FFF7F5FE00F06FF8044610B9FFF7F2
:10811000EFFE5BE04FF400720020314900F075F88B
:108120002F4D044610B9FFF7E3FEF0E72AA3D3E989
:1081300000234FF48051284603F0ADF806460C4664
:108140004FF4805002A900F078F8DDE902239C4248
:1081500008BF964201D0FFF7CBFE41F20804694602
:10816000204600F06AF8034640B3DDE9000350EA18
:10817000030220D010F0C00FCDE9020304F108047F
:10818000C1B2C0F3811318D10A0400F47F46C0F3D2
:10819000074002F4E02230431043CA0800EBD1014B
:1081A000B1F5805F0AD80DF10B012844F8F7F2F918
:1081B000B4F5005FD3D1012300E00023094A146025
:1081C0003BB9FFF7F1FE04460028A0D0204604B0DA
:1081D00070BDFFF71DFFF6E725232284E49CF2CB58
:1081E000A8200020A830002008B500F0DDF801200C
:1081F00008BD0120704708B5002000F0D7F8B0FA9C
:1082000080F0400908BD0120704738B5D5002A46E6
:108210000C4600F0E8F818B921462544A94203D1DC
:10822000B0FA80F0400938BDD1E90023D243DB43E6
:1082300041F8082B41F8043CF0E70122FFF7E5BFC5
:108240002DE9F0470646884615460027C0B0202D88
:10825000A94628BF4FF020094FEAC90A524668468E
:1082600008EBC701F8F796F900246B464C450DD191
:1082700052466946304600F0D4F888B92D1B564462
:108280002744E4D1012040B0BDE8F087D3E90001E4
:10829000C043C94343F8080B43F8041C0134E5E725
:1082A0000020F0E707B5CDE9002369460122FFF77A
:1082B000C7FF03B05DF804FB002208231146014804
:1082C00005F00CBA0C08004008B5FFF7F5FF30B117
:1082D000062005F013FA05F049FA002008BD4FF01A
:1082E000FF30FBE7F7B51F468DF807100B0A090CA6
:1082F000064615468DF804008DF806308DF80510F9
:10830000FFF7DAFFE8B104210DEB010005F01AFADE
:10831000044648B945B1022E0BD0032E0ED1284693
:10832000B9B205F019FA044605F020FA204603B068
:10833000F0BD2846B9B205F005FAF4E74FF0FF3476
:10834000F2E74FF0FF34F1E710B5FFF7B5FF88B162
:10835000052005F0D3F905F0E3F9044605F006FA27
:10836000002C05DB14F0010F14BF6FF00304002490
:10837000204610BD4FF0FF34FAE710B5044604F074
:1083800075FF4FF47A7303FB040404F06FFFA042FF
:1083900004D2FFF7D9FF031DF7D010BD6FF0010025
:1083A000FBE70120FFF7E9BF05F01AB900F58033BC
:1083B000B3F5002F10B5044612D283B283B9FFF78C
:1083C000F0FF78B9FFF780FF60B903460246214607
:1083D000D820FFF787FF28B9BDE81040FFF7E1BFBD
:1083E0004FF0FF3010BD2DE9F04107460D4616460F
:1083F000FFF7D7FF0446804638B1324600212846B1
:10840000F8F7BAF92046BDE8F08133462A463946E6
:108410000320FFF767FF04460028F3D032464146A9
:10842000EDE72DE9F04106460F46154675B9FFF711
:10843000B8FF044638B9FFF73FFF30B3042005F01A
:108440005DF905F093F92046BDE8F0815FFA86F802
:10845000C8F58078A84528BFA846FFF7A2FF0446C4
:108460000028F0D1FFF730FF04460028EBD1434647
:108470003A4631460220FFF735FF04460028E2D194
:1084800047444644A5EB0805D0E74FF0FF34DAE750
:1084900038B54C790546002C42D0FEF74DF900F076
:1084A0002203A5F5F04020380A280AD8DFE800F0BA
:1084B000060B0F14181D21262A2F330002F041FD50
:1084C0000024204638BD23B102F0DEFDF8E7002B82
:1084D000FAD002F0C5FDF3E723B102F039FEEFE771
:1084E000002BFAD002F022FEEAE723B102F058FE98
:1084F000E6E7002BFAD002F03FFEE1E723B102F0FD
:1085000077FEDDE7002BFAD002F05EFED8E723B15C
:1085100002F0A2FED4E7002BFAD002F08FFECFE7E4
:108520000124CEE738B54D790446A5B9FEF704F924
:1085300000F02203A4F5F04040380E2849D8DFE8C7
:1085400000F0080C0F12161B1F24282D31363A3F5D
:10855000430002F00BFD284638BD02F01FFDFAE78C
:1085600002F0EFFCF7E723B102F08EFDF3E7002BFA
:10857000FAD002F075FDEEE723B102F0E9FDEAE77B
:10858000002BFAD002F0D2FDE5E723B102F008FE9D
:10859000E1E7002BFAD002F0EFFDDCE723B102F0B7
:1085A00027FED8E7002BFAD002F00EFED3E723B166
:1085B00002F052FECFE7002BFAD002F03FFECAE7EE
:1085C00023B102F066FEC6E7002BFAD002F05EFE91
:1085D000C1E70125BFE7000030B510F47F4F85B03B
:1085E0000190C0F30725C0F3074217D109B1314B01
:1085F0009A5C8DF80C208DF80D208DF80E2000204F
:108600009DF80C3063F307009DF80D3063F30F20E5
:108610009DF80E3063F3174005B030BD9DF804405F
:1086200061B3244B9A5C0620FF236043591BB0FBC7
:10863000F3F06FF05403434303EB440303EB4303B2
:10864000DBB203FB05F4C3F1FF036B4324121B12DF
:10865000C4F1FF04C3F1FF03514354435343C1F337
:108660000721C4F30724C3F30723D2B206281CD87A
:10867000DFE800F006080F12161B060092B2D2E7E0
:1086800014461A468DF80C408DF80D208DF80E100A
:10869000B5E70C461946F5E723460C461146F0E7C8
:1086A00010461C460A460146ECE7234614460A4695
:1086B000F0E700BF30150108012184B004B0FFF7D6
:1086C0008BBF012830B501D8C0B230BDB0F5F75F1F
:1086D00088BFFF224FF001049EBF42090832D2B288
:1086E000A3185910C3F34705C3F34F035B439BB271
:1086F000834205D96A1ED2B29442F1D9601EE3E7E3
:10870000FF2902D06C1CE4B2F6E70846DDE7000062
:10871000074B188800EB402200EB820000F5585010
:10872000193080B2188000EB1020C0B2704700BF33
:10873000E80E002008B50146FFF7EAFF4843C0F302
:10874000072008BD10F0400316BFC2430246D2B254
:1087500010B502F00F0103B10131094CC2F301124F
:1087600004EB42035B78594314F81230020603EB22
:108770002113DBB244BF5B42DBB283F0800010BD4B
:10878000141501081FB5C0F3074401905008FFF706
:10879000D9FFA0F180035BB2002BBCBFC0F1800009
:1087A00043B200205B00DBB204FB03331B128DF8E5
:1087B0000630019BDAB262F30700C3F3072262F3CB
:1087C0000F20C3F3074363F3174004B010BD00004C
:1087D000144B84B003EB4103E521019093F86C3016
:1087E000C0F307204B43C2EB13231C33002BB8BF4D
:1087F0005B42A0EBC3031BB223EAE37300FB03332A
:1088000000201B128DF80530019BDAB262F30700DD
:10881000C3F3072262F30F20C3F3074363F3174048
:1088200004B07047980C0020144B84B003EB410354
:10883000E521019093F86C30C0F307404B43C2EB45
:1088400013231C33002BB8BF5B42A0EBC3031BB246
:1088500023EAE37300FB033300201B128DF806307C
:10886000019BDAB262F30700C3F3072262F30F2021
:10887000C3F3074363F3174004B07047980C00201C
:1088800084B0019000208DF80420019BDAB262F3DD
:108890000700C3F3072262F30F20C3F3074363F318
:1088A000174004B07047000084B001900B4800EB03
:1088B000410090F86C3000209B1A8DF80430019B29
:1088C000DAB262F30700C3F3072262F30F20C3F3A7
:1088D000074363F3174004B0704700BF980C0020B3
:1088E00084B001900B4800EB410090F86D300020FF
:1088F0009B1A8DF80430019BDAB262F30700C3F3D0
:10890000072262F30F20C3F3074363F3174004B059
:10891000704700BF980C002030B5134B85B0343140
:10892000019003EB4104657903EB4103A5F12004B9
:1089300064B21B79002CBCBFC5F1200464B29A1A42
:108940002244C0B210448DF804000020019BDAB22A
:1089500062F30700C3F3072262F30F20C3F3074358
:1089600063F3174005B030BD980C002084B001902F
:1089700000209DF8102003EB430302EB53038DF816
:108980000430019BDAB262F30700C3F3072262F3FB
:108990000F20C3F3074363F3174004B070471FB5BC
:1089A00092B2019048B2002802FB02F2BCBF4942D9
:1089B00048B2C0F1380000FB002080B21C46FFF72F
:1089C00080FE00EB4000044400208DF80440019B31
:1089D000DAB262F30700C3F3072262F30F20C3F396
:1089E000074363F3174004B010BD000084B001904A
:1089F00003F13400104B03EB400358791B79203806
:108A0000703B4B4302FB003200209DF80410002A0B
:108A1000B8BF7F3201EBE2128DF80420019BDAB27D
:108A200062F30700C3F3072262F30F20C3F3074387
:108A300063F3174004B07047980C002084B0019095
:108A400003F13400104B03EB400358791B792038B5
:108A5000703B4B4302FB003200209DF80410002ABB
:108A6000B8BF3F3201EBA2128DF80420019BDAB2AD
:108A700062F30700C3F3072262F30F20C3F3074337
:108A800063F3174004B07047980C002030B5174CC2
:108A900085B03433019004EB430425796379A5F163
:108AA000700464B2203B002C02FB03F3BCBFC5F191
:108AB000700464B2C4F1380201FB023212EB4202CC
:108AC000C0B248BF7F3200EBE21200208DF80420D4
:108AD000019BDAB262F30700C3F3072262F30F20AF
:108AE000C3F3074363F3174005B030BD980C002073
:108AF00001F13403114984B0019001EB430148793D
:108B00000B792028A3EB00034FF0000003EB430395
:108B1000DBB28CBFD2189A1AD2B28DF80420019B16
:108B2000DAB262F30700C3F3072262F30F20C3F344
:108B3000074363F3174004B0704700BF980C002050
:108B40001FB5C4B201905008FFF7FCFDA0F18003EF
:108B50005BB2002BBCBFC0F1800043B20D205B00B4
:108B6000DBB24343002004EB13238DF80430019B58
:108B7000DAB262F30700C3F3072262F30F20C3F3F4
:108B8000074363F3174004B010BD000030B50D4635
:108B900085B00190C4B21046FFF7D4FD124901EB35
:108BA000450191F86C2002440D20D2B2A2F180035D
:108BB0005BB2002BBCBFC2F1800253B25B00DBB2E0
:108BC0004343002004EB13238DF80430019BDAB2F9
:108BD00062F30700C3F3072262F30F20C3F30743D6
:108BE00063F3174005B030BD980C0020114B84B0E2
:108BF000019003EB410393F86C10C0B28B1A5BB287
:108C0000002BBCBF521A53B21922DBB2534300EB04
:108C100013208DF804000020019BDAB262F30700F4
:108C2000C3F3072262F30F20C3F3074363F3174034
:108C300004B07047980C0020FF2928BFFF21C943CA
:108C400084B00190C9B2C0F3074000FB01110020BD
:108C500009128DF80610019BDAB262F30700C3F324
:108C6000072262F30F20C3F3074363F3174004B0F6
:108C70007047FF2928BFFF21C94384B0C9B20190C2
:108C800001EB8111C0B200EB112100208DF804101E
:108C9000019BDAB262F30700C3F3072262F30F20ED
:108CA000C3F3074363F3174004B0704784B003EB8A
:108CB0008302BDF81030019013449BB2FF2B28BFF4
:108CC000FF23DB43C0F30740DBB20344FF2B28BF85
:108CD000FF2300208DF80630019BDAB262F3070013
:108CE000C3F3072262F30F20C3F3074363F3174074
:108CF00004B0704700291FB5B8BF4942002AB8BF69
:108D0000524209B2090112B2FF294FEA0212A8BF6A
:108D1000FF21FF2AA8BFFF22BDF8184009B21C445A
:108D200012B2A4B29142D4BF6418A418A3B2FF2B0C
:108D300028BFFF23DB430190DBB2C0F307400344AD
:108D4000FF2B28BFFF2300208DF80630019BDAB2ED
:108D500062F30700C3F3072262F30F20C3F3074354
:108D600063F3174004B010BD1FB5482B0190C0F34A
:108D7000074030D8BDF81840E31A9BB2FF2B28BF3C
:108D8000FF23083189B2102905D902F1080189B2FF
:108D9000112928BFFF23DB43DBB20344002AB8BFFD
:108DA0000332FF2B28BFFF2300200C498DF806302B
:108DB000497801EBA2028DF80420019BDAB262F33C
:108DC0000700C3F3072262F30F20C3F3074363F3E3
:108DD000174004B010BDFF23D3E700BFF0490020C7
:108DE00084B0BDF81020C0F30741D31A9BB2FF2B0B
:108DF00028BFFF23DBB2DA43D2B21144FF2928BFD8
:108E0000FF210190034400208DF804308DF80610F6
:108E1000019BDAB262F30700C3F3072262F30F206B
:108E2000C3F3074363F3174004B0704784B0BDF841
:108E300010200190D31A9BB2FF2B28BFFF23DB43E6
:108E4000C0F30740DBB20344FF2B28BFFF23002001
:108E50008DF80630019BDAB262F30700C3F30722F4
:108E600062F30F20C3F3074363F3174004B0704766
:108E70007FB5164E1546735C0190C0F3074413B9D5
:108E8000FFF746FC7054705C28444008FFF75AFC1A
:108E9000A0F180035BB2002BBCBFC0F1800043B2E5
:108EA00000205B00DBB204FB03331B128DF806309D
:108EB000019BDAB262F30700C3F3072262F30F20CB
:108EC000C3F3074363F3174004B070BD483200207A
:108ED0001FB5184B0190C0F3074401EB81011868DE
:108EE000154BC1EB811108441979C90800FB010039
:108EF000C0F30720FFF726FCA0F180035BB2002B34
:108F0000BCBFC0F1800043B200205B00DBB204FBB9
:108F100003331B128DF80630019BDAB262F30700AF
:108F2000C3F3072262F30F20C3F3074363F3174031
:108F300004B010BDF8490020F0490020024B1A7817
:108F400010431870704700BFB230002010B50446BF
:108F500020B90029ACBF0020802010BD80EAE0735A
:108F6000A3EBE0731BB2002903EB0102A7BFCB1AEE
:108F70005B015B1A5201ABBF93FBF2F392FBF3F37D
:108F8000C3F12003C3F160035BB2D8B2002CBCBFB5
:108F90004042C0B2E1E730B5C0F3072585B0EB1A17
:108FA00001901046DCB2FFF7D1FFC0EB801300EB5D
:108FB000830300201C44E3B205FB03331B128DF82E
:108FC0000530019BDAB262F30700C3F3072262F3B4
:108FD0000F20C3F3074363F3174005B030BD30B52E
:108FE000C0F3074585B0EB1A01901046DCB2FFF7DD
:108FF000ADFFC0EB801300EB830300201C44E3B201
:1090000005FB03331B128DF80630019BDAB262F3C5
:109010000700C3F3072262F30F20C3F3074363F390
:10902000174005B030BD30B585B09DF82040C0F385
:109030000725019010461C1BFFF788FF2C44E4B263
:10904000241A0020E3B205FB03331B128DF8053010
:10905000019BDAB262F30700C3F3072262F30F2029
:10906000C3F3074363F3174005B030BD30B585B097
:109070009DF82040C0F30745019010461C1BFFF7E8
:1090800065FF2C44E4B2241A0020E3B205FB03334D
:109090001B128DF80630019BDAB262F30700C3F3AE
:1090A000072262F30F20C3F3074363F3174005B0B1
:1090B00030BD1FB5019010461C46FFF747FF204406
:1090C0008DF804000020019BDAB262F30700C3F3BD
:1090D000072262F30F20C3F3074363F3174004B082
:1090E00010BD1FB59DF81840019010461C1BFFF7DE
:1090F0002DFFE4B2241A00208DF80440019BDAB25F
:1091000062F30700C3F3072262F30F20C3F30743A0
:1091100063F3174004B010BD84B004B0FFF7CCBABD
:109120002DE9F74FDFF8CCA000EBC0080AEB0803ED
:109130005B5C0746FF2B0E462BD000252E4A904441
:109140004FF0000B05EBC50403F134090AEB0401F1
:109150000AEB4909144411F801EBBEF1FF0F0ED0E0
:10916000E8B2874218D15FFA8BF0864214D118F822
:1091700006002030FF2828BFFF2008F806000BF16A
:10918000010BBBF1090F04F10104E4D101350C2DF1
:10919000D6D103B0BDE8F08F0EF1340E0AEB4E0EBF
:1091A0009EF8040099F804C09EF805E0ACEB000CB2
:1091B00099F805000191A0EB0E0080B240430CFB32
:1091C0000C0080B20093FFF77CFA2828009B0199DD
:1091D000094AD4D894F800C0C0F12800C0B21028C1
:1091E00094BF84440CF1100C6046FF2828BFFF2078
:1091F0002070C4E7980C0020B430002008B5034864
:10920000FDF7FBFB0022024B1A7008BDF04900205D
:10921000B230002010B5094C3523204603220849FE
:1092200000F8013BF7F7B6F94FF67F732046A380AD
:10923000FDF7E3FB0022034B1A7010BDF04900203C
:10924000440E0108B23000200020704770B504467B
:109250000E461546FFF7F8FF054B04EBC4041C440B
:10926000A35DFF2B1EBF2B540130C0B270BD00BFE9
:10927000980C0020014BDB68184700BF201501083F
:1092800070470000F7B50C4615461E46FFF7F8FF7D
:1092900000280ADB064F21467C6833462A46A4464E
:1092A000019403B0BDE8F040604703B0F0BD00BFDB
:1092B00020150108F7B51F4B0546034493F8F43019
:1092C000194234D01C4E1D4B34791B88E40804FB32
:1092D0000333711C1C1203226846F7F75BF9E0B2F6
:1092E000FFF730FAA0F1800464B2002CBCBFC0F1DB
:1092F000800044B21F207778F678FFF71BFA6400ED
:10930000E4B206FB0444074424128DF800708DF883
:1093100002400098FFF700FFC0F30743C0F30722A5
:10932000C1B2284603B0BDE8F040FFF7ABBF03B0C1
:10933000F0BD00BF980C0020F0490020F849002043
:10934000F7B51F4B0546034493F8F430194234D067
:109350001C4E1D4B34791B88E40804FB0333711C3D
:109360001C1203226846F7F715F9E0B2FFF7EAF995
:10937000A0F1800464B2002CBCBFC0F1800044B2F4
:109380001F20B778F678FFF7D5F96400E4B206FB42
:109390000444074424128DF801708DF802400098AF
:1093A000FFF7BAFEC0F30743C0F30722C1B2284655
:1093B00003B0BDE8F040FFF765BF03B0F0BD00BFEC
:1093C000980C0020F0490020F849002073B51B4B91
:1093D0000446034493F8F43019422DD0184E194B2B
:1093E00035791B88ED0805FB0333711C1D12032220
:1093F0006846F7F7CFF8E8B2FFF7A4F9A0F18003C9
:109400005BB2002BBCBFC0F1800043B2F6785B00BA
:10941000DBB206FB03331B128DF802300098FFF716
:109420007BFEC0F30743C0F30722C1B2204602B05F
:10943000BDE87040FFF726BF02B070BD980C002059
:10944000F0490020F849002013B5124B04460344AC
:1094500093F8F43019421BD0FFF75AF98DF8000049
:109460008020FFF767F90C4B7F30DB788DF8010027
:109470008DF802300098FFF74FFEC0F30743C0F3AA
:109480000722C1B2204602B0BDE81040FFF7FABE85
:1094900002B010BD980C0020F049002037B5134BE6
:1094A0000446034493F8F43019421DD0104D0322B2
:1094B000691C6846F7F76EF803206D78FFF73AF9F4
:1094C0006FF01F0303FB00558DF800500098FFF765
:1094D00023FEC0F30743C0F30722C1B2204603B006
:1094E000BDE83040FFF7CEBE03B030BD980C002081
:1094F000F0490020014B9B68184700BF2015010868
:109500002DE9F04F524B87B0DC78524E04EB440308
:109510004FEAA30B9B080293FF23B3FBF4F30193E1
:1095200083785BB1002211461046FFF7E3FF6C22FF
:1095300000214948F7F720F9002333700025474FF1
:10954000DFF814A13B7801333B70D0464FF000099F
:1095500032785FFA89F31A4363D10393F7F790F9EE
:109560003F4B9842039B5CDC8AF800402946184632
:1095700004AAFFF76BFE98B198F80020029B9DF8B3
:1095800010009A425CD9A2EB0B030BFB03F3A4EB94
:109590000B0293FBF2F32246DBB21946FFF772FE91
:1095A00009F10109B9F10C0F08F10908D0D1013511
:1095B000EDB2092D0AF1010AC7D13B78019A934215
:1095C00004BF00233B7033780133DBB21C2B3DD941
:1095D00000233370234E0B233546671E3046294641
:1095E00009220B2B04D190F800C0644508BF077016
:1095F00011F809CC013AA44524BF01F8097C0C708C
:1096000012F0FF0201F1010100F10100E9D1013B7B
:1096100013F0FF03A5F10905E0D1002007B0BDE874
:10962000F08F98F80020002AA0D094429ED9397873
:109630000198814204BF02F1FF3288F8002095E7CB
:109640006243B2FBFBF20023D2B2A6E73370E4E739
:10965000F0490020B3300020B4300020B0300020AA
:1096600054555505173100202DE9F04F85B00646B9
:109670000F461546FBF79EFF8046002852D0002D6E
:1096800053D03946304602AAFFF7E0FD0446DFF822
:10969000D49099F800302344082B23DDC4F1080A44
:1096A000611C5246494409F10100F6F773FF04F1C9
:1096B00009015246494409F10900F6F76BFF09EB2D
:1096C00044014FEA4A02193109F11900F6F762FF25
:1096D00004F111015246494409F11100F6F75AFF0D
:1096E00089F800A0002299F800C011469146DFF8E1
:1096F00074E00DF1080BD0B200EB0C03DBB2844236
:10970000019314D86444E4B209B1164B1C704DB1F6
:10971000154B1B7803F0FC03802B03D139463046F0
:10972000FFF7FEFC05B0BDE8F08F2C46AFE7019BCC
:109730001BF801AB0EEB03000C4B0AF1340103EBF9
:1097400041010B7949794370019B41720C330EEB57
:109750004303414680F811A083F8019083F80290FA
:109760000132C8E723310020F0490020980C002086
:109770000C4B1B68C3F38123022B0CD0032B0ED0A0
:10978000012B4FF0000203D011461420FFF7B2BEA8
:1097900014211046FAE7002114220846F6E71422A5
:1097A000F2E700BFF8490020012070470120704710
:1097B00008B5FFF7FBFF08BD08B5FFF7F5FFFFF79A
:1097C000F7FF08BDC0EBC00043000020DBB203F18F
:1097D0000E02D2B2442A63F30700134628BF442383
:1097E00082B063F30F2002B0704700002DE9F04F04
:1097F000074689B000780291FFF7E4FFDFF8BC80EC
:109800002F4A98F80450C4B26B081588C0F3072B90
:1098100003FB05552B4BC5F3072503EB440603F16A
:10982000F409E3B29B4507D8BBF1430F8CBF00207E
:10983000012009B0BDE8F08F14F809207B781A42A6
:1098400038D096F86D2096F86C10203A92B202FB50
:1098500002F070391FFA81FA0AFB0A0080B2039203
:10986000FEF72FFF98F801C0034698F8020098F819
:1098700003E0039A4CEA002012B20FFA8AF1DDF8F5
:1098800008C040EA0E400095E047C0F307238DF87A
:109890001C00C0F307408DF81D308DF81E0007989E
:1098A000FFF73AFCC0F30743C0F30722C1B22046DA
:1098B000FFF7E8FC02360134B3E700BFF0490020AF
:1098C000F8490020980C00200149FFF78FBF00BF26
:1098D000279000080149FFF789BF00BF6D9000087D
:1098E0000149FFF783BF00BF6D8900080149FFF7F9
:1098F0007DBF00BFE39000082DE9F04F074685B01B
:109900000078FFF75FFF8A46DFF89880264A98F8CC
:109910000450C4B26B081588C0F3072B03FB055530
:10992000224BC5F3072503EB440603F1F409E3B228
:109930009B4507D8BBF1430F8CBF0020012005B029
:10994000BDE8F08F14F809207B781A4226D098F8E9
:10995000023098F8010098F803C096F86D2096F848
:109960006C1040EA0320203A70392B4640EA0C4044
:10997000D047C0F307238DF80C00C0F307408DF8E3
:109980000D308DF80E000398FFF7C6FBC0F30743B8
:10999000C0F30722C1B22046FFF774FC023601343F
:1099A000C5E700BFF0490020F8490020980C0020CE
:1099B0000149FFF7A1BF00BF978F00080149FFF7DA
:1099C0009BBF00BFDF8F00080149FFF795BF00BFB5
:1099D0009F8900080149FFF78FBF00BFB3900008BF
:1099E0002DE9FF4706460078FFF7ECFE88461F4F3B
:1099F0001F4B3D791B88AD0802355D43DFF874A02D
:109A0000C0F30729C5F30725C4B2E1B2894507D8D9
:109A1000B9F1430F8CBF0020012004B0BDE8F087EE
:109A200014F80A2073781A421DD0B8787B782A4639
:109A300043EA0023F87843EA0040C047C0F3072315
:109A40008DF80C00C0F307408DF80D308DF80E0036
:109A50000398FFF761FBC0F30743C0F30722C1B2CD
:109A60002046FFF70FFC0134CFE700BFF04900208C
:109A7000F84900208C0D00200149FFF7B1BF00BF5D
:109A8000858700080149FFF7ABBF00BFD1870008F9
:109A90000149FFF7A5BF00BF298800080149FFF76A
:109AA0009FBF00BF818800080149FFF799BF00BF31
:109AB000A98800080149FFF793BF00BFE1880008AB
:109AC0000149FFF78DBF00BF198900080149FFF761
:109AD00087BF00BF418B00080149FFF781BF00BF6E
:109AE0008D8B00080149FFF77BBF00BFED8B00089D
:109AF000837810B5044623B1442200210448F6F7C8
:109B00003BFE2046BDE810400249FFF769BF00BF99
:109B100048320020718E00080149FFF761BF00BF85
:109B2000D18E00082DE9F04F814689B0007803916D
:109B3000FFF748FEDFF8A8A02A4A9AF80440C6B208
:109B4000A3081488C0F3072503FB0444C4F30724C7
:109B500004F14000C0B2FEF7F5FDA0F180072046F9
:109B6000FEF7F0FDDFF880B0A0F180087FB24FFA79
:109B700088F8F3B29D4206D8432D8CBF0020012007
:109B800009B0BDE8F08F16F80B1099F801201142CA
:109B900024D09AF802209AF801009AF803C040EA0B
:109BA00002203946424640EA0C400094DDF80CC0E1
:109BB000E047C0F307238DF81C00C0F307408DF881
:109BC0001D308DF81E000798FFF7A6FAC0F3074373
:109BD000C0F30722C1B23046FFF754FB0136C8E795
:109BE000F0490020F84900208C0D00200149FFF7C2
:109BF00099BF00BFED8900080149FFF793BF00BF7F
:109C00003D8A00080149FFF78DBF00BF8D8A00081B
:109C10002DE9F04F334D074685B00078FFF7D2FDB0
:109C20002E794FF6FF730136FF2E28BFFF26884698
:109C3000B3FBF6F6DFF8B0B0DFF8B0A0C0F3072949
:109C4000C4B2E0B2814507D8B9F1430F8CBF002000
:109C5000012005B0BDE8F08F14F80B207B781A4284
:109C60002ED09AF800302249013B5BB21A0629D562
:109C700032462B79A878591CFF290B4628BFFF23B1
:109C800003FB02226B78C2F30F2143EA0023E8783A
:109C900043EA0040C047C0F307238DF80C00C0F32F
:109CA00007408DF80D308DF80E000398FFF734FA59
:109CB000C0F30743C0F30722C1B22046FFF7E2FA20
:109CC0000134BEE75A5C82420AD103F10C020AEB6E
:109CD000420292F801C092784CEA0222B242C8D302
:109CE000013BC3E7F04900208C0D0020FC49002017
:109CF0000D4A00200149FFF78BBF00BF398C0008D7
:109D00000149FFF785BF00BF738C00082DE9F04FB4
:109D100082468DB008780492FFF754FD8B46414B84
:109D2000C5B21B78C0F3072903933F4B03EB4507EC
:109D3000F4330593EBB2994507D8B9F1430F8CBFC3
:109D4000002001200DB0BDE8F08F059BEA5C9BF878
:109D500001301A4221D0D0460024032233490AA8F8
:109D6000F6F718FC2F4B0AF101061E44039A5FFA1E
:109D700088F39A4214D82E4BD87800FB044424125E
:109D80008DF82A400A98FFF7C7F9C0F30743C0F3DC
:109D90000722C1B22846FFF775FA01350237C9E735
:109DA00016F8013B97F86C1097F86D20C91AF379F3
:109DB00089B2D21A92B202FB02F001FB010080B21A
:109DC00007920691FEF77DFC194B164A93F804E0C2
:109DD00008F10C030EF1010EBEF1FF0F28BF4FF08A
:109DE000FF0E02EB430393F801C09B78079A4CEAFD
:109DF000032C0EFB0CCC0699CCF30F238DF82A40D4
:109E00000093049C034612B20A9809B2A047C0F31B
:109E100007238DF828008DF82930C0F3074408F196
:109E20000108A3E7FC490020980C0020F14900201C
:109E3000F0490020044B01461B78044A013B23EA09
:109E4000E373D8B2FFF762BFFC490020AD8C000875
:109E50000146024A0020FFF759BF00BFAD8C000841
:109E6000044B01461B78044A013B23EAE373D8B252
:109E7000FFF74CBFFC490020F58C00080146024A60
:109E80000020FFF743BF00BFF58C0008044B0146DC
:109E90001B78044A013B23EAE373D8B2FFF736BFCD
:109EA000FC490020698D00080146024A0020FFF7A6
:109EB0002DBF00BF698D0008044B01461B78044A82
:109EC000013B23EAE373D8B2FFF720BFFC4900202F
:109ED000E18D00080146024A0020FFF717BF00BFCE
:109EE000E18D0008044B01461B78044A013B23EA3C
:109EF000E373D8B2FFF70ABFFC4900202D8E00089B
:109F00000146024A0020FFF701BF00BF2D8E000866
:109F1000F7B506460078FFF755FC184AC5B25378E6
:109F2000C0F307249078164F43EA0023D07843EA21
:109F30000040FFF7F1F8C0F307238DF80530C0F3B8
:109F400007438DF804008DF80630EBB29C4205D82B
:109F5000432C8CBF0020012003B0F0BDEA5D737874
:109F60001A4208D028469DF806309DF805209DF835
:109F70000410FFF787F90135E7E700BFF04900203B
:109F80008C0D00202DE9FF4106460078FFF71AFCF2
:109F9000DFF89C80032208F10101C4B2C0F3072559
:109FA00001A8F6F7F7FA019898F80170FFF7B4F8EE
:109FB000C0F307238DF8093098F804308DF80800B5
:109FC0001F448DF80470C0F307408DF80A00019813
:109FD000FFF7A2F8C0F307238DF80D30154FC0F33B
:109FE00007438DF80C008DF80E30E3B29D4206D881
:109FF000432D8CBF0020012004B0BDE8F081E35D5B
:10A000007278134211D0DB07204643BF9DF80E3013
:10A010009DF80D209DF80C109DF80A305CBF9DF84E
:10A0200009209DF80810FFF72DF90134DDE700BF86
:10A03000F04900208C0D00202DE9FF4707460078ED
:10A04000FFF7C0FBDFF86C800322C4B2C0F3072522
:10A0500008F1010102A8F6F79DFA98F80460DFF80C
:10A0600058900136B608A9F1870AE3B29D4206D896
:10A07000432D8CBF0020012004B0BDE8F08714F808
:10A0800009207B781A4213D01AF814301A0998F86C
:10A09000013002FB06338DF808300298FFF73CF8D8
:10A0A000C0F30743C0F30722C1B22046FFF7EAF826
:10A0B0000134DAE7F04900208C0D00202DE9FF473C
:10A0C00007460078FFF77EFBDFF870800322C4B2FA
:10A0D000C0F3072508F1010102A8F6F75BFA98F82A
:10A0E0000460DFF85C900136B608A9F1880AE3B293
:10A0F0009D4206D8432D8CBF0020012004B0BDE84E
:10A10000F08714F809207B781A4214D01AF814301A
:10A1100006FB03F298F8013003EB52138DF8083078
:10A120000298FEF7F9FFC0F30743C0F30722C1B25C
:10A130002046FFF7A7F80134D9E700BFF049002017
:10A140008C0D00202DE9F04F074685B00078FFF711
:10A1500039FB0A23354E88463579DFF8D4A0B5FBA4
:10A16000F3F5344B02351B88EDB25D43C0F307298C
:10A17000C5F30725C4B2AAF1870BE1B2894507D818
:10A18000B9F1430F8CBF0020012005B0BDE8F08F6E
:10A1900014F80A207B781A4229D01BF81430B078C2
:10A1A000202B73782A4643EA0023F07843EA0040E4
:10A1B0001FD9C047C0F307238DF80800C0F307403C
:10A1C0008DF809308DF80A000298FEF7A5FFC0F35C
:10A1D0000722C0F307418DF805208DF806108DF891
:10A1E0000400C3B2D2B2C9B22046FFF74BF8013423
:10A1F000C3E7C047C0F307238DF80C00C0F3074046
:10A200008DF80D308DF80E000398FEF785FFC0F332
:10A210000722C0F307438DF805208DF806308DF82E
:10A220000400DBB2D2B2C1B2DEE700BFF0490020C9
:10A230008C0D0020F84900200149FFF783BF00BFC3
:10A24000F18A0008F7B503780546C3B91E4B1B79A0
:10A250001033FF2B28BFFF231A461C4B1B8802FB21
:10A2600003330A22C3F30F23B3FBF2F102FB1133D2
:10A270009BB223B94420FEF75DFA154B188028786D
:10A28000FFF7A0FA0446AB78C6B2C4F3072493B92B
:10A290000F4F3888864210D8A0420ED26978C0B2DB
:10A2A000FFF7FCF845233B8007E030466978FFF76D
:10A2B000F5F80136F6B2A642F7D3432C8CBF002046
:10A2C000012003B0F0BD00BFF0490020F849002094
:10A2D000DA0E0020F7B503780546CBB91E4B1B7983
:10A2E0001033FF2B28BFFF231A461C4B1B8802FB91
:10A2F00003330522C3F30F23B3FBF2F202EB820216
:10A300009B1A9BB223B94420FEF714FA144B188011
:10A310002878FFF757FA0446AB78C6B2C4F307248F
:10A3200093B90F4F3888864210D8A0420ED2697870
:10A33000C0B2FFF789F845233B8007E030466978D3
:10A34000FFF782F80136F6B2A642F7D3432C8CBF52
:10A350000020012003B0F0BDF0490020F8490020A2
:10A36000D80E00202DE9F04F804687B00078FFF727
:10A3700029FAC3B2009398F80230C0F307264BB114
:10A38000002211461046FFF7B5F86C2200213C4828
:10A39000F6F7F2F998F800306BB93A4C208802F0E1
:10A3A00013FF18288CBF01220022374B1A7002D9E4
:10A3B00002F092FF20800025DFF8D0B02C46A9469D
:10A3C00003E0B9F10D0F54D80024314905EBC50A5B
:10A3D00001EB0A031A1901921B5D009A934240D3C4
:10A3E000B3423ED20B4493F8F42098F8013009F1BF
:10A3F00001091A425FFA89F933D0214B9BF80320F7
:10A400009A441AF80470A7F1550323EAE373C3F1E1
:10A41000AA038DF810309BF802308DF8113007F147
:10A42000AA03FF2B28BFFF2303EB43030233DBB256
:10A4300002FB03331B128DF812300498FEF76CFEFA
:10A44000C0F30743C0F30722C1B201980078FEF7BA
:10A4500019FF0D4B1B7823B1013F27EAE7770AF874
:10A4600004700134E4B2092CAFD10135EDB20C2DEA
:10A47000A7D1432E8CBF0020012007B0BDE8F08F8C
:10A48000B430002020310020B1300020F0490020FD
:10A49000980C0020F7B503780546CBB91E4B1B7905
:10A4A0000533FF2B28BFFF231A461C4B1B8802FBDA
:10A4B00003330522C3F30F23B3FBF2F202EB820254
:10A4C0009B1A9BB223B94420FEF734F9144B188031
:10A4D0002878FFF777F90446AB78C6B2C4F30724AF
:10A4E00093B90F4F3888864210D8A0420ED26978AF
:10A4F000C0B2FEF76BFF45233B8007E0304669782A
:10A50000FEF764FF0136F6B2A642F7D3432C8CBFA8
:10A510000020012003B0F0BDF0490020F8490020E0
:10A52000E00E0020F7B503780546CBB91E4B1B792A
:10A530000533FF2B28BFFF231A461C4B1B8802FB49
:10A5400003330522C3F30F23B3FBF2F202EB8202C3
:10A550009B1A9BB223B94420FEF7ECF8144B1880E9
:10A560002878FFF72FF90446AB78C6B2C4F3072466
:10A5700093B90F4F3888864210D8A0420ED269781E
:10A58000C0B2FEF7DDFE45233B8007E03046697828
:10A59000FEF7D6FE0136F6B2A642F7D3432C8CBFA7
:10A5A0000020012003B0F0BDF0490020F849002050
:10A5B000DE0E0020F7B503780546CBB91E4B1B799C
:10A5C0000533FF2B28BFFF231A461C4B1B8802FBB9
:10A5D00003330522C3F30F23B3FBF2F202EB820233
:10A5E0009B1A9BB223B94420FEF7A4F8144B1880A1
:10A5F0002878FFF7E7F80446AB78C6B2C4F307241F
:10A6000093B90F4F3888864210D8A0420ED269788D
:10A61000C0B2FEF74FFE45233B8007E03046697825
:10A62000FEF748FE0136F6B2A642F7D3432C8CBFA4
:10A630000020012003B0F0BDF0490020F8490020BF
:10A64000DC0E002007B50078FFF7BCF8C0F3072048
:10A6500043288CBF0020012003B05DF804FB13B534
:10A660000078FFF7AFF8C0F307242146C0B2F7F730
:10A6700057FD432C8CBF0020012002B010BD00000C
:10A680002DE9F04F764B8BB01B78764D83420090CE
:10A690004FD1754A2B78127803F003039B1A18BF29
:10A6A0000123724C6278A3706B799A4205D0002224
:10A6B000114610466370FEF71DFF009B342B3AD8FD
:10A6C000013B332B51D8DFE813F059005E006200E4
:10A6D00066006A006E00720076007A007E008200DA
:10A6E00086008A008E00920096009A009E00A200CA
:10A6F000A600AA00AE00B200B600BA00BE00C200BA
:10A70000C600D50040010B02B902BD02C102C5025C
:10A71000C902CD02D102D502D902DD02E102E50271
:10A72000E902ED02F102F502F902FD02010305035F
:10A7300009030123B5E7009BFF2B00F0D38200241F
:10A740004A4B1A7801321A70002C40F0D082022154
:10A75000474A9B781170002B40F0C982009B002B68
:10A7600040F0C58203231370C1E2A478002CE7D027
:10A77000002211461046FEF7BDFEE0E73B48FFF71A
:10A78000C7FB0446DCE73948FFF7FCFBF9E737482D
:10A79000FFF752FCF5E73548FFF790FCF1E7334847
:10A7A000FFF76AF9EDE73148FFF76CF9E9E72F4861
:10A7B000FFF76EF9E5E72D48FFF7FAF8E1E72B48D8
:10A7C000FFF7FCF8DDE72948FFF77EF8D9E72748CF
:10A7D000FFF780F8D5E72548FFF760F9D1E7234870
:10A7E000FFF762F9CDE72148FFF764F9C9E71F4891
:10A7F000FFF766F9C5E71D48FFF772F8C1E71B4888
:10A80000FFF7E2F8BDE71948FFF7E4F8B9E71748A2
:10A81000FFF76CF8B5E71548FFF7E8F9B1E713481B
:10A82000FFF7EAF9ADE71148FFF7ECF9A9E70F48A0
:10A83000FFF702FDA5E70D48FFF704FDA1E70B4870
:10A84000FFF748FD9DE70948FFF740F999E70748FA
:10A85000FFF742F995E70548FFF744F991E700BF94
:10A86000E50E0020F0490020E60E0020E20E002058
:10A87000E70E0020237833B9A37823B14420FDF7F5
:10A8800059FF904B18702078FEF79CFFDFF8388254
:10A89000DFF83892D8F80020D9F80030ADF81C0065
:10A8A0009A42C0F307263FD2864F9DF81C303A7873
:10A8B000934226D8964224D9854B134493F8F4202A
:10A8C00063781A421DD0FDF723FF820731D500239C
:10A8D0008DF820308DF821308DF822300898FEF761
:10A8E0001BFCC0F30722C0F307438DF824008DF84A
:10A8F00025208DF82630C1B2DBB23878D2B2FEF70F
:10A90000C1FC432E10D94420FDF714FF4FF4E06240
:10A910002979D9F8003001FB022203F50063A3EB8B
:10A9200012233870C8F80030432E8CBF0024012455
:10A9300006E7FDF7EDFE8DF820008020FDF7FAFE1A
:10A940007F30EB788DF82100C6E7DFF88891DFF8DB
:10A950007CA1D9F80020DAF800309A423FF6EFAE39
:10A96000A3785D4EB3B10022002711461046FEF7D2
:10A97000C1FDB046BB46FDF7CBFE830724D588F862
:10A9800000B088F801B088F802B00137442F08F110
:10A990000308F0D12078FEF715FFADF82000C0F3D2
:10A9A0000727C0B200EB4008DFF830B1B044C3B2B3
:10A9B0009F4228D8432F94BF012400247FF6C0AEC5
:10A9C0004FF00008013F3BE0FDF7A2FE8DF82400A8
:10A9D0008020FDF7AFFEEB787F3007EB47028DF864
:10A9E00026308DF82500B318099802920193FEF7DE
:10A9F00093FB029A019BB054C0F30722C0F30740B7
:10AA00005A709870C1E710F80B2063781A4209D089
:10AA100098F8023098F8012098F800100190FEF79D
:10AA200031FC019808F103080130C0E701EB410057
:10AA3000013101EB4101032231443044F5F7AAFD15
:10AA40005FFA88F1B94208F10108EFDBFDF760FE1B
:10AA500010F0020F4FEA470817D000234744F219BD
:10AA6000F355537093702B7940F6B8321033FF2BA7
:10AA700028BFFF2303EB03131B12B2FBF3F3DAF837
:10AA800000201344C9F800305AE6FDF741FE8DF866
:10AA900024008020FDF74EFEEB787F308DF82630C5
:10AAA0008DF825000998FEF737FB4744F05506EB73
:10AAB0000708C0F30723C0F3074088F8013088F87F
:10AAC0000200D0E72231002098320020F84900200F
:10AAD000980C0020A03200207C3100208C0D00203A
:10AAE000A3784BB1002211461046FEF703FD302239
:10AAF00000218048F5F740FE2078FEF763FE7E4B8C
:10AB0000ADF820001A687D4BC0F307241B689A42F9
:10AB100040F28F809DF82030A87802936B784FF038
:10AB2000000843EA0023E878754F43EA0040FEF747
:10AB3000F3FAC0F307238DF82400C0F307408DF823
:10AB400025308DF826006B4E049706EB880305939D
:10AB500007F10803039300230193059B13F8015B9E
:10AB60000593002D67D09DF824A09DF825B09DF891
:10AB70002650049B13F8010B0493039B13F80199CF
:10AB80000393029B83420ED884420CD95C4B03444E
:10AB900093F8F4205B4B5B781A4204D02B465A465C
:10ABA0005146FEF76FFB029B4B450FD84C450DD924
:10ABB000534B4B4493F8F420524B5B781A4205D028
:10ABC0002B465A4651464846FEF75CFB019B013333
:10ABD000042B0193C1D108F10108B8F10C0F07F162
:10ABE0000907B0D1432C24D9002503223046711C1B
:10ABF000F5F746FDFDF78CFD10F0030F0CBF0123A8
:10AC0000002301350C2DF37006F10406EDD13E4B07
:10AC100040F6B8321B791033FF2B28BFFF2303EB1C
:10AC200003131B12B2FBF3F3334A12681344334A83
:10AC30001360432C79E6AB46AA469AE73148FFF702
:10AC400091FB9EE52F48FEF75BFC9AE52D48FFF748
:10AC500051F896E52B48FFF753F892E52948FFF79E
:10AC6000E9F88EE52748FFF7F3F88AE52548FFF76E
:10AC7000F7F886E52348FFF701F982E52148FFF759
:10AC800005F97EE51F48FFF70FF97AE51D48FFF744
:10AC900013F976E51B48FFF71DF972E51948FFF730
:10ACA00021F96EE51748FFF72BF96AE51548FEF71D
:10ACB0001FFF66E51348FFF7EDFB62E51148FFF75C
:10ACC00031FC5EE50F48FFF775FC5AE50D48FEF7CD
:10ACD00023FF56E50B48FFF7B5FC52E50948FFF79F
:10ACE000BEFC4EE5FEF744FD0222084B1A700BB085
:10ACF000BDE8F08F4C310020F84900209C32002044
:10AD0000980C0020E20E0020F0490020E70E002001
:10AD10000120704737B500780138C0B2FEF752FD08
:10AD2000C0F30724C5B221462846FFF7F1FF2146AC
:10AD30002846FAF72FFB03B030BD00002DE9F041A3
:10AD4000424C2068FCF70EFA0546FCF7FBF9206040
:10AD5000002406463E48A44690F800E0C5F57F472B
:10AD60007146FF37E3B29E450FD8BCF1000F00D00B
:10AD70000170384CDFF8E080257898F80070032DDA
:10AD800036D8DFE805F01A37465204F10C0200EB22
:10AD90004202537892F80280013443EA08239F422A
:10ADA00029BF5B1901F1FF315370C3F307233ABF89
:10ADB0004FF0010CC9B29370D4E70022274B24490D
:10ADC0001A70274B292227481E60F5F7E3FB264B14
:10ADD0001B784BB9FBF762FE244B984204D8244BF6
:10ADE0001B789A0718BF9D08012388F8005023702C
:10ADF000BDE8F0813846FFF743FC002FF8D02378F8
:10AE0000022B01D1FEF7D8FCBDE8F0411348FFF753
:10AE100081BF184B184A1F70154B1B78C3F30103F1
:10AE20001370FEF727FA0323E1E7144D2B7823B1C3
:10AE30000F48FBF7E2FD00232B70094B1868FCF765
:10AE400091F90F28D4D90023D1E700BF9032002018
:10AE500023310020E70E00208C320020E20E00207B
:10AE6000F8490020FC49002094320020C0D40100A1
:10AE7000F0490020E50E0020E60E0020B230002050
:10AE800070B50024104B114D1B68984710481022D4
:10AE9000FF2100F8194BF5F76FFC0E481022FF2137
:10AEA00000F8194BF5F768FC01230B4E2846337068
:10AEB000FBF7A1FD2B78347013F0FC0F03D1BDE834
:10AEC0007040FEF7A7B970BD20150108F0490020B9
:10AED000FC49002023310020B230002070B5044628
:10AEE0000A4E88B135787DB92846FFF7C9FB084B73
:10AEF000084A1D70084B1B78C3F301031370FEF75B
:10AF0000B9F90322054B1A70347070BD94320020D9
:10AF1000E50E0020E60E0020F0490020E70E00209C
:10AF2000044A137883F0010313700022024B1A7055
:10AF3000FEF704B8F0490020E70E00200020FFF7DC
:10AF4000EFBF0120FFF7ECBF064A137813F00303AD
:10AF500004BF05490B700121137861F301031370DD
:10AF6000704700BFF0490020E70E002008B5FFF74A
:10AF7000EBFFBDE808400120FDF7E0BF054B1A7864
:10AF800092071EBF0021044A11701A786FF3010264
:10AF90001A707047F0490020E70E002008B5FFF74F
:10AFA000EDFFBDE808400120FDF7C8BF024B18784F
:10AFB00000F00300704700BFF049002010B40B4CB4
:10AFC00002462378084699070ED04AB9012262F357
:10AFD000870300222370064B1A7010BCFDF7AEBF2A
:10AFE000342A88BF3422F2E710BC7047F0490020B1
:10AFF000E70E00200021FFF7E1BF000038B5FFF7A2
:10B00000BDFF0123084C094D20462B70FBF7F3FCD4
:10B01000002320782B70830704D0BDE838408008D7
:10B02000FFF7E8BF38BD00BFF0490020B230002074
:10B030000121FFF7C3BF0000014B1878800870475B
:10B04000F0490020054B01461B789B080133352B46
:10B0500034BF18460120FFF7B1BF00BFF049002000
:10B060000120FFF7EFBF0000064B01461B78C3F33A
:10B070008503013B13F0FF0314BF18463420FFF78C
:10B080009DBF00BFF04900200120FFF7EDBF000089
:10B0900030B4084C0546184623789B0708D0962AFA
:10B0A00028BF96226570A170E27030BCFDF746BFE4
:10B0B00030BC7047F04900200023FFF7E9BF0123AF
:10B0C000FFF7E6BF07B50322094901A8F5F762FAC1
:10B0D00000209DF8043063F307009DF8053063F30A
:10B0E0000F209DF8063063F3174003B05DF804FBB2
:10B0F000F1490020014B5878704700BFF04900200B
:10B10000014B9878704700BFF0490020014BD87878
:10B11000704700BFF0490020034903464878CA78C9
:10B1200008308978FFF7B4BFF04900200120FFF70D
:10B13000F3BF0000054910B44C780346083CCA78B8
:10B14000A0B2897810BCFFF7A3BF00BFF049002070
:10B150000120FFF7EFBF000010B4064C0346A178B2
:10B16000E2781031FF2928BFFF216078C9B210BCF6
:10B17000FFF78EBFF04900200120FFF7EDBF000070
:10B1800010B4064C0346A178E278103921EAE17147
:10B190006078C9B210BCFFF77BBF00BFF049002048
:10B1A0000120FFF7EDBF000010B4064C0346E27823
:10B1B000A1781E32FF2A28BFFF226078D2B210BCCD
:10B1C000FFF766BFF04900200120FFF7EDBF000048
:10B1D00010B4064C0346E278A1781E3A22EAE272E5
:10B1E0006078D2B210BCFFF753BF00BFF049002017
:10B1F0000120FFF7EDBF0000024B18710020FDF7A2
:10B200009DBE00BFF0490020024B18710120FDF7E0
:10B2100095BE00BFF0490020014B1879704700BF70
:10B22000F0490020044A13792833FF2B28BFFF235D
:10B230001371FDF783BE00BFF04900200120FFF726
:10B24000F1BF0000034A1379283B23EAE37313712B
:10B25000FDF774BEF04900200120FFF7F3BF0000A6
:10B26000084A5379FF2B08D04BB9012383F001031F
:10B270000549CB5C5371FDF761BE0023F6E700235F
:10B28000F6E700BFF04900201C1501080120FFF778
:10B29000E7BFFFF7FBBFF0B5451804461946104657
:10B2A0000026AC4200D3F0BD14F8012B4FEA011C7C
:10B2B000424093184FEA021E41EB01004CEA127C17
:10B2C00013EB0E0340EB0C004FEA421E9B184FEAB3
:10B2D000411C41EB00004CEAD26C13EB0E0340EB37
:10B2E0000C004FEAC21E4FEAC11C17024CEA526C16
:10B2F00013EB0E034FEA012140EB0C0041EA12610F
:10B30000DA1940EB01013944B018CAE7FAF752B92B
:10B3100008B5082200210348F5F72EFABDE80840D9
:10B3200000F036B9A43200208378C078013303F0EE
:10B3300003031B1A58425841704710B50446FFF7E3
:10B34000F3FF78B9A37801F07F01E01841EAC21158
:10B3500001710120013303F00303A370237801334B
:10B36000237010BD0020FCE710B5C37884789C42A0
:10B3700011D003441B79C3F3C014C3F306030B704D
:10B380001470C378013303F00303C37043780133AF
:10B390004370012010BD0020FCE700000A46014672
:10B3A0000148FFF7CABF00BFA43200200A46014689
:10B3B0000148FFF7D9BF00BFA432002070B50025B7
:10B3C000FC2686B00DF107010DF10600FFF7EEFF38
:10B3D000044610B9284606B070BD9DF806309DF8A9
:10B3E00007208DF8083062B3FD238DF8093001F095
:10B3F00073FF4FF48173ADF80A00ADF80C30DDE94E
:10B400000201FAF7A9FA642003F059FB9DF806300F
:10B410009DF807208DF81030E2B1FD238DF8113032
:10B4200001F05AFF0223ADF81200ADF8143006AB5C
:10B4300013E90300FAF790FA642003F040FB254675
:10B44000C0E78DF8096001F047FF40F20313ADF843
:10B450000A00D2E78DF8116001F03EFF0323ADF83A
:10B460001200E2E710B5FFF751FF044610B1FFF7F5
:10B47000A5FF04460A4B1A7832B100221A70094B14
:10B480009A78DA701A785A7000F0E6F8FFF73EFF03
:10B4900018B1FFF793FF0443E4B2204610BD00BF8C
:10B4A000AC320020A432002008B508220149F5F78B
:10B4B00071F808BDA43200200122014B1A707047B8
:10B4C000AC3200204FF4165003F030B969B1084B8C
:10B4D00053F82000431C0AD0012100F00F03202262
:10B4E000994020F00F0004F0B3BD024BF0E7704725
:10B4F000B4320020B032002079B1094B53F820302B
:10B500005A1C1FBF23F00F02106903F00F03D8402D
:10B5100014BF00F0010000207047024BEEE700BFAF
:10B52000B4320020B0320020704700002DE9F04115
:10B530000025154F3B78ECB2A3420CD8FFF7C2FFB1
:10B540000026DFF848803B78F5B2AB420DD8FFF714
:10B55000EBFFBDE8F08100212046FFF7B7FF012196
:10B560002046FFF7B3FF0135E4E700212846FFF747
:10B57000C3FF012104462846FFF7BEFF44EA40040A
:10B5800008F805400136DEE7B8320020AE32002070
:10B5900010B5FCF79BF800220D4B0E4C1A70FCF70F
:10B5A00095F880F001002070FCF790F8FCF78EF819
:10B5B00018B1BDE81040FFF7B9BF2378002BF8D0D1
:10B5C000054B064A1A60064B013A1A60F1E700BFC4
:10B5D000B9320020B8320020B03200200704004009
:10B5E000B432002070B541EA4203174A0446115CA8
:10B5F000DBB201F00300834224D043EA8103DBB2D3
:10B600001355124A124E1578124A03F00F03D35CF9
:10B61000325D254413445BB2012BEDB2335503DD9B
:10B6200000212846FFF7BAFE3357013303DA012120
:10B630002846FFF7B3FE3357002B03F00103B8BFD2
:10B640005B42335570BD00BFAE320020B9320020DE
:10B65000AD32002030160108F8B500250A4F3B78BE
:10B66000ECB2A34200D8F8BD00212046FFF744FF0A
:10B67000012106462046FFF73FFF3146024620469D
:10B68000FFF7B0FF0135EAE7B8320020C1F103014E
:10B69000490040FA01F3022213F0010F14BF0E23F8
:10B6A000082302FA01F101421ABFA3F12000C0B23F
:10B6B00043F080007047000010B50A4C40F282222F
:10B6C0004FF40041084804F0C3FC204603F04CFF4F
:10B6D0002046064903F0D2FE2046BDE8104003F0A4
:10B6E000E9BE00BF044F00200004004040160108DE
:10B6F00030B5044D00EB40002C186270A370295443
:10B7000030BD00BF254A002070B5134605460E46E1
:10B7100000242046324629460134FFF7E9FF442C35
:10B72000F7D170BD2DE9F84F08271D4D1D4C00269F
:10B7300095F800B095F801A095F80290A4F10808DA
:10B7400031465846FFF7A2FF0136042E08F8010BD8
:10B75000F6D10026A4F1040831465046FFF796FFC3
:10B760000136042E08F8010BF6D1A046002631461A
:10B770004846FFF78BFF0136042E08F8010BF6D17F
:10B780000C37B7F54E7F05F1030504F10C04CED15B
:10B790004FF46971BDE8F84F034A044803F0A5BEB1
:10B7A000254A0020C6320020BA320020044F002073
:10B7B000FBF70CB908B5FBF789FF002814BF01207F
:10B7C0000720FBF7ABFD00F0010008BD08B5FBF753
:10B7D000EFFEC82003F073F9FBF7EAFEFFF7EAFF7C
:10B7E00028B1FFF7E5FFBDE8084001F08DBD08BDB9
:10B7F00008B5FFF7EBFF08BD704703460144FF2083
:10B80000994200D1704713F8012B5040082210F0E4
:10B81000800F4FEA400018BF80F03100013AC0B2FB
:10B82000F5D1EDE72DE9F843154698460246002884
:10B8300038D0B9B3B5B3ABB3034600241F4613F8F1
:10B84000100B60BB8446184E96F800E00EF1010420
:10B85000E4B23470C4B100234FEA031912F809901E
:10B86000A14511D001338B42F6D1BCF1000F00D0BD
:10B8700034703C7001F0FAFC089B05447D60307820
:10B88000C7F80880FB6006E0631CA6454FF0010C7A
:10B89000DBB202D13370BDE8F8831C46DAE701342D
:10B8A0008C42CBD10020F6E7E036002030B568B1FD
:10B8B00081B18AB10024034610F8105B954206D18D
:10B8C000002201201A705A609A60DA6030BD01349B
:10B8D000A142F0D10020F9E71046F7E72DE9F04149
:10B8E000154604460E4601F0C1FC2B680746C31AF4
:10B8F000002B03DD28600025B54201D1BDE8F081B1
:10B9000094F80080B8F1000F0DD06068C31B002BC5
:10B9100009DCA368E16898472378434503D128B13F
:10B9200063680344636001351034E5E720706060AC
:10B93000A060E060F7E7000007B50B460092082121
:10B9400002460348FFF76EFF03B05DF804FB00BF3B
:10B9500060360020024608210148FFF7A7BF00BF5C
:10B96000603600200821024A0248FFF7B7BF00BF37
:10B97000E43600206036002013B50446012100683B
:10B980000DF1070200F046F923689DF80700013326
:10B99000236002B010BD0820704700F097B800F097
:10B9A000B2B800F0CCB800F0E9B82DE9F84300F0E7
:10B9B0008BF800250026ECB212E05FFA87F94A46C0
:10B9C00041462046F9F704FE013703464A46414600
:10B9D000204600F098F8092FEFD101360C2E03D045
:10B9E00000275FFA86F8E8E7012200212046F9F7F0
:10B9F00003FE012203460021204600F0BFF800228A
:10BA000020461146F9F7F8FD00220346114620466C
:10BA1000013500F0B3F8082DCCD1BDE8F88300F073
:10BA2000C9B800F0DFB8072810B406D80B2904D82D
:10BA3000082A02D810BC00F049B8002010BC70479A
:10BA4000072802D809B900F07AB800207047102002
:10BA5000704708B500F0DBF880B208BD00F0DAB836
:10BA600000F0F8B808B500F030F8BDE8084000F084
:10BA70000CB900000F2873B5044613D800F0C7F8BE
:10BA8000012101AA013800F0C5F89DF804504DB914
:10BA900000F0BDF806463CB922460A4801A90195C6
:10BAA00000F04CFD02B070BDB542FBD0012128462C
:10BAB00001AA00F0AFF89DF804300BB9013CE4B2E4
:10BAC0000135E8E779B9000870477047072838B5AD
:10BAD00017D80B2915D8082A13D81225520005FBB0
:10BAE0000122D82505FB002505F29D30FCF760F901
:10BAF000040205F29E30FCF75BF9A4B2204380B249
:10BB000038BD0020FCE7072838B51D4616D80B299C
:10BB100014D8082A12D81224520004FB0122D82477
:10BB200004FB0024190A04F29D30FCF7A9F9E9B2DC
:10BB300004F29E30BDE83840FCF7A2B938BD0728B2
:10BB400070B5164618D8B9B9002A4FEA800000F639
:10BB50005D2514BF002002202844FCF729F9002E9F
:10BB60004FEA002414BF012003202844FCF720F9E9
:10BB7000A4B2204380B270BD0020FCE7072870B556
:10BB800016461D4615D8A1B98000002A00F65D248E
:10BB900014BF00200220190A2044FCF771F9002E7E
:10BBA00014BF01200320E9B22044BDE87040FCF737
:10BBB00067B970BDF8B51446002700F29D355618D8
:10BBC000B44200D1F8BD6FF46773EB18B3F5D86FCA
:10BBD00006D22846FCF7ECF8207001350134EFE777
:10BBE0002770FAE770B5144600F29D355618B44236
:10BBF00000D170BD6FF46773EB18B3F5D86F03D243
:10BC000028462178FCF73CF901340135EFE740F292
:10BC1000835070472DE9F04700F67D2806460F4611
:10BC20001446454640F282594FF0000AA5EB08033E
:10BC30009BB2BB4201D3BDE8F08733444B4506D8E5
:10BC40002846FCF7B5F8207001350134EEE784F89A
:10BC500000A0F9E72DE9F84300F67D2806460F46D7
:10BC60001446454640F28259A5EB08039BB2BB42FD
:10BC700001D3BDE8F88333444B4503D828462178E7
:10BC8000FCF7FEF801340135EEE70023F0B55A2445
:10BC900040F2835640F67D2585B0CDE9003302930E
:10BCA0000393013C01D105B0F0BD102E374628BFEB
:10BCB000102729463A466846FCF7C8F83D44F61B6B
:10BCC000EFE7000047F61643984210B50C461BD12B
:10BCD000FAF732FD62790D4B72B100F0AA0000282C
:10BCE00015BF01220022352029201A7001F04EF9DB
:10BCF000FAF7E6FD002010BD1B78002B14BF35209D
:10BD0000292001F061F9F3E70120F4E7E83600208B
:10BD100010B504464879002800F01081A4F5E044ED
:10BD2000A3B2222B34D88648013CFAF760FE212CBE
:10BD300023D8DFE814F07100F1007D0034003900F1
:10BD400082003E00870096004D00E80052009B00F4
:10BD50005700A000CE005C00A500D7006300AC0037
:10BD6000B60043008C00480091006A00B100C30097
:10BD7000E200E6002E007700FA00714A137843F0E3
:10BD8000010313706E48FAF734FEFAF7FDF800204D
:10BD900010BD6B4A537843F008035370F2E7684ACA
:10BDA000137843F00203ECE7654A137843F0040389
:10BDB000E7E7634A137843F00803E2E7604A537801
:10BDC00043F00103E9E75E4A537843F00203E4E7F6
:10BDD0005B4A137843F01003D3E7594A137843F0D2
:10BDE0002003CEE7564A137843F04003C9E7FAF739
:10BDF000CBF8534A137843F08003C2E7504A1378D4
:10BE000023F00C0343F00C03BBE74D4A537823F0B7
:10BE1000030343F00303C0E7494B1A786FF30002B2
:10BE20001A70AFE7464B5A786FF3C3025A70A9E70E
:10BE3000434B1A786FF34102F2E7414B1A786FF3E4
:10BE40008202EDE73E4B1A786FF3C302E8E73C4B02
:10BE50005A786FF30002E9E7394B5A786FF34102E1
:10BE6000E4E7374B1A786FF30412D9E7344B1A78AA
:10BE70006FF34512D4E7324B1A786FF38612CFE78F
:10BE8000FAF782F82E4B1A786FF3C712C8E72C4ADC
:10BE9000137823F00C0374E7294A537823F0030343
:10BEA0007BE727490B78C3F3800282F00102D2B20C
:10BEB00062F3820362F3C3030B7063E720494B789C
:10BEC000DA4302F0010262F3000362F341034B70B4
:10BED00058E71B490B78C3F3801282F0010262F32A
:10BEE0008613E9E7FAF750F815490B78C3F3C01247
:10BEF00082F0010262F3C713DEE70120FAF783FD47
:10BF000040E70020FAE70E490B78C3F3001282F0F5
:10BF1000010262F30413CFE709490B78C3F300026F
:10BF200082F0010262F30003C6E705494B78C3F3D0
:10BF3000C00282F0010262F3C303C8E7012027E7D1
:10BF4000B049002000EB4003C3EB031300EB830078
:10BF500003B2002B07DAB3F1800001D503F17F00B3
:10BF600040F30720704703F18000F9E7164B1B7878
:10BF7000D90707D5154B187840007F281FD800B384
:10BF8000C0B270479A0703D5104B18788000F4E7C9
:10BF90005B0703D50D4B1878C000EEE70C4B1B7800
:10BFA0005BB10C4A0949127808789342F4D258439D
:10BFB000C000B0FBF2F080B2DFE70820E0E77F20AE
:10BFC00070470120704700BFF4360020EC0E0020BF
:10BFD000F5360020ED0E0020144B1B78D90705D54F
:10BFE000134B18788008F8B1C0B270479A0703D590
:10BFF0000F4B18784008F6E75B0705D50C4B18780F
:10C000007F28F0D97F2070470A4B1B7853B10A4A2A
:10C01000074912780878934236BF584380B2B0FB84
:10C02000F2F0EDE70120DFE701207047F436002051
:10C03000F00E0020F6360020F10E0020CD2808B5C5
:10C0400005D1FFF793FF4042294BD87008BDCE2899
:10C0500002D1FFF78BFFF7E7CF2805D1FFF786FF67
:10C060004042234B9870F1E7D02802D1FFF77EFFC2
:10C07000F7E7D92804D1FFF7AFFF1D4B1871E5E7AB
:10C08000DA2803D1FFF7A8FF4042F6E7DB2805D105
:10C09000FFF7A2FF4042164B5871D7E7DC2802D1C8
:10C0A000FFF79AFFF7E700F12F03DBB2072B08D861
:10C0B00001230F4AD13803FA00F053781843507027
:10C0C000C4E7DD2805D10B4A137843F00103137050
:10C0D000BCE7DE2804D1074A137843F00203F6E7F1
:10C0E000DF28B3D1034A137843F00403EFE700BF1E
:10C0F000EE360020F4360020364BCD2893F902208E
:10C100000AD193F9031000290CDA0021D97052B931
:10C110000021314A117006E0CE280DD193F90310A9
:10C120000029F2DC72B11A795B7913435AB2002B01
:10C130004FD12A4B1A707047CF2806D1002AF1DA66
:10C1400000229A7093F90320E1E7D02802D1002A57
:10C15000F6DCE7E7D92893F9041004D10029E1DDE2
:10C1600000211971DEE7DA2802D10029DADAF7E7CF
:10C17000DB2893F9051004D10029D3DA0021597185
:10C18000D0E7DC2802D10029F8DCCBE700F12F0151
:10C19000C9B2072907D80121D1388140587820EA4F
:10C1A00001005870BEE7DD2805D10D48017821F067
:10C1B00001010170B6E7DE2804D10948017821F0B9
:10C1C0000201F6E7DF28ADD10548017821F004012E
:10C1D000EFE77047EE360020F5360020F6360020F7
:10C1E000F436002008B501F077F8094BDA78997831
:10C1F0000A431CBF074A10801A795B7913431CBF9E
:10C20000054B18800248BDE8084000F0E1BD00BFC2
:10C21000EE360020EA360020EC360020062208B573
:10C2200000210548F4F7A8FA0023044A1370044AD1
:10C230001370044A137008BDEE360020F536002056
:10C24000F6360020F436002090F902305BB990F900
:10C25000033043B990F904302BB990F90500003848
:10C2600018BF0120704701207047000037B5594CB6
:10C27000062221466846F4F78DF900239DF8022036
:10C28000A370E370237163719DF8033013430AD0E8
:10C29000514B188800F098FF50490B783BB3504A37
:10C2A000127890422CDC9DF804209DF80530134351
:10C2B0000BD04C4B188800F087FF4B490B78002BB4
:10C2C0004ED04A4A1278904253DC6946414800F009
:10C2D000B5FE18B93F48FFF7B7FF08B1FFF782FF77
:10C2E000062269463B48F4F755F903B030BD0A25EC
:10C2F0003F4A12786A439042D5DD01330B7001E06A
:10C30000FF2BFAD19DF902503DB1FFF72FFE002D12
:10C31000CCBF0123FF235843A0709DF903503DB1CA
:10C32000FFF724FE002DCCBF0123FF235843E0700C
:10C3300094F902000028B6D094F90320002AB2D064
:10C34000FFF700FE30B1A0701046FFF7FBFD20B1F3
:10C35000E070A8E70123A370F6E70123E370A2E7EA
:10C360000A25244A12786A439042AEDD01330B70ED
:10C3700001E0FF2BFAD19DF904503DB1FFF72CFEEF
:10C38000002DCCBF0123FF23584320719DF9055098
:10C390003DB1FFF721FE002DCCBF0123FF23584301
:10C3A000607194F9040000288FD094F90520002AC8
:10C3B0008BD0FFF7C7FD30B120711046FFF7C2FDEB
:10C3C00020B1607181E701232371F6E701236371D6
:10C3D0007BE700BFEE360020EA360020F53600206D
:10C3E000EB0E0020EC360020F6360020EF0E002089
:10C3F000EA0E0020EE0E00204B4B4C4A2DE9F04196
:10C4000013F80080C308D55C494A00F00700D65CE9
:10C41000484A0541D75C064115F0010547FA00F08E
:10C420000C4606F0010600F0010711D0E120F9F7F3
:10C43000C5FA002C6AD040484FF47A72A4FB00037E
:10C440000021002300F2E730F3F7D0FE02F037FBC3
:10C450008EB1E620F9F7B2FA002C59D036484FF4E5
:10C460007A72A4FB00030021002300F2E730F3F707
:10C47000BDFE02F024FB21464046F9F721FB002CCB
:10C4800048D02D484FF47A72A4FB0003002100230A
:10C4900000F2E730F3F7AAFE02F011FB86B1E620C6
:10C4A000F9F7D4FAC4B324484FF47A72A4FB00031A
:10C4B0000021002300F2E730F3F798FE02F0FFFAC4
:10C4C00085B1E120F9F7C2FA44B31B484FF47A7200
:10C4D000A4FB00030021002300F2E730F3F786FEFF
:10C4E00002F0EDFAF7B12C20F9F708FBC4B11248BD
:10C4F0004FF47A72A4FB00040023002100F2E7301D
:10C50000F3F774FEBDE8F04102F0D9BA01209DE7CF
:10C510000120AEE70120BFE70120CFE70120DFE7E0
:10C520000120EFE7BDE8F08174160108F416010858
:10C530005416010864160108A08601002DE9F84F81
:10C54000304C0546A2FB04030E46174600234FF469
:10C550007A72002100F2E730F3F748FEA0468146E8
:10C560003046A84788B1012847D13046A84701285E
:10C5700004460CD13046A847F9F7C0FA002F3AD04C
:10C58000484602F09CFA002CEAD1BDE8F88F022858
:10C5900004D13046A847F9F711FAEFE7032804D190
:10C5A0003046A847F9F752FAE8E70428E6D13046C2
:10C5B000A8474FF0000B04464FF00A0A124BE15C0B
:10C5C00011F004010ED1BBF1000F12D040F2E730A0
:10C5D0004FF47A720023CBFB0801F3F707FE02F059
:10C5E0006EFACBE73046A847303C0AFB0B4B0446BB
:10C5F000E4E70120F3E70120C3E73946FFF7FCFE3B
:10C60000AEE700BFA0860100490E0108F8B5144648
:10C6100042791D469DF81870284B92B11C7000F0AD
:10C620005BFE274B188004F12003DBB2072B44D8B4
:10C63000012004F00704A040C0B2BDE8F840F9F7BB
:10C6400065BA1E78A6422ED11D4B188800F0BCFD9D
:10C65000C72828D8AE4205F1200415D006F12003E2
:10C66000DBB2072B06D8012006F00706B040C0B2A7
:10C67000F9F755FAE3B2072B06D8012005F00703B6
:10C680009840C0B2F9F742FA3846E4B2F9F736FA00
:10C69000072C12D8012005F00705A840C0B2BDE85C
:10C6A000F840F9F73CBA04F12003DBB2072B04D8B9
:10C6B000012004F00704A040F0E7F8BDF7360020A1
:10C6C000F83600200346A3F5F843183B07B50846A3
:10C6D000062B3BD8DFE803F0171E0410252C33008F
:10C6E00026230093E12347F61A411A46FFF78EFFEF
:10C6F000002003B05DF804FB27230093E52347F6F1
:10C700001B411A46F2E72623E022009347F6184120
:10C71000E123EBE72723E422009347F61941E523C1
:10C72000E4E72623E222009347F61C41E123DDE7FC
:10C730002723E622009347F61D41E523D6E7282369
:10C74000E522009347F61E410123CFE7487918B14F
:10C750000022024B1A70CCE70120CAE7F73600200E
:10C7600047F67743984270B506D047F6784398422B
:10C7700029D00124204670BD4C7994B100F02CF8EA
:10C78000F9F788FC00F028F8044600F02BF805467D
:10C7900000F02EF8294602462046F9F789FD0024CC
:10C7A000E8E700F019F8F9F781FC00F015F8054604
:10C7B00000F018F8064600F01BF8314602462846FD
:10C7C000F9F776FDD6E74C7914B100F00BF8D7E70E
:10C7D00000F008F8E7E70000014B1878704700BF49
:10C7E000F30E0020014B1878704700BFF40E0020B4
:10C7F000014B1878704700BFF20E002007B50DF10D
:10C8000007020DF106010DF1050000F05EFA9DF83A
:10C810000530262B0CD19DF80630092B08D19DF848
:10C820000700A0F115035842584103B05DF804FB1E
:10C830000020FAE720B115220921262000F05CBA79
:10C84000FF2211461046F9E77047704710B50446BD
:10C85000FFF7FBFF2046BDE8104000F067BA08B5BF
:10C8600000F032FA0020FFF7E5FF0020FFF7EEFFAF
:10C87000FFF79BF8FFF7F6F8BDE8084015220921FD
:10C88000262000F039BA08B5FFF7DEFF00F048FABD
:10C89000FFF7DBFFFFF7B2FF18B9BDE80840FFF76D
:10C8A000DEBF08BDFEF74ABB08B50346487940B174
:10C8B000A3F5EE427F2A03D8D8B2FFF7DBF80020B9
:10C8C00008BD0120FCE7000021230548202103705A
:10C8D000002343701D2383700423C370F6F7BEBA90
:10C8E000F14A0020222305482021037001234370D0
:10C8F000002383700623C370F6F7B0BAF14A002014
:10C900002323044820210370002343708370C370E5
:10C91000F6F7A4BAF14A0020F8B547788678BB1933
:10C92000442B07DDFD230F4843702021BDE8F8406C
:10C93000F6F794BA092E07D80025C41CEBB29E4224
:10C9400004F1030403D8F8BDFE230648ECE7781988
:10C9500014F8013C14F8022C14F8031CFCF792FCA8
:10C960000135EBE7F14A002008B50020FEF742FB55
:10C97000FEF704FBFEF7E8FABDE808403320FEF7B7
:10C9800039BB000027230348202103704423437050
:10C99000F6F764BAF14A00202823034820210370E7
:10C9A00002234370F6F75ABAF14A0020FF230370BE
:10C9B00070470020704710B503780446013B032BF5
:10C9C0000BD8DFE803F0020B1215FEF79FFB96234E
:10C9D000C0EB0020B0FBF3F0607010BDFEF7E6FA8C
:10C9E0000028F9D0FEF728FBF6E7FEF715FCF3E781
:10C9F000FEF780FB6070FEF783FBA070EDE738B5B3
:10CA000003780446013B032B2CD8DFE803F0021126
:10CA10001E23FEF76FFB0546FEF772FB9723627835
:10CA200001465A43A8B2120ABDE83840FEF744BB9B
:10CA300043781BB9BDE83840FEF7A0BAFEF784FA88
:10CA40006078BDE83840FEF7D5BA4078BDE8384098
:10CA5000FEF7D2BB45788478FEF758FB21460246A4
:10CA60002846E1E738BD034610F8022B082A05D016
:10CA7000092A05D0072A05D1FFF7C1BFFFF79BBFE1
:10CA8000FCF7BCBBFF221A70704708B54378032B34
:10CA900003D1BDE80840FFF7E6BFFFF787FF08BDF9
:10CAA00070B504460D46FFF784FF002840F00B8167
:10CAB0002378013B272B00F28380DFE813F0280066
:10CAC0004B007C0096009C00A800AB00AB00AB00C4
:10CAD00081008100B000B400BA00C500D000D300CE
:10CAE000D600E100EC00F5008100810081008100AA
:10CAF000810081008100810081008100810032007D
:10CB0000350038003B003F0042004500480000234C
:10CB100063700D23A37029462046BDE87040F6F7E8
:10CB20009DB9FFF7D1FEF6E7FFF7DCFEF3E7FFF76D
:10CB3000E7FEF0E72046FFF7EFFEECE7FFF714FF14
:10CB4000E9E7FEF75BFAE6E7FFF71CFFE3E7FFF72D
:10CB500023FFE0E76378013B052B31D8DFE803F0E2
:10CB6000030D101F302500F081FB030EA370030C92
:10CB7000E370030A23716071CDE700F0D1F8F4E7A8
:10CB8000002322461946A678F0180B28C3D8013393
:10CB90000E2BD170117102F10202F5D1BBE7002317
:10CBA000A370E37023716371B5E70023A370E37092
:10CBB00023710823F7E76378022B04D0052B10D0EC
:10CBC000FF232370A7E7E378A07840EA03202379C6
:10CBD00040EA0340637940EA036000BAFFF736FE9B
:10CBE00099E7A078FFF75EFE95E7E278A178607894
:10CBF000FEF7D3FEBDE762792379A17843EA0223E9
:10CC00005BBAE27860789BB2FEF7C9FE83E7FEF775
:10CC1000CCFE80E729462046FFF737FF7BE7FEF78B
:10CC200016FF607077E7FEF714FF030A6370A070C9
:10CC300071E76078A378E17840EA032040BA221DCA
:10CC400080B2FEF70BFF66E76078A378E17840EAF0
:10CC5000032040BA221D80B2FEF702FF5BE7FEF719
:10CC600001FF58E7FEF797FEDBE76078A378E178ED
:10CC700040EA032040BA221D80B2FEF7D0FE4AE708
:10CC80006078A378E17840EA032040BA221D80B2A0
:10CC9000FEF7C7FE3FE7E278A178003A18BF01220D
:10CCA0006078FEF77EFE64E762792379A17843EA33
:10CCB0000223E2785BBA003A18BF012260789BB287
:10CCC000FEF771FE27E770BD704770B50D4614463C
:10CCD000064620B140F29930FBF76AF8307025B172
:10CCE00040F29A30FBF764F8287024B140F29B3090
:10CCF000FBF75EF8207070BD38B50D46144601464E
:10CD000040F29930FBF7BCF8294640F29A30FBF725
:10CD1000B7F82146BDE8384040F29B30FBF7B0B889
:10CD200008B54FF46770FBF743F808BDC1B24FF484
:10CD30006770FBF7A5B80000014B1860704700BF93
:10CD4000FC360020014B1868704700BFFC360020FD
:10CD50007047704708B500F0F1F9431E584258413A
:10CD600008BD0000014B1870704700BF0437002059
:10CD700010B5F8F71FFC10B9064B187810BD064B1C
:10CD800018680028FAD000680028F7D0BDE81040E5
:10CD9000004700BF04370020FC36002008B5FFF72D
:10CDA000E7FF08BD034B1B6813B15B6803B118476D
:10CDB000704700BFFC360020044A126822B1926816
:10CDC00012B1062101701047704700BFFC360020E9
:10CDD000044A126822B1D26812B1022101701047D0
:10CDE000704700BFFC3600200B4B07B51A88824203
:10CDF0000FD01880094B1B685BB11B694BB1032234
:10CE00008DF80500000A8DF806008DF8042001A8B1
:10CE1000984703B05DF804FB02370020FC36002081
:10CE20000C4B07B51A88824210D018800A4B1B6839
:10CE300063B11B6953B104228DF80500000A8DF817
:10CE400006008DF804200DEB0200984703B05DF852
:10CE500004FB00BF00370020FC3600200E4B10B54D
:10CE60001C680234FFF776FF68B10C4B93F9003071
:10CE7000002B08DA0A4B1C681E23023400202344CE
:10CE80009C4202D110BD0623F8E714F8012B002ABA
:10CE9000F6D00130C0B2F3E7D00D0020B049002039
:10CEA000D40D002010B5044618B3FFF753FFB0B1FE
:10CEB000124B93F90030002B11DAEF2C4FEAD40219
:10CEC00017D80F4B04F007041B6813449A7801230A
:10CED00003FA04F4224214BF1846002010BD094B87
:10CEE0001B689A1C083312F8011BA14203D09A4216
:10CEF000F9D10020F2E70120F0E700BFB04900209F
:10CF0000D40D0020D00D00204FF0FF32002330B5AB
:10CF1000841C14F8015B8D420ED0B2F1FF3F02D1A8
:10CF2000002D08BF1A460133DDB2062D5BB2F0D1E9
:10CF3000531C01D01044817030BD002210B5831CF9
:10CF4000083013F8014B8C4208BF03F8012C8342D0
:10CF5000F7D110BDEF294FEAD10308D818440123B7
:10CF600001F0070103FA01F18378194381707047DA
:10CF7000EF294FEAD10308D81844012301F0070133
:10CF80008B40817821EA03018170704710B5044617
:10CF9000FFF7E0FE214650B1084B93F90030002B1B
:10CFA00005DABDE81040064B1868FFF7D3BF054B04
:10CFB000BDE810401868FFF7A7BF00BFB0490020C8
:10CFC000D40D0020D00D002010B50446FFF7C2FE9E
:10CFD000214650B1084B93F90030002B05DABDE82B
:10CFE0001040064B1868FFF7C3BF054BBDE8104063
:10CFF0001868FFF7A2BF00BFB0490020D40D002081
:10D00000D00D002008B5FFF7A5FE68B1084B93F9D5
:10D010000030002B08DA1E22064B18680021BDE8FC
:10D0200008400230F3F7A8BB034B06221868F5E767
:10D03000B0490020D40D0020D00D002042784B785C
:10D040009A421DD190F902301BB191F902209A4207
:10D0500016D190F903301BB191F903209A420FD1F8
:10D0600090F905301BB191F905209A4208D190F949
:10D07000040030B191F90430181A18BF012070472C
:10D080000120704782B002B0704707B50190FFF7EA
:10D09000F9FF03B05DF804FB07B500284FF0040268
:10D0A00014BF0223012306490DEB0200CB70F3F7F6
:10D0B00071FA0198FFF7E9FF03B05DF804FB00BFC8
:10D0C000F50E002007B50422032306490DEB0200EC
:10D0D000CB70F3F75FFA0198FFF7D7FF03B05DF865
:10D0E00004FB00BFF50E0020FFF7D6BF07B50422F2
:10D0F000012306490DEB0200CB70F3F74BFA0198C0
:10D10000FFF7C3FF03B05DF804FB00BFF50E00207E
:10D11000FFF7ECBF07B5003818BF0120042206490D
:10D1200088700DEB0200F3F735FA0198FFF7ADFFB9
:10D1300003B05DF804FB00BFF50E0020014B9878AA
:10D14000704700BFF50E002007B50422054948705E
:10D150000DEB0200F3F71EFA0198FFF796FF03B0FC
:10D160005DF804FBF50E0020014B5878704700BFB6
:10D17000F50E002007B50422054908700DEB0200EA
:10D18000F3F708FA0198FFF780FF03B05DF804FB9E
:10D19000F50E0020044B33F8102001238B401A4277
:10D1A00014BF0120002070470637002042B9012338
:10D1B000044A8B4032F8101021EA030122F81010C3
:10D1C000704700BF0637002010B5044600F084F811
:10D1D000001B80B210BD10B5044600F047F8001BDC
:10D1E00010BD10B5044610220021F3F7C5FA204601
:10D1F00010BD08B501F0D8FDBDE8084001F058BAEF
:10D2000008B5F8F74CFBBDE8084040F2A46001F017
:10D2100056BC08B5F9F7A6FAF9F7BAFAFFF7F2FE25
:10D22000FEF7FCFF0020FFF7DFFD0020FFF7F8FD11
:10D23000BDE80840F8F741BB302383F31188064B63
:10D24000DA69064B1A600023054A1360054A136029
:10D2500083F31188704700BF304B0020283700202F
:10D260002037002024370020FFF7E6BF70B501F01B
:10D2700045FA124D124B1349DC692B680A68E41A0F
:10D28000A242114A0AD9A3F58333E03B2B6015680B
:10D290000E4B04F583342B44E034136016680C60A5
:10D2A0004FF47A7501F033FA002109480023E4FBBA
:10D2B0000501084AF2F79AFF304470BD2837002074
:10D2C000304B0020203700202437002088598F025F
:10D2D0009F860100A086010008B5FFF7C7FF80B256
:10D2E00008BD0000BFF34F8F0549064BCA6802F422
:10D2F000E0621343CB60BFF34F8F00BFFDE700BF79
:10D3000000ED00E00400FA0508B5024A024B1A607D
:10D31000FFF7E8FFEFBEADDEFC6F00200A4A08B55C
:10D3200052F8041C094B99420CD1002342F8043CEA
:10D3300083F31488064B1A6882F3088862B65B6828
:10D340009847FEE708BD00BF00700020EFBEADDECD
:10D3500000E0FF1F08B5FFF7C5FF000083B5284DAB
:10D36000284E002301210DF107008DF8073000F051
:10D37000FFF898B19DF807300F2B0FD802F0DCFBB7
:10D380009DF80740012184F010030DF107008DF88E
:10D39000073000F0C9F820B902F0D4FB00F09AF889
:10D3A000DEE70C236343E95CEA1861B90C236343AD
:10D3B000E81887687FB90C2303FB0454217999B9D5
:10D3C00002F0C0FBCDE753883068184400F0BEF887
:10D3D0000028EBD1E0E7EA5C3168C38840880B4461
:10D3E00001441046B847E6E7E3883068184400F087
:10D3F0009BF8044602F0A6FB002CB2D1CEE700BF9A
:10D40000180E00201015010807B500F0C9F8002318
:10D41000FF2200934FF49A61034B044801F01CFB78
:10D4200003B05DF804FB00BF5DD300083037002077
:10D4300000F0C6B873B5044600F04CF8E0B20F280F
:10D440008DF806003FD802F077FB01210DF10600B0
:10D450009DF8066000F068F828B9002402F072FB1D
:10D46000204602B070BDFF2301210DF107008DF8A9
:10D47000073000F06BF804460028EED09DF8063027
:10D480009DF8072083F010039A42E6D10C237343E2
:10D490000E4DE95CEA1869B90C2303FB065529799E
:10D4A0000029DBD00A4AEB881068184400F04EF8D7
:10D4B0000446D3E75388064A1068184400F034F84D
:10D4C0000028E9D1C9E70024CAE700BF180E0020F0
:10D4D0001015010873B5302484F31188114D00260E
:10D4E0002B685B69003B18BF01238DF8073086F37A
:10D4F00011889DF807300BB902B070BD84F3118814
:10D5000028680C3001F036FE86F311889DF807304C
:10D5100084F311882B685B69003B18BF01238DF8E9
:10D520000730E4E7040F002070B50646064B0C46B2
:10D5300018680A4603683146DD694FF4FA63A84764
:10D54000031B5842584170BD040F002070B50646B9
:10D55000064B0C4618680A46036831461D6A4FF4AC
:10D56000FA63A847031B5842584170BD040F0020BE
:10D5700038B5064B0C461B681A6895680A46014682
:10D580001846A847031B5842584138BD040F0020D5
:10D5900008B5F6F74DFA08BD08B5F6F749FA08BD23
:10D5A00010B5054C2046FFF7F7FF20680349BDE89A
:10D5B000104001F023BF00BF040F0020FC0E00202C
:10D5C00010B5054C2046FFF7E3FF20680349BDE88E
:10D5D000104001F013BF00BF040F0020FC0E00201C
:10D5E000184B10B51C785CBB012208211A70164834
:10D5F000224602F02DFD22462021134802F028FD8C
:10D6000022461021104802F023FD4FF47A7001F0F9
:10D6100056FA41F6822208210B4802F019FD40F229
:10D6200082222021084802F013FD40F282221021BC
:10D63000054802F00DFD054801F02EFF044B1C705B
:10D6400010BD00BF003C002000040040D04E002070
:10D65000183C002010B504461C4801F085FF1C480A
:10D66000037823B1194801F082FF002010BD216822
:10D670004B1CF7D0E288002AF4D0164B92001A8295
:10D680006279032A05D8DFE802F0021A1D1F002282
:10D69000DA600124047021F00F0001F00F0199609D
:10D6A000224604FA01F1586002F0D2FC0949074809
:10D6B00001F0E4FE054801F0FDFE2046D6E74FF4F8
:10D6C0008002E5E78022E3E7034AE1E7D04E00204D
:10D6D000183C0020043C0020800040001FB5ADF83D
:10D6E0000A300123019001A88DF808108DF8092057
:10D6F0000393FFF7AFFF05B05DF804FB1FB50121F1
:10D700008DF807000DF10F0304480DF1070201F039
:10D71000F8FE9DF80F0005B05DF804FBD04E002028
:10D72000002307B5012106480DF107028DF80730E7
:10D7300001F009FF9DF8070003B05DF804FB00BF8E
:10D74000D04E002008B50246024801F0EBFE002052
:10D7500008BD00BFD04E002008B50246024801F0C7
:10D76000F2FE002008BD00BFD04E002010B5084CCE
:10D7700023783BB1074801F0ABFE064801F08CFE70
:10D78000002323700348BDE8104001F0F0BE00BF45
:10D79000183C0020D04E00200E4B10B51A78BAB9B4
:10D7A00001220D4C1A70206040F282324FF48061E9
:10D7B0000A4802F04DFC4FF40061084840F2823202
:10D7C00002F046FC2146BDE81040054801F016BEB7
:10D7D00010BD00BF193C0020080F002000080040C9
:10D7E000184C00204FF0FF3108B5024801F0E6FC6C
:10D7F000C0B208BD244C00200A464FF0FF3301465A
:10D80000014801F080BD00BF484C002008B5034826
:10D8100001F019FE80F00100C0B208BD184C0020D4
:10D8200070B590F84420044602F07F03212B51D1BB
:10D8300012F0800F90F845301DD0022B17D0032B2B
:10D8400005D0012B17D1BDE8704000F065BD90F800
:10D85000483090F8495053EA05253BD1FFF76EFC5C
:10D86000334B256418700120A363E06370BDBDE8ED
:10D87000704000F08BBE0A2B23D00B2B12D0092B4B
:10D8800028D194F8483094F8491043EA012323F052
:10D890000203FBB9274BA3630223E363264B01205A
:10D8A0002364E3E794F8483094F8492053EA0223CC
:10D8B00003D194F84600FFF72DFC0023A363E36334
:10D8C000EDE794F84700FFF755FC2046BDE87040AF
:10D8D00000F084BE02F09F02812A18D194F84530EE
:10D8E000062B14D194F84920616894F848304D68AB
:10D8F00043EA0223204694F8472094F84610A847AC
:10D9000070B14368A3630368E3630023C7E703269A
:10D910000A4DD5F89C302BB9013E05F1A805F8D188
:10D920000020A3E7204698470028F5D09EE700BFD7
:10D93000243C0020283C002085D9000874110020D8
:10D94000F8B50F4C0022234643F8042F90F84B7093
:10D9500090F8496090F8465090F84A2090F84810A6
:10D9600090F8470042EA072241EA062145EA0020F2
:10D9700000F020FA20606068002818BF2046F8BD3B
:10D980001C3C0020034693F84A2093F84B3007498B
:10D9900042EA0323022B087804D1012801D006288B
:10D9A00002D14878FFF7D0BB704700BF283C002069
:10D9B00010B5064A064C117824784B1C03F00F036F
:10D9C0009C421EBF034C1370605410BD214B0020BD
:10D9D000224B0020114B0020084608B5052935D8F8
:10D9E000DFE801F0203403202035302383F3118851
:10D9F000214800F016FB214800F013FB204800F0FE
:10DA000010FB204800F01DFB002383F311881E4B00
:10DA10001B7813B10520FFF7CBFF0220BDE80840BB
:10DA2000FFF7C6BFFFF7C4FF302383F31188124806
:10DA300000F0D0FA114800F0CDFA114800F0CAFA0F
:10DA4000104800F0DBFA002383F3118808BD30236F
:10DA500083F31188084800F0DEFA084800F0DBFA8A
:10DA6000074800F0D8FA074800F0D8FA002383F3FB
:10DA700011880520D2E700BF741100201C1200207D
:10DA8000C41200206C130020253C0020102208B591
:10DA900000210448F2F770FE0023034A1370034A82
:10DAA000137008BD114B0020214B0020224B002099
:10DAB00070B52A4D2A4C002128782378294E9842A7
:10DAC00033D101B1207070BD01222370264B1A7032
:10DAD000264B93F84F10081E18BF0120FFF7F2FAEB
:10DAE000E9E700222370204B1A70FFF792FB1F4BCF
:10DAF00093F84F10081E18BF0120FFF7F5FADAE778
:10DB000023701A4B93F84F10081E18BF0120FFF71F
:10DB1000C3FAD0E7002123700846F8E72370FFF727
:10DB2000E5FA0120FFF7F6FAC5E71A46B25C0133C1
:10DB3000012103F00F03052AC1D80FF2080C5CF88D
:10DB400022F000BF1DDB0008BFDA000801DB00087F
:10DB500015DB0008C9DA0008E3DA0008214B0020D1
:10DB6000224B0020114B0020253C0020384F002084
:10DB700070B50546184C204600F0A6F904F1A80639
:10DB8000204600F0D1F9304600F09EF904F5A87463
:10DB9000304600F0C9F9204600F096F920460F4CB7
:10DBA00000F0C2F9204600F0ABF9204600F0CCF9B5
:10DBB000284602F017F9284601F016FD41F2883098
:10DBC00000F07DFF2846064901F0FBFC2846BDE831
:10DBD000704002F0E5B800BF741100206C13002003
:10DBE000041701082DE9F04104461E4D02F0FAF831
:10DBF000204601F0F9FC05F1A808284600F0B3F929
:10DC0000194E05F5A877404600F0ADF9384600F00A
:10DC1000AAF9304600F0CAF941F2883000F04FFF0F
:10DC2000284600F051F9284600F07EF9404600F001
:10DC30004BF9404600F078F9384600F045F938468F
:10DC400000F072F9304600F05BF9304600F07CF9E4
:10DC50002046064901F0B5FC2046BDE8F04102F03F
:10DC60009FB800BF741100206C1300200417010836
:10DC700037B50023A825054C009305FB004042F270
:10DC8000107300F055FA03B030BD00BF74110020CE
:10DC900010B50446FFF752FA2146BDE810400822AD
:10DCA0000120FFF7E5BF014620220020FFF7E0BF7B
:10DCB000014606220020FFF7DBBF014603220020B9
:10DCC000FFF7D6BF20290A4603D101460220FFF7FD
:10DCD000CFBF704710B5084C88B00023202269469A
:10DCE000204600F092FA08B908B010BD202168461D
:10DCF000FEF7D6FEF1E700BF6C130020FFF70EBB66
:10DD00007047704708B5FFF7F9FF01F0BDFEFFF758
:10DD1000F7FF08BD08B501F0D3FEFFF7F2FF08BD1D
:10DD2000FFF7F6B908B5FFF7B1FE0448FFF720FF8B
:10DD3000BDE8084041F2883000F0C1BE384F0020F5
:10DD40000148FEF7F9BF00BF100F0020FFF7B0BE7B
:10DD500000F094BB30B5144B85B01C7814BB012285
:10DD600068461A70FFF73DFA2346104A104C04A982
:10DD700001EB630111F8100C02EB43010509655D2D
:10DD800000F00F008D700025205CCD70591C02330F
:10DD900002EB4101202B8870CD70E8D14223137033
:10DDA0000323537005B030BD6E3C00202A3C002098
:10DDB000E218010810B51C46030A032B0FD007D840
:10DDC000012B30D0022B07D15B20184A226010BDF6
:10DDD000212B19D0222B1ED000200246F6E7C0B21C
:10DDE0000328F9D8DFE800F00205080B0420104AE8
:10DDF000ECE712200F4AE9E710200F4AE6E7FFF7A9
:10DE0000A9FF0E4A1078E1E70229E5D80C4B09205A
:10DE100053F82120DAE70229DED80A4B53F82120F3
:10DE2000094B585CD2E71220084ACFE72F170108A8
:10DE3000E0170108E4170108F81701082A3C002040
:10DE400014170108201701082C1701088A17010868
:10DE500013B5446BD4F888201378042B13D1012315
:10DE600094F88C1012898B4013420CD1204601A9E2
:10DE700001F07AF8024630B1019B94F88C10D4F886
:10DE8000880001F02DFC02B010BD10B5026F0446F1
:10DE90001378042B13D1012390F8741052898B400E
:10DEA00013420CD100F0B5FF024640B1E36994F88B
:10DEB0007410206F043BBDE8104001F0FFBB10BDA3
:10DEC000406BFFF7E2BF00001FB500F15C03C364C5
:10DED00090F8843013B100F170030365074B012102
:10DEE0000193D0F89030D0F8982000930290D0F8A9
:10DEF000943001F016F805B05DF804FB51DE00081F
:10DF00001FB500F15C030365064B01210193836F8C
:10DF1000D0F8802000930290C36F00F058FF05B046
:10DF20005DF804FBC1DE0008302383F31188D0F8CC
:10DF3000883090F88C2003EB82039861002380F8EE
:10DF4000A03083F311887047302383F3118890F851
:10DF50007430026F093342F82300002380F88430C4
:10DF600083F31188704710B53023044683F311887A
:10DF700090F88C20D0F88830053203EB8203002221
:10DF80005A6001236FF00101037200F0D8FD2046B2
:10DF900000F0DEFFD4F8A43013B1DA6818689047B7
:10DFA00000F0D0FC002383F3118810BD10B530239E
:10DFB000044683F3118801236FF00101037200F01E
:10DFC000BEFD204600F01AFF00F0BCFC002383F3E6
:10DFD000118810BD012310B5044603726FF00101D2
:10DFE00000F0ADFD204600F0B3FFD4F8A43023B11B
:10DFF000BDE81040DA681868104710BD012310B55D
:10E00000044603726FF0010100F099FD2046BDE85F
:10E01000104000F0F3BE0023037270470023037228
:10E02000704710B5044690F88C1000F13802D0F813
:10E03000880001F003FB204600F08AFF00232372D2
:10E0400010BD10B5044600F0D9FE0023204623720F
:10E05000BDE81040FFF719BF00EB8103F7B59C69DD
:10E0600005460E4684B3302383F3118800232269CA
:10E0700084F8A03063699A4201D1E368B3B905EB33
:10E080008603DB685B691B6883B1D4F8A43053B1A5
:10E0900001A9204600F068FFD4F8A43001469F682B
:10E0A000019A1868B847204600F06CFF204601A985
:10E0B00000F05AFF024648B1019B3146284601F064
:10E0C0000FFB002383F3118803B0F0BD05EB86033B
:10E0D000DB681A68022AF4D15A691268002AF0D063
:10E0E0001B8A013B1340ECD105F14402E5E701F145
:10E0F000090210B550F82240CCB1302282F31188C9
:10E1000000EB8103DB689B695B6853B1236F94F874
:10E110007420204603EB8203DB689B69596800F09A
:10E1200082FE2046FFF7B1FE002383F3118810BD65
:10E130002DE9F84F1E4604460F46924630239DF8BF
:10E14000285083F31188D0F888301B78042B05D031
:10E15000002585F311882846BDE8F88F90F8A03097
:10E1600023B101364FF0FF3618BF0026002383F39A
:10E1700011884FF030094FF00108334652463946B6
:10E18000204600F03AFF82451CD989F3118894F8A3
:10E19000A0304FF0000B002808BF43F001036FF0E0
:10E1A000010184F8A030204684F8088000F0C7FC04
:10E1B000204600F0CDFE84F808B000F0C3FB8BF3DE
:10E1C0001188DAE7002DC6D1204600F05BFF01255B
:10E1D000C1E7302383F31188026943699A4210D161
:10E1E000C36883B10123D0F8882090F88C1012897D
:10E1F0008B4013420CBF01200020002383F31188C1
:10E2000070470020F9E71846F7E738B51446054689
:10E21000302282F31188026F1278042A03D0002082
:10E2200080F3118838BD90F8842022B101334FF07B
:10E23000FF3318BF0023002282F3118822462846AC
:10E2400000F02CFEB0FA80F35B0985F88430231AC5
:10E2500058425841E6E70000006810B440B1054C50
:10E260008264E469083040F8044C10BCF2F792B9BB
:10E2700010BC7047304B00200168134631B18A6CE6
:10E2800003F108009A640831F2F784B9704710B5B9
:10E290000446006840B1826C00210830F2F76CFA45
:10E2A000002223681A605A6010BD000010B40C7878
:10E2B000082C0BD850F8240040B1054C8264E46966
:10E2C000083040F8044C10BCF2F764B910BC704739
:10E2D000304B00200829134609D850F8211031B1DD
:10E2E0008A6C03F108009A640831F2F753B9704759
:10E2F00070B50026051F00F1200455F8040F38B151
:10E30000826C00210830F2F737FA2B681E605E60DD
:10E31000A542F2D170BD000038B590F848300446EF
:10E32000022B1CD890F84610082918D80D4AD25C48
:10E33000022A14D8A8200C4B00FB0233D3F8A40007
:10E3400060B10A4D43682A460068984705F1080302
:10E35000A363AB6C0120E3630023236438BD00207A
:10E36000FCE700BF7011002074110020A03E0020C7
:10E37000036843B19100196003490B78002A18BF64
:10E3800043F001030B707047EC3E0020006810B1B1
:10E390000068C0F387007047036870B50BB90020B0
:10E3A00070BD302383F31188036800211C685B680B
:10E3B00081F31188002CF2D04FF47A76074A08488E
:10E3C000D569084AED1AE5FB06010023F1F70EFFB7
:10E3D00084428CBF00200120E2E700BF304B0020C8
:10E3E0009F860100A08601004B1E072B0BD850F81A
:10E3F000213043B19100196003490B78002A18BFFE
:10E4000043F001030B707047EC3E0020082906D84A
:10E4100050F8210020B10068C0F387007047002049
:10E4200070470000082970B501D9002070BD50F870
:10E430002130002BF9D0302383F3118850F821309C
:10E4400000211C685B6881F31188002CEDD04FF42B
:10E450007A76074A0748D569074AED1AE5FB0601AF
:10E460000023F1F7C3FE84428CBF00200120DDE7CA
:10E47000304B00209F860100A0860100404B2DE913
:10E48000F74F1B78002B47D000242546DFF8F48097
:10E490003D4E08F1080AD6F8A4B0BBF1000F34D005
:10E4A000002C3CD10127302383F31188F9B2DBF82B
:10E4B0001430DBF80000019198474FF00009002864
:10E4C00018BF45F0010589F311882F48FFF781FE39
:10E4D000C0B1DBF818300199DBF80000984788B12B
:10E4E000302383F31188274ADBF804300199DBF8E5
:10E4F0000000984789F3118851464846D8F84820CB
:10E50000FFF7B6FB0137092FCDD10134032C06F1FB
:10E51000A806C0D11A4B1D7003B0BDE8F08F30279C
:10E5200087F311880021DBF81430DBF800009847EE
:10E530004FF00009002818BF45F0010589F3118844
:10E540003046FFF746FE0028DFD04946DBF818309A
:10E55000DBF8000098470028D7D087F31188094AD4
:10E560004946DBF80430DBF80000984789F311884E
:10E570005146D8F84820E0B2FFF77AFBC5E700BF64
:10E58000EC3E0020543E00207411002010B590F89D
:10E5900048300446022B19D890F84610082915D89F
:10E5A0000B4AD25C022A11D8A8200A4B00FB023386
:10E5B000D3F8A40048B1436900689847064B187027
:10E5C000A36301200023E063236410BD0020FCE767
:10E5D0007011002074110020503E002010B590F8FA
:10E5E00048300446022B19D890F84610082915D84F
:10E5F0000B4AD25C022A11D8A8200A4B00FB023336
:10E60000D3F8A40048B1036994F8472000689847FC
:10E6100000230120A363E363236410BD0020FCE713
:10E62000701100207411002010B5044C204601F038
:10E63000D9FB2046BDE8104000F0D6BF384F00207F
:10E64000024B1878031F584258417047384F00203A
:10E6500070477047FEE7000070B50825134C6068EE
:10E6600023680146A268043B8A4219D8D31C1B1AAE
:10E67000C11E23F003038A4238BF00231844E36815
:10E68000C11EDA1C121A22F00302994288BF00222E
:10E690000021F2F771F8013D04F11004DFD170BDE3
:10E6A00053F8046F41F8046BDEE700BFF41801086B
:10E6B00038B501230025074C2370656000F044FB4A
:10E6C0000549064800F04CF90223237085F31188B0
:10E6D00038BD00BF284B002078190108304B0020BE
:10E6E00072B60322024BD865024B1A70FEE700BFD8
:10E6F000304B0020284B002000F054B8EFF311807D
:10E7000020B9EFF30583302282F31188704710B5EA
:10E7100030B9EFF30584C4F3080414B180F3118811
:10E7200010BD00F00FF984F31188F9E7034A51682E
:10E7300053685B1A9842FBD8704700BF001000E096
:10E7400010B50A4C23699A6891420CD85A688160C6
:10E750000360426010609A685860511A99604FF0E7
:10E76000FF33A36110BD1B68891AECE7304B002012
:10E770000361002310B410BCC2604361FFF7E0BF27
:10E78000036881689A680A449A60426813605A6014
:10E7900000234FF0FF320360014B9A61704700BFC6
:10E7A000304B002070B5124D2A46EB690133EB6106
:10E7B00052F8103F934206D030269A68013A9A6088
:10E7C0002C69A36803B170BD226861680A6051605A
:10E7D000236083F311882046E3682169984786F314
:10E7E000118861690029EBD02046FFF7A9FFE7E710
:10E7F000304B002000238268037503691B68996809
:10E800009142FBD25A6803604260106058607047C2
:10E8100000238268037503691B6899689142FBD8DD
:10E820005A680360426010605860704708B5084637
:10E83000302383F311880A7D0023052A06D8DFE8F8
:10E8400002F00B050503120E826913604FF0FF33CF
:10E850008361FFF7CFFF002383F3118808BD82692E
:10E860009368013393604268036813605A60EDE770
:10E87000FFF7C0BF054BD968087518680268536078
:10E880001A6001220275D860F1F79ABC304B002063
:10E8900030B50C4B0446DD684B1C87B00FD02B46BF
:10E8A0006846094AFFF764FF2046FFF7E3FF009B35
:10E8B00013B16846FFF764FFA86907B030BDFFF7E2
:10E8C000D9FFF9E7304B00202DE8000838B50C4D92
:10E8D0008161EB6881689A680446914203D8BDE87B
:10E8E0003840FFF787BF1846FFF792FF0123014624
:10E8F00023752046EC60BDE83840F1F761BC00BFED
:10E90000304B0020044B1A68DB6890689B68984283
:10E9100094BF002001207047304B0020084B10B5F9
:10E920001C68D868226853601A6001222275DC6076
:10E93000FFF76EFF01462046BDE81040F1F740BCEE
:10E94000304B0020044B1A68DB6892689B689A423F
:10E9500001D9FFF7E3BF7047304B002030BFFDE720
:10E9600070B5002504461A4B86B058608562016375
:10E970000E4600F0A3F904F11003236163614FF028
:10E98000FF33A361134BE561D9692B460A46204644
:10E99000C4E9082304F1340180230F4A2460646031
:10E9A000A560E562E56500F01DF801230B4AE06013
:10E9B00003750092726868460192B268CDE902233D
:10E9C000074BCDE9043500F03FF806B070BD00BF3D
:10E9D000284B0020304B00208419010889190108B8
:10E9E0005DE9000802228B604B62002308618A8285
:10E9F00008460B62CB6170478368C168A3F14C0283
:10EA000043F81C2C026943F84C2C42690C4843F82B
:10EA1000482C0C4A43F8180C43F82C2C022203F81B
:10EA2000142C002243F8201C03F8132C43F8041C78
:10EA300043F8082C43F80C2CA3F12800704700BFC2
:10EA4000304B0020D101000808B5FFF7D5FFBDE825
:10EA50000840FFF70DBF000038B5302484F311885B
:10EA60002839441844F8243C049B002544F8203CF1
:10EA70000A4BA4F1240144F8043C0223A382084B6E
:10EA8000E16020462946A260236162622562E56159
:10EA9000FFF71CFF85F31188204638BDD10100081F
:10EAA000304B0020024BDB6898610F20FFF7E2BE7D
:10EAB000304B0020302383F31188FFF7F3BF08B5F4
:10EAC0000146302383F311880820FFF7E1FE00237D
:10EAD00083F3118808BD0000054BDB6821B103609A
:10EAE00098610320FFF7D4BE4FF0FF30704700BF9E
:10EAF000304B00200346006820B100221A6081617B
:10EB0000FFF7B6BE70470000064BDB6839B14268BC
:10EB100018605A60136043600420FFF7B9BE4FF0DD
:10EB2000FF307047304B002003460068834205D019
:10EB300002681A6053608161FFF79ABE704738B56A
:10EB400004460D462068844200D138BD0368236026
:10EB50005C608561FFF78CFEF4E7034610B51B6827
:10EB6000984203D09C688A689442F8D25A680B6035
:10EB70004A601160596010BD0023006040608360EE
:10EB80007047000038B58168164B0446DD6891B9BE
:10EB90002B6A8560C360286238BD8B600B7D7BB1BA
:10EBA000062B14D10B684A68886913605A60FFF716
:10EBB000D4FF8B699968AB688A689A42EDD306E006
:10EBC0004A680B68084613605A60FFF751FE2046FA
:10EBD0002946FFF7C2FFAC610620BDE83840FFF7C9
:10EBE00049BE00BF304B002008B5302383F31188A5
:10EBF000FFF7C8FF002383F3118808BD154A0346B9
:10EC0000D16810B5302282F31188C26800680A62A8
:10EC100098421BD0486A82B98860186802681A60F6
:10EC20005360026A9860DA600362FFF721FEFFF723
:10EC300089FE002383F3118810BD1468A24203D01B
:10EC4000A468A04238BF2046D268E4E7002383606E
:10EC5000EFE700BF304B0020C3691943037DC1615A
:10EC60000A2B03D18369194205D170470B2B06D1BA
:10EC700083698B4303D100238361FFF7F9BD70479C
:10EC800070B506460D460468B44200D170BDE36815
:10EC90002B43E36015B123691D4203D0A16860686E
:10ECA000FFF7DAFF2468EFE7EFF30983203383F3FC
:10ECB0000988002383F3118870470000302080F317
:10ECC000118862B60C4B0D4AD96821F4E061090441
:10ECD000090C0A43DA60D3F8FC20094942F080723B
:10ECE000C3F8FC200A6842F001020A602022DA77A9
:10ECF00083F82200704700BF00ED00E00003FA0532
:10ED0000001000E0302310B583F311880B4B5B68D3
:10ED100013F400630FD0EFF309844FF08073203CAD
:10ED2000E36184F30988FFF7EDFD10B1044BA361A3
:10ED300010BD044BFBE783F31188F9E700ED00E019
:10ED4000E3010008E6010008024B034A1A60034A87
:10ED50005A607047904B0020904F002000700020B8
:10ED6000F0B50B4D0446D5E90067BB1B9A420CD8A1
:10ED7000731E0B441A44494202EA01000444A742AC
:10ED800003D3A64201D82C60F0BD0020FCE700BFF1
:10ED9000904B002008B5302383F31188FFF7E0FF84
:10EDA000002383F3118808BD08B500F043FF01F08C
:10EDB00041F900F000FB00F055FB00F0F4FBFEF71A
:10EDC000A9FFBDE8084000F000B801F09BB901724E
:10EDD000002130B5039C043303FB0425C361049B6D
:10EDE00000600363059B4060C16042610261856110
:10EDF000046242628162C162436330BD0022416AA3
:10EE0000C2604161016182626FF00101C262FFF77D
:10EE100096BE03694269934201D1C2680AB9181DBE
:10EE200070470020704703691960C26800210132F1
:10EE3000C260C269134482690361934224BF436A7A
:10EE40000361FFF771BE38B504460D46E3683BB178
:10EE500062690020131D1268A3621344E36207E095
:10EE6000237A33B929462046FFF74EFE0028EDDA13
:10EE700038BD6FF00100FBE7C368C269013BC360A6
:10EE80004369134482694361934224BF436A4361E7
:10EE900000238362036B03B1184770472DE9F84FD5
:10EEA00004460E46904699464FF0300A8AF3118880
:10EEB0000025AB46A76A4FB949462046FFF7C3FF76
:10EEC00020B187F311882846BDE8F88FE76AA16A68
:10EED0007A1AA8EB0507974228BF1746402F16D984
:10EEE00030464022F1F756FBA36A40364033A36216
:10EEF0004035A26AE36A9A4202D32046FFF7BCFF7C
:10EF00008BF311884545DED28AF31188D2E730466B
:10EF10003A46F1F73FFBA36A3E443B44A3623D44BB
:10EF2000E7E710B5029C04330172C36103FB0421BF
:10EF300000238362C362039B00600363049B406001
:10EF4000C46042610261816104624262436310BD38
:10EF5000026A6FF00101C260426A426102610022EE
:10EF60008262C262FFF7EBBD034640691A698242C2
:10EF700001D1DB681BB950F8043B0B6070470023DC
:10EF80001846FAE7C368C2690133C36043690021C8
:10EF9000134482694361934224BF436A4361FFF78C
:10EFA000C3BD38B504460D46E3683BB12369002074
:10EFB0001A1DA262E2691344E36207E0237A33B9BF
:10EFC00029462046FFF7A0FD0028EDDA38BD6FF096
:10EFD0000100FBE703691960C268013AC260C269B7
:10EFE000134482690361934224BF436A036100238F
:10EFF0008362036B03B1184770472DE9F84F04464D
:10F000000E46904699464FF0300A8AF31188002543
:10F01000AB46A76A4FB949462046FFF7C2FF20B169
:10F0200087F311882846BDE8F88FE76AA06A3A1A84
:10F03000A8EB0507974228BF1746402F18D931463D
:10F040004022F1F7A7FAA36A40364033A362403565
:10F05000A26AE36A9A4204D3E16920460439FFF7C1
:10F06000B9FF8BF311884545DCD28AF31188D0E7CC
:10F0700031463A46F1F78EFAA36A3E443B44A36216
:10F080003D44E5E7302208B582F31188816A29B151
:10F0900003690439C91A01D0FFF79CFF002383F3E9
:10F0A000118808BDF8B5154682680B46AA428169E9
:10F0B000066938BF8568761AB54204460BD21846F1
:10F0C0002A46F1F767FAA3692B44A361A36828468F
:10F0D0005B1BA360F8BD0CD918463246F1F75AFA0B
:10F0E000AF1B3A46E1683044F1F754FAE3683B4419
:10F0F000EBE718462A46F1F74DFAE368E5E72DE914
:10F10000F0410446154683682769934238BF8568F5
:10F1100040690E463F1ABD420BD22A46F1F73AFA31
:10F1200063692B446361A36828465B1BA360BDE849
:10F13000F0810CD93A46A5EB0708F1F72BFA4246C5
:10F14000E068F119F1F726FAE3684344EAE72A4652
:10F15000F1F720FAE368E5E710B50024C361029BEC
:10F16000C16081614161114400604060846001615F
:10F17000036210BDC2686FF001018261426100222A
:10F180008260FFF7DCBC08B582694369934201D114
:10F19000826882B98268013282605A1C42611970A9
:10F1A0000369426900219A4224BFC3684361FFF7A3
:10F1B000BBFC002008BD4FF0FF30FBE770B53023EB
:10F1C00004460D4683F31188A668A6B1A368A26918
:10F1D000013BA360531CA36115782269934224BFAD
:10F1E000E368A361E3690BB120469847002383F3EA
:10F1F0001188284607E029462046FFF785FC0028AD
:10F20000E2DA86F3118870BD2DE9F74F04460E4609
:10F2100017469846D0F81C904FF0300A8AF31188B0
:10F220004FF0000B154665B12A4631462046FFF7E0
:10F2300039FF034660B941462046FFF765FC0028C8
:10F24000F1D0002383F31188781B03B0BDE8F08F61
:10F25000B9F1000F03D001902046C847019B8BF302
:10F260001188ED1A1E448AF31188DCE7C361009B04
:10F27000C160816141611144006040608260016150
:10F2800003627047F8B504460D461646302383F3F3
:10F290001188A768A7B1A368013BA36063695A1CE2
:10F2A00062611D70236962699A4224BFE3686361E9
:10F2B000E3690BB120469847002080F3118807E0EE
:10F2C00031462046FFF720FC0028E2DA87F3118858
:10F2D000F8BD8369426910B59A4201D182687AB952
:10F2E00082680021013282605A1C82611C780369A5
:10F2F0009A4224BFC3688361FFF716FC204610BD05
:10F300004FF0FF30FBE72DE9F74F04460E46174656
:10F310009846D0F81C904FF0300A8AF311884FF0CD
:10F32000000B154665B12A4631462046FFF7E7FE39
:10F33000034660B941462046FFF7E6FB0028F1D0BE
:10F34000002383F31188781B03B0BDE8F08FB9F177
:10F35000000F03D001902046C847019B8BF3118812
:10F36000ED1A1E448AF31188DCE70C30FFF74CBF1E
:10F370004FF0FF330C30FFF747BF3030FFF7C3BF0C
:10F380004FF0FF333030FFF7BEBF0C30FFF716BF32
:10F390004FF0FF310C30FFF711BF3030FFF772BF75
:10F3A0004FF0FF323030FFF76DBF012914BF6FF00F
:10F3B00013000020704700F055BF000037B5154618
:10F3C00002460B460C49044642F8041B42600122E7
:10F3D00000F154010272009080220C30FFF7BCFE55
:10F3E0002B468022009404F1D40104F13000FFF791
:10F3F0003DFF03B030BD00BF9019010810B53023A8
:10F40000044683F3118800F04DFF0223002023728D
:10F4100080F3118810BD38B5436904460D461BB909
:10F4200004210844FFF72CFC294604F10C00FFF7E7
:10F43000AAFE002806DA201D4FF40061BDE838401E
:10F44000FFF71EBC38BD302383F3118800234069C9
:10F4500083F31188B0FA80F0400970474FF0FF3114
:10F46000FFF73ABB01F008B80123037000230C300A
:10F4700040F8083C40F8043CFFF77EBB10B5302351
:10F48000044683F31188416001F00CF80223002048
:10F49000237080F3118810BD10B53023044683F328
:10F4A000118801F073F8002301226360227083F356
:10F4B000118810BD302383F31188436899685A6816
:10F4C0004FF480338B409361002383F3118870479E
:10F4D000302383F31188436899685A6801238B406D
:10F4E0009361002383F31188704710B5302484F3AF
:10F4F00011880324047001F08CF8002383F3118831
:10F5000010BD38B50446302585F31188032504F86D
:10F51000085B01F067F82046FFF7A0FF002383F3A4
:10F52000118838BD10B53023044683F311880323B6
:10F5300004F8083B01F06DF82046FFF78FFF002329
:10F5400083F3118810BD10B53023044683F311886E
:10F55000032304F8083B01F074F82046FFF77EFF10
:10F56000002383F3118810BD0C30FFF73DBB0C3036
:10F57000FFF744BB10B50446002101F01DFC00213B
:10F58000204601F00BFC63681B6813B1062120467E
:10F590009847A36823F00113A3600023E3630623C5
:10F5A00084F8343010BD01F06DBA012303700023DC
:10F5B000C36183620362C362436203634360836027
:10F5C000704738B50446302383F311880025416025
:10F5D000C56005614561856101F05AFA0223237017
:10F5E00085F31188284638BD70B53023044683F36F
:10F5F000118801F065FA254600260123666005F8AA
:10F600000C3B1C3455F8043B7BB1586920B16FF0BA
:10F6100001010C30FFF76EFA55F8043C986920B1EF
:10F620006FF001010C30FFF765FAA54245F8046C54
:10F63000E8D1FFF787F986F3118870BD70B500EB4C
:10F640008103054650690E461446DA6018B114224B
:10F650000021F1F791F8A06918B114220021F1F707
:10F660008BF831462846BDE8704001F047BAF8B53E
:10F6700004460027836800F1100503F0011383603E
:10F6800000F11C0655F8043B7BB1586920B16FF0BE
:10F6900001010C30FFF72EFA55F8043C986920B1AF
:10F6A0006FF001010C30FFF725FAB54245F8047CF4
:10F6B000E8D12046BDE8F84001F0ACBAF0B401252D
:10F6C00000EB8104E4684789A4698D403D4345818E
:10F6D00023600023A2606360E360F0BC01F00CBB18
:10F6E000F0B4012500EB8104E468078964698D406A
:10F6F0003D43058123600023A2606360E360F0BCAA
:10F7000001F01ABB2DE9F0410223002504464FF019
:10F7100030080370C564C563856000F10C0600F114
:10F720001C0756F8043BABB188F3118856F8043C2B
:10F73000586920B16FF001010C30FFF7DBF956F882
:10F74000043C986920B16FF001010C30FFF7D2F949
:10F7500085F31188BE4246F8045CE2D1204684F865
:10F76000345001F039FA63681B6823B12046BDE8C4
:10F77000F04100211847BDE8F081F8B50378044650
:10F78000052B29D080F850300523037043681B688F
:10F790000BB10421984700263027A66004F10C0520
:10F7A0001C3455F8043BABB187F3118855F8043C81
:10F7B000586920B16FF001010C30FFF79BF955F843
:10F7C000043C986920B16FF001010C30FFF792F909
:10F7D00086F31188A542E4D1F8BD0178052906D148
:10F7E00090F85020436802701B6803B118477047B7
:10F7F00070B590F8343004463BB1836823F00113B0
:10F8000083600023C36380F834300021204604F174
:10F81000440201F055FA63689B684BB994F8443090
:10F8200013F060052BD02046BDE87040FFF7A2BE64
:10F83000204698470028F1D094F84B2094F84A309D
:10F8400043EA0223E26B9A4288BFE36394F94430AF
:10F85000E16B002B80F20281002900F0F780092380
:10F8600084F83430302383F3118800212046E36B81
:10F87000A26BFFF735FF002383F3118870BD94F866
:10F88000452003F07F0343EA022340F20232934211
:10F8900000F0C98021D8B3F5807F4CD00DD8012B62
:10F8A00043D0022B00F09780002BBCD104F14C0216
:10F8B000A2630222E2632364BEE7B3F5817F00F016
:10F8C0009F80B3F5407FAED194F84630012BAAD18A
:10F8D000B4F84C3043F0020336E0B3F5006F51D07A
:10F8E0001BD8B3F5A06F35D0A3F5C063012B9AD810
:10F8F00094F84920616894F848304E6843EA02233E
:10F90000204694F8462094F84710B04700288AD043
:10F910004368A3630368E3631AE0B3F5106F36D05E
:10F9200040F6024293427FF47EAF544BA36302231E
:10F93000E3630023BFE794F84630012B7FF473AFF5
:10F94000B4F84C3023F00203A4F84C30A563E5630F
:10F95000256471E7B4F84430B3F5A06F0ED194F884
:10F960004630204684F84E3001F0C0F863681B68CA
:10F9700013B1012120469847032323700023A3637A
:10F98000E36398E704F14F03A3630123C3E72378FC
:10F99000042B10D1302383F311882046FFF767FE34
:10F9A00085F311880321636884F84F5021701B6828
:10F9B0000BB12046984794F84630002BDED084F8EF
:10F9C0004F300423237063681B68002BD6D00221BC
:10F9D00020469847D2E794F8483020461D0603F0A9
:10F9E0000F010AD501F050F9012804D002287FF454
:10F9F0001AAF234B9AE7234B98E701F029F9F3E775
:10FA000094F84630002B7FF40EAF94F8483013F092
:10FA10000F01B3D01A06204602D501F0E5F9ADE793
:10FA200001F0D6F9AAE794F84630002B7FF4FBAE3C
:10FA300094F8483013F00F01A0D01B06204602D5E1
:10FA400001F0BAF99AE701F0A9F997E714232046E3
:10FA500084F83430BDE8704001F042B961B115233B
:10FA600084F83430302383F3118800212046E36B7F
:10FA7000A26BFFF723FEFEE60B23E8E7BC190108A3
:10FA8000B8190108BA19010808B500F0D5F80B4BF0
:10FA90009A6C42F020029A649A6C9A6C42F040028E
:10FAA0009A649A6C9A6C42F080029A649A6C9A6C8E
:10FAB00042F480729A649B6C08BD00BF000C014048
:10FAC000704700207047162303604FF0FF307047E7
:10FAD000184670470020704708B513460021582289
:10FAE0001846F0F749FE4FF400524260002008BD6E
:10FAF0000120704710B50022044608460121FFF797
:10FB000049F918B90C234FF0FF30236010BD0000F5
:10FB100008B50248FEF7E4FDF0F700FDBE19010844
:10FB200008B50248FEF7DCFDF0F7F8FCC319010840
:10FB300001207047704700000148FFF755B800BF2B
:10FB4000F41300200148FFF759B800BFF413002058
:10FB50000122090100F1604303F56143C9B283F852
:10FB6000001300F01F039A4043099B0003F1604318
:10FB700003F56143C3F880211A607047012200F049
:10FB80001F039A4043099B0003F1604303F561435F
:10FB9000C3F88020C3F88021002300F1604000F505
:10FBA000614080F800337047090100F16040C9B23C
:10FBB00000F56D400176704717498A68022A12D015
:10FBC000032A26D0154B1649012A08BF0B46124AB4
:10FBD000926902F07F02013252080132B3FBF2F364
:10FBE000104A13607047104A0B68526F49686FEAF9
:10FBF000921201290CBF0A490C4902F00302033298
:10FC00004A4303F01F0301335B080133B2FBF3F3F4
:10FC1000DDE7074BDBE700BF000C014000127A0074
:10FC2000006CDC0204140020000401400048E801DC
:10FC3000001BB700FFF7C0BF13B50C20032440F230
:10FC4000BE71314B314A9C62D862C2F894100021D7
:10FC50009962D9629C62D8628020C3F81C0CD3F8E8
:10FC60001C0CC3F81C0C009101914FF40141C3F826
:10FC7000481C4FF6FC71A3F5744319630F211960FA
:10FC80000223136501234BF68031D364936D03F097
:10FC900001030193009B01330093019B13B9009B67
:10FCA0008B42F3D1019B03B9FEE7194B194980241C
:10FCB000C3F800140021A3F5884399611C62196AF6
:10FCC00001201962202158601960196819601968AB
:10FCD0000143196054679067D16F0329FCD1022258
:10FCE0009A6001220021DA60074A9162D1629A6C1F
:10FCF00042F400429A649A6CDA6C42F40062DA646C
:10FD0000DB6C02B010BD00BF0000014000040140E8
:10FD10000050014013000003134B834223D1134BC7
:10FD200002201A6C124942F480721A641A6C42F072
:10FD300002021A64D3F8882042F00202C3F8882035
:10FD4000D3F8882022F00202C3F8882001225A63E7
:10FD5000DA670864DA6608225A615A695A615A6990
:10FD600042F001025A617047384F0020000C0140F8
:10FD7000004C0140084B83420CD1084B5A6902F0F9
:10FD800008025A6100225A61DA66DA671A6C22F0B8
:10FD900002021A64704700BF384F0020000C014077
:10FDA0000F4A936C43F4004343F0200393644FF0F5
:10FDB00080436FF4C0521A634FF07072DA624FF0F2
:10FDC00020721A6000225A609A60DA604FF44C3256
:10FDD0005A62012203F5A0335A700722DA72704783
:10FDE000000C01400E4A6FF48051936C43F40043C1
:10FDF00043F0200393644FF080436FF4C0521A63C2
:10FE000000221A609A60DA6019634FF080711960FD
:10FE10004FF4805159605A624FF080529A61704796
:10FE2000000C014010B5074C6369DB0704D5064A96
:10FE300013680BB15068984701236361BDE8104017
:10FE4000FEF760BF00180040984B002010B5074C2B
:10FE500063699B0704D5064A93680BB1D06898473D
:10FE600002236361BDE81040FEF74CBF001800405C
:10FE7000984B002010B5074C63695B0704D5064A10
:10FE800013690BB15069984704236361BDE81040C2
:10FE9000FEF738BF00180040984B002010B5074C03
:10FEA00063691B0704D5064A93690BB1D06998476B
:10FEB00008236361BDE81040FEF724BF001800402E
:10FEC000984B002010B5074C6369DB0604D5064A41
:10FED000136A0BB1506A984710236361BDE8104064
:10FEE000FEF710BF00180040984B0020164B10B5CD
:10FEF0005C69A30604D5154A936A0BB1D06A98478A
:10FF0000600604D5114A136B0BB1506B984721065C
:10FF100004D50E4A936B0BB1D06B9847E20504D51C
:10FF20000A4A136C0BB1506C9847A30504D5074AD5
:10FF3000936C0BB1D06C9847BDE810404FF47872C9
:10FF4000014B5A61FEF7DEBE00180040984B0020BE
:10FF50001A4B10B55C69620504D5194A136D0BB1D3
:10FF6000506D9847230504D5154A936D0BB1D06D9C
:10FF70009847E00404D5124A136E0BB1506E9847AF
:10FF8000A10404D50E4A936E0BB1D06E984762045B
:10FF900004D50B4A136F0BB1506F9847230404D557
:10FFA000074A936F0BB1D06F9847BDE810404FF4EC
:10FFB0007C42024B5A61FEF7A5BE00BF001800400C
:10FFC000984B0020062108B50846FFF7C1FD062121
:10FFD0000720FFF7BDFD06210820FFF7B9FD062128
:10FFE0000920FFF7B5FD06210A20FFF7B1FD062124
:10FFF0001020FFF7ADFDBDE8084006212120FFF7E6
:020000040801F1
:10000000A7BD08B50620FFF7B9FD0720FFF7B6FD2D
:100010000820FFF7B3FD0920FFF7B0FD0A20FFF726
:10002000ADFD1020FFF7AAFDBDE808402120FFF735
:10003000A5BD000000231946044A0133102B1160AE
:10004000516002F10802F8D1704700BF984B0020C0
:10005000C9434FF05533016302F003015943016076
:1000600042F380014160C2F3C10159438160C2F390
:1000700041115943C160C2F3C1214B43C3624FF0E8
:100080001133C2F3C3125A43026242627047000046
:100090001A4B70B59C6C0F2644F4C0649C649B6C36
:1000A000012301F003048B4021F0030101F18041A1
:1000B00001F5A0518D68A400C0F38320A04006FA8A
:1000C00004F425EA040528438860D8430C4912F05B
:1000D000010F8C6814BF1C4304408C6012F0020FA7
:1000E000CA6814BF1A430240CA60054A53611168C6
:1000F0000B43136053680340536070BD000C014014
:10010000001800404FF0E02340F2BF325A61002255
:100110009A61072208210B201A61FFF745BD08B537
:10012000302383F31188FEF7E7FA002383F3118865
:1001300008BD08B5FFF7F3FFBDE80840FEF7E2BDD4
:10014000024A536843F0020353607047003800408E
:10015000024A536843F00203536070470084004032
:10016000F8B5D0F8546105467369D806DCB20AD5F3
:10017000302383F311884FF48061281DFEF780FD42
:10018000002383F31188302383F311882F1D14F08B
:100190000F032FD183F311887368980714D5A10634
:1001A00012D5302383F31188E818FFF792F800285E
:1001B00041DA0821281DFEF763FD736823F002036E
:1001C0007360002383F3118873689A0711D563065F
:1001D0000FD5302383F311886A6CAB6C9A4205D13A
:1001E000AB6B1BB11021281DFEF74AFD002383F3E2
:1001F0001188F8BD14F0020F14BF4FF48071002174
:10020000620748BF41F02001230748BF41F0400189
:1002100014F00104384618BF41F08001FEF730FDAC
:1002200033682CB195F8581128461940FFF7F3F8B8
:100230007469E4B2ABE73060C3E7000008B5034877
:10024000FFF78EFFBDE80840FEF75CBD744D00204F
:1002500008B50348FFF784FFBDE80840FEF752BD2C
:10026000184C002010B5094C00212046084AFFF721
:10027000A5F8084B0021C4F85431074C074A204622
:10028000FFF79CF8064BC4F8543110BD744D0020A4
:100290004101010800380040184C002051010108BC
:1002A0000084004038B5374D037A002918BF0D4649
:1002B000012B044635D1344B984217D1334B0A21D8
:1002C0009A6C1E2042F480429A649A6CD3F8902073
:1002D00042F48042C3F89020D3F8902022F4804268
:1002E000C3F89020D3F89030FFF732FC284B9C42A3
:1002F00017D1264B0821DA6C202042F00802DA647C
:10030000DA6CD3F8942042F00802C3F89420D3F8B2
:10031000942022F00802C3F89420D3F89430FFF719
:1003200017FCD4F85431E9791A6902F050020A43F3
:1003300029681A614A0802F1B76202F55842B2FB15
:10034000F1F202F00F01C3F8C0108021D960C2F3AE
:10035000071119600021C2F307325A60D960687929
:100360002A790243A8790243DA600122C3F89C107B
:10037000C3F898205A6842F005025A60FF2384F8B7
:10038000583138BDC8190108744D0020000C0140D7
:10039000184C002070B50446C5692E6BC26A6B6AA2
:1003A0009A4234BFC36A6B6A013B30D2E36A002BC6
:1003B00039D1EB620223237063681B680BB12046BE
:1003C0009847302383F31188002104F10800FEF7D9
:1003D00091FB002383F31188F30717D5286A228E37
:1003E000666AE36A616AD31A3344121A934228BFD9
:1003F000134699424FF6FF7138BF636A013B1BD227
:10040000636A1BB9EB6A23F00103EB6270BD296ECE
:10041000E26A013AE262A26A002AC5D01170A26AB9
:100420000132A262C0E7E26AEB699A429EBFE36AC8
:1004300003F1FF33EB61CFE7626A013A6262226A3D
:100440000AB92966DAE712F8010B28662262D5E7B5
:1004500008B50348FFF79EFFBDE80840FEF752BC11
:10046000D04E002008B50348FFF794FFBDE80840D0
:10047000FEF748BC044F002010B5064C2046FEF79E
:10048000F3FF054BE361054C2046FEF7EDFF044BFF
:10049000E36110BDD04E002000300040044F00202A
:1004A0000090004010B503780446012B45D1344B31
:1004B00098421FD1334B0A219A6C1A2042F4805281
:1004C0009A649A6CD3F8902042F48052C3F890203A
:1004D000D3F8902022F48052C3F89020D3F89030C3
:1004E000FFF736FB6268E369128A5A611A6942F0C3
:1004F00001021A61244B9C421FD1224B0921DA6C64
:100500001B2042F01002DA64DA6CD3F8942042F037
:100510001002C3F89420D3F8942022F01002C3F8FC
:100520009420D3F89430FFF713FB6268E369128AD2
:100530005A611A6942F001021A616168E269CB8965
:1005400089890B4343F007039BB21360238E4BB999
:1005500001239361916999420DD10133B3F5807FF5
:10056000F7D1238600239361D361D36A23F0FF037D
:10057000D362936C10BD012B08BF0023F1E700BFCD
:10058000D04E0020000C0140044F002010B503782D
:100590000446022B1FD10022C3699A60DA6A22F056
:1005A000FF02DA629B6C0C4B984208D11A20FFF7CD
:1005B000E5FA0A4B9A6C22F480529A649B6C084BC1
:1005C0009C4208D11B20FFF7D9FA044BDA6C22F0C9
:1005D0001002DA64DB6C10BDD04E0020000C01402C
:1005E000044F002010B50C4691B18362038E416226
:1005F000C1625908A14228BF2146C36902629961BC
:100600000139D961DA6A42F01102DA6201229A6094
:1006100010BD10B50C4699B100238362038E416270
:10062000C1625908A14228BF2146C369026299618B
:100630000139D961DA6A42F01102DA6201229A6064
:1006400010BD10B50C4699B100230362038E4162C0
:10065000C1625908A14228BF2146C36982629961DB
:100660000139D961DA6A42F01102DA6201229A6034
:1006700010BD000010B590F834300446B3B1063B0D
:10068000DAB20F2A11D80F2B0FD8DFE803F00F0EC4
:100690000E080F0F0E0E0E0E0E0E0E0E0F0F036C29
:1006A00003B19847002384F8343010BD0021602244
:1006B000064B99735A7499735A7463681B6813B123
:1006C0000621204698470623EDE700BF0040014081
:1006D00090F8342010B5152A04460CD80123934015
:1006E0000C4A134208D19B0205D5036C03B198470D
:1006F000002384F8343010BD00216022064B99732A
:100700005A7499735A7443681B680BB10621984751
:100710000623EEE7410E1000004001400146F8B507
:10072000284C861C04EB86035F682748BB698173ED
:10073000027DD20739D5254A9D68817390F817E06C
:1007400002EB810C827D42EA0E22A81885422DD14F
:100750009868104498605868104458601868801A67
:100760001860188A013880B218827B8A934200D8B8
:1007700008BB012303FA01F2638923EA02036381C0
:1007800004EB86035B68DB680BB10E4898473023A7
:1007900083F3118804EB86046368986941680C3020
:1007A000FEF7A8F9002383F31188F8BD9CF800E058
:1007B00005F801EBCAE7044A137D03F0FE03137545
:1007C000F3E700BF384F00200040014020400140C7
:1007D000F8B5214C871C04EB87035E6801467269FB
:1007E00050681568A84219D3012303FA01F223893E
:1007F00023EA02032381B3680BB1204698473023D4
:1008000083F3118804EB87046368002158690C3076
:10081000FEF770F9002383F3118817E00F4B9973EB
:10082000136918445060281ADED0348A844228BFE5
:1008300004469068146103440948936000EB81000A
:100840001C44A34203D10122044B5A74F8BD13F88F
:10085000012B0270F5E700BF384F00200040014037
:10086000204001402DE9F041844B9B799C07DFB289
:1008700002D58348FEF7B1FF780702D58048FEF71E
:1008800041FF390713D57E4C6368DB6823B97B4A87
:10089000D37A03F0F703D3722378052B02D178487B
:1008A000FEF79BFF6368DB680BB175489847734B95
:1008B0009A781D7902F0FF06EDB252B9002D3AD1B7
:1008C000FB0702D56E48FEF758FFBDE8F041FEF782
:1008D00019BAF20720D50022694CE0689A7393F8A0
:1008E00011C01CF0040F5FFA8CF11CBF5A7484F81D
:1008F0003420CB0605D58022604B5A74002384F83F
:10090000343094F834300BB1062B24D1CC0703D506
:10091000436800215A489847B20702D50120FFF7E3
:1009200057FF730702D50220FFF752FF340702D5A5
:100930000320FFF74DFFA80702D50120FFF7EEFEC9
:10094000690702D50220FFF7E9FE2A07B8D5032080
:10095000FFF7E4FEB4E7092B4CD1DFF820C19CF887
:100960001130DAB213F00203D6D102F01102112ACB
:10097000D2D042698CF80E3051681369D2F800E089
:1009800019445160BEEB0101B0F8108016D041450A
:1009900028BF414694681161234493605A189342DA
:1009A00007D1038A99422CBF02210A218CF8111029
:1009B000B2E713F8014B8CF82040F0E7434504D12F
:1009C0000A238CF811301161A6E7238923F0010373
:1009D000238183680BB12A489847302383F3118819
:1009E0000021E36858690C30FEF784F8002383F394
:1009F000118891E7152B8FD1DFF880E09EF8113038
:100A0000D90789D500228369D3F808C08EF80E2053
:100A10009EF81620D1B26244944527D19A680A44C0
:100A20009A605A680A445A601A68521A1A601A8AF6
:100A3000013A92B21A82438A8B424FF000010F4B67
:100A4000997300D8BAB948225A74638923F0010314
:100A50006381E368DB6813B10021094898473023BC
:100A600083F31188E36898694168BCE79EF82080A9
:100A70000CF8018BD0E740225A744DE7004001404A
:100A8000384F00200148FEF790BD00BF384F0020CE
:100A900010B50478012C0ED1074AC260FFF73CF96B
:100AA0000022064B0D21DA72DC715A720E20BDE86D
:100AB0001040FFF74DB810BDD019010800400140AB
:100AC00010B503780446012B0CD00E20FFF756F822
:100AD0000022054B2046DA72DA715A72BDE81040E6
:100AE000FFF748B910BD00BF0040014090F84E200C
:100AF000014B1A70704700BF0040014000EB8100BD
:100B0000344BC26801F00F0110B59973106800F002
:100B10000300002956D002282CD003282AD001280F
:100B200027D153690BB993691BB3E020294B987403
:100B3000108AC0F3C70018744020587408205874F5
:100B400058740120DC7900FA01F149B241EA04004D
:100B5000C0B2D871C0205875528AC2F3C702DA7485
:100B600080221A7510221A751A755A7A1143C9B261
:100B7000597210BD506980B100209874108AC0F37A
:100B8000C700187440205874082058745874012005
:100B9000DC7988402043C0B2D8719369002BE8D03B
:100BA00000200C4B5875528AC2F3C702DA748022B7
:100BB0001A7510221A751A750122587A02FA01F173
:100BC0000143D4E70028D4D1DA7942F00102DA7186
:100BD000CFE700BF00400140002208B50B4BDA719F
:100BE0005A724268D2681AB1DA7A42F00802DA72AE
:100BF000074B0021C360FFF781FF0122034B5A70AE
:100C0000DA7A42F00102DA7208BD00BF004001400A
:100C1000D019010870B50D4B0021DA79402602F099
:100C20000102DA71082401228025102059729A737A
:100C30000132D2B2042A99745E745C745C74597582
:100C40001D7518751875F2D170BD00BF00400140C8
:100C50000C4B01F00F029A7341B95A7C52070ED423
:100C6000D87910F0010018BF02207047187D10F0ED
:100C7000200004D15B7A134113F0010FF3E7012048
:100C8000704700BF004001400C4B01F00F029A7307
:100C900041B95A7C52070ED4D87910F0010018BF20
:100CA00002207047587C10F0100004D1DB7913410A
:100CB00013F0010FF3E70120704700BF004001402F
:100CC00001F00F03054901EB830102F108030878E5
:100CD00002F8010B9342FAD1704700BF2040014057
:100CE0004822044B01F00F0199735A74002380F8D5
:100CF000343070470040014010B501F00F0400EBA4
:100D00008101CB6899690A6872B1588A1318013B4E
:100D1000B3FBF0F39BB20B82064B9C7334B11A7D8C
:100D200002F0FE021A7510BD0123F4E740225A7446
:100D3000F9E700BF0040014000EB810311F00F0113
:100D400070B508BF4025DC6808BF124B626904BF5C
:100D500099735D74238A15680F4CAB4228BF2B46EC
:100D60001361926804EB8104D518AA4205D1094A9F
:100D7000917331B10123537470BD12F8016B267069
:100D8000F3E7517CC168098A8B422CBF02230A23F6
:100D9000F1E700BF0040014020400140054B01F059
:100DA0000F01997311B120221A75704760225A748D
:100DB000704700BF00400140044B01F00F019973E0
:100DC00011B110225A7470476022FBE700400140C5
:100DD000044B01F00F01997311B180221A7570470D
:100DE0005974704700400140044B01F00F019973A2
:100DF00011B140225A747047597470470040014045
:100E0000000000B400B48014000000400100004065
:100E10000200004003000040040000400D080040B4
:100E20000C0400400D0400400E0400400608004081
:100E30000708004008080040090800400408004076
:100E40000508004000FF96000020202020202020E0
:100E5000202028282828282020202020202020206A
:100E6000202020202020202020881010101010107A
:100E700010101010101010101004040404040404C6
:100E80000404041010101010101041414141414160
:100E90000101010101010101010101010101010142
:100EA0000101010110101010101042424242424252
:100EB0000202020202020202020202020202020212
:100EC00002020202101010102000000000000000BA
:100ED0000000000000000000000000000000000012
:100EE0000000000000000000000000000000000002
:100EF00000000000000000000000000000000000F2
:100F000000000000000000000000000000000000E1
:100F100000000000000000000000000000000000D1
:100F200000000000000000000000000000000000C1
:100F300000000000000000000000000000000000B1
:100F4000000000000000000000000000040C002071
:100F50000000000000000000000000000000000091
:100F60000000000000000000000000000000000081
:100F70000000000000000000000000000000000071
:100F80000000000000000000000000000000000061
:100F90000000000000000000000000000000000051
:100FA0000000000000000000000000000000000041
:100FB0001B1A191817161D1E1F2000000000FF0025
:100FC000FF55FFAAFF2BFFBFFF6A01010008004089
:100FD00001080040020800400308004006000040ED
:100FE0000A0400400B040040FFFFFFFFFFFFFFFF6C
:100FF0000C0400400D0400400E04004006080040B0
:1010000007080040080800400908004004080040A4
:1010100005080040610D0A00450050004F004D00DA
:1010200041004B0045005200000032002E00340009
:101030004700200044006F006E0067006C006500F0
:10104000000053706C697436352D310053706C6933
:101050007436352D320053706C697436352D33007B
:1010600053706C69743635204254340053706C6987
:101070007436352042543500000800400108004015
:101080000208004003080040060000400A04004037
:101090000B040040FFFFFFFFFFFFFFFF0C040040B9
:1010A0000D0400400E040040060800400708004000
:1010B00008080040090800400408004005080040F6
:1010C0000948032181620C21C162084890F810038D
:1010D000074900F00F000A68824200D00860002033
:1010E000401C2328FCDB70470000014000F0FF1F7C
:1010F000040401400748032181620C21C1620648B3
:10110000016801F00F01082901D90821016000BF21
:1011100000BF70470000014004040140000000408F
:1011200001000040020000400300004004000040B5
:101130000D080040A900AA00A900AA00A900AA0061
:10114000A900AA000000000000000000000000004C
:1011500000000000000035001E001F0020002100DC
:1011600022002300000000002B0014001A000800D9
:1011700015001700000000000000390004001600F0
:10118000070009000A00000000000000E1001D0047
:101190001B00060019000500000000000000E00030
:1011A000E300E200000000002C000000000000004E
:1011B000000000000000000000000000000000002F
:1011C000000024002500260027002D002E0000002E
:1011D0002A00A8001C0018000C00120013002F00A9
:1011E000300031004C000B000D000E000F003300EA
:1011F0003400000028004B001100100036003700BA
:1012000038000000E50052004E0000002C000000F5
:10121000E6002152E400500051004F0000000000A1
:101220000000000000000000000000000000290095
:101230003A003B003C003D003E003F000000000043
:101240004378007E017E027E037E170000000000CE
:101250000000390004000252070009000A000000E3
:1012600000000000E1001D00427806001900057E24
:10127000000000000000067E0B70E200000000008D
:10128000077E0000000000000000000000000000D9
:10129000000000000000000000004000410042008B
:1012A0004300440045000000037CA8001C00180017
:1012B0000C001200130046784578310049000B00FD
:1012C0000D000E000F0048784778000028004A0003
:1012D000137010003600370038000000E500497830
:1012E0004D0000002C000000E6000000E4004C78F7
:1012F0004A784B7800000000000000000000000069
:1013000000000000000035001E001F00200021002A
:1013100022002300000000002B0014001A00080027
:10132000150017000000000000003900040016003E
:10133000070009000A00000000000000E1001D0095
:101340001B00060019000500000000000000E0007E
:10135000E200E300000000002C000000000000009C
:10136000000000000000000000000000000000007D
:10137000000024002500260027002D002E0000007C
:101380002A00A8001C0018000C00120013002F00F7
:10139000300031004C000B000D000E000F00330038
:1013A0003400000028004B00110010003600370008
:1013B00038000000E50052004E0000002C00000044
:1013C000E7002352E400500051004F0000000000ED
:1013D00000000000000000000000000000002900E4
:1013E0003A003B003C003D003E003F000000000092
:1013F0004378007E017E027E037E1700000000001D
:101400000000390000521600070009000A00000021
:1014100000000000E1001D00427806001900057E72
:10142000000000000000067EE200E3000000000073
:10143000077E000000000000000000000000000027
:1014400000000000000000000000400041004200D9
:101450004300440045000000037CA8001C00180065
:101460000C001200130046784578310049000B004B
:101470000D000E000F0048784778000028004A0051
:10148000137010003600370038000000E50049787E
:101490004D0000002C000000E700E600E4004C785E
:1014A0004A784B78E200E900EA00B500B600B700E0
:1014B000CD008301CC008A01920194012102230214
:1014C00024022502260227022A02B300B4006F007C
:1014D00070009F01CB019F02A002E200E900EA0038
:1014E000B500B600B700CD008301CC008A0192019F
:1014F00094012102230224022502260227022A0245
:10150000B300B4006F0070009F01CB019F02A002E6
:10151000F81F0020003131295A1B750AFF00000016
:10152000B9B60008F1B6000809B7000825B70008E9
:101530000001010101010101010102020202020296
:101540000202020303030303030303040404040469
:101550000404050505050506060606060707070730
:101560000708080808090909090A0A0A0B0B0B0CE5
:101570000C0C0D0D0D0E0E0E0F0F0F101011111182
:101580001212131314141515161617171818191903
:101590001A1A1B1B1C1D1D1E1E1F20202122222368
:1015A0002424252626272829292A2B2C2D2D2E2FA9
:1015B00030313232333435363738393A3B3C3D3EC0
:1015C0003F404142434445464748494A4C4D4E4FAF
:1015D00050515354555658595A5B5D5E5F61626471
:1015E000656668696B6C6D6F7072737577787A7BFE
:1015F0007D7E8082838587888A8C8E8F9193959655
:10160000989A9C9EA0A2A3A5A7A9ABADAFB1B3B574
:10161000B7BABCBEC0C2C4C6C9CBCDCFD1D4D6D850
:10162000DBDDDFE2E4E7E9EBEEF0F3F5F8FAFDFFEE
:1016300000FF0100010000FFFF0000010001FF00AA
:1016400000000000000400400F0000000000000047
:10165000200000000000000000000000000000006A
:10166000000000000000000000000000000000007A
:101670000000000000000000000000002A2B2800ED
:101680000000000000000000000000000000002931
:10169000000000002C1E3420212224342627252E71
:1016A000362D3738271E1F202122232425263333A9
:1016B000362E37381F0405060708090A0B0C0D0ED5
:1016C0000F101112131415161718191A1B1C1D2FA1
:1016D0003130232D350405060708090A0B0C0D0EC1
:1016E0000F101112131415161718191A1B1C1D2F81
:1016F0003130354C000000007E0F00D4FFFFFFC7E3
:1017000000000078D9D9000841D9000821D8000884
:1017100000000000411701085A1701087A17010854
:101720009C1701080A1801082C1801084422B60960
:10173000025B00030100A0FA09040000010301019B
:10174000000921110100012244000705810308005E
:101750000109040100020300000009211101000138
:101760002222000705820320000107050203200052
:101770000109040200010300000009211101000118
:1017800022B60007058303200001120100020000B9
:1017900000402D34C6E430000102030105010906B2
:1017A000A101050719E029E7150025019508750134
:1017B00081029501750881010507190029FF1500AF
:1017C00026FF0095067508810005081901290515F1
:1017D000002501950575019102950175039101C0E0
:1017E000040309041203450050004F004D0041005E
:1017F0004B004500520000001003530070006C00C5
:10180000690074003600350000000660FF0961A120
:10181000010962150026FF00952075088102096301
:10182000150026FF00952075089102C005010902E8
:10183000A10185020901A100050919012908150066
:1018400025019508750181020501093009311581CD
:10185000257F95027508810609381581257F950138
:1018600075088106050C0A38021581257F950175DA
:10187000088106C0C005010980A101850319012A5C
:10188000B700150126B700950175108100C0050C41
:101890000901A101850419012AA002150126A0024F
:1018A000950175108100C005010906A10185060595
:1018B0000719E029E7150025019508750181020542
:1018C00007190029EF1500250195F0750181020522
:1018D0000819012905950575019102950175039176
:1018E00001C0303132333435363738394142434420
:1018F00045460000CC2201088C4F00208C4F002070
:101900008C4F0020CC2201080000000000000000E5
:1019100000000000CC2201080000000000000000D0
:1019200000000000CC2201080000000000000000C0
:1019300000000000CC2201080000000000000000B0
:1019400000000000CC2201080000000000000000A0
:1019500000000000CC220108000000000000000090
:1019600000000000CC220108000000000000000080
:10197000000000006330000074190108F03E0020F0
:10198000004000206D61696E0069646C65000000B4
:101990000000000081F3000871F30008A1F30008C3
:1019A00091F300089BF300088BF300087BF3000819
:1019B0006BF30008ABF3000800000100000065783D
:1019C0006974006B696C6C000096000003000000F5
:1019D00000000000F1F7000875060108D1060108B3
:1019E00040004000004000200040002001000000B6
:1019F000144000205245454E54206D616C6C6F635D
:101A00002073756363656564656400002E2E2F2E58
:101A10002E2F2E2E2F2E2E2F2E2E2F2E2E2F2E2EE1
:101A20002F2E2E2F6E65776C69622F6C6962632F83
:101A30007374646C69622F72616E642E63000000BF
:101A40002C2066756E6374696F6E3A20000000008A
:101A5000617373657274696F6E202225732220662C
:101A600061696C65643A2066696C65202225732281
:101A70002C206C696E65202564257325730A00008F
:101A8000232D302B20000000686C4C0065666745F4
:101A90004647000030313233343536373839414229
:101AA0004344454600000000303132333435363788
:0C1AB00038396162636465660000000064
:081ABC0088E7FE7F0100000035
:101AC400040C002000000000900F0108700F0108B2
:101AD400500F01080000000000000000000000009A
:101AE40000000000000000000000000000000000F2
:101AF40000000000000000000000000000000000E2
:101B040000000000000000000000000000000000D1
:101B140000000000000000000000000000000000C1
:101B2400000000000000FF000927000889270008C2
:101B340051290008D12700082D28000800000000C2
:101B440001000000C0270900000000640E08020123
:101B54000101010101010001FFFFFFFFFFFFFFFF82
:101B6400FF1C1B1A19181716FFFF10111213141556
:101B7400FFFFFF020F0E0D0C0BFFFFFF030607080C
:101B8400090AFFFFFF040105FFFF00FFFFFFFFFF3E
:101B9400FFFFFFFFFFFFFF1D1E1F202122FF23FF6A
:101BA4002C2B2A2928272625242D2E2F303132FFAD
:101BB40033343C3B3A3938FF373635FF3DFF3E3F3F
:101BC4004041424341401340052009300240244033
:101BD4001F302D303B30483056304F2041203420C8
:101BE4002620182003101510221030103E104C101F
:101BF40053004500370029001C000E00000060005F
:101C04006E007C008A009800A500BA00D210BE10B5
:101C1400AC109F1091108310751067105A105D203E
:101C24006B20792086209420A220B820D220D230A4
:101C3400C130AE309B308D308030723064306B40B8
:101C440086409440A240B040BF40D2400404040403
:101C54000404040404040404040404040404040440
:101C64000404040404040404040404040404040430
:101C74000404040404040404040404040404040420
:101C84000404040404040404040404040404040410
:101C94007C1F0020841F0020F97200080008004007
:101CA400010800400208004003080040060000400C
:101CB4000A0400400B040040FFFFFFFFFFFFFFFF8B
:101CC400000000400100004002000040030000400A
:101CD400040000400D080040000000000100000066
:101CE40000000000000000000C00020000000000E2
:101CF4000C000E00000000000000000000000000C6
:101D040001001A00000000000000000008001B0091
:101D14000000000000000000000000000D78000832
:101D2400040024000000000000000000010028005E
:101D34000000000000000000010029000000000075
:101D44000000000001002A00000000000000000064
:101D54000C002C000000000000000000040038000B
:101D640000000000ED77000820003C0000000000A7
:101D74000000000001003900000000001178000894
:101D84000000000020005C000000000000000000D3
:101D9400000000000000000045004500450045002B
:101DA400450000FF00FFFF03390501140A1E01501E
:101DB40008280301020000010000000000C2010025
:101DC40003000000744D0020009600000300000092
:101DD40069D1000891DC0008A7DC0008B1DC000828
:101DE400BBDC0008C5DC00080000000000000000A7
:101DF40002000000000000000000000000000000DD
:101E040000000000000000000000000000000000CE
:101E140000000000000000000000000000000000BE
:101E240000000000000000000000000000000000AE
:101E34000600000000000000000000000300000095
:101E4400000000000000000000000000000000008E
:101E5400000000000000000000000000000000007E
:101E6400000000000000000000000000000000006E
:101E7400000000000000000000000000030000005B
:101E8400000000000000000000000000000000004E
:101E9400000000000000000000000000000000003E
:101EA400000000000000000000000000000000002E
:101EB400000000000000000000000000000000001E
:101EC400000000000000000020000000C00F0020FF
:101ED4000C10002079E2000859E200088FE20008A3
:101EE40071E300088DE3000899E300080000000096
:101EF40000000000040000000000000000000000DA
:101F040000000000000000000000000000000000CD
:101F140000000000000000000000000000000000BD
:101F240000000000000000000000000000000000AD
:101F3400000000000300000000000000000000009A
:101F44000600000000000000000000000000000087
:101F5400000000000000000000000000000000007D
:101F6400000000000000000000000000000000006D
:101F7400000000000000000000000000000000005D
:101F8400200000000000000000000000280F0020D6
:101F9400740F00202C100020000000007810002096
:101FA4000000000000000000C4100020D5E200087A
:101FB400ADE20008F1E20008E9E300080DE40008DE
:101FC40025E40008000000000000000000000000FC
:101FD40000000000000000000000000000000000FD
:101FE40000000000000000000000000000000000ED
:101FF40000000000000000000000000000000000DD
:1020040000000000000000000000000008000000C4
:10201400041100205011002079E2000859E2000860
:102024008FE2000871E300088DE3000899E30008DB
:102034000102000000000000000000000000000099
:10204400000000000000000000000000000000008C
:10205400000000000000000000000000000000007C
:102064000000000000000000000000000300000069
:102074000000000059E000080000000020000000FB
:10208400000000000000000002000000000000004A
:10209400000000000000000000000000000000003C
:1020A400000000000000000000000000000000002C
:1020B400000000000000000000000000384F002075
:1020C400030000000400000020000000C03D0020C8
:1020D4000000000000000000E810002000000000E4
:1020E40000000000000000000000000000000000EC
:1020F40000000000000000000000000000000000DC
:1021040000000000000000000000000000000000CB
:1021140000000000030000000000000059E0000877
:1021240000000000080000000000000000000000A3
:102134000200000000000000000000000000000099
:10214400000000000000000000000000000000008B
:10215400000000000000000000000000000000007B
:1021640000000000384F00200100000004000000BF
:1021740008000000703C0020000000000000000087
:1021840054110020000000000000000000000000C6
:10219400000000000000000000000000000000003B
:1021A400000000000000000000000000000000002B
:1021B4000000000000000000000000000300000018
:1021C4000000000059E00008EFE0000820002000B3
:1021D40000000000000000000200000000000000F9
:1021E40000000000000000000000000000000000EB
:1021F40000000000000000000000000000000000DB
:10220400000000000000000001000000384F002022
:10221400020000000400000020000000A03C002098
:10222400000000000000000010100020000000006A
:10223400000000000000000000000000000000009A
:10224400000000000000000000000000000000008A
:10225400000000000000000000000000000000007A
:10226400000000000000000000000000000000006A
:10227400000000000000000000000000000000005A
:10228400000000000000000000000000000000004A
:10229400000000000000000000000000384F002093
:1022A400020000000400000020000000303D002077
:1022B40000000000F4130020F413002000000000CC
:0822C4000000000000D8B8057D
:04000005080001B935
:00000001FF
