:020000040800F2
:1000000000040020B9010008BB010008BB01000882
:10001000BB010008BB010008BB010008BB010008D0
:10002000BB010008BB010008BB01000809EE000885
:10003000BB010008BB010008BB01000893020108D6
:10004000BB010008BB010008BB010008BB010008A0
:10005000BB010008BB01000885FF0008ADFF0008D8
:10006000D5FF0008FDFF000825000108BB010008BE
:10007000BB010008BB010008C5090108BB0100085D
:100080004D000108BB010008BB010008BB010008CE
:10009000BB010008BB010008BB010008BB01000850
:1000A000BB010008BB010008B1050108C505010836
:1000B000BB010008BB0100089D030108BB0100084B
:1000C000B1030108B1000108BB010008BB01000831
:1000D000BB010008BB010008BB010008BB01000810
:1000E00072B6264880F30888254880F30988254899
:1000F00025490860022080F31488BFF36F8F0EF04B
:1001000057FB0DF0AFFE4FF0553020491B4A91428E
:100110003CBF41F8040BFAE71D49194A91423CBF24
:1001200041F8040BFAE71B491B4A1C4B9A423EBF9D
:1001300051F8040B42F8040BF8E700201849194A5B
:1001400091423CBF41F8040BFAE70EF035FB0EF08C
:1001500030FB154C154DAC4203DA54F8041B8847AC
:10016000F9E707F0BDFE124C124DAC4203DA54F829
:10017000041B8847F9E70EF01DBB000000040020B7
:10018000000C00200000000808ED00E00000002046
:1001900000040020241C0108000C0020081400208A
:1001A000081400209C4F0020E0000008E000000838
:1001B000E0000008E000000892E700F000F8FEE729
:1001C0002DE9F04FC1F80CD0C3689D46BDE8F08F13
:1001D000002383F311882846A04700200EF01AFD63
:1001E000FEE70EF04BFC00DFFEE7000053B94AB912
:1001F000002908BF00281CBF4FF0FF314FF0FF302F
:1002000000F08AB9ADF1080C6DE904CE00F01AF8DF
:10021000DDF804E0DDE9022304B07047430803F091
:100220005533C01A830803F0333300F033301844D9
:1002300000EB101000F00F3000EB002000EB00404E
:10024000000E70472DE9F047089E0D46044688468B
:10025000002B4DD18A42944668D9B2FA82F252B14B
:1002600001FA02F3C2F1200120FA01F10CFA02FCBA
:1002700041EA030894404FEA1C41B8FBF1F71FFA2A
:100280008CFE01FB178807FB0EF0230C43EA0843A2
:1002900098420AD91CEB030307F1FF3580F01E8159
:1002A000984240F21B81023F63441B1AB3FBF1F0FA
:1002B00001FB103300FB0EFEA4B244EA0344A64542
:1002C0000AD91CEB040400F1FF3380F00981A64534
:1002D00040F20681644402380021A4EB0E0440EA97
:1002E00007401EB10023D440C6E90043BDE8F087B3
:1002F0008B4208D9002E00F0EE800021C6E90005EF
:100300000846BDE8F087B3FA83F100294AD1AB4231
:1003100002D3824200F2FC80841A65EB03030120C1
:100320009846002EE2D0C6E90048DFE702B9FFDEBA
:10033000B2FA82F2002A40F09180A1EB0C00012178
:100340004FEA1C471FFA8CFEB0FBF7F307FB1300C4
:10035000250C45EA00450EFB03F0A84208D91CEB2A
:10036000050503F1FF3802D2A84200F2CE804346D1
:100370002D1AB5FBF7F007FB10550EFB00FEA4B2DB
:1003800044EA0544A64508D91CEB040400F1FF35F6
:1003900002D2A64500F2B6802846A4EB0E0440EA3D
:1003A00003409EE7C1F120078B4022FA07FC4CEA8C
:1003B000030C25FA07FA4FEA1C49BAFBF9F820FAB0
:1003C00007F309FB18AA8D401FFA8CFE1D4300FAA3
:1003D00001F308FB0EF02C0C44EA0A44A04202FA96
:1003E00001F20BD91CEB040408F1FF3A80F088807D
:1003F000A04240F28580A8F102086444241AB4FBAC
:10040000F9F009FB104400FB0EFEADB245EA0444CE
:10041000A64508D91CEB040400F1FF356CD2A645B3
:100420006AD90238644440EA0840A0FB0295A4EB74
:100430000E04AC42C846AE4656D353D0002E69D007
:10044000B3EB080264EB0E0422FA01F304FA07F797
:100450001F43CC40C6E90074002147E70CFA02FCB8
:10046000C2F1200125FA01F34FEA1C4720FA01F1FD
:1004700095400D43B3FBF7F107FB11331FFA8CFED8
:10048000280C40EA034001FB0EF3834204FA02F415
:1004900008D91CEB000001F1FF382FD283422DD97F
:1004A00002396044C01AB0FBF7F307FB1300ADB28A
:1004B00045EA004503FB0EF0A84208D91CEB0505F0
:1004C00003F1FF3816D2A84214D9023B6544281A1A
:1004D00043EA014138E73146304607E72F46E4E674
:1004E0001846F9E64B45A9D2B9EB020865EB0C0EAC
:1004F0000138A3E74346EAE7284694E74146D1E7B7
:10050000D0467BE76444023847E7023B65442FE767
:10051000084606E73146E9E6704700BF062008B501
:1005200000F08AFA01200FF0A3FB00BF032A10B5E8
:1005300016D940EA010C1CF0030F04460B4622D1E9
:1005400019462046D1F800E0D0F800C00433F44545
:1005500004F1040417D1043A032A20461946EFD8BF
:10056000541EA2B100F1FF3C013901E0C3180CD0C8
:100570001CF801EF11F8012FA4EB0C039645F5D000
:10058000AEEB020010BD541EECE7184610BD10463D
:1005900010BD00BF844641EA000313F0030349D1B4
:1005A000403A23D30B6803604B6843608B688360D9
:1005B000CB68C3600B6903614B6943618B698361DD
:1005C000CB69C3610B6A03624B6A43628B6A8362C5
:1005D000CB6AC3620B6B03634B6B43638B6B8363AD
:1005E000CB6BC36340304031403ADBD230320BD367
:1005F0000B6803604B6843608B688360CB68C360A3
:1006000010301031103AF3D20C3205D351F8043BBC
:1006100040F8043B043AF9D2043208D0D2071CBF98
:1006200011F8013B00F8013B01D30B8803806046C1
:10063000704700BF082A13D38B07B1D010F0030313
:10064000AED0C3F10403D21ADB071CBF11F8013B83
:1006500000F8013BA4D331F8023B20F8023B9FE7AE
:10066000043AD9D3013A11F8013B00F8013BF9D221
:100670000B7803704B7843708B78837060467047BB
:1006800088420DD98B1883420AD900EB020CBAB10B
:10069000624613F801CD994202F801CDF9D17047B5
:1006A0000F2A0ED8034602F1FF3C4AB10CF1010CAF
:1006B000013B8C4411F8012B614503F8012FF9D15E
:1006C000704740EA01039B074FD1A2F1100370B5B8
:1006D00001F1200C23F00F0501F1100E00F11004C0
:1006E000AC441B095EF8105C0EF1100E44F8105C6F
:1006F0005EF81C5C103444F81C5C5EF8185C44F82E
:10070000185C5EF8145CE64544F8145CEAD10133E9
:1007100012F00C0F01EB031102F00F0400EB0313B6
:1007200027D08E46043C24F003064FEA940C1E4466
:100730001C1F5EF8045B44F8045FB442F9D10CF16D
:10074000010402F0030203EB840301EB840102F1D4
:10075000FF3C4AB10CF1010C013B8C4411F8012B18
:10076000614503F8012FF9D170BD034602F1FF3C4A
:100770009CE72246EBE700BF830730B548D0541E04
:10078000002A3FD00346CAB201E0013C3AD303F845
:10079000012B9D07F9D1032C2DD9CDB245EA0525B2
:1007A0000F2C45EA054536D9A4F1100222F00F0CB2
:1007B00003F1200EE6444FEA121C03F1100242E955
:1007C000045542E9025510327245F8D10CF101028C
:1007D00014F00C0F03EB021204F00F0C13D0ACF169
:1007E000040323F003030433134442F8045B9342ED
:1007F000FBD10CF003042CB1CAB21C4403F8012B4A
:100800009C42FBD130BD64461346002CF4D1F9E77D
:1008100003461446BFE71A46A446E0E738B5124B34
:1008200004461D68AA6B1AB10023C2E9044338BD0F
:10083000182000F02DFA0246A86378B100210B239E
:1008400001209381C2E90401084B0949094DC2E91D
:10085000011300231560C2E9044338BD4221064B51
:10086000064800F0CDF900BF000C0020ECDE0500CA
:1008700034126DE60E33CDAB541B01086C1B01081E
:1008800038B5194B1C68A26B8AB1136917495469B2
:1008900003FB01F1164800FB0411A3FB00300133F8
:1008A00041EB0001C2E9043121F0004038BD1820BD
:1008B00000F0EEF90246A06388B1012400250B2365
:1008C0000A480C49C2E90445116001460A4D0B4C27
:1008D00093810B4BC2E90154C2E9043138BD4E216A
:1008E000084B094800F08CF9000C00202DF45158F9
:1008F0002D7F954C0E33CDAB34126DE6ECDE05004A
:100900002E7F954C541B01086C1B010838B5446CB4
:100910000CB1002038BD8021054600F02FFA0246B8
:10092000686430B1031F7C3243F8044F9342FBD11B
:10093000EFE74FF0FF3038BD1F29F8B5054608D85E
:10094000466C0C4617464EB156F8240046F8247003
:10095000F8BD16234FF0FF302B60F8BD802100F06A
:100960000DFA0646686440B10021031F00F17C05C2
:1009700043F8041F9D42FBD1E6E74FF0FF30F8BD7E
:100980001F2938B5054620D8426C0C466AB152F88A
:10099000213053B1012B16D0591C10D00025204610
:1009A00042F824509847284638BD284600F0F8F809
:1009B000224601462846BDE8384000F0DDB816233F
:1009C00001202B6038BD002038BD16234FF0FF30CA
:1009D0002B6038BD1F292BD8426C38B50C46054614
:1009E00082B152F8243002EB84024BB1591C1AD068
:1009F000012B16D00025204615609847284638BDA3
:100A0000012038BD802100F0B9F90246686460B168
:100A10000020131F02F17C0143F8040F9942FBD11F
:100A2000DFE7032038BD022038BD4FF0FF3038BD6E
:100A30004FF0FF30704700BF38B5144B1F281D68BA
:100A40001FD86A6C044662B152F820304BB1012BBA
:100A500015D0591C0FD0002542F820509847284641
:100A600038BD284600F09CF8224601462846BDE8DD
:100A7000384000F081B8162301202B6038BD0020DB
:100A800038BD16234FF0FF302B6038BD000C00201E
:100A9000124B1F2870B51E6808D80D46716C0446AD
:100AA00049B151F8240041F8245070BD16234FF08D
:100AB000FF30336070BD8021304600F05FF90146A1
:100AC000706440B10022031F00F17C0C43F8042F36
:100AD0006345FBD1E5E74FF0FF3070BD000C00200F
:100AE00038B50B4B1D686C6C0CB1002038BD8021F3
:100AF000284600F043F9686438B1031F00F17C0216
:100B000043F8044F9342FBD1EFE74FF0FF3038BD7D
:100B1000000C002038B5174B1F281D6827D86A6CB9
:100B2000044682B152F8243002EB84024BB1591CC6
:100B30001BD0012B17D0002520461560984728466A
:100B400038BD012038BD8021284600F017F9024643
:100B5000686460B10020131F02F17C0143F8040FA8
:100B60008B42FBD1DEE7032038BD022038BD4FF0B9
:100B7000FF3038BD000C002070B50026074D04463C
:100B8000084611462E600FF07BF8431C00D070BD64
:100B90002B68002BFBD0236070BD00BF1014002019
:100BA0000FF076B820F0030110F00300C0F1000050
:100BB00051F8043B00F1040C4FEACC0C6FF000023A
:100BC0001CBF22FA0CF213434FF0010C4CEA0C2C20
:100BD0004CEA0C4CA3EB0C0222EA030212EACC1200
:100BE00004BF51F8043B0430F4D0C2F1000102EA22
:100BF0000102B2FA82F2C2F11F0200EBD20070478A
:100C0000144600B51A460A4B0D461B6885B0DE68CF
:100C100003464CB1074901913046074902940095BB
:100C200000F022F8FFF77AFC04490C46F3E700BF16
:100C3000000C0020A01B0108B01B0108AC1B010820
:100C400008B513460022FFF7DBFF00BF0CB400B568
:100C500083B004AB53F8042B019300F025F903B0E3
:100C60005DF804EB02B070470EB400B5074A82B0DD
:100C700003AB0146106853F8042B019300F014F9FC
:100C800002B05DF804EB03B0704700BF000C002019
:100C9000024B0146186800F071B800BF000C00203C
:100CA000024B0146186800F003B800BF000C00209A
:100CB000002952D038B551F8043C0C1F002BB8BFA6
:100CC000E418054601F0AEF92B4A1368002B45D015
:100CD000A3420CD921686018834228D0636028465B
:100CE0001460BDE8384001F09FB9A3420FD81A46FE
:100CF0005B68002BF9D11168501884421DD034D3A1
:100D0000636054602846BDE8384001F08DB9116831
:100D10005018A04215D028D8216860188342EFD11E
:100D200018685B680144C4E900135460EAE7186876
:100D30005B680144C4E90013D1E7236819441160DA
:100D4000E0E720680144501883421160DAD1D3E90A
:100D500000030144C2E90013D4E7704728466360EA
:100D60001460BDE8384001F05FB90C2328462B60C1
:100D7000BDE8384001F058B908140020F8B5CD1C82
:100D800025F0030508350C2D38BF0C25002D06462F
:100D900023DBA94221D8264F01F044F93A6822B357
:100DA000144603E063682246FBB11C4623685B1BC4
:100DB000F8D40B2B15D8636894420CBF3B6053608A
:100DC000304601F031F904F10B00231D20F007003B
:100DD000C21A01D01B1AA350F8BD0C2300203360A7
:100DE000F8BD23601C442560EAE77968D1B1294643
:100DF00030460EF02FFF431C01460CD0C41C24F0DB
:100E00000304A04205D03046611A0EF023FF0130E2
:100E100001D02560D4E70C233046336001F004F99B
:100E20000020F8BD30460EF015FF7860DFE700BF08
:100E3000081400209368013B002B936005DAD2F878
:100E400018C0634507DB0A2905D01368581C1060D9
:100E500008461970704700F069BB00BF9BB1F8B538
:100E6000134406460F46541E5D1E01E0AC4208D0F6
:100E70003A46304614F8011FFFF7DCFF431CF5D15A
:100E8000F8BD0020F8BD0020704700BF936810B582
:100E9000144613B91846536010BD00F031FE00230C
:100EA000C4E9013310BD00BF2DE9F04F0E46924654
:100EB0001C4607469FB018B18369002B00F0A8803C
:100EC000954B9E4200F0AA80944B9E4200F0B58064
:100ED000934B9E4208BFFE68B389180740F1A38078
:100EE0003369002B00F09F80002320220B933023D6
:100EF0009AF80010059401258A4C8DF831208DF860
:100F0000323000297DD0D1460B4604E019F8013F6C
:100F1000002B00F09480252BF8D1B9EB0A0B40F0A0
:100F2000918099F80030002B6BD000234FF0FF32F6
:100F300009F10109CDE90723069309938DF85B3088
:100F40001C9304E0001B05FA00F018430690CA4603
:100F50000522204619F8011B01F01CF8069B002809
:100F6000F0D1D90644BF20228DF85B201A0748BF74
:100F70002B229AF8001048BF8DF85B202A2972D1E5
:100F8000059A1168043200290592C0F2A0800991E7
:100F90009AF801100AF1010A2E2976D0DFF888911B
:100FA0000322484600F0F6FF48B14022069BA0EB22
:100FB000090002FA00F003430AF1010A06931AF845
:100FC000011B062259488DF8301000F0E3FF00287D
:100FD00000F08380564B002B6CD005A9009132465F
:100FE0003846544B06A9AFF300800390039B0133AE
:100FF00007D00B9B039A9AF8001013440B93002917
:1010000081D1B3895B0615D40B981FB0BDE8F08F72
:1010100000F056FD404B9E427FF456AF7E68B38988
:1010200018073FF55DAF3146384600F0E1FA002879
:101030003FF45AAF4FF0FF30E7E7BE684CE7B9EB3B
:101040000A0BDED0D046CAF1010A03E0934538D935
:1010500018F8011F32463846FFF7ECFE01300AEB64
:101060000802F3D1CDE7A1F13002092A94D8099BF7
:101070001AF8011F03EB830302EB4303A1F13002D3
:10108000092AF5D92E29099388D19AF801102A291D
:101090002DD1059B0AF102001A680433002A05933A
:1010A000B8BF4FF0FF339AF8021007928246B8BFDC
:1010B000079373E7059B073323F007030833059372
:1010C00097E70B9A99F800305A440B922BE7494264
:1010D00043F00203099106935AE705A900913246AD
:1010E0003846144B06A900F0CBF803907EE70023A6
:1010F000A1F13002092A0AF1010A07933FF64EAF27
:101100001AF8011F03EB830302EB4303A1F1300242
:10111000092AF5D9079341E7F0100108D01001081A
:10112000B0100108E01B0108E81B0108EC1B0108D6
:10113000000000005D0E00088C4600B58646134690
:10114000034A714610685DF804EB6246FFF7ACBED7
:10115000000C00202DE9F04791461E460A698B6875
:101160000C469A42B8BF1A46C9F8002091F843309D
:101170000546DDF8208013B10132C9F8002022684D
:1011800091065DD5D9F800300233C9F800302268E5
:1011900012F0060F11461ED1E168CB1A002BD8BF02
:1011A000114618DD002704F1190A06E0D9F80030CD
:1011B000E268A2EB030CBC450CDD0123524631462C
:1011C0002846C047013007F10107EFD14FF0FF304B
:1011D000BDE8F087216894F84330003B18BF012335
:1011E0008A060AD53021E21882F8431094F8451097
:1011F0005A1C2244023382F843103146284604F137
:101200004302C0470130E1D0236803F00603042BFA
:101210001DD0A3682269934225DD00279B1A1F4435
:1012200004F11A09002401E0BC421CDA01234A46F9
:1012300031462846C047013004F10104F4D1C5E726
:1012400012F0060F12D0003B18BF0123D5E7D9F8E2
:101250000030E1682269C91AA36821EAE177934264
:10126000DCDC0029DCDC0020BDE8F087E168D9F88F
:101270000030CB1A002BD8BF114693DCABE700BF80
:101280002DE9F04317460A7E85B00C46064698467F
:101290000C9D01F1430C002A33D0A2F15803D9B2BE
:1012A000202967D8202B65D8DFE813F0DD00640023
:1012B000640064006400640064006400640064000E
:1012C0006400A3006E0064006400640064006E00AB
:1012D000640064006400640021007F00BF006400BB
:1012E0006400AE0064007F0064006400E4002368D2
:1012F0001A0640F102812B686269191D29601B687A
:101300001A600023E14623613B4621463046CDF872
:10131000008003AAFFF71EFF013020D04A4639465D
:1013200030462369C047013019D02368E0689B0725
:10133000039919D5431A002B16DD002504F119096C
:1013400004E0E0680399431AAB420DDD01234A46ED
:1013500039463046C047013005F10105F1D14FF063
:10136000FF3005B0BDE8F0838842B8BF084605B03D
:10137000BDE8F083012384F8422004F1420923618F
:10138000002384F84330BFE72368190602D45A06C5
:1013900000F1BF8029680A68043129601146002ADB
:1013A0006ADB0A25DFF87CE110E02368180640F1CB
:1013B0009A802B68191D296019686F2A0CBF0825AF
:1013C0000A25DFF860E1002384F843306268002AD0
:1013D000A2607DDB236823F004032360002959D138
:1013E000002A77D1E146082D63D0ACEB09032361D5
:1013F0008AE701222B6804F14209196804332B6043
:1014000084F842102261BBE72B6800211A1D2A6074
:10141000D3F800906268484600F0BCFD00287FD0F9
:10142000A0EB090060602061AAE7236843F0200375
:1014300023607822DFF8F0E084F845202A68111D47
:101440002960190642D45D0640D51188D80744BFEB
:1014500043F020032360002943D12368102523F0A3
:1014600020032360AFE75823DFF8B8E084F8453065
:101470002368E3E72368DCE72D2284F843206268D1
:101480004942002AA26002DB23F0040323600A25FC
:10149000DFF890E0E146B1FBF5F30A4605FB1310D7
:1014A00019461EF80030AA4209F8013DF3D2082D72
:1014B0009BD12368D90798D5626823699A4294DC46
:1014C000302309F1FF3989F800308EE71168BDE754
:1014D0000029DFD19EF8003004F1420984F842303F
:1014E00081E710256FE713F0400F2B6803F104012B
:1014F00029600CBF196819885FE713F0400F2B684B
:10150000626903F1040129601B6814BF1A801A6024
:10151000F7E62A68B2F9001004322A600A463EE76C
:10152000606880E7F41B0108081C0108F8B506464E
:101530000D46144608B1836943B3254B9C422AD01B
:10154000244B9C4229D0244B9C4208BFF468A269DA
:10155000A389A2601A0722D5236903B322686169AF
:10156000D31AEDB299422F4629DD0133A168013922
:10157000A160511C2160157062699A4216D0A3893E
:10158000DB0701D50A2D11D03846F8BD00F098FAD6
:101590000F4B9C42D4D17468D9E7B468D7E7214691
:1015A000304600F025F838B92369D7E721463046A0
:1015B00000F024F90028E7D04FF0FF37E4E7214698
:1015C000304600F01BF90028F6D101232268CDE750
:1015D000F0100108D0100108B010010803460A46B7
:1015E000024908681946FFF7A1BF00BF000C0020A0
:1015F0003C4B70B51D6806460C460DB1AB69E3B1B6
:10160000394B9C421FD0394B9C424DD0384B9C42A9
:1016100008BFEC68B4F90C3018079AB219D52169E3
:1016200011B312F001002FD000256069A56040427F
:10163000A06100292ED0002070BD284600F040FA9D
:10164000294B9C42DFD16C68B4F90C3018079AB270
:10165000E5D4D1063ED5520728D4216943F00803CA
:10166000A3819AB20029DCD102F42070B0F5007F8A
:10167000D7D02146304600F0FFFBB4F90C30216989
:101680009AB212F00100CFD1950758BF6069A060EF
:101690000029D0D1120658BF0846CDD543F04003EB
:1016A0004FF0FF30A38170BDAC68B3E7616B51B1FF
:1016B00004F14402914204D03046FFF7F9FAB4F93C
:1016C0000C30002262630022216923F02403C4E964
:1016D0000012C3E7092243F0400332604FF0FF30AD
:1016E000A38170BD000C0020F0100108D01001088B
:1016F000B0100108F8B58B890C46190707463BD492
:101700006268002A55DDE66A002E50D000223D684E
:101710003A6013F4805250D101233846216AB04711
:10172000421C5CD0A389E66A5B0705D56368C01AD2
:10173000636B0BB1236CC01A0246216A0023384642
:10174000B047411C3BD13B68002B38D01D2B01D04A
:10175000162B4BD100232269C4E90023616B3D6045
:1017600029B304F14403994202D03846FFF7A0FAA6
:10177000002318466363F8BD2669C6B19A0718BFEF
:101780000023256808BF63692660AD1BA3600CE0D9
:101790002B463246D4F828C03846216AE047B0F1DB
:1017A000000CA5EB0C05664412DD002DF0DC0020DA
:1017B000F8BD226C002AA6DCF9E7606DB4E70022D0
:1017C000236962602360A389DB04C7D56065C5E730
:1017D000A3894FF0FF3043F04003A381F8BD3B687D
:1017E000002B9FD01D2B06D0162B04D0A38943F0CD
:1017F0004003A381F8BD00203D60F8BD38B50B69FA
:10180000BBB10C46054608B18369B3B10D4B9C4290
:1018100011D00D4B9C4213D00C4B9C4208BFEC687E
:10182000B4F90C302BB121462846BDE83840FFF70B
:1018300061BF002038BD6C68F2E700F041F9E5E7D0
:10184000AC68EDE7F0100108D0100108B0100108F5
:1018500038B540B303690446E3B1174B1D680DB1B9
:10186000AB69CBB1154B9C420FD0154B9C4221D09C
:10187000144B9C4208BFEC68B4F90C3053B12146BC
:101880002846BDE83840FFF735BF6C68B4F90C3026
:10189000002BF4D1002038BD284600F011F9074B89
:1018A0009C42E2D1F1E7084B08491868BDE838408E
:1018B00000F0BEBAAC68DFE7000C0020F0100108B1
:1018C000D0100108B0100108AC100108FD17000885
:1018D00000207047014900F0ABBA00BFFD170008B7
:1018E00000207047682270B54D1E02FB05F50E46BC
:1018F00005F17401FFF742FA044640B100210C30B3
:10190000C4E9016005F168022160FEF735FF204659
:1019100070BD00BF274B2DE9F0411E680746B36933
:1019200053B34FF004084836D6E90134013B04D5DF
:101930001EE05A1C04F168041AD0B4F90C50013BA3
:10194000002DF6D11C4B08222946C4E90055C4E9F4
:101950000253C4E904556566A56104F15C00FEF715
:101960000BFFC4E90D55C4E912552046BDE8F081CE
:1019700035682DB12E46D7E7304600F01FF8D0E786
:101980004FF4D6713846FFF7F9F9044668B105609F
:1019900029460546C0F804800C304FF4D072A06090
:1019A000FEF7EAFE34602E46BEE70C2330603B6053
:1019B000DBE700BFAC1001080100FFFF0023334A42
:1019C0002DE9F0471268C0E912339042036508BF61
:1019D00001232F4908BF836181620546FFF79AFF03
:1019E000034628466B60FFF795FFA8602846002451
:1019F000FFF790FF04236E68DFF898A0DFF8989057
:101A0000DFF89880264FE8600822F3602146C6E997
:101A10000044C6E904447466B460B46106F15C0035
:101A2000FEF7AAFE1F4BC6E9086AC6E90A983763A3
:101A3000AE680822F3602146C6E90044C6E90444C2
:101A40007466B460B46106F15C00FEF795FE164B57
:101A5000C6E9086AC6E90A983763EE682146F3606A
:101A60000822C6E90044C6E904447466B460B4615F
:101A700006F15C00FEF780FE0123C6E9086AC6E9AC
:101A80000B87C6F82890AB61BDE8F087AC10010861
:101A9000D51800087D200008A5200008E5200008D2
:101AA000052100080900010012000200024B034951
:101AB000186800F0BDB900BFAC100108FD170008A0
:101AC000836903B97AE77047704700BF704700BF6A
:101AD000704700BF704700BF024B0349186800F011
:101AE00087B900BF000C0020D1180008024B034941
:101AF000186800F07DB900BF000C0020E118000854
:101B00009368002B00F0B7802DE9F04FB1F90C304D
:101B10000C4619078046174683B098B225D523692D
:101B20001BB310F002033D682DD04FF0000B5E4652
:101B3000DFF8B8A2002E00F08B80564533465A4697
:101B400028BF53464046216AD4F828C0E047002801
:101B500040F38780BB6883441B1A361ABB60002B96
:101B6000E8D1002003B0BDE8F08F21464046FFF7E2
:101B70003FFD002840F03681B4F90C303D6898B242
:101B800010F00203D1D110F0010976D14E46002E9B
:101B90005AD08205D4F808B040F1B580B3455A4612
:101BA00000F2CD8010F4906F00F0CB8023682169A3
:101BB000A3EB010B636903EB430A0AEBDA7A0BF13F
:101BC00001034FEA6A0A33445345524684BF9A469A
:101BD0005246430540F1EA8011464046FFF7CEF8F1
:101BE000002800F0F9805A4621690190FEF7D2FCE6
:101BF000A289019B22F4906242F08002A28103EB51
:101C00000B0023613246AAEB0B03B346C4F814A0C1
:101C1000A3602060B246002649460192FEF730FDDF
:101C2000A3682168019AA3EB0B030A44A360226016
:101C3000B868D144A0EB0A00B860002891D0B4F98C
:101C40000C0080B2002EA4D1D5E9009608359EE79D
:101C5000D5E900B608356DE721464046FFF7CEFDD1
:101C600080B3B4F90C304FF0FF3043F04003A38150
:101C700003B0BDE8F08F002070471E46AA46994683
:101C800018461D4656B3002832D04A4620682169BE
:101C9000B24228BF32468842636904D9A16803EB87
:101CA000010B5A4574DC934265DC2A464046216AA2
:101CB000D4F828C0E047B0F1000BD2DDB9EB0B0936
:101CC000CAD00120BB685D44A3EB0B03A6EB0B0657
:101CD000BB60002B3FF445AF002ED4D10AF10803BE
:101CE00053F8046C9A4653F8085C0833002EF7D07A
:101CF00032460A21284600F04DF9002869D001300B
:101D0000A0EB0509C1E72068236998421BD86369E5
:101D1000B34218D86FF0004CB44528BFB4469CFBC2
:101D2000F3FC4A4603FB0CF34046216AD4F828C072
:101D3000E047B0F1000A94DDA6EB0A0678E7B34667
:101D40003246206866E7B345DA4628BFB2464946C0
:101D50005246FEF795FCA3682268A3EB0A0352449F
:101D6000A3602260002BE7D121464046FFF746FDE5
:101D70000028E1D075E7294693460192FEF780FCE2
:101D8000A368019A9B1AA36023681A44226095E70E
:101D900029465A46FEF774FC236821465B444046B8
:101DA0002360FFF72BFD002888D05AE7404600F05B
:101DB0003DF9034600287FF422AF40462169FEF733
:101DC00077FF0C22B4F90C30C8F8002023F0800310
:101DD00049E7721C914659E70C22B4F90C30C8F857
:101DE000002040E74FF0FF30BCE600BF00FCFF7F63
:101DF0002DE9F0410026884600F14807D7E9015453
:101E0000013D0ED4A389013D012B06D9B4F90E3052
:101E1000013302D02046C04706436B1C04F168041E
:101E2000F0D13F68002FE9D13046BDE8F08100BF16
:101E30002DE9F8434FF000090746884600F14806AF
:101E4000D6E90154013D10D4A389013D012B08D9E5
:101E5000B4F90E30013304D021463846C04749EA70
:101E600000096B1C04F16804EED13668002EE7D13E
:101E70004846BDE8F88300BFF0B58B890C4699074A
:101E800097B007D5012204F14703C4E90432236067
:101E900017B0F0BDB4F90E10054600292DDB6A46D7
:101EA0000DF0CAFE002827DB019E4FF4806706F480
:101EB0007046A6F50056B6FA86F6394628467609E3
:101EC000FEF75CFF30B3A3891A4A43F08003AA628D
:101ED000C4E90407A3812060002ED9D02846B4F9B4
:101EE0000E100DF0B5FE0028D2D0A38923F0030315
:101EF00043F00103A381CBE7A38913F0800F14BF44
:101F000040274FF48067284639460026FEF736FF03
:101F10000028D8D1B4F90C309A05B9D4012123F0A6
:101F2000030304F1470243F00203C4E90421A3813F
:101F30002260ADE7D518000870B50C46B1F90E1057
:101F4000164600291D4696B013DB6A460DF074FE56
:101F500000280EDB01994FF4806301F47041A1F574
:101F60000051B1FA81F1002049092960336016B0AF
:101F700070BD0022B4F90C302A601B0604D5402342
:101F80000020336016B070BD4FF4806300203360D2
:101F900016B070BD5FFA81FC810710D00346511E58
:101FA0002AB90AE09A0718460AD0013905D318461B
:101FB00013F8012B6245F5D1704700207047114698
:101FC00003290CD80029F8D00346014401E08B42D4
:101FD000F3D0184613F8012B6245F8D1ECE702461E
:101FE00010B54CEA0C2444EA044410460368043259
:101FF0006340A3F1013E2EEA030313F0803F04D1B6
:10200000043903291046F0D851B10346014401E0D8
:102010008B4205D0184613F8012B6245F8D110BD4C
:10202000002010BD704700BF704700BFF8B51446D0
:10203000F9B1CAB106460D4600F068F8A04202D3D5
:102040002F463846F8BD21463046FEF797FE074634
:102050000028F6D022462946FEF79CFA304629464B
:10206000FEF726FE3846F8BD2746FEF721FE384625
:10207000F8BD1146BDE8F840FEF780BE10B50C462D
:10208000B1F90E100DF0CFFD002803DB636D0344A2
:10209000636510BDA38923F48053A38110BD00BFE5
:1020A000002070472DE9F0410C46B1F90C101F4695
:1020B000CB05054616460BD421F48051A1813B4641
:1020C00032462846B4F90E10BDE8F0410DF0B0BD1F
:1020D000B4F90E10022300220DF0ACFDB4F90C107F
:1020E000EAE700BF10B50C46B1F90E100DF0A2FDE5
:1020F000A389421C0EBF23F4805343F480536065D0
:10210000A38110BDB1F90E100DF08BBD51F8040C78
:102110000028A0F10400BCBF0B58C018704700BFD6
:102120002DE9F74304460D4609F0A0F800274FF0CB
:1021300012092D4EDFF8B4807080E0B2854250D98C
:1021400000232B4A0FE01CF801EBBEF1FF0F01D07A
:1021500070451BD001310929F5D10133DBB20C2BBD
:1021600002F109023BD094460021ECE7012A07D195
:10217000012B05D173888DF800708DF8017016E081
:102180008DF801308DF80010738810E0D8F8002029
:102190002AB309FB032333F81120110AD3B2120A20
:1021A000E4D1002BECD18DF800308DF801308DF8A2
:1021B0000230009806F030FBC0F307238DF80400CE
:1021C000C0F307408DF805308DF806009DF8063005
:1021D00020469DF805209DF8041007F003F901340E
:1021E000ABE703B0BDE8F083640C002014140020BA
:1021F000980C0020032805D8D82202FB00F10248E1
:1022000005F00EB9704700BF18140020074B084AAC
:1022100010B51A600023074C2370607009F026F88F
:1022200060806078BDE81040FFF7E4BF1414002020
:1022300018140020640C0020024B1878431E5842EA
:1022400058417047640C0020F0B5124B18780128F3
:102250001DD1114B1B68A3B112244A7804FB023331
:102260000A780E4933F812500E4631F8027BC4B298
:10227000AF4207D104F0070136F81110012023F80E
:102280001210F0BD01300928EFD10021F6E700203F
:10229000F7E700BF640C0020141400201C11010893
:1022A000704700002DE9F0431F4B85B01B784BB3FE
:1022B000002201AC1146104607F0CCF90025A046DB
:1022C0000A27DFF868900A2249464046FEF762F97D
:1022D00000F086FE0378EAB2B3FBF7F3934200D82E
:1022E000EAB900F07DFE03782678312B0DD9002362
:1022F000962219463046013507F074F80A2D04F18C
:102300000104E0D105B0BDE8F08300F069FE037878
:102310001D2B4FF00003EBD81A469621EAE7002365
:1023200020781A461946E6E72C40002010110108D3
:10233000F8B50D4616460446364F002845D00BF03A
:1023400045F8354B38601A69570402D51A691104EB
:1023500042D41A69520402D41B691F043ED42E4A87
:102360001169C1F38033490405D5136913F4004F93
:1023700014BF002302232A78511E042930D9062ACB
:1023800030D0002A0CBF03200020244A14B9117851
:10239000994202D11C1A18BF0124022B137023D0BA
:1023A000032B2AD0012B31D102232B7094B100F0E2
:1023B00071FA0022314600F0B7F90BF007F8184B1C
:1023C00018600AF0D6FF012005E038680AF0B3FF74
:1023D0003228B4D80020F8BD0323CCE70123CAE794
:1023E0000120D2E70220D0E703232B70002CF1D08C
:1023F00000F050FA00220621DDE701232B70002CAB
:10240000E8D000F047FA00221146D4E7002CE1D0D2
:10241000D3E700BFF814002000080040F4140020A7
:10242000F0140020014B1860704700BFF01400202A
:1024300070B503F071F90446B8B100F0CDFD284D38
:1024400002782B789A4206D000F0C6FD002203786D
:102450002B70244B1A6000F0BFFD0378022B16D0BE
:10246000032B04D00BB91F4A1360204670BD1D4DCD
:102470002E689EB90AF0AAFF286000F00BFA054604
:1024800000F008FA32460146284601F0E9FE154DF3
:102490002868C0B90AF09AFF2860E6E730460AF0DB
:1024A0004AFF47F22F539842F1D90AF08FFF286074
:1024B000112000F051FF44F620600CF0B0FB012029
:1024C00000F0F0FBE3E70AF036FF074B9842CCD967
:1024D0000AF07CFF2860012000F0E4FBC5E700BFA4
:1024E000F5140020F0140020DF93040013B58DF8DC
:1024F00007100DF10701FFF71BFF044608B9FFF7AE
:1025000097FF204602B010BD2DE9F04103F004F919
:10251000002828D020224FF4804158480DF048FE72
:1025200000BF00BF00BF00BF00BF00BF00BF00BFB3
:1025300000BF00BF00BF00BF00BF00BF00BF00BFA3
:1025400000BF00BF00BF00BF00BF00BF00BF00BF93
:10255000302383F3118803220E2148480DF048FEF2
:10256000002383F3118803F0D7F8002828D0202215
:102570004FF4004141480DF01BFE00BF00BF00BFFB
:1025800000BF00BF00BF00BF00BF00BF00BF00BF53
:1025900000BF00BF00BF00BF00BF00BF00BF00BF43
:1025A00000BF00BF00BF00BF00BF302383F311880E
:1025B00003220F2131480DF01BFE002383F3118805
:1025C0002F4B1B7873B309244FF001082D4E56F89A
:1025D000041B4A1C0BD021F00F0701F00F0108FA71
:1025E00001F50122294638460DF0E2FDBD61013CAE
:1025F00014F0FF04EBD14FF00108234E56F8041BF2
:102600004B1C0BD021F00F0701F00F0108FA01F568
:102610000122294638460DF0CBFDBD610134E4B2FC
:10262000092CEBD1002280214FF080400DF0C0FD3D
:1026300000BF00BF00BF00BF00BF00BF00BF00BFA2
:1026400000BF00BF00BF00BF00BF00BF00BF00BF92
:1026500000BF00BF00BF00BF00BF00BF00BF00BF82
:10266000302383F31188012207214FF080400DF0C1
:10267000BFFD002383F31188BDE8F081000800400E
:10268000E81E00202C11010850110108072805D070
:102690000E38012804D8072000F0E4BA0320FBE735
:1026A0007047000008B503F037F838B14FF08043A9
:1026B0004FF400129A614FF000729A61074B1B7839
:1026C0005BB1112000F048FE44F620600CF0A7FA40
:1026D000BDE80840022000F0C5BA08BDE81E002091
:1026E00010B5084C237863B100F0C2FA0338012812
:1026F0009DBF0023032023700220BDE8104000F09E
:10270000A3BA10BDE81E002008B500F065FC0378F0
:10271000022B03D100F068FC007808BD0020FCE724
:1027200000F04ABC70470000F8B50C461546064656
:10273000F8B921BB134F3B78A34200D13DB100F063
:102740004BFC0323037000F04FFC002303703C702C
:1027500004F062FA2946204600F09AFE2A462146F5
:10276000304601F07DFD2A4621463046FFF7DAFF6C
:10277000F8BD0029DED1012000F00EFADAE70220D0
:10278000FAE700BF1215002037B5044600F024FC1C
:102790000378012B0DD00025CDE9005500F01CFC7D
:1027A0000378022B07D0094B2A4619780846FFF711
:1027B000BBFF03B030BD24B1082221466846FDF7B7
:1027C000E9FE684600F026FDF3E700BF1215002081
:1027D00037B5044600F000FC0378012B0ED000252D
:1027E00000958DF8045000F0F7FB0378022B07D01A
:1027F0000D4B2A4619780846FFF796FF03B030BD07
:1028000074B163788DF80030A3788DF80130E378E7
:102810008DF8023063798DF8033023798DF8043018
:10282000684600F05BFDE9E71215002037B5044665
:1028300000F0D2FB0378012B0DD00025ADF8065037
:1028400000F0CAFB0378022B07D0114B2A461978F7
:102850000846FFF769FF03B030BD002CFBD063785A
:10286000A27843EA0223ADF80630813B022B09D857
:1028700001220DF1060002FA03F3ADF8063000F074
:1028800011FDE8E70DF1060000F0F6FCE3E700BFFC
:1028900012150020014B1878704700BF1215002058
:1028A00038B5154C00252378032B22D8DFE803F038
:1028B000020B131B0A2311488370C5700AF038FB02
:1028C0000123237038BDF6230C48C37085700AF0CD
:1028D0002FFB0223F5E7F62308488370C5700AF042
:1028E00027FB0323EDE70A2304488570C3700AF031
:1028F0001FFB2570E6E700BFFC1400200415002034
:102900007047000010B5FFF7FBFF00F079FA00F008
:1029100075FB01F03FFA00F05BF9012803D1BDE837
:10292000104000F05BB900F089F968B9074C2068E5
:1029300004F0CAFC40F6B733984205D900F00EFE09
:1029400010B104F0B1FC206010BD00BF00150020E4
:102950002DE9F04F00258FB08146CDE90255049551
:10296000ADF8145000F038FB0378012B0AD000F0CA
:1029700033FB0378022B08D05C4B2A4619780846B3
:10298000FFF7D2FE0FB0BDE8F08FB9F1000F00F0F5
:10299000A4804FF01E082022494606A8FDF7FAFD44
:1029A000534F9DF819300DF11A063B7016F8010BC4
:1029B000FDF734FC08F1FF34054414F0FF08EDB2D4
:1029C000F4D14C4E4FF0060BB2461AF8013B9BB3C4
:1029D00000242246D3B29D420BD81AF8013CA342F0
:1029E00018BF0AF8018C22E001331E2B04D11C46CB
:1029F00007E000230DF11A0111F8010BDCB20028E9
:102A0000F2D004F138036B4413F81E0C019203F06A
:102A100012F840EAC404E4B2214606A80AF058FBC2
:102A20001AF8013C019AA34202F10102D2D10BF142
:102A3000FF3B1BF0FF0BC8D14946202206A8FDF73B
:102A4000A9FD4FF000084FF001095FFA88F39D429D
:102A50000FD800F095FA002845D125480AF052FA1F
:102A600002A800F0F0FB8DE701331E2B04D11C46B9
:102A700007E000230DF11A0212F8011BDCB2002955
:102A8000F2D004F138036B4413F81E0C02F0D3FFAC
:102A900040EAC404E4B2214606A80AF019FB324613
:102AA000002312F8011BA14202D021B93B449C70C3
:102AB00008F10108C9E70133062BF2D16F2CF7D8D2
:102AC0000EAB03EBD40313F8301C04F0070409FA2F
:102AD00004F40C4303F8304CEAE708224946044862
:102AE000FDF74AFEB5E7FFF70DFFB2E7121500202C
:102AF0000A1500200C15002070B5044660B10AF0DC
:102B0000D1F90D4B834215D018460AF0C5F9BDE83E
:102B1000704001200AF0AEBB00F05EFA0378022B91
:102B200008D1054D20466B6898472046AB68BDE844
:102B30007040184770BD00BF680C002038B50446CF
:102B400088B10AF0AFF9114C84421ED00122104B1B
:102B50001A7001F051F80F480BF0F4F82046BDE868
:102B600038400AF099B90B4B1B78042B05D1074D5F
:102B70006B6898472046AB68984706480CF0E4FD20
:102B800004480DF0DFF901F03FF838BD100F0020C8
:102B9000353C0020484F002010B50C4B04461A78F5
:102BA000824204D00128187002D0022807D010BD3C
:102BB0000020FFF7A1FF2046FFF7C0FFF7E7002046
:102BC000FFF7BCFF0120FFF797FFF0E7800C002024
:102BD000014B1878704700BF800C002010B5FFF73C
:102BE00059FE0E4CB0B90E4B1B78052B12D1236841
:102BF00013B904F059FB2060206804F065FB41F62E
:102C00005733984208D9002301202360BDE81040C3
:102C100000F048B80023236010BD00BF1415002049
:102C2000484F002008B5044B186804F04DFBC72836
:102C300094BF0020012008BD1C150020014B18780E
:102C4000704700BF18150020014B1870704700BF77
:102C50001815002008B504F027FB014B186008BDCB
:102C60001C150020014B1870704700BF2015002074
:102C7000014B1878704700BF20150020302310B595
:102C800083F3118800F0A0FC002484F3118872B64D
:102C900000F052FE00F094FD04F07AFC84F31188F9
:102CA00062B610BD014B1870704700BF211500209F
:102CB00010B5074C237828B11BB1FFF7CBFF0323D6
:102CC000237010BD002BFCD10122024B1A70F8E7D3
:102CD0001815002021150020F8B50F4B0F4E1F6866
:102CE00001F001F8054618B9002434702046F8BDFB
:102CF000FFF7D0FD18B90A4B1B78042BF4D03478B9
:102D00001CB100232C463370F0E7002FEED003F007
:102D100077FFB842EAD3F4E7840C002021150020A5
:102D2000484F002008B500F0E5FF18B1BDE80840A5
:102D3000FFF778BF08BD0120704708B5FFF7FBFF1C
:102D400018B1BDE80840FFF76DBF08BD70B5FFF7CB
:102D5000A1FD044668B9084E3578012D09D100F06F
:102D60004BFF30460AF0EEFF224621462846FFF789
:102D7000DBFC012070BD00BF484F002008B5FFF705
:102D8000E5FF18B1BDE80840FFF74CBF08BD70472C
:102D900008B508F0BBF9003818BF0120044B1870C3
:102DA00008F09CF90AF0DCFAFFF7F1FF08BD00BF5C
:102DB00022150020002310B5074C2370FFF772FC8A
:102DC000FFF75CFF2378054A022B18BF032313701B
:102DD000FFF786FC10BD00BF20150020181500204D
:102DE00008B5064B1B780BB108F05EF90AF0C1FA82
:102DF00002F06EFCBDE8084003F00EBF2215002073
:102E000010B5154C2378032B1BD8DFE803F0020A1A
:102E1000131BFFF761FFA0B1FFF71CFF0123237015
:102E20000FE0FFF77FFF60B1FFF7B2FFFFF712FF80
:102E30000223F4E7FFF781FF18B1FFF70BFFFFF75D
:102E4000B9FF10BDFFF79AFF0028FAD0FFF7C8FFBF
:102E5000FFF700FF0023E2E718150020202938B50E
:102E600005460C4610D1FFF7B3FE012806D12246D5
:102E70002946BDE8384002200AF0AABF214628466C
:102E8000BDE8384000F0E0BA38BD09F0B9BE000036
:102E9000054A064B06495A60116051609A60DA6033
:102EA000002219611A707047081D0020F41C0020D0
:102EB000231500202DE9F041174C0E466768A568E0
:102EC00007F59C784545E36804D19F4206D1002070
:102ED000BDE8F08105F108029342F7E70F49226946
:102EE00001F2CF739B1A312B98BF2161322EEED89D
:102EF0002369014632461846FDF74CFB034645451B
:102F0000334428606B6018BF08354FF0010023611F
:102F10000CBFA760A560DBE7F41C00202315002090
:102F2000074A10B5D3689268934207D0D3E90014DA
:102F3000641A2246FDF72EFB204610BD0024FBE755
:102F4000F41C0020074BDA6899688A4208D0596857
:102F500001F59C70824201D1D96070470832DA6075
:102F6000704700BFF41C0020014B1878704700BF69
:102F7000F41C0020014B1870704700BFF41C0020A7
:102F8000034BD8689B68C01A18BF0120704700BF68
:102F9000F41C00200246002330B50C1812F8015B27
:102FA0002B44A242DBB2F9D1435430BD012070471B
:102FB00008B5FFF7FBFF08BD08B54FF4E1300AF094
:102FC0009BFCFFF765FFBDE8084024220021014873
:102FD000FDF7D2BB4D1E002000487047880C002032
:102FE000004870478B0C002000487047890C002077
:102FF00018B111B189B20AF0AFBC704773B5FFF7D1
:10300000B3FF03280FD8DFE800F040022D3B774BD9
:10301000186804F059F90A2805D900220220744BD7
:103020001A70FFF7A7FF734D734C0AF09FFC00283E
:1030300056D00AF087FC2A68012A38D0022A3ED0EE
:10304000002A5BD161282FD85F2804D8A0F15A0349
:10305000DBB2032BE9D8012302222B60674B2070DF
:103060001A70E2E7624A13780133DBB2282B02D8E8
:1030700013700020D5E700231370FFF763FFF8E714
:10308000FFF760FF0020FFF775FF5D48FFF748FF7F
:1030900001460028C7D05A48FFF7AAFF04F004F9F8
:1030A000524B18600120BCE7AF28BED1D3E7022302
:1030B000524A2B6013786070013B1370B5E7237898
:1030C000612B0FD163780D2B18D10A2816D1FFF789
:1030D0004BFF012802D10320FFF74CFF00232B6098
:1030E00002B070BDAF2B09D16378602B06D10323EA
:1030F0002B60424BA0700130187096E73F49531C7B
:103100002B600B78A054013BDBB20B70002B8CD1F1
:10311000194639488A421FD1A25C9A4230D1032213
:10312000384901A8FDF736FA032101A80AF014FC7A
:1031300020462978FFF73CFF0028D1D02378602B68
:1031400010D8592B1CD95A3B062B19D8DFE803F0AD
:103150001B1F3F431818470010F8016B013133441F
:10316000DBB2D7E7AF2B0BD1A678202E08D12649AA
:1031700032462648FDF70EFA31462448FFF785FE11
:1031800000232B6051E76278214B5A70F8E763788F
:10319000313B052BF4D801A252F823F0B5310008D9
:1031A000BD310008C33100088131000881310008B9
:1031B000C93100080122164B1A70E1E70222144BB4
:1031C000FAE70322124BF7E70422114BF4E7627887
:1031D0000F4BDA70D4E762780D4B9A70D0E76078C5
:1031E000431E58425841FFF763FDC9E7B81E00204F
:1031F000B51E0020481E0020911E00204C1E0020FD
:103200004D1E002074110108941E0020711E002024
:10321000880C00201FB5002301930293ADF80C30F9
:10322000A123082201460DF105008DF80430FDF7B9
:10323000B1F901A80921FFF7ADFE0A21FFF73AFE17
:1032400005B05DF804FB1FB50023CDE90033029300
:103250000393A2230E2201460DF101008DF80030E8
:10326000FDF798F968460F21FFF794FE1021FFF74C
:1032700021FE05B05DF804FB002307B50193A323ED
:10328000022201460DF105008DF80430FDF782F9A8
:1032900001A80321FFF77EFE0421FFF70BFE03B018
:1032A0005DF804FB37B5022504462A460A4901A801
:1032B000FDF770F900238DF80630A4238DF8043053
:1032C0002378294601A88DF80530FFF763FE032116
:1032D000FFF7F0FD03B030BD600F0108002307B514
:1032E0000093ADF804308DF80630A823052201467E
:1032F0000DF101008DF80030FDF74CF9684606210C
:10330000FFF748FE0721FFF7D5FD03B05DF804FB8A
:1033100030B50021054687B0112201A80091FDF7C4
:103320002BFA2846FDF73EFCC4B2122C11D8A92373
:10333000224629460DF102008DF800308DF801403B
:10334000FDF728F9A11C6846FFF724FE1521FFF7B9
:10335000B1FD07B030BD000037B5022504462A464E
:103360000A4901A8FDF716F900238DF80630A623B7
:10337000294601A88DF804308DF80540FFF70AFEB4
:103380000321FFF797FD03B030BD00BF600F0108B8
:1033900030B50C4600218FB005462D2202A80191C0
:1033A000FDF7EAF92E2C11D8AB23224629460DF160
:1033B00006008DF804308DF80540FDF7EBF8A11CF0
:1033C00001A8FFF7E7FDE11CFFF774FD0FB030BD6A
:1033D00030B50C4600218FB005462D2202A8019180
:1033E000FDF7CAF92E2C11D8AC23224629460DF13F
:1033F00006008DF804308DF80540FDF7CBF8A11CD0
:1034000001A8FFF7C7FDE11CFFF754FD0FB030BD69
:103410001FB5002304220293ADF80C30AD2340EA1F
:10342000014001900DEB02010DF109008DF808300B
:10343000FDF7B0F802A80521FFF7ACFD0621FFF764
:1034400039FD05B05DF804FB30B50C4600218BB0AA
:103450000546202202A80191FDF78EF9202C14D1F7
:10346000AF238DF804306123224629460DF1070071
:103470008DF805308DF80640FDF78CF8232101A862
:10348000FFF788FD2421FFF715FD0BB030BD0000CC
:1034900010B50C46062851D8DFE800F004212C3581
:1034A0003E4709001120BDE81040FFF755BF30200E
:1034B000FFF752FF002C41D012212148FFF768FF8F
:1034C00018212048FFF784FF43F22D404EF2C641F9
:1034D000FFF79EFF5220FFF73FFF5120E3E7312027
:1034E000FFF73AFF54B35220FFF736FF1648FFF7B5
:1034F0000FFFF2E73220FFF72FFFFCB15220FFF75A
:103500002BFF1248F3E73320FFF726FFB4B1522018
:10351000FFF722FF0E48EAE73420FFF71DFF6CB1EA
:103520005220FFF719FF0B48E1E73520FFF714FFA2
:1035300024B15220FFF710FF0748D8E710BD00BFA5
:10354000781101088A110108A2110108AC110108C3
:10355000B6110108C0110108CC11010808B5FFF728
:103560000FFD20B95320FFF7F7FE012008BD002012
:10357000FCE7000010B5C4B20B2C03D0122C0ED007
:10358000012000E00220FFF76DFB2046FFF77EF8E8
:103590000CF0E7FD4FF0FF32024B5A6110BD0420E2
:1035A000F1E700BF001800400023054A0549C2E9C1
:1035B00000130133102B02F10802F8D1704700BF4D
:1035C000A84B0020753500082DE9F041FFF7ECFF0E
:1035D00002F0A2F8002800F0938009254FF00108BE
:1035E000724E56F8041B481C0CD021F00F0701F056
:1035F0000F0108FA01F421460522384624040CF094
:10360000D7FDBC61013D15F0FF05EAD10624012676
:103610003027674D55F8040B411C2ED000F00F01E8
:10362000202206FA01F120F00F000CF0C1FD00BFCE
:1036300000BF00BF00BF00BF00BF00BF00BF00BF92
:1036400000BF00BF00BF00BF00BF00BF00BF00BF82
:1036500000BF00BF00BF00BF00BF00BF00BF87F3B7
:10366000118855F8040C022200F00F0120F00F0021
:103670000CF0BEFD002383F31188013C14F0FF041D
:10368000C8D100224FF480614FF080400CF090FDD3
:1036900000BF00BF00BF00BF00BF00BF00BF00BF32
:1036A00000BF00BF00BF00BF00BF00BF00BF00BF22
:1036B00000BF00BF00BF00BF00BF00BF00BF00BF12
:1036C000302585F3118803220A214FF080400CF049
:1036D0008FFD002484F3118885F3118801220C21C9
:1036E0004FF080400CF084FD84F3118806212320E4
:1036F0000CF0DEFAFEF708FFBDE8F0410CF012BD59
:1037000009254FF001082B4E56F8041B4A1C0CD01B
:1037100021F00F0701F00F0108FA01F421460522FC
:10372000384624040CF044FDBC61013D15F0FF0552
:10373000EAD10624012630271F4D55F8040B431CFF
:103740002ED000F00F01202206FA01F120F00F0028
:103750000CF02EFD00BF00BF00BF00BF00BF00BFC8
:1037600000BF00BF00BF00BF00BF00BF00BF00BF61
:1037700000BF00BF00BF00BF00BF00BF00BF00BF51
:1037800000BF00BF87F3118855F8040C022200F037
:103790000F0120F00F000CF02BFD002383F31188A4
:1037A000013C14F0FF04C8D16BE700BFD811010839
:1037B0007C120108FC1101087C120108704700000E
:1037C00008B50AF04FFB03222B4B2C499A620C22BE
:1037D000DA62D1F890202A4822F01802C1F890202D
:1037E00000229A62DA62D3F8402C03F5406342F477
:1037F00080721A641A6C4FF4006142F002021A647B
:1038000001225A63DA67DA6608225A615A695A61F4
:103810005A6942F001025A619A6C42F4C0629A6499
:103820009A6C9A6C42F480429A649A6CDA6C42F018
:103830000802DA64DA6C9A6C42F480529A649A6CE8
:10384000DA6C42F01002DA6440F28232DB6C0CF087
:10385000AFFC40F282324FF400714FF080400CF028
:10386000A7FC40F282324FF480614FF080400CF0B0
:103870009FFCFFF7A3FF08BD0000014000040140CA
:10388000000800404FF0E02210B500210124136928
:1038900023F001031361224B224A5A6100228B005C
:1038A00003F1604303F56143D3F80001D040C00742
:1038B00048BF04FA02F002F1010248BFC3F88001D8
:1038C000202AF1D101310829E8D1174C636843F06F
:1038D00000736360154B1A6802F009021A601A68D7
:1038E00042F46C3242F004021A6040F2B3321A62BF
:1038F0000F4B43F001039847236943F0040323610E
:1039000030BF0C4B43F0010398474FF0E02223698E
:1039100023F004032361136943F00103136110BD15
:1039200000180040FFFF070000ED00E0000001402C
:103930005412010820120108FFF7A4BF0B8807B535
:10394000A3F5FC43032B1ED8DFE803F002213B550F
:10395000364A012013789278C3F3420302F007023B
:103960000DF107018DF80730FEF7E2FC9DF80730F6
:10397000042B02D013F0FD0F05D1FEF78BFF0122BF
:103980001146FEF7D1FE002003B05DF804FB274A84
:10399000012013789278C3F3420302F007020DF17D
:1039A00007018DF80730FEF7C3FC9DF80730042BA4
:1039B00002D013F0FD0FE6D1FEF76CFF01220221C9
:1039C000DFE71A4A012013789278C3F3420302F02A
:1039D00007020DF107018DF80730FEF7A9FC9DF8ED
:1039E0000730042B02D013F0FD0FCCD1FEF752FFAD
:1039F00001220321C5E70D4A012013789278C3F311
:103A0000420302F007020DF107018DF80730FEF7BF
:103A10008FFC9DF80730DA1E012A01D9002BB2D1A4
:103A2000FEF738FF01220621ABE700BFA4490020C2
:103A300008B540F282324FF400714FF080400CF034
:103A4000B7FBBDE8084040F282324FF480614FF08E
:103A500080400CF0ADBB000010B50A4C238803F089
:103A60000E0363F0FE032380A37823F00F0343F0DB
:103A70000103A370FEF714FC2068BDE8104003F0BA
:103A800072B800BFA4490020002310B586B08DF89D
:103A90000C3004938DF8143055238DF8083005232D
:103AA00004AC8DF809008DF80A108DF80B2019462A
:103AB000009402AA0F2004F0C1F906B010BD000066
:103AC00008B503F04EF8044B186018B9BDE808407B
:103AD000FFF7C2BF08BD00BFA449002008B5FFF72B
:103AE000EFFF09F073FC3C4B186001F015FE01225A
:103AF000202100285CD04FF080400CF059FB07F0EB
:103B0000B5FB18B14FF0804320229A6101224FF497
:103B100080714FF080400CF04BFB07F0A7FB20B109
:103B20004FF080434FF480729A6120224FF480411D
:103B30002A480CF03DFB20224FF4004127480CF0AE
:103B400037FB4FF4003326480122836102210CF039
:103B50002FFB002280214FF080400CF029FB4FF416
:103B6000004120224FF080400CF022FBFEF7D8FDF0
:103B700009F02CFC1B4B186003F097F81A4B1878CF
:103B80000009FEF743FB07F04DFB184BC0F307227B
:103B90001870C0F307405A709870FFF721FA144B61
:103BA000027814491A700F20BDE8084004F038B9B3
:103BB0004FF080400CF0FCFA01224FF480714FF07E
:103BC00080400CF0F5FA07F051FB0028ADD04FF023
:103BD000804320229A61A5E7E41E002000080040EF
:103BE00000040040EC1E0020A4490020A049002051
:103BF00030400020F95500084FF40032014B9A6123
:103C0000704700BF000400400222014B9A617047D8
:103C1000000400407FB5FFF70BFF042200210DF1E7
:103C20000900FCF7A9FD002204AB04928DF81420D2
:103C30000093CC2205238DF80820194602AA0F20F4
:103C400004F0FCF807B05DF804FB10B501F064FD6A
:103C500070B107F00BFB18B14FF0804320229A613E
:103C600007F004FB20B14FF080434FF480729A615B
:103C7000FEF710FE0446FEF70DFE00220146204628
:103C8000FEF752FDFFF7C6FF09F0A0FBBDE81040AC
:103C9000FEF7C8BB7FB5042200210DF10900FCF737
:103CA0006BFD002204AB04928DF814200093BB221C
:103CB00005238DF80820194602AA0F2004F0BEF84B
:103CC00007B05DF804FB08B501F026FD38B14FF0F0
:103CD00080434FF400129A614FF080729A61BDE800
:103CE0000840FFF7D7BF08B5FEF7D4FD003818BF6E
:103CF000012008BD10B586B001F00EFD48B30023C9
:103D0000ADF80A308DF80C3004938DF81430AA23E6
:103D10008DF808301A4B04AA1B780F208DF8093053
:103D200005230092194602AA04F088F8154B1B7867
:103D300013F00E0F0DD004224FF480614FF080403D
:103D40000CF036FA04224FF400714FF080400CF072
:103D50002FFAFEF79FFD78B90B4B1B7863B90B4C1C
:103D60002378012B08D00222094B20469A610CF0DF
:103D7000E9F820460BF0E8FC012006B010BD00BFBA
:103D8000E81E0020A4490020C81E0020484F002043
:103D90000004004038B5144D144C2868C8B109F02F
:103DA000CAFA632815D97020FFF7D6FA5520FFF715
:103DB000D3FA5720FFF7D0FA0022217811F00E0F26
:103DC0000CBF01201046C1F34201FEF7ADFC0023F9
:103DD0002B60A27821780020BDE8384002F007026D
:103DE000C1F34201FEF782BBEC1E0020A449002073
:103DF000554B37B51880A0F5FC400C46032800F25F
:103E0000A080DFE800F002355778504A012013788F
:103E10009278C3F3420302F007020DF107018DF817
:103E20000730FEF785FA9DF80730042B02D013F017
:103E3000FD0F1AD16579464C002D7DD0FEF72AFD85
:103E4000012805D0FEF726FD00220121FEF76CFCBB
:103E5000237833B940F6B8303B4A3E4907F01CFEA0
:103E6000207009F0B3FAFEF7DDFA002003B030BD90
:103E7000364A012013789278C3F3420302F0070216
:103E80000DF107018DF80730FEF752FA9DF8073063
:103E9000042B02D013F0FD0FE7D165792C4C002DD7
:103EA0004AD0FEF7F7FC0228D2D0FEF7F3FC00223E
:103EB0000221CBE7254A012013789278C3F342030D
:103EC00002F007020DF107018DF80730FEF730FA16
:103ED0009DF80730042B02D013F0FD0FC5D1657992
:103EE0001B4C4DB3FEF7D6FC0328B1D0FEF7D2FC35
:103EF00000220321AAE7154A012013789278C3F320
:103F0000420302F007020DF107018DF80730FEF7BA
:103F10000FFA9DF80730DA1E012A01D9002BA4D12F
:103F200065790B4C45B1FEF7B5FC062890D0FEF73D
:103F3000B1FC0022062189E7207807F0BBFD25703F
:103F40008FE7012092E700BFD61E0020A449002081
:103F5000F31E00203D3900082DE9F04104460D46CE
:103F600001F07AFC0646A0B3244B1A783AB16A797C
:103F70002AB10022114610461A7005F06BFBFFF7BC
:103F80002BF80378022B03D109F020FAFEF74AFA46
:103F900045F223239C4207D047F643039C4218D0A6
:103FA00045F221239C4217D195F80580B8F1000F06
:103FB0000FD1FEF741F9074658B1114E33782BB1B6
:103FC0002946204686F80080FEF73EF9012333702B
:103FD0003E463046BDE8F081FEF72EF90028F8D0C5
:103FE000A4F5A443203B1F2BF3D96B79002BF0D011
:103FF00029462046FEF728F90026EAE7F21E0020AF
:104000005040002013B507F0C7F80128374C0CD1F9
:1040100007F008F9C0F3072310F0FF008DF8053012
:1040200013D1DBB2C3B10323237023780133DBB296
:104030000B2B237020D10023237007F047F823783F
:104040002B4AD05C07F0A4F822E0782810D005D8DD
:10405000282809D0502809D00923E5E7A02809D04D
:10406000C828F9D10823DFE70423DDE70523DBE7D0
:104070000623D9E70723D7E70A2BDED107F0D2F8CA
:10408000FF21C0F30742002007F0C9F807F036F817
:1040900007F0C8F82378C0F30742092B24D8DFE8DB
:1040A00003F01D2323050C0F1215181BFF21002000
:1040B00002B0BDE8104007F0B2B8FF212820F7E7B2
:1040C000FF215020F4E7FF217820F1E7FF21A02015
:1040D000EEE7FF21C820EBE70021E8E7FF2002B070
:1040E000BDE8104007F040B9C820F8E7E91E0020FD
:1040F0008C0C002030B587B0FEF7CCFB20B93E4BCE
:104100001B780BB1FEF7CCFBFEF7FCFB4FF08043B6
:104110001B693A4CC3F3C013237001F0FDFA40B39E
:10412000374D286809F007F9B0F57A7F21D309F0F7
:104130004DF90023ADF80A308DF80C3004938DF85A
:104140001430F1238DF80830237804AA8DF8093053
:1041500005232860194600920F2002AA03F06EFE84
:1041600038B109F033F9274B9DF811201860264B20
:104170001A704FF080431B69244AC3F3C033137095
:10418000227882B3002B14BF66246424204D286853
:1041900058BB09F01BF928602046FFF7DDF85320D3
:1041A000FFF7DAF801F0B8FAC0B11A4C206809F04C
:1041B000C2F8B0F5FA6F11D909F008F92060FEF7DE
:1041C0000FFF154D03782B70FEF764FB0446FEF7D6
:1041D00061FB2A7801462046FFF756FC07B0BDE890
:1041E000304002F07EBD6524D0E709F0A4F8B0F5B8
:1041F0007A7FCED8D6E700BF2D400020C81E002011
:10420000E01E0020E41E0020DC1E0020BC1E00205A
:10421000D01E0020D81E00203040002073B5154667
:1042200006461C46019109F0D1F8084B032218609C
:10423000074B64001E60074B01A91D60064B074831
:104240001C60FCF7A7F902B070BD00BF001F002082
:10425000F41E0020F81E0020041F0020FD1E002078
:10426000F7B55E4B5E4D0E462F7814461A70FEF77A
:1042700011FBC7F34207874213D0FEF70BFB2B78E5
:1042800000F0070060F343032B7003F00E032BB123
:1042900003289EBFAB7860F30203AB70286802F07E
:1042A00062FC711E052900F29780DFE801F0031F10
:1042B000374F677FFF237CB100228DF806308DF8E1
:1042C00004208DF805200123C8221120019903B094
:1042D000BDE8F040FFF7A2BF8DF806304FF4FA7248
:1042E00001238DF804408DF80540EEE7FF235CB113
:1042F00000228DF806308DF804208DF8052001236A
:10430000C82212200199E2E78DF806304FF4FA72C4
:1043100001238DF804408DF80540F2E7FF235CB1DE
:1043200000228DF806308DF804208DF80520012339
:10433000C82213200199CAE78DF806304FF4FA72AB
:1043400001238DF804408DF80540F2E7FF235CB1AE
:1043500000228DF806308DF804208DF80520012309
:10436000C82229200199B2E78DF806304FF4FA727D
:1043700001238DF804408DF80540F2E7FF235CB17E
:1043800000228DF806308DF804208DF805200123D9
:10439000C8222A2001999AE78DF806304FF4FA7264
:1043A00001238DF804408DF80540F2E7FF238DF8D6
:1043B00004304CB10023C8228DF805308DF806304A
:1043C00001231420019982E701234FF4FA728DF83A
:1043D00005408DF80640F4E703B0F0BDFC1E002058
:1043E000A449002010B5FEF7F7FD0378022B0CD08E
:1043F000FEF750FA0446FEF74DFA064B01461A78CE
:104400002046FFF72DFF012010BD01F03BFB0020EF
:10441000FAE700BFFC1E002070B5164C2068D0B132
:1044200008F089FF144B154D1B68984208D2144BB5
:1044300018682B6813F0010313D11A46194614E0CB
:1044400008F0C4FF2B68206033B900232360FFF716
:10445000C9FF0028EBD170BD013B2B60002BE6D1DA
:10446000F3E708498B784A780978BDE8704004F092
:10447000B9BF00BF001F0020F81E0020041F00204D
:10448000F41E0020FD1E0020F7B50C4C1D462378BD
:1044900006461746019173B90123237008F096FF71
:1044A0006D006060032201A904F11100A760E560BE
:1044B0002674FCF76FF803B0F0BD00BF3440002055
:1044C00010B5124C237803B3606808F034FFA3687A
:1044D00098420FD308F07AFFE368606033B9002395
:1044E0002370636000231A46194609E0013BE3602C
:1044F000002BF4D0E368DB07F4D5E37CA27C617C7D
:10450000207CBDE8104004F06DBF10BD3440002099
:1045100013B501F001F900284AD0264B1C78B4B13C
:10452000254B26491A78264B1B785BB100230B607C
:10453000002A3DD01A46FF213F2002B0BDE81040BE
:1045400004F050BF0B609AB3FF221946F4E7FEF760
:1045500047FD0378052B29D8FF238DF805408DF8FA
:1045600004308DF80640012347F230523F20019974
:10457000FFF78AFFFEF734FD0378CBB90F4C2368B1
:1045800013B908F023FF2060206888B108F0D3FE3B
:104590004EF6602398420BD9002301202360094B7B
:1045A000187002B0BDE81040FEF77CBB034B1C60E6
:1045B00002B010BDC81E0020D41E0020C41E002062
:1045C000BC1E0020E81E00202DE9F34106461D46D2
:1045D000182000231746134A019100FB03F111F83C
:1045E00002808C18B8F1000F17D10123237008F056
:1045F000EDFE6D0060600322A760E560267401A9EE
:1046000004F11100FBF7C6FFFF2E0ABF064BC4F8EA
:104610001480636102B0BDE8F0810133632BDCD10B
:10462000F8E700BF58400020BD4600081FB5002431
:104630008DF800408DF801408DF80240009901236B
:10464000FA223620FFF7C0FF8DF804408DF80540B0
:104650008DF8064001990123FA224220FFF7B4FFAA
:104660008DF808408DF809408DF80A400299012321
:10467000FA224320FFF7A8FF0123FA2241208DF8F8
:104680000C408DF80D408DF80E40039904B0BDE844
:104690001040FFF799BF102307B58DF804308DF84F
:1046A00005308DF80630FA220323FF200199FFF729
:1046B0008BFF012003B05DF804FB00001822144BAF
:1046C00082B002FB0030437C6E2B10D1827CE2B9B9
:1046D000C27CD2B98DF804308DF805208DF8062003
:1046E0000123FA22FF20019902B0FFF76DBF63B9E1
:1046F000837C6E2B09D1C37C3BB98DF804308DF8D7
:1047000005306F238DF80630EAE702B0704700BF2E
:1047100058400020094A0023114610B5147C8442F9
:1047200006D1182253430022C818C260CA5410BDD3
:104730000133632B02F11802F0D1F8E75840002052
:1047400070B586B005460E46FFF706FC18B9002482
:10475000204606B070BD31462846FFF749FB0446A7
:104760000028F4D0452D7FD81D2DF1D91E3D272DD1
:10477000EED801A353F825F00D4C0008554C000865
:104780009D4C0008F14C0008454D0008914D000873
:10479000D34D00081B4E0008634E0008AB4E0008C6
:1047A000514700088B4F0008F54F0008514700089B
:1047B00051470008F34E00083B4F000851470008DE
:1047C0005147000851470008514700085147000869
:1047D00051470008B94F00085147000851470008E9
:1047E0005147000851470008434900087D49000827
:1047F000B7490008F14900082B4A0008654A00083B
:104800009F4A0008D94A0008254B00085F4B000862
:10481000994B0008D34B0008A5F5FC45053D022D3A
:1048200000F25584DFE815F0620512043D04A5F599
:10483000F045433D092D8BD801A353F825F000BF67
:1048400071520008514700085147000851470008BD
:1048500051470008514700081B51000875510008D6
:10486000ED5000080751000847F64C039D424BD815
:1048700047F642039D42DAD8B5F5A44F00F0A5846F
:104880001FD8E32D00F00385E72D7FF461AFA14D24
:10489000287801F0D0F8022840F01C859E4B1B7848
:1048A000DB067FF555AFFDF7C7FC00287FF450AF5E
:1048B0007579E720002D00F0158500F097FF2C4654
:1048C00046E745F202239D4200F0A98447F2130314
:1048D0009D427FF43DAFFDF7AFFC002840F0B88368
:1048E0007579002D3FF434AF00236E228DF810301F
:1048F0008DF811208DF81230FA220123FF2004993F
:10490000FFF762FE2C4623E747F607639D423FF61A
:104910001FAF47F603639D423FF67EAFB5F5F84FF4
:1049200000F0CA8347F603439D427FF411AF7479C8
:104930007A4D002C00F0D78308F048FD0024286051
:1049400006E7774B9B78D9067FF502AF714D287843
:1049500001F071F8022805D1747954B9AF2000F044
:104960005BFFF5E6287801F066F803287FF4F0AEE7
:10497000F2E7AF2000F03AFF0024E9E6684B9B78AD
:10498000DA067FF5E5AE634D287801F054F8022889
:1049900005D1747954B9AA2000F03EFFD8E62878F2
:1049A00001F049F803287FF4D3AEF2E7AA2000F023
:1049B0001DFF0024CCE65A4B9B78DB067FF5C8AE82
:1049C000544D287801F037F8022805D1747954B98C
:1049D000A92000F021FFBBE6287801F02CF803287D
:1049E0007FF4B6AEF2E7A92000F000FF0024AFE6A6
:1049F0004B4B9B78DD067FF5ABAE464D287801F03A
:104A00001AF8022805D1747954B9A82000F004FFDF
:104A10009EE6287801F00FF803287FF499AEF2E7BC
:104A2000A82000F0E3FE002492E63D4B9B78D806D8
:104A30007FF58EAE374D287800F0FDFF022805D1B6
:104A4000747954B9AD2000F0E7FE81E6287800F0D3
:104A5000F2FF03287FF47CAEF2E7AD2000F0C6FE43
:104A6000002475E62E4B9B78D9067FF571AE294D53
:104A7000287800F0E0FF022805D1747954B9AC2001
:104A800000F0CAFE64E6287800F0D5FF03287FF422
:104A90005FAEF2E7AC2000F0A9FE002458E6204B00
:104AA0009B78DA067FF554AE1A4D287800F0C3FFE4
:104AB000022805D1747954B9AE2000F0ADFE47E666
:104AC000287800F0B8FF03287FF442AEF2E7AE206A
:104AD00000F08CFE00243BE6114B9B78DB067FF553
:104AE00037AE0C4D287800F0A6FF022805D1747966
:104AF00054B9AB2000F090FE2AE6287800F09BFF26
:104B000003287FF425AEF2E7AB2000F06FFE00240F
:104B10001EE600BF0E1F0020C0490020CC1E002052
:104B2000A4490020984B9B78DD067FF511AE974D88
:104B3000287800F080FF022805D1747954B9B1209B
:104B400000F06AFE04E6287800F075FF03287FF481
:104B5000FFADF2E7B12000F049FE0024F8E58A4BF2
:104B60009B78D8067FF5F4AD884D287800F063FF78
:104B7000022805D1747954B9B52000F04DFEE7E55F
:104B8000287800F058FF03287FF4E2ADF2E7B52063
:104B900000F02CFE0024DBE57B4B9B78D9067FF5EB
:104BA000D7AD7A4D287800F046FF022805D17479F8
:104BB00054B9B22000F030FECAE5287800F03BFF7F
:104BC00003287FF4C5ADF2E7B22000F00FFE002409
:104BD000BEE56D4B9B78DA067FF5BAAD6B4D287854
:104BE00000F029FF022805D1747954B9B42000F0EF
:104BF00013FEADE5287800F01EFF03287FF4A8AD72
:104C0000F2E7B42000F0F2FD0024A1E55E4B9B78B2
:104C1000DB067FF59DAD5D4C207800F00CFF02288F
:104C20000ED0207800F007FF032809D074793A20CD
:104C30001CB100F075FF00248AE500F0B9FF87E59C
:104C40007479BE201CB100F06BFF002480E500F0F9
:104C5000AFFF7DE54C4B9B78DD067FF579AD4B4C86
:104C6000207800F0E8FE02280ED0207800F0E3FE65
:104C7000032809D074793B201CB100F051FF0024B7
:104C800066E500F095FF63E57479BD201CB100F086
:104C900047FF00245CE500F08BFF59E53A4B9B7819
:104CA000D8067FF555AD394C207800F0C4FE0228B7
:104CB0000ED0207800F0BFFE032809D074793C2084
:104CC0001CB100F02DFF002442E500F071FF3FE52C
:104CD0007479E32034B100F023FF2B2000F020FF93
:104CE000002435E500F064FF2B2000F061FF2FE584
:104CF000254B9B78D9067FF52BAD244C207800F00E
:104D00009AFE02280ED0207800F095FE032809D0E4
:104D100074793D201CB100F003FF002418E500F079
:104D200047FF15E57479E32034B100F0F9FE08205F
:104D300000F0F6FE00240BE500F03AFF082000F03A
:104D400037FF05E5104B9B78DA067FF501AD0F4C78
:104D5000207800F070FE02280ED0207800F06BFE64
:104D6000032809D074793E201CB100F0D9FE00243C
:104D7000EEE400F01DFFEBE473790BB90024E7E4E7
:104D800006F0E6FA0024E3E4A44900200E1F002008
:104D9000954B9B78DB067FF5DBAC944C207800F0DC
:104DA0004AFE02280ED0207800F045FE032809D0E4
:104DB00074793F201CB100F0B3FE0024C8E400F079
:104DC000F7FEC5E47379002BD8D006F0ADFA0024C5
:104DD000BEE4854B9B78DD067FF5BAAC834C20782A
:104DE00000F029FE02280ED0207800F024FE0328CF
:104DF00009D0747940201CB100F092FE0024A7E491
:104E000000F0D6FEA4E47479AC201CB100F088FE5A
:104E100000249DE400F0CCFE9AE4734B9B78D80606
:104E20007FF596AC714C207800F005FE02280ED07C
:104E3000207800F000FE032809D0747941201CB1CD
:104E400000F06EFE002483E400F0B2FE80E474798A
:104E5000AE201CB100F064FE002479E400F0A8FE4E
:104E600076E4614B9B78D9067FF572AC5F4C207875
:104E700000F0E1FD02280ED0207800F0DCFD0328D0
:104E800009D0747942201CB100F04AFE00245FE48E
:104E900000F08EFE5CE47479AB201CB100F040FEA3
:104EA000002455E400F084FE52E44F4B9B78DA0670
:104EB0007FF54EAC4D4C207800F0BDFD02280ED0A1
:104EC000207800F0B8FD032809D0747943201CB184
:104ED00000F026FE00243BE400F06AFE38E474791A
:104EE000A8201CB100F01CFE002431E400F060FE9C
:104EF0002EE43D4B9B78DB067FF52AAC3B4C2078BB
:104F000000F099FD02280ED0207800F094FD0328CF
:104F100009D0747944201CB100F002FE002417E48B
:104F200000F046FE14E47479AA201CB100F0F8FDEC
:104F300000240DE400F03CFE0AE42B4B9B78DD06D8
:104F40007FF506AC294C207800F075FD022810D0C2
:104F5000207800F070FD03280BD07479452024B12F
:104F600000F0DEFD0024FFF7F3BB00F021FEFFF7A9
:104F7000EFBB7479A92024B100F0D2FD0024FFF723
:104F8000E7BB00F015FEFFF7E3BB174B9B78D80695
:104F90007FF5DEAB164B1B7813F00A057FF4D8AB18
:104FA0007479352024B100F0BBFD2C46FFF7D0BB4F
:104FB00000F0FEFDFFF7CCBB0B4B9B78D9067FF5CD
:104FC000C7AB0B4B1B7813F00A057FF4C1AB7479A8
:104FD000292024B100F0A4FD2C46FFF7B9BB00F056
:104FE000E7FDFFF7B5BB00BFA44900200E1F00205E
:104FF000121F00207579DDB101F050FC10F0220F76
:105000003FF4A6AB0122C04BC04C1A7001F046FC25
:1050100000F02200207001F04FFC462000F0E6FB7B
:1050200001F000FD207801F03FFC0024FFF790BB69
:10503000B54B1A78002A3FF48BAB46201D702C46E6
:1050400000F0EAFB01F0EEFCFFF782BB737913B9C5
:105050000024FFF77DBBAE4D0024AB7883F0100237
:10506000C2F3001262F30413AB70286801F07BFDF9
:10507000F0238DF80830AB7804AAC3F300138DF841
:10508000093005230092194602AA0F20ADF80A4004
:105090008DF80C4004948DF8144002F0CFFEFFF719
:1050A00057BB73799B4A23B101211C461170FFF74E
:1050B0004FBB1370FFF74CBB7579002D3FF448AB25
:1050C00001F036FD2C4608F0CFF9FFF741BBFDF7A4
:1050D000B3F804460028BBD17379002BB8D0FEF793
:1050E00091FFFFF735BB2C60FFF732BB7379002BC4
:1050F0003FF42EAB06F040F9D6287FF629ABFFF738
:1051000095FAFFF725BB7379002B3FF421AB06F02E
:1051100033F95F283FF61CABF1E77579002D3FF4BA
:1051200017AB05F0D3FF00F0F7FA30B14FF0804332
:1051300020229A614FF480729A6106F097F89528C0
:105140007FF606AB06F092F800F13C039BB2962B7B
:1051500028BF9623DBB28DF810308DF811308DF812
:105160001230FA22022336200499FFF72DFA2C463A
:10517000FFF7EEBA7579002D3FF4EAAA06F076F84B
:105180001E283FF6E5AA0024002320461A461946A9
:10519000013404F027F9442CF6D106F067F800F149
:1051A0003C039BB2962B28BF9623DBB28DF81030C0
:1051B0008DF811308DF81230FA2202234220049922
:1051C000FFF702FA2C46FFF7C3BA7379002B3FF4BE
:1051D0003FAF00210E20FFF79DFAFF234E4C8DF8C4
:1051E00010308DF811308DF81230FA2203230F2081
:1051F0000499FFF7E9F9207800F01DFC022808D196
:10520000002000F0D1FB002000F0EFFF0024FFF7AA
:105210009FBA207800F00FFC0328F7D1F0E77379EC
:10522000002B3FF415AF00210F20FFF773FAFF2387
:10523000394C8DF810308DF811308DF81230FA227B
:1052400003230E200499FFF7BFF9207800F0F3FB49
:1052500002280AD0207800F0EEFB032805D00220B7
:1052600000F0A2FB002000F0C0FF0024FFF770BA9E
:105270007379002B3FF46CAA05F08EFF1D287FF494
:1052800067AA1F2005F084FF0024FFF761BA224DB2
:10529000287800F0D0FB022811D1204B1B78DA06C9
:1052A0007FF556AAFCF7C8FF00287FF451AA75794C
:1052B000E3205DB100F09AFA2C46FFF749BA28784E
:1052C00000F0B9FB03287FF443AAE6E700F0A4FA54
:1052D000FFF73EBA287800F0AEFB03287FF438AA27
:1052E000FFF7DCBA00F098FAFFF732BA084B0C4A25
:1052F0001B78002413F00E0318BF737903F0010329
:105300001370FFF725BA00BFF01E0020F11E002029
:10531000A4490020D41E00200E1F0020C0490020F8
:105320002C400020F8B500252E461D4C237873B183
:10533000606808F000F8A368984212D308F046F8B5
:10534000E36860604BB9636926706660C3B9013574
:10535000632D04F11804E9D1F8BD013BE360002B93
:10536000F1D0E368207C13F0010311D0FF28677CA3
:10537000A17CE37C07D11A46384604F06BF9E6E7D6
:10538000E8B29847E3E70A46394604F02BF8DEE72F
:10539000FF281A4602D119461846EEE71946F4E7E7
:1053A000584000207FB500F0B7F9A0B104220021D9
:1053B0000DF10900FBF7E0F9002204AB04928DF82F
:1053C00014200093DD2205238DF8082019460F20B4
:1053D00002AA02F033FD00220B4B1A7001F0F2FB1F
:1053E00003F0C8FF094801F0B4FBFFF754F940B1DE
:1053F00007F0ECFFFDF716F807B05DF804EBFEF7D9
:105400006DBB07B05DF804FB970C0020C04900207D
:105410002DE9F34105F02AFF00F13C04A4B2962CDB
:1054200028BF9624694BE4B21E78AEB100249623BF
:105430008DF804408DF806308DF80540019803F092
:10544000EBF9C0F30742C0F30721C0B204F002F940
:10545000204602B0BDE8F0815D4D286840B107F0FC
:105460006AFF40F6B833984202D9FFF79BFF2E60DF
:1054700007F044FD800705D5002321461A46022087
:1054800003F0B0FF534D287800F0D5FA02280ED073
:10549000287800F0D0FA032809D04F4B1B78D906A2
:1054A00005D5002321461A46012003F09BFF4B4DF2
:1054B000FEF7B2FF2B7863B9494E306807F03BFF27
:1054C000B0F5FA6F16D901232B7007F07FFF30601B
:1054D00010E0444B1B786BB9FCF7AEFE38B9FEF711
:1054E000EFFFFFF715F807F071FF3D4B18602B78C1
:1054F000002BE1D03C4FFFF715FFBB78DA0609D54A
:105500001625002328461A462146013503F06AFF76
:10551000232DF6D1354B364D1868A0B307F00BFF9D
:10552000B0F5FA6F2FD2334B2A781B78003B18BFA7
:1055300001239A4247D0FDF7ADF9B0FA80F56D0925
:105540004FF00108002621E065B1B0F5C87F36D2E2
:10555000650833462A462146162003F043FF3346AA
:105560002A4628E0B8F1000F29D0BB78DB0626D404
:1055700064082B4622462946162003F033FF2B46AB
:105580002246294618E02E780025A84607F01EFF7F
:105590004FF44873B0FBF3F202FB1300002ED3D09C
:1055A000B0F5C87F0BD2002321461A46162003F01F
:1055B00019FF00231A4621461D2003F013FFFCF7B4
:1055C00071FE012045E70025BAE700BFF21E00206A
:1055D000CC1E00200E1F0020C0490020970C002088
:1055E000C01E0020D51E0020A4490020E41E00207B
:1055F000C81E0020DC1E002038B51C460B780D4666
:10560000CC2B41D006D8AA2B15D0BB2B33D0552B91
:1056100009D038BDF02B3ED0F12B43D0DD2BF8D193
:10562000FFF7C0FE04E0002289786878FDF77CF877
:1056300000232370EDE7214B1B7813F00E0F0DD0E4
:1056400004224FF480614FF080400AF0B1FD042243
:105650004FF400714FF080400AF0AAFD0023237040
:105660006B78174A003B18BF012301201370BDE877
:105670003840FDF717BB4FF400124FF080439A619A
:105680004FF080729A61D3E720224FF080439A61F5
:105690004FF48072F6E7094B49789A7861F3041267
:1056A0009A70C5E707F092FE064B6A781860064BC1
:1056B0001A70064B1B786370BAE700BFA44900203C
:1056C000E81E0020E41E0020DC1E0020C81E002072
:1056D00008B5104B00209A78197802F00702C1F340
:1056E0004201FCF703FF41F2883009F098FA00F01C
:1056F00013F805F0BBFD4FF0804328B120229A61DA
:105700004FF480729A6108BD4FF400129A614FF015
:105710008072F7E7A449002010B5054C002220460E
:105720004FF400710AF044FD2069C0F3402010BD21
:105730000004004003280DD80B290BD8082A09D8EB
:105740006C2301EBC10103FB0011034B0A4433F846
:105750001200704701207047A4120108032808D8DE
:1057600039B9054B82F0010202EB400033F810001A
:1057700070470120704700BF94120108A0F58073A4
:10578000B3F5F85F10B526D210F4805F00F4807393
:1057900000F4007400F4806100F400620DD0002B6E
:1057A0000CBF002010200CB140F0200009B140F0E7
:1057B00040000AB140F0800010BD181E18BF012043
:1057C0000CB140F0020009B140F00400002AF3D00F
:1057D00040F00800F0E70020EEE710B50C46FFF7B8
:1057E000CDFF2346BDE8104018470000A0F1E003BC
:1057F000072B10B5044600D940B920460449FFF7ED
:10580000ECFFE0B2BDE8104000F08AB90149F6E7CC
:10581000715C00089960000810B50446C0B200F041
:10582000C7F9A4F1E003072B00D92CB9034920469E
:10583000BDE81040FFF7D1BF0149F8E7835C0008DD
:10584000AB600008012070470120704708B5FFF7E2
:10585000FBFF08BD0120704701207047704770476B
:1058600008B5FFF7FCFF08BD01207047704770477F
:1058700013B502AB03E903000F4B1B78B3B99DF8D6
:10588000053073B16AB100F063FD0446014600982B
:1058900000F01CFD2046009902B0BDE8104001F068
:1058A000DBBB009800F034FD0446F3E7009800F0FD
:1058B0004FFD0099F0E700BF0D1F0020034610B414
:1058C00000885C880A4640EA0440998810BCFFF7CB
:1058D000CFBF10B504460121FFF7F0FF2146FFF7C7
:1058E000B1FF30B101212046FFF7E8FF2146FFF765
:1058F000ADFF00F0010010BD38B500210446FFF7F0
:10590000DDFF05462146FFF7A9FF21462846FFF7A0
:10591000A7FF38BD38B501210446FFF7CFFF214668
:105920000546FFF797FFB8B321462846FEF708FF64
:1059300090B32146284607F067F868B32146284609
:1059400006F070FF40B32146284606F091FA18B3DE
:105950002146284606F066FAF0B12146284602F0B4
:1059600047FEC8B12146284602F08CFEA0B1214670
:10597000284606F0A5FF78B12146284601F0B4FC80
:1059800050B12146284601F0BFFC28B121462846E7
:10599000BDE8384001F0D4BC002038BD012303FA33
:1059A00000F0C0B200F0F3BB10B504460120A040E7
:1059B000C0B201F0CCF82046BDE81040FFF7EEBFC2
:1059C0000120704708B5FFF7FBFF08BD10B504467E
:1059D00000F08CFB2046FFF747FF2046FFF7F2FF61
:1059E00010BD08B50120FFF7F1FFBDE8084007F042
:1059F0003BBD08B50020FFF7E9FFBDE8084007F010
:105A000059BD08B5FFF732FFFEF75DF905F046FA1C
:105A100000F033F8BDE80840012005F00FBB08B5E1
:105A200000F030F8002005F009FBFFF720FFBDE88B
:105A30000840FEF70AB9034600091CBF03460420CC
:105A40009A081EBF13460230C0B25B081CBF01306B
:105A5000C0B2704701207047704738B50546FFF760
:105A6000F9FF044610B12846FFF7F6FF204638BD7F
:105A7000704708B5FFF7F1FF08BD08B50020FFF734
:105A8000F8FF08BD08B507F023FAFFF7F2FF08BDDD
:105A900010B507F01DFA074B04461A78824207D06A
:105AA000187007F093FC044B18602046FFF7E1FFE5
:105AB00010BD00BF0C1F0020081F00201FB56C4642
:105AC00084E803009DF805300BB100F013FF0023BC
:105AD000ADF80E3094E80300ADF80C10C9B2029096
:105AE00002AC29B994E8030000F05EFE04B010BDDA
:105AF0002046FFF7EEFE0028F4D1F7E70379012BEB
:105B000002D1008800F044BC704708B529B106F006
:105B100045FBBDE8084006F015BC06F09DFBF8E724
:105B200010B50446002840D0031FDBB2A02B0ED8CE
:105B300007F068FA20B1204607F0F6FA00F072FF8D
:105B4000204607F0D3FABDE8104000F06BBF00F12B
:105B50002003DBB2072B07D800F007040120A04088
:105B6000C0B200F0A1FEEEE700F15B03DBB2022B56
:105B700005D8BDE81040243880B207F0E5B900F13F
:105B80005803DBB21A2B06D8BDE81040074A32F89A
:105B9000130007F0F5B93334E4B2122C05D806F03F
:105BA000FDFABDE8104006F0CDBB10BD041601089B
:105BB00008B50346A0B3021FD2B2A02A05D807F049
:105BC000B3FABDE8084000F02DBF00F12002D2B2C8
:105BD000072A07D800F0070301209840C0B200F060
:105BE0006BFEEEE700F15B02D2B2022A04D8BDE8F8
:105BF0000840002007F0A8B900F15802D2B21A2AD2
:105C000004D8BDE80840002007F0BAB93333DBB24E
:105C1000122B05D806F020FBBDE8084006F092BB29
:105C200008BD000038B50C460546FFF779FF9CB16A
:105C300040F2E73009494FF47A72A4FB0141201881
:105C40004FF0000341F10001FAF7D0FA08F0E7FF46
:105C50002846FFF7ADFF38BD0120F7E7A086010019
:105C600008B539280CBF50210021FFF7DBFF08BD24
:105C700008B528B100F018FEBDE8084000F0D2BE1B
:105C800008BD08B528B100F017FEBDE8084000F0D7
:105C9000C9BE08BD2DE9F047877981460C46457994
:105CA00000F0F2FD3F09064608B32E46FDB1C4F3ED
:105CB000072303F0F002402A0CD0E1B201F12002E8
:105CC000D2B2072A26D903F0E003202B02D1012902
:105CD00020D90FB3A04B5E7816F0040607D002203F
:105CE00000F0DCFE00F0D0FD80F00106F6B2C4F357
:105CF000033ABAF10B0F3ED8DFE81AF0100010009B
:105D000049004900A300BA003D003D00BF001D014D
:105D1000300130010026EAE73E46E8E7C4F30723F6
:105D2000C4F3032713F0F00F18BF3F01E4B285B1AD
:105D300057B104F12003DBB2072B384600D92CB948
:105D400000F0B2FD00F06EFE204640E000F0C2FD23
:105D5000F8E72046FFF72CFF6FB104F12003DBB218
:105D6000072B384600D914B900F0A6FD01E000F079
:105D7000B9FD00F057FEAAF1080ABAF1030F00F2CC
:105D8000428107F0A5F8BDE8F047FFF772BEC4F303
:105D9000072303F0F003C4F30328202BE4B218BF59
:105DA0004FEA08182CB1012C34D0002D3CD0DFB1C3
:105DB000CAE7694B5B785A0714D45DB1B8F1000F9C
:105DC00004D0404600F070FD00F02CFE0020FFF7EC
:105DD000A7FED0E72846FFF7EBFEB8F1000FCAD0C8
:105DE0004046C1E755B11FB94046FFF741FFC2E742
:105DF000012FC0D1404600F09DFDBCE7002FBAD175
:105E00004046FFF73EFF404600F0A2FD404600F04E
:105E10007DFDB0E715B1052FADD8E5E7042FAAD871
:105E20004046FFF72EFFA6E7002FF9D0392C0CBF14
:105E30004FF4FA50012008F0F2FE2046FFF7B8FEBA
:105E400099E714F4406FC4F3812307D0012B92D15A
:105E500065B1C4F3090007F093F88CE725B1C4F3EA
:105E6000090007F071F886E72846FAE72846F2E7C6
:105E70002946E0B2FFF749FE7DE714F4407F29D1BF
:105E8000002D7FF478AFC4F342108000C2B204F05A
:105E90000F0014F0100300FA02F0C5B21EBF0F206D
:105EA0009040C043C4F3812418BFC3B2022C43EA1C
:105EB000050009D0032C0AD0012C02D000F072F9A1
:105EC00059E700F067F956E700F074F953E700F07E
:105ED0005EF950E7C4F301220DB312F0010F3FF455
:105EE0004AAFC4F342108000C2B204F00F0014F0B5
:105EF000100300FA02F0C5B21EBF0F209040C0434D
:105F0000C4F3812418BFC3B2022C43EA05000CD0AD
:105F1000032C0DD0012C05D000F098F92BE712F0DE
:105F2000020FDCE700F08AF925E700F097F922E795
:105F300000F04EF91FE7E7B2C4F3032425B1204671
:105F400000F05AF9384650E73846FFF79AFE2046E7
:105F500000F05EF90FE700BFC04900205FFA84F847
:105F6000A8F1F003042B39D8DFE803F003220E1563
:105F70001E003DB1042F3FF6FEAEC4F3042000F036
:105F800051F9F8E6052FF6E7C4F30420002DDFD120
:105F900000F032F9EFE625B1C4F3042000F025F952
:105FA000E9E600F01FF9E6E6224B5B785B0704D4D4
:105FB000C4F30420002DCBD0EAE72DB10321C4F3B4
:105FC000042000F049FDD6E6012000F067FD012F16
:105FD0007FF6D1AE022000F061FDCCE62DB10FB10D
:105FE0004046F4E6C4F30420D2E74FB1B8F1390FCC
:105FF0000CBF4FF4FA50012008F011FE40461DE797
:10600000C4F30420A4E79EB100F036FC10F00100B8
:106010000ED189F8050000F029FC00F0EDF84846A3
:1060200000F01CF800F022FCBDE8F04700F0F0B8EA
:10603000BDE8F087C049002038B5018804464079A2
:1060400000F0B2F9054600F011F900F09FF829467A
:106050002046BDE83840FFF71DBE0000037910B5AB
:106060000446B3B1FFF756FC68B900F00DFC80B1EF
:10607000637973B1074B5B785B070AD5BDE81040C5
:10608000022000F00BBD2046FFF7D6FF2046FFF7A9
:1060900033FC10BDC049002008B528B100F01AFC3F
:1060A000BDE8084000F0BEBC08BD08B528B100F04E
:1060B00019FCBDE8084000F0B5BC08BD08B50020DB
:1060C00006F042FF002006F05BFF00F013FC00F03A
:1060D000A9FC06F053F9BDE8084006F033B908B54D
:1060E00007F040F8BDE80840FFF7E8BF08B500F04A
:1060F000EBFBBDE80840FFF7F2BFC0F30333062B0C
:10610000C2B213D094BF0E33063303F00F03012B3A
:1061100010D8F02A10D004D8E72A8CBF0020012024
:106120007047F42A14BF002001207047E72A03D9E2
:10613000F12AF7E7002070470120704708B50346B1
:10614000007930B1188800F023F9BDE80840FFF766
:10615000D4BF08BD82B002AB03E9030002B07047B0
:1061600082B002AB03E9030002B07047704708B584
:10617000FFF7FCFF08BD704708B5FFF7FCFFFFF70E
:10618000F6FF014B187008BD0E1F00207047FFF787
:10619000F3BF0000024B1B781843FFF7EDBF00BFB1
:1061A0000E1F0020024B1B781840FFF7E5BF00BF11
:1061B0000E1F0020024B1B785840FFF7DDBF00BFC9
:1061C0000E1F0020704708B5FFF7FCFF08BD7047A1
:1061D00008B5FFF7FCFFFFF7F6FF014B187008BD8D
:1061E000121F00200020FFF7F3BF012303FA00F085
:1061F000C0B2FFF7EDBF0000012303FA00F0034B2C
:106200001B781843C0B2FFF7E3BF00BF121F002086
:106210000123034A8340107820EA0300FFF7D8BF28
:10622000121F0020012303FA00F0034B1B78584093
:10623000C0B2FFF7CDBF00BF121F0020024B1B787A
:106240001843FFF7C5BF00BF121F0020024B1B7889
:106250001840FFF7BDBF00BF121F0020024B1B7884
:106260005840FFF7B5BF00BF121F0020704701F074
:106270000703C90830B501EB41010124013911447C
:1062800000229C40E4B211F8015F20FA02F343F3CC
:1062900000036B40234001326B40032A0B70F2D1A4
:1062A00030BD002210B500F00704C00800EB40002C
:1062B000014410468B5CE34003F00103934001323C
:1062C0001843032AC0B2F5D110BD000017B40C4624
:1062D000ADF80400C1B2C0F307200B280AD8082982
:1062E0000ED801EBC001084A0144204603B010BC9F
:1062F000FFF7BDBF031DDBB2012B01D8034AF4E752
:1063000003B010BC704700BF131F00200F1F0020F8
:1063100082B0ADF80400C3B2C0F307200B2808D840
:10632000082B0DD803EBC0030749184402B0FFF750
:10633000B8BF0430C0B2012802D818460349F5E7B7
:10634000002002B0704700BF131F00200F1F002065
:1063500073B507240C4BADF804001E780B4B1B786B
:106360001E4346FA04F3DB07E5B205D4013CF8D23C
:106370000025284602B070BD2846019900F08BFE2A
:1063800080B20128F2D0F4E7121F00200E1F002077
:1063900007B5ADF804000198FFF7DAFF019903B0E3
:1063A0005DF804EB00F077BE13B5104BADF80410A8
:1063B0001B782BB1019802B0BDE81040FFF7E8BF91
:1063C00070B10198FFF7C4FF044601460198FFF73A
:1063D0007DFF2046019902B0BDE8104000F05BBE91
:1063E0000198FFF795FF0446F3E700BF0D1F00205B
:1063F00010B5012404FA01F104FA02F20A43D1B201
:1064000002408A4204FA03F406BF2043C0B2A0430C
:1064100010BD000008B513460A460146034800783F
:10642000FFF7E6FFBDE80840FFF7D2BE121F0020CD
:10643000F8B50C4B0C4E1C780C4D3378A34200D1B0
:10644000F8BD05EBC40335F834005F889A88D98815
:1064500040EA074042EA01410134FFF781FE04F0BF
:106460000704EAE7871F0020861F0020461F002040
:10647000064B10B418885C889A88D98840EA044092
:1064800042EA014110BCFFF76BBE00BF3E1F002077
:106490001A4AF8B5937913F0F00F0AD1537943B142
:1064A000174B18491B780D7816885788164CAB4245
:1064B00000D1F8BD04EBC3010879D0B134F8330042
:1064C000B04216D14879A0B94888C01B80B2C7280D
:1064D0000FD80120937960F3071393718B7960F3E0
:1064E00007138B710548FFF7B9FDBDE8F840FFF7CA
:1064F0009FBF013303F00703D9E700BF3E1F002011
:10650000871F0020861F0020461F0020F0B50D4B7E
:106510000D4C1B7826780D4CB34201D10020F0BD04
:1065200004EBC3056F788F4206D114F833708742AD
:1065300002D16D79954203D1013303F00703EBE7F4
:106540000120ECE7871F0020861F0020461F002047
:106550002DE9FF47E8460446924D06220146404693
:10656000FAF718F82B7967792279C3B9AAB18FB1F4
:106570002046FFF7E3FD064660B108222146284683
:10658000FAF708F82846FFF7B9FAFFF781FFFFF797
:106590006FFF4CE02046FFF761FD012647E0B4F8AD
:1065A00002906B886E79A9EB03039BB2002E00F07A
:1065B000B280C72B00F28A80002A38D0AB792988B4
:1065C00013F0F00F228850D191420FD1002F40F0EC
:1065D000E380012262F30713AB71FFF749FF2846FE
:1065E000FFF73CFDAB79A371002620E0002F40F0BF
:1065F000D38025783A4628466178FFF787FF2846FA
:10660000FFF784FF05460028EED10098FFF7C0FE93
:10661000C0F30332032AC3B20DD8012A15D910F4EE
:10662000706F17D0A27912F0F00F13D12E463046BA
:1066300004B0BDE8F087063202F00F02012A0ED93D
:106640002046FFF70BFD3546F0E710F4706F01D0E0
:10665000002BEBD02033DBB2072BE7D9F0E7EF2B91
:10666000E4D90F33DBB2022BF7E791420AD14FB9DD
:106670002046A371FFF7F2FC082221462846F9F7CD
:1066800089FF84E72046FFF759FD002882D0002FBC
:1066900080D0AB791F2B0FD92A8802A8ADF808202B
:1066A0002A79ADF80A908DF80C2000228DF80E3072
:1066B0008DF80D20FFF7D2FC082221463948F9F762
:1066C00069FFFFF7E5FEFFF7D3FE66E7AB7913F04E
:1066D000F00A0ED198E80300FFF73CFD2846FFF7CB
:1066E000BDFC082251462846FAF746F8FFF7C0FEDF
:1066F0007AE7002A9BD0298822889142C2D1002FB4
:10670000C0D12046A371FFF7A9FC082239462846CC
:10671000FAF732F88BE7C72B34D8002A3FF43DAFA5
:106720003E46002F3FF436AF2A8823889A421CD178
:10673000AB79DA0713D413F0F00210D0F02AA3716A
:1067400006D0DBB2C3F30312013262F30713A37165
:106750002046FFF783FC0822214612488FE70822D3
:1067600021461048F9F716FF61E72046FFF7E6FCDF
:106770000028A1D1AB79204643F00103AB71FFF7AC
:106780006DFC54E798E80300FFF7E4FC082231466B
:106790002846F9F7F1FFFAE6AB7943F00103AB7154
:1067A00022E700BF3E1F0020F0B585B06C4684E8AC
:1067B00003002046FFF7CCFE284F0646284D68B15F
:1067C0009DF804301BB194E80300FFF7C9FC254C89
:1067D00028783B78834226D105B0F0BD9DF804208F
:1067E00002AB94E8030083E80300002AEFD0387876
:1067F0002A78441C04F0070494420AD01946194B25
:10680000082203EBC000F9F7C5FE3C70FFF710FE4D
:10681000DDE7FFF76BFC0822314613483E702E700F
:10682000F9F7AAFFD3E704EBC000FFF791FE0028B9
:10683000D2D02B7834F8330004EBC3035E889A88F7
:10684000D98840EA064042EA0141FFF789FC2B78EB
:10685000013303F007032B70BAE700BF861F002047
:10686000871F0020461F00203E1F0020014B187884
:10687000C0087047D81F0020024B187800F00700AE
:10688000704700BFD81F0020034B187810F0070096
:1068900018BF0120704700BFD81F0020014B187897
:1068A000704700BFDB1F0020024B1A78104318709E
:1068B000704700BFDB1F0020024A137823EA000361
:1068C00013707047DB1F00200022014B1A707047C5
:1068D000DB1F0020024B1A7810431870704700BF6E
:1068E000DC1F0020024A137823EA0003137070476C
:1068F000DC1F00200022014B1A707047DC1F0020B3
:10690000704708B5FFF7FCFF08BD000008B5054A51
:106910001378034204D023EA00001070FFF7F1FF60
:1069200008BD00BFD91F0020704708B5FFF7FCFF66
:1069300008BD000008B505490B7830EA030C03D008
:1069400003430B70FFF7F1FF08BD00BFDA1F002003
:1069500008B5054A1378034204D023EA00001070FA
:10696000FFF7E3FF08BD00BFDA1F002008B5044BA6
:106970001A781AB100201870FFF7D7FF08BD00BFC2
:10698000DA1F002010B5084B1C78084B1B781C43FD
:10699000074B1B782BB11C4306F010FB08B1FFF727
:1069A000E5FF204610BD00BFDB1F0020DC1F0020DC
:1069B000DA1F002038B50B4C2568FFF7E3FF28707D
:1069C0002468082220460849F9F7B0FD48B121465D
:1069D00008220548F9F7DEFD2046BDE8384006F0FC
:1069E00091BA38BDD00D0020D01F002038B50B4C17
:1069F0002568FFF7C7FF68702468202220460849F1
:106A0000F9F794FD48B1214620220548F9F7C2FD67
:106A10002046BDE8384006F07FBA38BDD40D0020CE
:106A2000B01F002008B506F045FA40B1064B93F9B7
:106A30000030002B03DABDE80840FFF7D7BFBDE800
:106A40000840FFF7B7BF00BFC0490020704708B536
:106A5000FFF7FCFF08BD0000094A10B55278520745
:106A60000AD5084C41EAC0012170FFF7C5FB207828
:106A7000C008FFF7ECFF10BDBDE81040FFF7BCBB3E
:106A8000C0490020D81F0020002008B5024B187014
:106A9000FFF7DDFF08BD00BFD81F002008B50A4A78
:106AA000137823EA0000107042070CD198420AD0F4
:106AB000064B5B785B0706D5C008FFF7A9FBBDE86E
:106AC0000840FFF7E1BF08BDD81F0020C0490020E3
:106AD0000246094808B54378C3F38001914209D0C2
:106AE00062F38203437000F036F8BDE808400220EC
:106AF000FFF7D4BF08BD00BFC0490020044B587841
:106B0000C0F3800080F0010000F00100FFF7E0BF5B
:106B1000C04900200120FFF7DBBF0020FFF7D8BFEE
:106B2000704708B5002000F06AFCFFF7F9FF08BDC8
:106B300000F032BC08B500F020FC18B1BDE80840F8
:106B400005F00CBF08BD00F032BC00F03BBC00F00B
:106B50003CBC00F03EBC00F043BC00F045BC00F083
:106B600047BC00F049BC00F04ABC00F04CBC00F04F
:106B70004EBC000007B500F0FDFB00F008FC002350
:106B800068468DF8003000F019FC01200B4B18709E
:106B900000F01BFC0A4B01A81B88ADF8043000F084
:106BA0001FFC02F0E7FBFBF77BFB05F008FFFFF79C
:106BB000B8FF02F0D3FB03B05DF804FB0E1F00200A
:106BC000660F0108FFF7D6BF73B506F035FC0B4D15
:106BD00004462B8883420ED00026ADF8006006F0F4
:106BE0002BFCADF80460ADF8020002AB13E9030022
:106BF000FEF764FF2C8002B070BD00BFF01F0020C4
:106C0000014B186800F060BBE41F0020014B1868BE
:106C1000704700BFE81F002008B500F045FB024B9D
:106C20001860024B186008BDE41F0020E81F002018
:106C3000014B1868704700BFE01F002008B500F046
:106C400033FB024B1860024B186008BDE41F0020A4
:106C5000E01F0020014B1868704700BFEC1F0020A8
:106C6000074B91421860074B196038BF1146064B1D
:106C70001A60064B81422CBF19601860704700BF34
:106C8000E81F0020E01F0020EC1F0020E41F002070
:106C90007047704708B5FFF7FCFF08BD704708B59F
:106CA000FFF7FCFFFFF7F6FF08BD7047704708B518
:106CB000FFF7FCFFFCF712FF08BD01207047000042
:106CC00008B5054800F0CCFB01F0B6F9FFF7E0FF8E
:106CD000BDE80840FFF7E3BFE5720008FEF71CBD02
:106CE0007047704708B5FFF7FBFFFDF703FAFFF7A2
:106CF000F8FF08BD08B5FFF71DFF08B9FFF762FFF1
:106D00000848FFF720FF0848FFF723FF04F020FEA4
:106D1000FFF71BFFFFF73BFA044B1878BDE808406C
:106D2000FFF751BAF21F0020C0490020121F0020B7
:106D300008B506F049FB00F0A3FA05F054FE00F098
:106D40007DFD04F095FB00F093FCFFF7D3FF06F008
:106D5000AFF8FEF78DFE04F043F904F0FDFD00F0FE
:106D60007FFDBDE80840FFF7A2BF70B504460D46A1
:106D7000164602F029FD324629462046BDE87040FD
:106D800006F0C4BA08B5FEF7C7FC18B1BDE8084064
:106D900006F08FB808BD00002DE9F04F85B0FFF771
:106DA0008CFF88B9FFF710FFFFF7ECFF04F076F8CF
:106DB00004F008FC08B1FFF741FF05F007FB05B040
:106DC000BDE8F04FFEF764BEDFF8C88000F0A2FC1B
:106DD00046460024E0B236F8025B00F051FB0B2C73
:106DE00054D0854204F10104F4D02B4B1B789B074F
:106DF00001D500F04BFBFFF771FF002701905FFA10
:106E000087F9484600F03CFB38F8026B0446B04274
:106E100036D04FF0000A01254640B6B22E4224D0AB
:106E2000019B2C4214BF4FF0010B4FF0000BBBB184
:106E30005146484606F05EFA90B98DF808A08DF8E4
:106E4000099006F0F9FA4FF00103ADF80A008DF849
:106E50000C308DF80DB002AB93E80300FEF72EFE68
:106E60005A4651464846FFF780FF0AF101035FFA90
:106E700083FA6D00BAF1090FADB2CFD128F8024CF8
:106E800001370C2FBBD1FFF7C7FE8DE78542ACD190
:106E900088E700BFA8490020F21F002038B500F0A5
:106EA00005F9B0F5A44F044643D2B0F5A04F80F0E9
:106EB000AC80DF2816D8CC2800F28A80A7280AD810
:106EC000A42878D8012804D0031F9BB2A12B28BF87
:106ED0000024204638BDA0F1A8039BB21A2B6FD91D
:106EE0000024F6E7B0F5804F19D2B0F5005F80F0CE
:106EF000A080E728EDD9A0F580739BB2B3F5F85FC9
:106F0000EED2C0F3072000F057F90546E0B200F0DA
:106F1000CDF82D0205F4F8550543ACB2D9E7C0B25F
:106F200000F0C4F804F47064044344F42044A4B2B0
:106F3000CFE7B0F5A54F21D245F25F23984251D853
:106F400045F23F2398420ED845F21F23984242D87B
:106F50000124C0F3850300F00300844044EA431495
:106F600044F40D44E3E70124C0F3820300F003007E
:106F7000844044EA431444F40C44D8E745F2BF2368
:106F800098420AD845F29F23984200F01F0034D857
:106F90004AF2F40444EA00249BE7A0F5A543403BF1
:106FA0009BB21F2B9CD8040204F4F85444F42044F0
:106FB00044F0F0048DE7A0F1240444F48044B6E7E3
:106FC000244B5834E4B233F8144044F4884480E746
:106FD00040F4A044ABE74AF2F10300F01F0443EA97
:106FE000042476E70124C0F3820300F00300844008
:106FF00044EA431444F40A4499E700F0DDF804023B
:1070000004F4F85444F4005463E700F01F0000F067
:10701000D3F8C30648BF0001C4F343144FEA042465
:107020004CBF00F0F00000B2204340F4104084B2A6
:107030004FE7C0F3042000F0BFF80546E0B200F0CF
:1070400035F82D0205F4F85545EA000444F40054DF
:107050006DE700BF3A16010882B0ADF80410CBB25C
:10706000C1F307210B2905D8082B11D81A4602B005
:1070700004F089BDFD2905D153B90122194602B09A
:1070800004F08EBDFC2903D113B91A461946F6E760
:10709000002002B0704707B5ADF804100199FFF762
:1070A000DBFF03B05DF804EBFFF7F8BEE72850D82C
:1070B000DF2807D8312865D00ED8292858D02A28AB
:1070C00067D07047A0F1E003072B42D8DFE803F058
:1070D0001541242933413D42392804D0822802D069
:1070E000352840D07047334B1A7892075CD15B78D3
:1070F00013F0080F18BF292070472E4A1378D907BC
:107100004ED4527812F0010F23D013F0100F08BFA5
:10711000E32018BF00207047264B1B7813F0040FA4
:10712000F2E7244A137859073CD45278D2073BD46B
:1071300013F0100FEDE71F4B5A78910709D51B7814
:1071400013F0100F08BFE720E3E71A4B1B781A076C
:10715000F6D47047174A1378190727D45278910745
:10716000E6D5E4207047134B1B7813F0200FC1E7DE
:10717000104B1A7892061BD45B7813F0080F18BFD7
:10718000392070470B4B1B7813F0400F18BF2A2093
:107190007047084B1B7813F0400F18BF3120704721
:1071A00039207047E2207047E0207047E6207047A2
:1071B0003520CEE7C049002010B5304C21784B0770
:1071C00013D500F01402A2F1040C00F01803DCF156
:1071D000000242EB0C02A3F1080CDCF1000343EBCC
:1071E0000C039A4218BF80F00C000B0713D500F077
:1071F0001402A2F1140C00F01803DCF1000242EBBF
:107200000C02A3F1180CDCF1000343EB0C039A42CF
:1072100018BF80F00C006478E30713D500F011026A
:1072200002F1FF3C00F01803DCF1000242EB0C021B
:10723000A3F1080CDCF1000343EB0C039A4218BFE6
:1072400080F00900A30711D500F0110200F0180327
:10725000A2F111046242A3F1180C6241DCF10003B7
:1072600043EB0C039A4218BF80F00900CA0603D50D
:10727000030748BF00F0E70010BD00BFC049002071
:107280000022014B1A607047C449002010B5044623
:10729000FEF742FA20B906F099F8024B241A1C6056
:1072A00010BD00BFC449002008B5FEF735FA18B17B
:1072B000BDE8084006F08AB806F088F8014B1B6864
:1072C000184408BDC449002010B50446FEF724FA4E
:1072D00020B12046BDE8104006F02DB8FFF7E4FFCE
:1072E000001B10BD00207047A0F5A543603B1F2B7D
:1072F00010B507D84C791CB900F01F00FEF754FBFD
:10730000204610BD0124FBE708B503464879A8B123
:1073100047F65B4293420ED047F65C42934206D05A
:1073200047F65A42934205D1FFF7F4FB01E0FFF71D
:10733000E5FB002008BDFFF7F0FBFAE70120F9E7C5
:1073400008B50346487998B147F6014293420CD0FC
:1073500047F60342934206D0B3F5F84F02D1FEF749
:1073600040FB002008BDFFF7E3FBFEF742FBF8E718
:107370000120F7E7002000F061BE08B5002000F012
:10738000D8FD4FF6E363C31A5842584108BD4FF683
:10739000E361002000F034BE08B5002000F04EFE8E
:1073A000BDE808404FF6FF71002000F029BE10B57F
:1073B0000446022000F0AEFD207010BD01780220CE
:1073C00000F010BE032000F0A5BD0146032000F030
:1073D00009BE10B50446042000F0ABFD208010BDAE
:1073E0000188042000F00CBE0822172100F028BEFE
:1073F0000822172100F0DCBD0F2000F0A9BD0146D6
:107400000F2000F00BBE01460E2000F0EBBD08B5CA
:10741000132000F09DFDA0F55D735842584108BD52
:1074200070B50E4605461446FFF7A1FB014680B134
:107430003444B4F55D7F88BF40F2993406F12501EC
:1074400098BF2534641A2246284600F0F9FD2046EC
:1074500070BD22462846F9F78FF9F8E700207047FB
:10746000014B1860704700BFD80D0020704708B569
:10747000FFF7FCFF08BD704708B5FFF7FCFF08BD2C
:10748000014B33F810007047E249002070474FF479
:10749000346007F0FBB900BF00BF00BF00BF00BFF2
:1074A00000BF00BF00BF00BF00BF00BF00BF00BFE4
:1074B00000BF00BF00BF00BF00BF00BF00BF00BFD4
:1074C00000BF00BF00BF704708B5FFF7E0FF08BD71
:1074D000704708B5FFF7FCFF08BD00007FB5FEF759
:1074E0001BF91E4D04461E4A60B30023107801A903
:1074F00005EB400001930293039300F0C5F9194E88
:1075000080B1194B0C22187801A905EB4000F9F75E
:107510000DF80123337060B90024FFF7ADFF20465A
:1075200004B070BD3378002BF6D001900290039028
:1075300030700D4B0C22187801A905EB4000F9F7CB
:1075400029F8EAE7084B1178187805EB410105EBBB
:10755000400000F0FBF9FFF7BCFFE0E7E249002044
:10756000FA490020F31F0020C849002008B5302345
:1075700083F31188012100F00F039940202220F0AD
:107580000F0008F015FE002383F3118808BD0000EA
:1075900038B509240B4D55F8040B421C01D0FFF7F8
:1075A000E5FF013C14F0FF04F5D10624064D55F823
:1075B000040B431C01D0FFF7D9FF013C14F0FF047A
:1075C000F5D138BDDC0D0020000E00202DE9F84378
:1075D000DFF89480174658F8213005465A1C0E46AD
:1075E00040D0302282F31188012223F00F0903F0EA
:1075F0000F0302FA03F421464846240408F0D8FD9C
:10760000C9F81840002484F31188FFF744FF6FEA9B
:10761000070C1648AA1E0A3550F8041B32F8023F20
:10762000B1F1FF3F1AD021F00F0EDEF810E001F0AB
:107630000F012EFA01F1C90710D401243B43138036
:107640009542E9D158F82600431C01D0FFF78EFF80
:1076500021463046BDE8F843FFF736BF0CEA030386
:107660001380EDE7BDE8F883DC0D0020000E00205C
:10767000F0B591B000F0DCF8F0B91F4C01AD0FCCC3
:107680000FC594E8030085E803001C4E01AF0FCF3F
:107690000FC695E80300083407AD86E803000FCC59
:1076A0000FC50FCC0FC52668154C2E6007AD0FCD4A
:1076B0000FC40FCD0FC4266000F0BAF8002814BF25
:1076C000002306230F4A13700F4AC3F106031370F9
:1076D000FFF75EFF182200210C48F9F74DF8182239
:1076E00000210B48F9F748F800F04CF811B0BDE85C
:1076F000F040FFF7BCBE00BF680F0108000E00207D
:10770000DC0D0020FA490020C8490020E249002091
:10771000CA49002030B587B0182200216846F9F721
:107720002BF8002501242246E9B268460135FFF70F
:107730004DFF6400092DA4B2F5D1182269460E4808
:10774000F8F7F4FE002814BF0124002404D0182206
:1077500069460948F8F71EFF084B22461978084B7E
:10776000054803EB410100F00FF80446FFF7B6FEB1
:107770002043C0B207B030BDCA490020FA490020FA
:10778000E2490020704700002DE9F04106460D4611
:107790001446134F42B101233B7005F017FE114B05
:1077A00018600020BDE8F08197F80080B8F1000F64
:1077B000F7D00C4B186805F0BEFD0028F1D00C2264
:1077C00031462846F8F7B2FE28B10C223146284649
:1077D000F8F7E0FE4446002320463B70E2E700BF96
:1077E000F41F0020F81F002010B5074C00224FF4B2
:1077F0000071204608F0DCFC4FF4165007F046F804
:107800002069C0F3402010BD0004004038B5C824F2
:1078100006F0C6FF054648B9013C4FF47A70A4B2A1
:1078200007F0FDF9002CF3D106F0AEFF284638BD75
:10783000014B5878704700BFFF1F002010B5FFF7BD
:10784000E5FF064C2070FFF7CFFF6070FDF764FF87
:1078500018B1BDE8104000F045B810BDFF1F002072
:1078600008B5FDF759FF18B9BDE8084000F03CB86D
:1078700008BD0000034B187809288CBF00200120A8
:10788000704700BFFE1F002070B5144D04462B78D2
:107890000E46092B16D82046314600F055F804460E
:1078A000C8B92B78FF2B1CBF01332B702B78092B09
:1078B00094BF0124002403D905F0BEFD084B1880B5
:1078C000204670BD064B188805F02EFDB0F5FA7FF6
:1078D000E1D20024F4E700232B70F1E7FE1F002023
:1078E000FC1F002005F054BE05F03EBEF8B504466E
:1078F0001E46BDF8187062B10C234343104DE85C7E
:107900001D44904238BF02466B880E481844F8F771
:1079100041FE204605F03EFE054670B16FB10C20D9
:10792000074900FB04110A79CB880649BA4228BFEF
:107930003A4630461944F8F72DFE2846F8BD00BFF8
:10794000180E00200420002000F0CEB900F008BA84
:10795000054B1A68054B92F83A1083F8901092F88C
:107960003B2083F8AC20704770160108180E0020E9
:1079700003F052BE114B70B51C68032104F13900AD
:1079800003F0EBFF94F83830834215D194F9392095
:107990000F2A11DC0C210A4B01FB02339D685DB1FB
:1079A000AC4694F83B2094F83A0004F15C0304F1EF
:1079B0003C01BDE87040604770BD00BF7016010813
:1079C000180E00202DE9F04390461D4600220123A9
:1079D00085B000930E46DDE90C9711460DF10F03BB
:1079E000FFF784FF044650B3D8F8000005F0A3FC6D
:1079F00063281CD90022BBB21146009330462B46A7
:107A0000FFF774FF39460446484603F0A6FF9DF889
:107A10000F30834214BF002404F001041CB105F0B0
:107A2000D5FCC8F80000204605B0BDE8F083394613
:107A3000484603F092FF9DF80F308342DAD13A4670
:107A400049462846F8F7A6FDEDE700001E4B2DE954
:107A5000F0411E68082386B006F11B08019304213B
:107A600003201A4ACDF8008004ABFFF7ABFF0546B0
:107A700020B1174FB27E3B789A4215D1284606B006
:107A8000BDE8F0819DF80F109DF80E0003F036FD63
:107A9000044650B9002305201A4619460093FFF703
:107AA00025FF2040C5B20BE0002440460DF10F0237
:107AB0000DF10E0103F008FD0028E3D1002CE9D1FF
:107AC000B37E3B70DAE700BF70160108A8200020E3
:107AD0008020002070B50C260E4B86B01B680D462A
:107AE00002330093012100200B4A01960DEB06039F
:107AF000FFF768FF044628B1324608480DEB06013F
:107B0000F8F748FD0C2228460449F8F743FD2046C3
:107B100006B070BD70160108A02000208C20002047
:107B2000F7B5044608680D4617461E4605F003FCE7
:107B3000632800D87FB1002320463146BDF82020BD
:107B40000093FFF7D3FE044610B105F03FFC286018
:107B5000204603B0F0BD0124FAE72DE9F0411446B8
:107B6000069F05460E463A4619462046F8F7DEFCC3
:107B7000021E234631462846BDE8F04118BF0122C7
:107B8000FFF7CEBF7FB5FFF741F80390FFF750F83E
:107B90000490FFF75FF80C22064B05901B680092DB
:107BA00005492C336A440A20FFF7D7FF07B05DF878
:107BB00004FB00BF701601089C20002007B50C21B3
:107BC000054B02461B6800910E3304490220FFF763
:107BD000C4FF03B05DF804FB70160108A420002068
:107BE0001FB505F075F90122074B8DF80F001B68D2
:107BF000009206492A330DF10F020920FFF7ADFF6D
:107C000005B05DF804FB00BF70160108B02000202D
:107C100037B501240E4B07201D680E4B95F8281030
:107C20001A7800948A1A18BF01220B49FFF778FFCF
:107C300058B10A4B95F829101A7808208A1A18BFEB
:107C4000012207490094FFF76BFF03B030BD00BF6E
:107C500070160108121F0020882000200E1F00202F
:107C60008420002030B50E4D85B0286805F063FBF8
:107C7000632812D9FFF718FB002302300390042277
:107C80000620009303A9FFF731FE044610B105F06A
:107C90009DFB2860204605B030BD0124FAE700BFF7
:107CA000AC2000202DE9F04706460F469046FFF72E
:107CB000E1FD002814BF4FF00A094FF0010901252A
:107CC00039463046C04710B901354D4501DDBDE8A4
:107CD000F087044605FB05FA4FF47070013406F096
:107CE000D5FD5445F8D1EBE738B5164A04460D46A4
:107CF000FFF7D8FF20B329462046134AFFF7D2FFEB
:107D0000F0B129462046114AFFF7CCFFC0B1294601
:107D100020460F4AFFF7C6FF90B1294620460D4A7C
:107D2000FFF7C0FF60B1294620460B4AFFF7BAFFB4
:107D300030B129462046BDE83840084AFFF7B2BFB7
:107D4000002038BDD57A0008BD7B00084D7A0008B8
:107D5000657C0008117C0008E17B0008857B000839
:107D600070B50E46054607F097FF294B0C221C689C
:107D70003146A31C1846F8F70DFC0C2103F0EDFD6D
:107D8000264606F80E0B07F08DFF07F085FF0C2244
:107D90003146284604F11B05F8F7FCFB07F082FF8B
:107DA00007F07AFF284603F02FFC0821284603F04D
:107DB000D4FDA07607F076FF07F06EFF154B606AE2
:107DC0001A68904202D01860FFF760FA07F06AFF65
:107DD00007F062FF94F828200F4B1A7094F82920BE
:107DE0000E4B1A7007F05EFF07F056FF94F82A005A
:107DF00005F068F807F056FF07F04EFF04F12C007D
:107E000007C8FEF72DFFBDE8704007F04BBF00BF6D
:107E10007016010898200020121F00200E1F00205D
:107E20000E2808DD0C22044B02FB00303C2343806B
:107E30005C238160C3807047180E0020F0B587B0C6
:107E40000E4617461D468DF80F00FFF713FD10B9BB
:107E5000002007B0F0BD9DF90F300E2BF8DD202E6D
:107E6000F6D8202DF4D8002403210DF115008DF84B
:107E700015308DF814408DF816608DF8175003F00A
:107E80006CFD154B8DF8140083F8906083F8AC50AE
:107E9000042223460B20009405A9FFF727FD0028A4
:107EA000D6D02346324639460C200094FFF71EFDFB
:107EB0000028CDD0234601220D2000940DF10F01A2
:107EC000FFF714FD0028C3D0224621460C9B0095E5
:107ED0000E20FFF70BFDBCE7180E0020FEF75CBF7D
:107EE00008B505F036FA05F0CBFFFEF7E9FE05F020
:107EF000C9FFFEF71DFF05F0D3FF05F0D7FFFFF721
:107F0000EDFF05F0D5FF05F095FF03F0DBFDFEF773
:107F1000E9FEF2E7002307B5014601220DF1070053
:107F20008DF8073000F08CF89DF8070003B05DF87D
:107F300004FB002307B5014602220DF10600ADF84F
:107F4000063000F07DF8BDF8060003B05DF804FBD4
:107F500007B50422002301460DEB0200019300F057
:107F60006FF8019803B05DF804FB07B501228DF8A6
:107F7000071001460DF1070000F067F803B05DF847
:107F800004FB07B50222ADF8061001460DF106000C
:107F900000F05BF803B05DF804FB07B50422019123
:107FA00001460DEB020000F050F803B05DF804FB51
:107FB000F8B505461446D31D23F0070300AFADEB1B
:107FC000030D68460E4600F03BF8224669462846F7
:107FD000F8F7ACFA20B122463146284600F035F8D1
:107FE000BD46F8BD38B50C460546FFF793FFA042E5
:107FF00005D021462846BDE83840FFF7B6BF38BD5A
:1080000038B50C460546FFF794FFA04205D021463F
:108010002846BDE83840FFF7B4BF38BD38B50C4638
:108020000546FFF795FFA04205D021462846BDE84A
:108030003840FFF7B2BF38BD00F012B900F038B8D1
:108040000B460146184600F04DB80B46014618464F
:1080500000F09AB808B5064B4FF48052184600213C
:10806000F8F78AFB41F2080200F580531A6008BD58
:10807000B820002010B5054C23792BB900F069F920
:1080800008B10120207110BD0220FCE7B8300020AB
:1080900010B5064C237933B100F065F910B1002317
:1080A0000120237110BD0220FCE700BFB830002082
:1080B00038B5FFF7DFFF044618B9FFF7E9FF2046A0
:1080C00038BD00F048F90546FFF7C4FF012C06D182
:1080D000FFF7DEFF00280CBF002505F001052C4648
:1080E000EDE7000008B5034608469918B1F5805F32
:1080F00005D804491944F8F74DFA012008BD0020BD
:10810000FCE700BFB820002038B500F024F9044691
:1081100008B3FFF7AFFF4FF4007205461249002085
:1081200000F03EF970B10EA3D3E900234FF4805163
:108130000D4803F060F902460B464FF4805000F002
:1081400061F950B90024012D01D1FFF7A1FF41F2DF
:108150000802064B1A60204638BD0224F3E700BF30
:1081600025232284E49CF2CBB8200020B8300020E4
:10817000044B1B68B3F5005F01D3FFF7C5BF0120B7
:10818000704700BFB83000208318B3F5805F2DE939
:10819000F34705460F4616461AD8304C00EB040844
:1081A00041463846F8F7C2F9002854D032463946DD
:1081B0004046F8F7EFF9FFF75DFF814630B104F56F
:1081C00080583EB9FFF7D4FF044639E0FFF760FF5F
:1081D00000243CE0052EB24628BF4FF0050A0522D8
:1081E00000210DF10300F8F7C7FAC5F3024343EA93
:1081F000CA03524639468DF800300DF103002B0AB0
:108200008DF801308DF80250F8F7C4F9DDE900234C
:10821000D8F8000000F0F6F8044688B1D8F800302D
:108220000833C8F80030FFF7A3FF0128044604D143
:10823000A6EB0A0655445744C3E7022818BF00249A
:10824000B9F1010F03D1FFF723FF0028C0D020466A
:1082500002B0BDE8F0870124F9E700BFB820002094
:108260007FB5FFF7F7FE00F06FF8044610B9FFF78F
:10827000F1FE5BE04FF400720020314900F075F828
:108280002F4D044610B9FFF7E5FEF0E72AA3D3E926
:1082900000234FF48051284603F0ADF806460C4603
:1082A0004FF4805002A900F078F8DDE902239C42E7
:1082B00008BF964201D0FFF7CDFE41F2080469469F
:1082C000204600F06AF8034640B3DDE9000350EAB7
:1082D000030220D010F0C00FCDE9020304F108041E
:1082E000C1B2C0F3811318D10A0400F47F46C0F371
:1082F000074002F4E02230431043CA0800EBD101EA
:10830000B1F5805F0AD80DF10B012844F8F742F966
:10831000B4F5005FD3D1012300E00023094A1460C3
:108320003BB9FFF7F1FE04460028A0D0204604B078
:1083300070BDFFF71DFFF6E725232284E49CF2CBF6
:10834000B8200020B830002008B500F0DDF801208A
:1083500008BD0120704708B5002000F0D7F8B0FA3A
:1083600080F0400908BD0120704738B5D5002A4685
:108370000C4600F0E8F818B921462544A94203D17B
:10838000B0FA80F0400938BDD1E90023D243DB4385
:1083900041F8082B41F8043CF0E70122FFF7E5BF64
:1083A0002DE9F0470646884615460027C0B0202D27
:1083B000A94628BF4FF020094FEAC90A524668462D
:1083C00008EBC701F8F7E6F800246B464C450DD1E1
:1083D00052466946304600F0D4F888B92D1B564401
:1083E0002744E4D1012040B0BDE8F087D3E9000183
:1083F000C043C94343F8080B43F8041C0134E5E7C4
:108400000020F0E707B5CDE9002369460122FFF718
:10841000C7FF03B05DF804FB0022082311460148A2
:1084200005F00CBA0C08004008B5FFF7F5FF30B1B5
:10843000062005F013FA05F049FA002008BD4FF0B8
:10844000FF30FBE7F7B51F468DF807100B0A090C44
:10845000064615468DF804008DF806308DF8051097
:10846000FFF7DAFFE8B104210DEB010005F01AFA7D
:10847000044648B945B1022E0BD0032E0ED1284632
:10848000B9B205F019FA044605F020FA204603B007
:10849000F0BD2846B9B205F005FAF4E74FF0FF3415
:1084A000F2E74FF0FF34F1E710B5FFF7B5FF88B101
:1084B000052005F0D3F905F0E3F9044605F006FAC6
:1084C000002C05DB14F0010F14BF6FF0030400242F
:1084D000204610BD4FF0FF34FAE710B5044604F013
:1084E00075FF4FF47A7303FB040404F06FFFA0429E
:1084F00004D2FFF7D9FF031DF7D010BD6FF00100C4
:10850000FBE70120FFF7E9BF05F01AB900F580335A
:10851000B3F5002F10B5044612D283B283B9FFF72A
:10852000F0FF78B9FFF780FF60B9034602462146A5
:10853000D820FFF787FF28B9BDE81040FFF7E1BF5B
:108540004FF0FF3010BD2DE9F04107460D461646AD
:10855000FFF7D7FF0446804638B13246002128464F
:10856000F8F70AF92046BDE8F08133462A46394635
:108570000320FFF767FF04460028F3D03246414648
:10858000EDE72DE9F04106460F46154675B9FFF7B0
:10859000B8FF044638B9FFF73FFF30B3042005F0B9
:1085A0005DF905F093F92046BDE8F0815FFA86F8A1
:1085B000C8F58078A84528BFA846FFF7A2FF044663
:1085C0000028F0D1FFF730FF04460028EBD14346E6
:1085D0003A4631460220FFF735FF04460028E2D133
:1085E00047444644A5EB0805D0E74FF0FF34DAE7EF
:1085F00038B54C790546002C42D0FEF74FF900F013
:108600002203A5F5F04020380A280AD8DFE800F058
:10861000060B0F14181D21262A2F330002F041FDEE
:108620000024204638BD23B102F0DEFDF8E7002B20
:10863000FAD002F0C5FDF3E723B102F039FEEFE70F
:10864000002BFAD002F022FEEAE723B102F058FE36
:10865000E6E7002BFAD002F03FFEE1E723B102F09B
:1086600077FEDDE7002BFAD002F05EFED8E723B1FB
:1086700002F0A2FED4E7002BFAD002F08FFECFE783
:108680000124CEE738B54D790446A5B9FEF706F9C1
:1086900000F02203A4F5F04040380E2849D8DFE866
:1086A00000F0080C0F12161B1F24282D31363A3FFC
:1086B000430002F00BFD284638BD02F01FFDFAE72B
:1086C00002F0EFFCF7E723B102F08EFDF3E7002B99
:1086D000FAD002F075FDEEE723B102F0E9FDEAE71A
:1086E000002BFAD002F0D2FDE5E723B102F008FE3C
:1086F000E1E7002BFAD002F0EFFDDCE723B102F056
:1087000027FED8E7002BFAD002F00EFED3E723B104
:1087100002F052FECFE7002BFAD002F03FFECAE78C
:1087200023B102F066FEC6E7002BFAD002F05EFE2F
:10873000C1E70125BFE7000030B510F47F4F85B0D9
:108740000190C0F30725C0F3074217D109B1314B9F
:108750009A5C8DF80C208DF80D208DF80E200020ED
:108760009DF80C3063F307009DF80D3063F30F2084
:108770009DF80E3063F3174005B030BD9DF80440FE
:1087800061B3244B9A5C0620FF236043591BB0FB66
:10879000F3F06FF05403434303EB440303EB430351
:1087A000DBB203FB05F4C3F1FF036B4324121B127E
:1087B000C4F1FF04C3F1FF03514354435343C1F3D6
:1087C0000721C4F30724C3F30723D2B206281CD819
:1087D000DFE800F006080F12161B060092B2D2E77F
:1087E00014461A468DF80C408DF80D208DF80E10A9
:1087F000B5E70C461946F5E723460C461146F0E767
:1088000010461C460A460146ECE7234614460A4633
:10881000F0E700BF90160108012184B004B0FFF713
:108820008BBF012830B501D8C0B230BDB0F5F75FBD
:1088300088BFFF224FF001049EBF42090832D2B226
:10884000A3185910C3F34705C3F34F035B439BB20F
:10885000834205D96A1ED2B29442F1D9601EE3E781
:10886000FF2902D06C1CE4B2F6E70846DDE7000001
:10887000074B188800EB402200EB820000F55850AF
:10888000193080B2188000EB1020C0B2704700BFD2
:10889000E80E002008B50146FFF7EAFF4843C0F3A1
:1088A000072008BD10F0400316BFC2430246D2B2F3
:1088B00010B502F00F0103B10131094CC2F30112EE
:1088C00004EB42035B78594314F81230020603EBC1
:1088D0002113DBB244BF5B42DBB283F0800010BDEA
:1088E000741601081FB5C0F3074401905008FFF744
:1088F000D9FFA0F180035BB2002BBCBFC0F18000A8
:1089000043B200205B00DBB204FB03331B128DF883
:108910000630019BDAB262F30700C3F3072262F369
:108920000F20C3F3074363F3174004B010BD0000EA
:10893000144B84B003EB4103E521019093F86C30B4
:10894000C0F307204B43C2EB13231C33002BB8BFEB
:108950005B42A0EBC3031BB223EAE37300FB0333C8
:1089600000201B128DF80530019BDAB262F307007C
:10897000C3F3072262F30F20C3F3074363F31740E7
:1089800004B07047980C0020144B84B003EB4103F3
:10899000E521019093F86C30C0F307404B43C2EBE4
:1089A00013231C33002BB8BF5B42A0EBC3031BB2E5
:1089B00023EAE37300FB033300201B128DF806301B
:1089C000019BDAB262F30700C3F3072262F30F20C0
:1089D000C3F3074363F3174004B07047980C0020BB
:1089E00084B0019000208DF80420019BDAB262F37C
:1089F0000700C3F3072262F30F20C3F3074363F3B7
:108A0000174004B07047000084B001900B4800EBA1
:108A1000410090F86C3000209B1A8DF80430019BC7
:108A2000DAB262F30700C3F3072262F30F20C3F345
:108A3000074363F3174004B0704700BF980C002051
:108A400084B001900B4800EB410090F86D3000209D
:108A50009B1A8DF80430019BDAB262F30700C3F36E
:108A6000072262F30F20C3F3074363F3174004B0F8
:108A7000704700BF980C002030B5134B85B03431DF
:108A8000019003EB4104657903EB4103A5F1200458
:108A900064B21B79002CBCBFC5F1200464B29A1AE1
:108AA0002244C0B210448DF804000020019BDAB2C9
:108AB00062F30700C3F3072262F30F20C3F30743F7
:108AC00063F3174005B030BD980C002084B00190CE
:108AD00000209DF8102003EB430302EB53038DF8B5
:108AE0000430019BDAB262F30700C3F3072262F39A
:108AF0000F20C3F3074363F3174004B070471FB55B
:108B000092B2019048B2002802FB02F2BCBF494277
:108B100048B2C0F1380000FB002080B21C46FFF7CD
:108B200080FE00EB4000044400208DF80440019BCF
:108B3000DAB262F30700C3F3072262F30F20C3F334
:108B4000074363F3174004B010BD000084B00190E8
:108B500003F13400104B03EB400358791B792038A4
:108B6000703B4B4302FB003200209DF80410002AAA
:108B7000B8BF7F3201EBE2128DF80420019BDAB21C
:108B800062F30700C3F3072262F30F20C3F3074326
:108B900063F3174004B07047980C002084B0019034
:108BA00003F13400104B03EB400358791B79203854
:108BB000703B4B4302FB003200209DF80410002A5A
:108BC000B8BF3F3201EBA2128DF80420019BDAB24C
:108BD00062F30700C3F3072262F30F20C3F30743D6
:108BE00063F3174004B07047980C002030B5174C61
:108BF00085B03433019004EB430425796379A5F102
:108C0000700464B2203B002C02FB03F3BCBFC5F12F
:108C1000700464B2C4F1380201FB023212EB42026A
:108C2000C0B248BF7F3200EBE21200208DF8042072
:108C3000019BDAB262F30700C3F3072262F30F204D
:108C4000C3F3074363F3174005B030BD980C002011
:108C500001F13403114984B0019001EB43014879DB
:108C60000B792028A3EB00034FF0000003EB430334
:108C7000DBB28CBFD2189A1AD2B28DF80420019BB5
:108C8000DAB262F30700C3F3072262F30F20C3F3E3
:108C9000074363F3174004B0704700BF980C0020EF
:108CA0001FB5C4B201905008FFF7FCFDA0F180038E
:108CB0005BB2002BBCBFC0F1800043B20D205B0053
:108CC000DBB24343002004EB13238DF80430019BF7
:108CD000DAB262F30700C3F3072262F30F20C3F393
:108CE000074363F3174004B010BD000030B50D46D4
:108CF00085B00190C4B21046FFF7D4FD124901EBD4
:108D0000450191F86C2002440D20D2B2A2F18003FB
:108D10005BB2002BBCBFC2F1800253B25B00DBB27E
:108D20004343002004EB13238DF80430019BDAB297
:108D300062F30700C3F3072262F30F20C3F3074374
:108D400063F3174005B030BD980C0020114B84B080
:108D5000019003EB410393F86C10C0B28B1A5BB225
:108D6000002BBCBF521A53B21922DBB2534300EBA3
:108D700013208DF804000020019BDAB262F3070093
:108D8000C3F3072262F30F20C3F3074363F31740D3
:108D900004B07047980C0020FF2928BFFF21C94369
:108DA00084B00190C9B2C0F3074000FB011100205C
:108DB00009128DF80610019BDAB262F30700C3F3C3
:108DC000072262F30F20C3F3074363F3174004B095
:108DD0007047FF2928BFFF21C94384B0C9B2019061
:108DE00001EB8111C0B200EB112100208DF80410BD
:108DF000019BDAB262F30700C3F3072262F30F208C
:108E0000C3F3074363F3174004B0704784B003EB28
:108E10008302BDF81030019013449BB2FF2B28BF92
:108E2000FF23DB43C0F30740DBB20344FF2B28BF23
:108E3000FF2300208DF80630019BDAB262F30700B1
:108E4000C3F3072262F30F20C3F3074363F3174012
:108E500004B0704700291FB5B8BF4942002AB8BF07
:108E6000524209B2090112B2FF294FEA0212A8BF09
:108E7000FF21FF2AA8BFFF22BDF8184009B21C44F9
:108E800012B2A4B29142D4BF6418A418A3B2FF2BAB
:108E900028BFFF23DB430190DBB2C0F3074003444C
:108EA000FF2B28BFFF2300208DF80630019BDAB28C
:108EB00062F30700C3F3072262F30F20C3F30743F3
:108EC00063F3174004B010BD1FB5482B0190C0F3E9
:108ED000074030D8BDF81840E31A9BB2FF2B28BFDB
:108EE000FF23083189B2102905D902F1080189B29E
:108EF000112928BFFF23DB43DBB20344002AB8BF9C
:108F00000332FF2B28BFFF2300200C498DF80630C9
:108F1000497801EBA2028DF80420019BDAB262F3DA
:108F20000700C3F3072262F30F20C3F3074363F381
:108F3000174004B010BDFF23D3E700BF004A002054
:108F400084B0BDF81020C0F30741D31A9BB2FF2BA9
:108F500028BFFF23DBB2DA43D2B21144FF2928BF76
:108F6000FF210190034400208DF804308DF8061095
:108F7000019BDAB262F30700C3F3072262F30F200A
:108F8000C3F3074363F3174004B0704784B0BDF8E0
:108F900010200190D31A9BB2FF2B28BFFF23DB4385
:108FA000C0F30740DBB20344FF2B28BFFF230020A0
:108FB0008DF80630019BDAB262F30700C3F3072293
:108FC00062F30F20C3F3074363F3174004B0704705
:108FD0007FB5164E1546735C0190C0F3074413B974
:108FE000FFF746FC7054705C28444008FFF75AFCB9
:108FF000A0F180035BB2002BBCBFC0F1800043B284
:1090000000205B00DBB204FB03331B128DF806303B
:10901000019BDAB262F30700C3F3072262F30F2069
:10902000C3F3074363F3174004B070BD5832002008
:109030001FB5184B0190C0F3074401EB810118687C
:10904000154BC1EB811108441979C90800FB0100D7
:10905000C0F30720FFF726FCA0F180035BB2002BD2
:10906000BCBFC0F1800043B200205B00DBB204FB58
:1090700003331B128DF80630019BDAB262F307004E
:10908000C3F3072262F30F20C3F3074363F31740D0
:1090900004B010BD084A0020004A0020024B1A7894
:1090A00010431870704700BFC230002010B504464E
:1090B00020B90029ACBF0020802010BD80EAE073F9
:1090C000A3EBE0731BB2002903EB0102A7BFCB1A8D
:1090D0005B015B1A5201ABBF93FBF2F392FBF3F31C
:1090E000C3F12003C3F160035BB2D8B2002CBCBF54
:1090F0004042C0B2E1E730B5C0F3072585B0EB1AB6
:1091000001901046DCB2FFF7D1FFC0EB801300EBFB
:10911000830300201C44E3B205FB03331B128DF8CC
:109120000530019BDAB262F30700C3F3072262F352
:109130000F20C3F3074363F3174005B030BD30B5CC
:10914000C0F3074585B0EB1A01901046DCB2FFF77B
:10915000ADFFC0EB801300EB830300201C44E3B29F
:1091600005FB03331B128DF80630019BDAB262F364
:109170000700C3F3072262F30F20C3F3074363F32F
:10918000174005B030BD30B585B09DF82040C0F324
:109190000725019010461C1BFFF788FF2C44E4B202
:1091A000241A0020E3B205FB03331B128DF80530AF
:1091B000019BDAB262F30700C3F3072262F30F20C8
:1091C000C3F3074363F3174005B030BD30B585B036
:1091D0009DF82040C0F30745019010461C1BFFF787
:1091E00065FF2C44E4B2241A0020E3B205FB0333EC
:1091F0001B128DF80630019BDAB262F30700C3F34D
:10920000072262F30F20C3F3074363F3174005B04F
:1092100030BD1FB5019010461C46FFF747FF2044A4
:109220008DF804000020019BDAB262F30700C3F35B
:10923000072262F30F20C3F3074363F3174004B020
:1092400010BD1FB59DF81840019010461C1BFFF77C
:109250002DFFE4B2241A00208DF80440019BDAB2FD
:1092600062F30700C3F3072262F30F20C3F307433F
:1092700063F3174004B010BD84B004B0FFF7CCBA5C
:109280002DE9F74FDFF8CCA000EBC0080AEB08038C
:109290005B5C0746FF2B0E462BD000252E4A9044E0
:1092A0004FF0000B05EBC50403F134090AEB040190
:1092B0000AEB4909144411F801EBBEF1FF0F0ED07F
:1092C000E8B2874218D15FFA8BF0864214D118F8C1
:1092D00006002030FF2828BFFF2008F806000BF109
:1092E000010BBBF1090F04F10104E4D101350C2D90
:1092F000D6D103B0BDE8F08F0EF1340E0AEB4E0E5E
:109300009EF8040099F804C09EF805E0ACEB000C50
:1093100099F805000191A0EB0E0080B240430CFBD0
:109320000C0080B20093FFF77CFA2828009B01997B
:10933000094AD4D894F800C0C0F12800C0B210285F
:1093400094BF84440CF1100C6046FF2828BFFF2016
:109350002070C4E7980C0020C430002008B50348F2
:10936000FDF7FDFB0022024B1A7008BD004A0020E9
:10937000C230002010B5094C35232046032208498D
:1093800000F8013BF7F706F94FF67F732046A380FC
:10939000FDF7E5FB0022034B1A7010BD004A0020C8
:1093A000A40F0108C23000200020704770B50446A9
:1093B0000E461546FFF7F8FF054B04EBC4041C44AA
:1093C000A35DFF2B1EBF2B540130C0B270BD00BF88
:1093D000980C0020014BDB68184700BF801601087D
:1093E00070470000F7B50C4615461E46FFF7F8FF1C
:1093F00000280ADB064F21467C6833462A46A446ED
:10940000019403B0BDE8F040604703B0F0BD00BF79
:1094100080160108F7B51F4B0546034493F8F43056
:10942000194234D01C4E1D4B34791B88E40804FBD0
:109430000333711C1C1203226846F7F7ABF8E0B245
:10944000FFF730FAA0F1800464B2002CBCBFC0F179
:10945000800044B21F207778F678FFF71BFA64008B
:10946000E4B206FB0444074424128DF800708DF822
:1094700002400098FFF700FFC0F30743C0F3072244
:10948000C1B2284603B0BDE8F040FFF7ABBF03B060
:10949000F0BD00BF980C0020004A0020084A0020C0
:1094A000F7B51F4B0546034493F8F430194234D006
:1094B0001C4E1D4B34791B88E40804FB0333711CDC
:1094C0001C1203226846F7F765F8E0B2FFF7EAF9E5
:1094D000A0F1800464B2002CBCBFC0F1800044B293
:1094E0001F20B778F678FFF7D5F96400E4B206FBE1
:1094F0000444074424128DF801708DF8024000984E
:10950000FFF7BAFEC0F30743C0F30722C1B22846F3
:1095100003B0BDE8F040FFF765BF03B0F0BD00BF8A
:10952000980C0020004A0020084A002073B51B4B0D
:109530000446034493F8F43019422DD0184E194BC9
:1095400035791B88ED0805FB0333711C1D120322BE
:109550006846F7F71FF8E8B2FFF7A4F9A0F1800317
:109560005BB2002BBCBFC0F1800043B2F6785B0059
:10957000DBB206FB03331B128DF802300098FFF7B5
:109580007BFEC0F30743C0F30722C1B2204602B0FE
:10959000BDE87040FFF726BF02B070BD980C0020F8
:1095A000004A0020084A002013B5124B0446034429
:1095B00093F8F43019421BD0FFF75AF98DF80000E8
:1095C0008020FFF767F90C4B7F30DB788DF80100C6
:1095D0008DF802300098FFF74FFEC0F30743C0F349
:1095E0000722C1B2204602B0BDE81040FFF7FABE24
:1095F00002B010BD980C0020004A002037B5134B74
:109600000446034493F8F43019421DD0104D032250
:10961000691C6846F6F7BEFF03206D78FFF73AF93C
:109620006FF01F0303FB00558DF800500098FFF703
:1096300023FEC0F30743C0F30722C1B2204603B0A4
:10964000BDE83040FFF7CEBE03B030BD980C00201F
:10965000004A0020014B9B68184700BF8016010894
:109660002DE9F04F524B87B0DC78524E04EB4403A7
:109670004FEAA30B9B080293FF23B3FBF4F3019380
:1096800083785BB1002211461046FFF7E3FF6C229E
:1096900000214948F7F770F8002333700025474F41
:1096A000DFF814A13B7801333B70D0464FF000093E
:1096B00032785FFA89F31A4363D10393F7F7E0F83E
:1096C0003F4B9842039B5CDC8AF8004029461846D1
:1096D00004AAFFF76BFE98B198F80020029B9DF852
:1096E00010009A425CD9A2EB0B030BFB03F3A4EB33
:1096F0000B0293FBF2F32246DBB21946FFF772FE30
:1097000009F10109B9F10C0F08F10908D0D10135AF
:10971000EDB2092D0AF1010AC7D13B78019A9342B3
:1097200004BF00233B7033780133DBB21C2B3DD9DF
:1097300000233370234E0B233546671E30462946DF
:1097400009220B2B04D190F800C0644508BF0770B4
:1097500011F809CC013AA44524BF01F8097C0C702A
:1097600012F0FF0201F1010100F10100E9D1013B1A
:1097700013F0FF03A5F10905E0D1002007B0BDE813
:10978000F08F98F80020002AA0D094429ED9397812
:109790000198814204BF02F1FF3288F8002095E76A
:1097A0006243B2FBFBF20023D2B2A6E73370E4E7D8
:1097B000004A0020C3300020C4300020C030002008
:1097C00054555505273100202DE9F04F85B0064648
:1097D0000F461546FBF7A0FF8046002852D0002D0B
:1097E00053D03946304602AAFFF7E0FD0446DFF8C1
:1097F000D49099F800302344082B23DDC4F1080AE3
:10980000611C5246494409F10100F6F7C3FE04F118
:1098100009015246494409F10900F6F7BBFE09EB7C
:1098200044014FEA4A02193109F11900F6F7B2FE74
:1098300004F111015246494409F11100F6F7AAFE5C
:1098400089F800A0002299F800C011469146DFF87F
:1098500074E00DF1080BD0B200EB0C03DBB28442D4
:10986000019314D86444E4B209B1164B1C704DB195
:10987000154B1B7803F0FC03802B03D1394630468F
:10988000FFF7FEFC05B0BDE8F08F2C46AFE7019B6B
:109890001BF801AB0EEB03000C4B0AF1340103EB98
:1098A00041010B7949794370019B41720C330EEBF6
:1098B0004303414680F811A083F8019083F8029099
:1098C0000132C8E733310020004A0020980C002004
:1098D0000C4B1B68C3F38123022B0CD0032B0ED03F
:1098E000012B4FF0000203D011461420FFF7B2BE47
:1098F00014211046FAE7002114220846F6E7142244
:10990000F2E700BF084A002001207047012070479D
:1099100008B5FFF7FBFF08BD08B5FFF7F5FFFFF738
:10992000F7FF08BDC0EBC00043000020DBB203F12D
:109930000E02D2B2442A63F30700134628BF442321
:1099400082B063F30F2002B0704700002DE9F04FA2
:10995000074689B000780291FFF7E4FFDFF8BC808A
:109960002F4A98F80450C4B26B081588C0F3072B2F
:1099700003FB05552B4BC5F3072503EB440603F109
:10998000F409E3B29B4507D8BBF1430F8CBF00201D
:10999000012009B0BDE8F08F14F809207B781A4245
:1099A00038D096F86D2096F86C10203A92B202FBEF
:1099B00002F070391FFA81FA0AFB0A0080B20392A2
:1099C000FEF72FFF98F801C0034698F8020098F8B8
:1099D00003E0039A4CEA002012B20FFA8AF1DDF894
:1099E00008C040EA0E400095E047C0F307238DF819
:1099F0001C00C0F307408DF81D308DF81E0007983D
:109A0000FFF73AFCC0F30743C0F30722C1B2204678
:109A1000FFF7E8FC02360134B3E700BF004A00203C
:109A2000084A0020980C00200149FFF78FBF00BFB3
:109A3000879100080149FFF789BF00BFCD91000859
:109A40000149FFF783BF00BFCD8A00080149FFF736
:109A50007DBF00BF439200082DE9F04F074685B057
:109A60000078FFF75FFF8A46DFF89880264A98F86B
:109A70000450C4B26B081588C0F3072B03FB0555CF
:109A8000224BC5F3072503EB440603F1F409E3B2C7
:109A90009B4507D8BBF1430F8CBF0020012005B0C8
:109AA000BDE8F08F14F809207B781A4226D098F888
:109AB000023098F8010098F803C096F86D2096F8E7
:109AC0006C1040EA0320203A70392B4640EA0C40E3
:109AD000D047C0F307238DF80C00C0F307408DF882
:109AE0000D308DF80E000398FFF7C6FBC0F3074357
:109AF000C0F30722C1B22046FFF774FC02360134DE
:109B0000C5E700BF004A0020084A0020980C00204A
:109B10000149FFF7A1BF00BFF79000080149FFF717
:109B20009BBF00BF3F9100080149FFF795BF00BFF1
:109B3000FF8A00080149FFF78FBF00BF139200089A
:109B40002DE9FF4706460078FFF7ECFE88461F4FD9
:109B50001F4B3D791B88AD0802355D43DFF874A0CB
:109B6000C0F30729C5F30725C4B2E1B2894507D878
:109B7000B9F1430F8CBF0020012004B0BDE8F0878D
:109B800014F80A2073781A421DD0B8787B782A46D8
:109B900043EA0023F87843EA0040C047C0F30723B4
:109BA0008DF80C00C0F307408DF80D308DF80E00D5
:109BB0000398FFF761FBC0F30743C0F30722C1B26C
:109BC0002046FFF70FFC0134CFE700BF004A00201A
:109BD000084A00208C0D00200149FFF7B1BF00BFEB
:109BE000E58800080149FFF7ABBF00BF31890008D5
:109BF0000149FFF7A5BF00BF898900080149FFF7A8
:109C00009FBF00BFE18900080149FFF799BF00BF6E
:109C1000098A00080149FFF793BF00BF418A000885
:109C20000149FFF78DBF00BF798A00080149FFF79E
:109C300087BF00BFA18C00080149FFF781BF00BFAB
:109C4000ED8C00080149FFF77BBF00BF4D8D000878
:109C5000837810B5044623B1442200210448F6F766
:109C60008BFD2046BDE810400249FFF769BF00BFE9
:109C700058320020D18F00080149FFF761BF00BFB3
:109C8000319000082DE9F04F814689B000780391AA
:109C9000FFF748FEDFF8A8A02A4A9AF80440C6B2A7
:109CA000A3081488C0F3072503FB0444C4F3072466
:109CB00004F14000C0B2FEF7F5FDA0F18007204698
:109CC000FEF7F0FDDFF880B0A0F180087FB24FFA18
:109CD00088F8F3B29D4206D8432D8CBF00200120A6
:109CE00009B0BDE8F08F16F80B1099F80120114269
:109CF00024D09AF802209AF801009AF803C040EAAA
:109D000002203946424640EA0C400094DDF80CC07F
:109D1000E047C0F307238DF81C00C0F307408DF81F
:109D20001D308DF81E000798FFF7A6FAC0F3074311
:109D3000C0F30722C1B23046FFF754FB0136C8E733
:109D4000004A0020084A00208C0D00200149FFF73E
:109D500099BF00BF4D8B00080149FFF793BF00BFBB
:109D60009D8B00080149FFF78DBF00BFED8B0008F8
:109D70002DE9F04F334D074685B00078FFF7D2FD4F
:109D80002E794FF6FF730136FF2E28BFFF26884637
:109D9000B3FBF6F6DFF8B0B0DFF8B0A0C0F30729E8
:109DA000C4B2E0B2814507D8B9F1430F8CBF00209F
:109DB000012005B0BDE8F08F14F80B207B781A4223
:109DC0002ED09AF800302249013B5BB21A0629D501
:109DD00032462B79A878591CFF290B4628BFFF2350
:109DE00003FB02226B78C2F30F2143EA0023E878D9
:109DF00043EA0040C047C0F307238DF80C00C0F3CE
:109E000007408DF80D308DF80E000398FFF734FAF7
:109E1000C0F30743C0F30722C1B22046FFF7E2FABE
:109E20000134BEE75A5C82420AD103F10C020AEB0C
:109E3000420292F801C092784CEA0222B242C8D3A0
:109E4000013BC3E7004A00208C0D00200C4A002093
:109E50001D4A00200149FFF78BBF00BF998D000804
:109E60000149FFF785BF00BFD38D00082DE9F04FF2
:109E700082468DB008780492FFF754FD8B46414B23
:109E8000C5B21B78C0F3072903933F4B03EB45078B
:109E9000F4330593EBB2994507D8B9F1430F8CBF62
:109EA000002001200DB0BDE8F08F059BEA5C9BF817
:109EB00001301A4221D0D0460024032233490AA897
:109EC000F6F768FB2F4B0AF101061E44039A5FFA6E
:109ED00088F39A4214D82E4BD87800FB04442412FD
:109EE0008DF82A400A98FFF7C7F9C0F30743C0F37B
:109EF0000722C1B22846FFF775FA01350237C9E7D4
:109F000016F8013B97F86C1097F86D20C91AF37991
:109F100089B2D21A92B202FB02F001FB010080B2B8
:109F200007920691FEF77DFC194B164A93F804E060
:109F300008F10C030EF1010EBEF1FF0F28BF4FF028
:109F4000FF0E02EB430393F801C09B78079A4CEA9B
:109F5000032C0EFB0CCC0699CCF30F238DF82A4072
:109F60000093049C034612B20A9809B2A047C0F3BA
:109F700007238DF828008DF82930C0F3074408F135
:109F80000108A3E70C4A0020980C0020014A002099
:109F9000004A0020044B01461B78044A013B23EA97
:109FA000E373D8B2FFF762BF0C4A00200D8E0008A1
:109FB0000146024A0020FFF759BF00BF0D8E00087E
:109FC000044B01461B78044A013B23EAE373D8B2F1
:109FD000FFF74CBF0C4A0020558E00080146024A8C
:109FE0000020FFF743BF00BF558E0008044B014619
:109FF0001B78044A013B23EAE373D8B2FFF736BF6C
:10A000000C4A0020C98E00080146024A0020FFF7D2
:10A010002DBF00BFC98E0008044B01461B78044ABF
:10A02000013B23EAE373D8B2FFF720BF0C4A0020BC
:10A03000418F00080146024A0020FFF717BF00BF0A
:10A04000418F0008044B01461B78044A013B23EA78
:10A05000E373D8B2FFF70ABF0C4A00208D8F0008C7
:10A060000146024A0020FFF701BF00BF8D8F0008A4
:10A07000F7B506460078FFF755FC184AC5B2537885
:10A08000C0F307249078164F43EA0023D07843EAC0
:10A090000040FFF7F1F8C0F307238DF80530C0F357
:10A0A00007438DF804008DF80630EBB29C4205D8CA
:10A0B000432C8CBF0020012003B0F0BDEA5D737813
:10A0C0001A4208D028469DF806309DF805209DF8D4
:10A0D0000410FFF787F90135E7E700BF004A0020C9
:10A0E0008C0D00202DE9FF4106460078FFF71AFC91
:10A0F000DFF89C80032208F10101C4B2C0F30725F8
:10A1000001A8F6F747FA019898F80170FFF7B4F83C
:10A11000C0F307238DF8093098F804308DF8080053
:10A120001F448DF80470C0F307408DF80A000198B1
:10A13000FFF7A2F8C0F307238DF80D30154FC0F3D9
:10A1400007438DF80C008DF80E30E3B29D4206D81F
:10A15000432D8CBF0020012004B0BDE8F081E35DF9
:10A160007278134211D0DB07204643BF9DF80E30B2
:10A170009DF80D209DF80C109DF80A305CBF9DF8ED
:10A1800009209DF80810FFF72DF90134DDE700BF25
:10A19000004A00208C0D00202DE9FF47074600787B
:10A1A000FFF7C0FBDFF86C800322C4B2C0F30725C1
:10A1B00008F1010102A8F6F7EDF998F80460DFF85C
:10A1C00058900136B608A9F1870AE3B29D4206D835
:10A1D000432D8CBF0020012004B0BDE8F08714F8A7
:10A1E00009207B781A4213D01AF814301A0998F80B
:10A1F000013002FB06338DF808300298FFF73CF877
:10A20000C0F30743C0F30722C1B22046FFF7EAF8C4
:10A210000134DAE7004A00208C0D00202DE9FF47C9
:10A2200007460078FFF77EFBDFF870800322C4B298
:10A23000C0F3072508F1010102A8F6F7ABF998F879
:10A240000460DFF85C900136B608A9F1880AE3B231
:10A250009D4206D8432D8CBF0020012004B0BDE8EC
:10A26000F08714F809207B781A4214D01AF81430B9
:10A2700006FB03F298F8013003EB52138DF8083017
:10A280000298FEF7F9FFC0F30743C0F30722C1B2FB
:10A290002046FFF7A7F80134D9E700BF004A0020A5
:10A2A0008C0D00202DE9F04F074685B00078FFF7B0
:10A2B00039FB0A23354E88463579DFF8D4A0B5FB43
:10A2C000F3F5344B02351B88EDB25D43C0F307292B
:10A2D000C5F30725C4B2AAF1870BE1B2894507D8B7
:10A2E000B9F1430F8CBF0020012005B0BDE8F08F0D
:10A2F00014F80A207B781A4229D01BF81430B07861
:10A30000202B73782A4643EA0023F07843EA004082
:10A310001FD9C047C0F307238DF80800C0F30740DA
:10A320008DF809308DF80A000298FEF7A5FFC0F3FA
:10A330000722C0F307418DF805208DF806108DF82F
:10A340000400C3B2D2B2C9B22046FFF74BF80134C1
:10A35000C3E7C047C0F307238DF80C00C0F30740E4
:10A360008DF80D308DF80E000398FEF785FFC0F3D1
:10A370000722C0F307438DF805208DF806308DF8CD
:10A380000400DBB2D2B2C1B2DEE700BF004A002057
:10A390008C0D0020084A00200149FFF783BF00BF51
:10A3A000518C0008F7B503780546C3B91E4B1B79DD
:10A3B0001033FF2B28BFFF231A461C4B1B8802FBC0
:10A3C00003330A22C3F30F23B3FBF2F102FB113371
:10A3D0009BB223B94420FEF75DFA154B188028780C
:10A3E000FFF7A0FA0446AB78C6B2C4F3072493B9CA
:10A3F0000F4F3888864210D8A0420ED26978C0B27A
:10A40000FFF7FCF845233B8007E030466978FFF70B
:10A41000F5F80136F6B2A642F7D3432C8CBF0020E4
:10A42000012003B0F0BD00BF004A0020084A002010
:10A43000DA0E0020F7B503780546CBB91E4B1B7921
:10A440001033FF2B28BFFF231A461C4B1B8802FB2F
:10A4500003330522C3F30F23B3FBF2F202EB8202B4
:10A460009B1A9BB223B94420FEF714FA144B1880B0
:10A470002878FFF757FA0446AB78C6B2C4F307242E
:10A4800093B90F4F3888864210D8A0420ED269780F
:10A49000C0B2FFF789F845233B8007E03046697872
:10A4A000FFF782F80136F6B2A642F7D3432C8CBFF1
:10A4B0000020012003B0F0BD004A0020084A00201F
:10A4C000D80E00202DE9F04F804687B00078FFF7C6
:10A4D00029FAC3B2009398F80230C0F307264BB1B3
:10A4E000002211461046FFF7B5F86C2200213C48C7
:10A4F000F6F742F998F800306BB93A4C208802F030
:10A5000013FF18288CBF01220022374B1A7002D982
:10A5100002F092FF20800025DFF8D0B02C46A9463B
:10A5200003E0B9F10D0F54D80024314905EBC50AF9
:10A5300001EB0A031A1901921B5D009A934240D362
:10A54000B3423ED20B4493F8F42098F8013009F15D
:10A5500001091A425FFA89F933D0214B9BF8032095
:10A560009A441AF80470A7F1550323EAE373C3F180
:10A57000AA038DF810309BF802308DF8113007F1E6
:10A58000AA03FF2B28BFFF2303EB43030233DBB2F5
:10A5900002FB03331B128DF812300498FEF76CFE99
:10A5A000C0F30743C0F30722C1B201980078FEF759
:10A5B00019FF0D4B1B7823B1013F27EAE7770AF813
:10A5C00004700134E4B2092CAFD10135EDB20C2D89
:10A5D000A7D1432E8CBF0020012007B0BDE8F08F2B
:10A5E000C430002030310020C1300020004A00205B
:10A5F000980C0020F7B503780546CBB91E4B1B79A4
:10A600000533FF2B28BFFF231A461C4B1B8802FB78
:10A6100003330522C3F30F23B3FBF2F202EB8202F2
:10A620009B1A9BB223B94420FEF734F9144B1880CF
:10A630002878FFF777F90446AB78C6B2C4F307244D
:10A6400093B90F4F3888864210D8A0420ED269784D
:10A65000C0B2FEF76BFF45233B8007E030466978C8
:10A66000FEF764FF0136F6B2A642F7D3432C8CBF47
:10A670000020012003B0F0BD004A0020084A00205D
:10A68000E00E0020F7B503780546CBB91E4B1B79C9
:10A690000533FF2B28BFFF231A461C4B1B8802FBE8
:10A6A00003330522C3F30F23B3FBF2F202EB820262
:10A6B0009B1A9BB223B94420FEF7ECF8144B188088
:10A6C0002878FFF72FF90446AB78C6B2C4F3072405
:10A6D00093B90F4F3888864210D8A0420ED26978BD
:10A6E000C0B2FEF7DDFE45233B8007E030466978C7
:10A6F000FEF7D6FE0136F6B2A642F7D3432C8CBF46
:10A700000020012003B0F0BD004A0020084A0020CC
:10A71000DE0E0020F7B503780546CBB91E4B1B793A
:10A720000533FF2B28BFFF231A461C4B1B8802FB57
:10A7300003330522C3F30F23B3FBF2F202EB8202D1
:10A740009B1A9BB223B94420FEF7A4F8144B18803F
:10A750002878FFF7E7F80446AB78C6B2C4F30724BD
:10A7600093B90F4F3888864210D8A0420ED269782C
:10A77000C0B2FEF74FFE45233B8007E030466978C4
:10A78000FEF748FE0136F6B2A642F7D3432C8CBF43
:10A790000020012003B0F0BD004A0020084A00203C
:10A7A000DC0E002007B50078FFF7BCF8C0F30720E7
:10A7B00043288CBF0020012003B05DF804FB13B5D3
:10A7C0000078FFF7AFF8C0F307242146C0B2F7F7CF
:10A7D000A7FC432C8CBF0020012002B010BD00005C
:10A7E0002DE9F04F764B8BB01B78764D834200906D
:10A7F0004FD1754A2B78127803F003039B1A18BFC8
:10A800000123724C6278A3706B799A4205D00022C2
:10A81000114610466370FEF71DFF009B342B3AD89B
:10A82000013B332B51D8DFE813F059005E00620082
:10A8300066006A006E00720076007A007E00820078
:10A8400086008A008E00920096009A009E00A20068
:10A85000A600AA00AE00B200B600BA00BE00C20058
:10A86000C600D50040010B02B902BD02C102C502FB
:10A87000C902CD02D102D502D902DD02E102E50210
:10A88000E902ED02F102F502F902FD0201030503FE
:10A8900009030123B5E7009BFF2B00F0D3820024BE
:10A8A0004A4B1A7801321A70002C40F0D0820221F3
:10A8B000474A9B781170002B40F0C982009B002B07
:10A8C00040F0C58203231370C1E2A478002CE7D0C6
:10A8D000002211461046FEF7BDFEE0E73B48FFF7B9
:10A8E000C7FB0446DCE73948FFF7FCFBF9E73748CC
:10A8F000FFF752FCF5E73548FFF790FCF1E73348E6
:10A90000FFF76AF9EDE73148FFF76CF9E9E72F48FF
:10A91000FFF76EF9E5E72D48FFF7FAF8E1E72B4876
:10A92000FFF7FCF8DDE72948FFF77EF8D9E727486D
:10A93000FFF780F8D5E72548FFF760F9D1E723480E
:10A94000FFF762F9CDE72148FFF764F9C9E71F482F
:10A95000FFF766F9C5E71D48FFF772F8C1E71B4826
:10A96000FFF7E2F8BDE71948FFF7E4F8B9E7174841
:10A97000FFF76CF8B5E71548FFF7E8F9B1E71348BA
:10A98000FFF7EAF9ADE71148FFF7ECF9A9E70F483F
:10A99000FFF702FDA5E70D48FFF704FDA1E70B480F
:10A9A000FFF748FD9DE70948FFF740F999E7074899
:10A9B000FFF742F995E70548FFF744F991E700BF33
:10A9C000E50E0020004A0020E60E0020E20E0020E6
:10A9D000E70E0020237833B9A37823B14420FDF794
:10A9E00059FF904B18702078FEF79CFFDFF83882F3
:10A9F000DFF83892D8F80020D9F80030ADF81C0004
:10AA00009A42C0F307263FD2864F9DF81C303A7811
:10AA1000934226D8964224D9854B134493F8F420C8
:10AA200063781A421DD0FDF723FF820731D500233A
:10AA30008DF820308DF821308DF822300898FEF7FF
:10AA40001BFCC0F30722C0F307438DF824008DF8E8
:10AA500025208DF82630C1B2DBB23878D2B2FEF7AD
:10AA6000C1FC432E10D94420FDF714FF4FF4E062DF
:10AA70002979D9F8003001FB022203F50063A3EB2A
:10AA800012233870C8F80030432E8CBF00240124F4
:10AA900006E7FDF7EDFE8DF820008020FDF7FAFEB9
:10AAA0007F30EB788DF82100C6E7DFF88891DFF87A
:10AAB0007CA1D9F80020DAF800309A423FF6EFAED8
:10AAC000A3785D4EB3B10022002711461046FEF771
:10AAD000C1FDB046BB46FDF7CBFE830724D588F801
:10AAE00000B088F801B088F802B00137442F08F1AF
:10AAF0000308F0D12078FEF715FFADF82000C0F371
:10AB00000727C0B200EB4008DFF830B1B044C3B251
:10AB10009F4228D8432F94BF012400247FF6C0AE63
:10AB20004FF00008013F3BE0FDF7A2FE8DF8240046
:10AB30008020FDF7AFFEEB787F3007EB47028DF802
:10AB400026308DF82500B318099802920193FEF77C
:10AB500093FB029A019BB054C0F30722C0F3074055
:10AB60005A709870C1E710F80B2063781A4209D028
:10AB700098F8023098F8012098F800100190FEF73C
:10AB800031FC019808F103080130C0E701EB4100F6
:10AB9000013101EB4101032231443044F5F7FAFC65
:10ABA0005FFA88F1B94208F10108EFDBFDF760FEBA
:10ABB00010F0020F4FEA470817D000234744F2195C
:10ABC000F355537093702B7940F6B8321033FF2B46
:10ABD00028BFFF2303EB03131B12B2FBF3F3DAF8D6
:10ABE00000201344C9F800305AE6FDF741FE8DF805
:10ABF00024008020FDF74EFEEB787F308DF8263064
:10AC00008DF825000998FEF737FB4744F05506EB11
:10AC10000708C0F30723C0F3074088F8013088F81D
:10AC20000200D0E732310020A8320020084A00207C
:10AC3000980C0020B03200208C3100208C0D0020B8
:10AC4000A3784BB1002211461046FEF703FD3022D7
:10AC500000218048F5F790FD2078FEF763FE7E4BDB
:10AC6000ADF820001A687D4BC0F307241B689A4298
:10AC700040F28F809DF82030A87802936B784FF0D7
:10AC8000000843EA0023E878754F43EA0040FEF7E6
:10AC9000F3FAC0F307238DF82400C0F307408DF8C2
:10ACA00025308DF826006B4E049706EB880305933C
:10ACB00007F10803039300230193059B13F8015B3D
:10ACC0000593002D67D09DF824A09DF825B09DF830
:10ACD0002650049B13F8010B0493039B13F801996E
:10ACE0000393029B83420ED884420CD95C4B0344ED
:10ACF00093F8F4205B4B5B781A4204D02B465A46FB
:10AD00005146FEF76FFB029B4B450FD84C450DD9C2
:10AD1000534B4B4493F8F420524B5B781A4205D0C6
:10AD20002B465A4651464846FEF75CFB019B0133D1
:10AD3000042B0193C1D108F10108B8F10C0F07F100
:10AD40000907B0D1432C24D9002503223046711CB9
:10AD5000F5F796FCFDF78CFD10F0030F0CBF0123F7
:10AD6000002301350C2DF37006F10406EDD13E4BA6
:10AD700040F6B8321B791033FF2B28BFFF2303EBBB
:10AD800003131B12B2FBF3F3334A12681344334A22
:10AD90001360432C79E6AB46AA469AE73148FFF7A1
:10ADA00091FB9EE52F48FEF75BFC9AE52D48FFF7E7
:10ADB00051F896E52B48FFF753F892E52948FFF73D
:10ADC000E9F88EE52748FFF7F3F88AE52548FFF70D
:10ADD000F7F886E52348FFF701F982E52148FFF7F8
:10ADE00005F97EE51F48FFF70FF97AE51D48FFF7E3
:10ADF00013F976E51B48FFF71DF972E51948FFF7CF
:10AE000021F96EE51748FFF72BF96AE51548FEF7BB
:10AE10001FFF66E51348FFF7EDFB62E51148FFF7FA
:10AE200031FC5EE50F48FFF775FC5AE50D48FEF76B
:10AE300023FF56E50B48FFF7B5FC52E50948FFF73D
:10AE4000BEFC4EE5FEF744FD0222084B1A700BB023
:10AE5000BDE8F08F5C310020084A0020AC320020B1
:10AE6000980C0020E20E0020004A0020E70E00208F
:10AE70000120704737B500780138C0B2FEF752FDA7
:10AE8000C0F30724C5B221462846FFF7F1FF21464B
:10AE90002846FAF7BDFA03B030BD00002DE9F041B5
:10AEA000424C2068FCF710FA0546FCF7FDF92060DB
:10AEB000002406463E48A44690F800E0C5F57F47CA
:10AEC0007146FF37E3B29E450FD8BCF1000F00D0AA
:10AED0000170384CDFF8E080257898F80070032D79
:10AEE00036D8DFE805F01A37465204F10C0200EBC1
:10AEF0004202537892F80280013443EA08239F42C9
:10AF000029BF5B1901F1FF315370C3F307233ABF27
:10AF10004FF0010CC9B29370D4E70022274B2449AB
:10AF20001A70274B292227481E60F5F733FB264B62
:10AF30001B784BB9FBF764FE244B984204D8244B92
:10AF40001B789A0718BF9D08012388F800502370CA
:10AF5000BDE8F0813846FFF743FC002FF8D0237896
:10AF6000022B01D1FEF7D8FCBDE8F0411348FFF7F2
:10AF700081BF184B184A1F70154B1B78C3F3010390
:10AF80001370FEF727FA0323E1E7144D2B7823B162
:10AF90000F48FBF7E4FD00232B70094B1868FCF702
:10AFA00093F90F28D4D90023D1E700BFA0320020A5
:10AFB00033310020E70E00209C320020E20E0020FA
:10AFC000084A00200C4A0020A4320020C0D401000E
:10AFD000004A0020E50E0020E60E0020C2300020CE
:10AFE00070B50024104B114D1B6898471048102273
:10AFF000FF2100F8194BF5F7BFFB0E481022FF2187
:10B0000000F8194BF5F7B8FB01230B4E28463370B7
:10B01000FBF7A3FD2B78347013F0FC0F03D1BDE8D0
:10B020007040FEF7A7B970BD80160108004A0020E5
:10B030000C4A002033310020C230002070B5044695
:10B040000A4E88B135787DB92846FFF7C9FB084B11
:10B05000084A1D70084B1B78C3F301031370FEF7F9
:10B06000B9F90322054B1A70347070BDA432002068
:10B07000E50E0020E60E0020004A0020E70E00202A
:10B08000044A137883F0010313700022024B1A70F4
:10B09000FEF704B8004A0020E70E00200020FFF76A
:10B0A000EFBF0120FFF7ECBF064A137813F003034C
:10B0B00004BF05490B700121137861F3010313707C
:10B0C000704700BF004A0020E70E002008B5FFF7D8
:10B0D000EBFFBDE808400120FDF7E0BF054B1A7803
:10B0E00092071EBF0021044A11701A786FF3010203
:10B0F0001A707047004A0020E70E002008B5FFF7DD
:10B10000EDFFBDE808400120FDF7C8BF024B1878ED
:10B1100000F00300704700BF004A002010B40B4C41
:10B1200002462378084699070ED04AB9012262F3F5
:10B13000870300222370064B1A7010BCFDF7AEBFC8
:10B14000342A88BF3422F2E710BC7047004A00203E
:10B15000E70E00200021FFF7E1BF000038B5FFF740
:10B16000BDFF0123084C094D20462B70FBF7F5FC71
:10B17000002320782B70830704D0BDE83840800876
:10B18000FFF7E8BF38BD00BF004A0020C2300020F2
:10B190000121FFF7C3BF0000014B187880087047FA
:10B1A000004A0020054B01461B789B080133352BD4
:10B1B00034BF18460120FFF7B1BF00BF004A00208E
:10B1C0000120FFF7EFBF0000064B01461B78C3F3D9
:10B1D0008503013B13F0FF0314BF18463420FFF72B
:10B1E0009DBF00BF004A00200120FFF7EDBF000017
:10B1F00030B4084C0546184623789B0708D0962A99
:10B2000028BF96226570A170E27030BCFDF746BF82
:10B2100030BC7047004A00200023FFF7E9BF01233C
:10B22000FFF7E6BF07B50322094901A8F5F7B2F910
:10B2300000209DF8043063F307009DF8053063F3A8
:10B240000F209DF8063063F3174003B05DF804FB50
:10B25000014A0020014B5878704700BF004A002087
:10B26000014B9878704700BF004A0020014BD87806
:10B27000704700BF004A0020034903464878CA7857
:10B2800008308978FFF7B4BF004A00200120FFF79B
:10B29000F3BF0000054910B44C780346083CCA7857
:10B2A000A0B2897810BCFFF7A3BF00BF004A0020FE
:10B2B0000120FFF7EFBF000010B4064C0346A17851
:10B2C000E2781031FF2928BFFF216078C9B210BC95
:10B2D000FFF78EBF004A00200120FFF7EDBF0000FE
:10B2E00010B4064C0346A178E278103921EAE171E6
:10B2F0006078C9B210BCFFF77BBF00BF004A0020D6
:10B300000120FFF7EDBF000010B4064C0346E278C1
:10B31000A1781E32FF2A28BFFF226078D2B210BC6B
:10B32000FFF766BF004A00200120FFF7EDBF0000D5
:10B3300010B4064C0346E278A1781E3A22EAE27283
:10B340006078D2B210BCFFF753BF00BF004A0020A4
:10B350000120FFF7EDBF0000024B18710020FDF740
:10B360009DBE00BF004A0020024B18710120FDF76E
:10B3700095BE00BF004A0020014B1879704700BFFE
:10B38000004A0020044A13792833FF2B28BFFF23EB
:10B390001371FDF783BE00BF004A00200120FFF7B4
:10B3A000F1BF0000034A1379283B23EAE3731371CA
:10B3B000FDF774BE004A00200120FFF7F3BF000034
:10B3C000084A5379FF2B08D04BB9012383F00103BE
:10B3D0000549CB5C5371FDF761BE0023F6E70023FE
:10B3E000F6E700BF004A00207C1601080120FFF7A5
:10B3F000E7BFFFF7FBBFF0B54518044619461046F6
:10B400000026AC4200D3F0BD14F8012B4FEA011C1A
:10B41000424093184FEA021E41EB01004CEA127CB5
:10B4200013EB0E0340EB0C004FEA421E9B184FEA51
:10B43000411C41EB00004CEAD26C13EB0E0340EBD5
:10B440000C004FEAC21E4FEAC11C17024CEA526CB4
:10B4500013EB0E034FEA012140EB0C0041EA1261AD
:10B46000DA1940EB01013944B018CAE7FAF754B9C8
:10B4700008B5082200210348F5F77EF9BDE8084029
:10B4800000F036B9B43200208378C078013303F07D
:10B4900003031B1A58425841704710B50446FFF782
:10B4A000F3FF78B9A37801F07F01E01841EAC211F7
:10B4B00001710120013303F00303A37023780133EA
:10B4C000237010BD0020FCE710B5C37884789C423F
:10B4D00011D003441B79C3F3C014C3F306030B70EC
:10B4E0001470C378013303F00303C370437801334E
:10B4F0004370012010BD0020FCE700000A46014611
:10B500000148FFF7CABF00BFB43200200A46014617
:10B510000148FFF7D9BF00BFB432002070B5002545
:10B52000FC2686B00DF107010DF10600FFF7EEFFD6
:10B53000044610B9284606B070BD9DF806309DF847
:10B5400007208DF8083062B3FD238DF8093001F033
:10B5500073FF4FF48173ADF80A00ADF80C30DDE9EC
:10B560000201FAF7ABFA642003F059FB9DF80630AC
:10B570009DF807208DF81030E2B1FD238DF81130D1
:10B5800001F05AFF0223ADF81200ADF8143006ABFB
:10B5900013E90300FAF792FA642003F040FB254612
:10B5A000C0E78DF8096001F047FF40F20313ADF8E2
:10B5B0000A00D2E78DF8116001F03EFF0323ADF8D9
:10B5C0001200E2E710B5FFF751FF044610B1FFF794
:10B5D000A5FF04460A4B1A7832B100221A70094BB3
:10B5E0009A78DA701A785A7000F0E6F8FFF73EFFA2
:10B5F00018B1FFF793FF0443E4B2204610BD00BF2B
:10B60000BC320020B432002008B508220149F4F70A
:10B61000C1FF08BDB43200200122014B1A707047EF
:10B62000BC3200204FF4165003F030B969B1084B1A
:10B6300053F82000431C0AD0012100F00F03202200
:10B64000994020F00F0004F0B3BD024BF0E77047C3
:10B65000C4320020C032002079B1094B53F82030A9
:10B660005A1C1FBF23F00F02106903F00F03D840CC
:10B6700014BF00F0010000207047024BEEE700BF4E
:10B68000C4320020C0320020704700002DE9F04194
:10B690000025154F3B78ECB2A3420CD8FFF7C2FF50
:10B6A0000026DFF848803B78F5B2AB420DD8FFF7B3
:10B6B000EBFFBDE8F08100212046FFF7B7FF012135
:10B6C0002046FFF7B3FF0135E4E700212846FFF7E6
:10B6D000C3FF012104462846FFF7BEFF44EA4004A9
:10B6E00008F805400136DEE7C8320020BE320020EF
:10B6F00010B5FCF79DF800220D4B0E4C1A70FCF7AC
:10B7000097F880F001002070FCF792F8FCF790F8B1
:10B7100018B1BDE81040FFF7B9BF2378002BF8D06F
:10B72000054B064A1A60064B013A1A60F1E700BF62
:10B73000C9320020C8320020C03200200704004077
:10B74000C432002070B541EA4203174A0446115C36
:10B75000DBB201F00300834224D043EA8103DBB271
:10B760001355124A124E1578124A03F00F03D35C98
:10B77000325D254413445BB2012BEDB2335503DD3A
:10B7800000212846FFF7BAFE3357013303DA0121BF
:10B790002846FFF7B3FE3357002B03F00103B8BF71
:10B7A0005B42335570BD00BFBE320020C93200205D
:10B7B000BD32002090170108F8B500250A4F3B78EC
:10B7C000ECB2A34200D8F8BD00212046FFF744FFA9
:10B7D000012106462046FFF73FFF3146024620463C
:10B7E000FFF7B0FF0135EAE7C8320020C1F10301DD
:10B7F000490040FA01F3022213F0010F14BF0E2397
:10B80000082302FA01F101421ABFA3F12000C0B2DD
:10B8100043F080007047000010B50A4C40F28222CD
:10B820004FF40041084804F0C3FC204603F04CFFED
:10B830002046064903F0D2FE2046BDE8104003F042
:10B84000E9BE00BF144F002000040040A01701080B
:10B8500030B5044D00EB40002C186270A3702954E1
:10B8600030BD00BF354A002070B5134605460E4670
:10B8700000242046324629460134FFF7E9FF442CD4
:10B88000F7D170BD2DE9F84F08271D4D1D4C00263E
:10B8900095F800B095F801A095F80290A4F1080879
:10B8A00031465846FFF7A2FF0136042E08F8010B77
:10B8B000F6D10026A4F1040831465046FFF796FF62
:10B8C0000136042E08F8010BF6D1A04600263146B9
:10B8D0004846FFF78BFF0136042E08F8010BF6D11E
:10B8E0000C37B7F54E7F05F1030504F10C04CED1FA
:10B8F0004FF46971BDE8F84F034A044803F0A5BE50
:10B90000354A0020D6320020CA320020144F0020D1
:10B91000FBF70EB908B5FBF78BFF002814BF012019
:10B920000720FBF7ADFD00F0010008BD08B5FBF7EF
:10B93000F1FEC82003F073F9FBF7ECFEFFF7EAFF16
:10B9400028B1FFF7E5FFBDE8084001F08DBD08BD57
:10B9500008B5FFF7EBFF08BD704703460144FF2021
:10B96000994200D1704713F8012B5040082210F083
:10B97000800F4FEA400018BF80F03100013AC0B29A
:10B98000F5D1EDE72DE9F843154698460246002823
:10B9900038D0B9B3B5B3ABB3034600241F4613F890
:10B9A000100B60BB8446184E96F800E00EF10104BF
:10B9B000E4B23470C4B100234FEA031912F80990BD
:10B9C000A14511D001338B42F6D1BCF1000F00D05C
:10B9D00034703C7001F0FAFC089B05447D603078BF
:10B9E000C7F80880FB6006E0631CA6454FF0010C19
:10B9F000DBB202D13370BDE8F8831C46DAE70134CC
:10BA00008C42CBD10020F6E7F036002030B568B18B
:10BA100081B18AB10024034610F8105B954206D12B
:10BA2000002201201A705A609A60DA6030BD013439
:10BA3000A142F0D10020F9E71046F7E72DE9F041E7
:10BA4000154604460E4601F0C1FC2B680746C31A92
:10BA5000002B03DD28600025B54201D1BDE8F0814F
:10BA600094F80080B8F1000F0DD06068C31B002B64
:10BA700009DCA368E16898472378434503D128B1DE
:10BA800063680344636001351034E5E7207060604B
:10BA9000A060E060F7E7000007B50B4600920821C0
:10BAA00002460348FFF76EFF03B05DF804FB00BFDA
:10BAB00070360020024608210148FFF7A7BF00BFEB
:10BAC000703600200821024A0248FFF7B7BF00BFC6
:10BAD000F43600207036002013B5044601210068BA
:10BAE0000DF1070200F046F923689DF807000133C5
:10BAF000236002B010BD0820704700F097B800F036
:10BB0000B2B800F0CCB800F0E9B82DE9F84300F085
:10BB10008BF800250026ECB212E05FFA87F94A465E
:10BB200041462046F9F706FE013703464A4641469C
:10BB3000204600F098F8092FEFD101360C2E03D0E3
:10BB400000275FFA86F8E8E7012200212046F9F78E
:10BB500005FE012203460021204600F0BFF8002226
:10BB600020461146F9F7FAFD002203461146204609
:10BB7000013500F0B3F8082DCCD1BDE8F88300F012
:10BB8000C9B800F0DFB8072810B406D80B2904D8CC
:10BB9000082A02D810BC00F049B8002010BC704739
:10BBA000072802D809B900F07AB8002070471020A1
:10BBB000704708B500F0DBF880B208BD00F0DAB8D5
:10BBC00000F0F8B808B500F030F8BDE8084000F023
:10BBD0000CB900000F2873B5044613D800F0C7F85D
:10BBE000012101AA013800F0C5F89DF804504DB9B3
:10BBF00000F0BDF806463CB922460A4801A9019565
:10BC000000F04CFD02B070BDB542FBD001212846CA
:10BC100001AA00F0AFF89DF804300BB9013CE4B282
:10BC20000135E8E7D9BA000870477047072838B5EA
:10BC300017D80B2915D8082A13D81225520005FB4E
:10BC40000122D82505FB002505F29D30FCF762F99D
:10BC5000040205F29E30FCF75DF9A4B2204380B2E5
:10BC600038BD0020FCE7072838B51D4616D80B293B
:10BC700014D8082A12D81224520004FB0122D82416
:10BC800004FB0024190A04F29D30FCF7ABF9E9B279
:10BC900004F29E30BDE83840FCF7A4B938BD07284F
:10BCA00070B5164618D8B9B9002A4FEA800000F6D8
:10BCB0005D2514BF002002202844FCF72BF9002E3C
:10BCC0004FEA002414BF012003202844FCF722F986
:10BCD000A4B2204380B270BD0020FCE7072870B5F5
:10BCE00016461D4615D8A1B98000002A00F65D242D
:10BCF00014BF00200220190A2044FCF773F9002E1B
:10BD000014BF01200320E9B22044BDE87040FCF7D5
:10BD100069B970BDF8B51446002700F29D35561874
:10BD2000B44200D1F8BD6FF46773EB18B3F5D86F68
:10BD300006D22846FCF7EEF8207001350134EFE713
:10BD40002770FAE770B5144600F29D355618B442D4
:10BD500000D170BD6FF46773EB18B3F5D86F03D2E1
:10BD600028462178FCF73EF901340135EFE740F22F
:10BD7000835070472DE9F04700F67D2806460F46B0
:10BD80001446454640F282594FF0000AA5EB0803DD
:10BD90009BB2BB4201D3BDE8F08733444B4506D884
:10BDA0002846FCF7B7F8207001350134EEE784F837
:10BDB00000A0F9E72DE9F84300F67D2806460F4676
:10BDC0001446454640F28259A5EB08039BB2BB429C
:10BDD00001D3BDE8F88333444B4503D82846217886
:10BDE000FCF700F901340135EEE70023F0B55A24E1
:10BDF00040F2835640F67D2585B0CDE900330293AD
:10BE00000393013C01D105B0F0BD102E374628BF89
:10BE1000102729463A466846FCF7CAF83D44F61B07
:10BE2000EFE7000047F61643984210B50C461BD1C9
:10BE3000FAF734FD62790D4B72B100F0AA000028C8
:10BE400015BF01220022352029201A7001F04EF979
:10BE5000FAF7E8FD002010BD1B78002B14BF352039
:10BE6000292001F061F9F3E70120F4E7F83600201A
:10BE700010B504464879002800F01081A4F5E0448C
:10BE8000A3B2222B34D88648013CFAF762FE212C5B
:10BE900023D8DFE814F07100F1007D003400390090
:10BEA00082003E00870096004D00E80052009B0093
:10BEB0005700A000CE005C00A500D7006300AC00D6
:10BEC000B60043008C00480091006A00B100C30036
:10BED000E200E6002E007700FA00714A137843F082
:10BEE000010313706E48FAF736FEFAF7FFF80020E8
:10BEF00010BD6B4A537843F008035370F2E7684A69
:10BF0000137843F00203ECE7654A137843F0040327
:10BF1000E7E7634A137843F00803E2E7604A53789F
:10BF200043F00103E9E75E4A537843F00203E4E794
:10BF30005B4A137843F01003D3E7594A137843F070
:10BF40002003CEE7564A137843F04003C9E7FAF7D7
:10BF5000CDF8534A137843F08003C2E7504A137870
:10BF600023F00C0343F00C03BBE74D4A537823F056
:10BF7000030343F00303C0E7494B1A786FF3000251
:10BF80001A70AFE7464B5A786FF3C3025A70A9E7AD
:10BF9000434B1A786FF34102F2E7414B1A786FF383
:10BFA0008202EDE73E4B1A786FF3C302E8E73C4BA1
:10BFB0005A786FF30002E9E7394B5A786FF3410280
:10BFC000E4E7374B1A786FF30412D9E7344B1A7849
:10BFD0006FF34512D4E7324B1A786FF38612CFE72E
:10BFE000FAF784F82E4B1A786FF3C712C8E72C4A79
:10BFF000137823F00C0374E7294A537823F00303E2
:10C000007BE727490B78C3F3800282F00102D2B2AA
:10C0100062F3820362F3C3030B7063E720494B783A
:10C02000DA4302F0010262F3000362F341034B7052
:10C0300058E71B490B78C3F3801282F0010262F3C8
:10C040008613E9E7FAF752F815490B78C3F3C012E3
:10C0500082F0010262F3C713DEE70120FAF785FDE3
:10C0600040E70020FAE70E490B78C3F3001282F094
:10C07000010262F30413CFE709490B78C3F300020E
:10C0800082F0010262F30003C6E705494B78C3F36F
:10C09000C00282F0010262F3C303C8E7012027E770
:10C0A000C049002000EB4003C3EB031300EB830007
:10C0B00003B2002B07DAB3F1800001D503F17F0052
:10C0C00040F30720704703F18000F9E7164B1B7817
:10C0D000D90707D5154B187840007F281FD800B323
:10C0E000C0B270479A0703D5104B18788000F4E768
:10C0F0005B0703D50D4B1878C000EEE70C4B1B789F
:10C100005BB10C4A0949127808789342F4D258433B
:10C11000C000B0FBF2F080B2DFE70820E0E77F204C
:10C1200070470120704700BF04370020EC0E00204C
:10C1300005370020ED0E0020144B1B78D90705D5DC
:10C14000134B18788008F8B1C0B270479A0703D52E
:10C150000F4B18784008F6E75B0705D50C4B1878AD
:10C160007F28F0D97F2070470A4B1B7853B10A4AC9
:10C17000074912780878934236BF584380B2B0FB23
:10C18000F2F0EDE70120DFE70120704704370020DF
:10C19000F00E002006370020F10E0020CD2808B553
:10C1A00005D1FFF793FF4042294BD87008BDCE2838
:10C1B00002D1FFF78BFFF7E7CF2805D1FFF786FF06
:10C1C0004042234B9870F1E7D02802D1FFF77EFF61
:10C1D000F7E7D92804D1FFF7AFFF1D4B1871E5E74A
:10C1E000DA2803D1FFF7A8FF4042F6E7DB2805D1A4
:10C1F000FFF7A2FF4042164B5871D7E7DC2802D167
:10C20000FFF79AFFF7E700F12F03DBB2072B08D8FF
:10C2100001230F4AD13803FA00F0537818435070C5
:10C22000C4E7DD2805D10B4A137843F001031370EE
:10C23000BCE7DE2804D1074A137843F00203F6E78F
:10C24000DF28B3D1034A137843F00403EFE700BFBC
:10C25000FE36002004370020364BCD2893F902200B
:10C260000AD193F9031000290CDA0021D97052B9D0
:10C270000021314A117006E0CE280DD193F9031048
:10C280000029F2DC72B11A795B7913435AB2002BA0
:10C290004FD12A4B1A707047CF2806D1002AF1DA05
:10C2A00000229A7093F90320E1E7D02802D1002AF6
:10C2B000F6DCE7E7D92893F9041004D10029E1DD81
:10C2C00000211971DEE7DA2802D10029DADAF7E76E
:10C2D000DB2893F9051004D10029D3DA0021597124
:10C2E000D0E7DC2802D10029F8DCCBE700F12F01F0
:10C2F000C9B2072907D80121D1388140587820EAEE
:10C3000001005870BEE7DD2805D10D48017821F005
:10C3100001010170B6E7DE2804D10948017821F057
:10C320000201F6E7DF28ADD10548017821F00401CC
:10C33000EFE77047FE360020053700200637002063
:10C340000437002008B501F077F8094BDA789978BE
:10C350000A431CBF074A10801A795B7913431CBF3C
:10C36000054B18800248BDE8084000F0E1BD00BF61
:10C37000FE360020FA360020FC360020062208B5E2
:10C3800000210548F4F7F8F90023044A1370044A21
:10C390001370044A137008BDFE36002005370020D4
:10C3A000063700200437002090F902305BB990F97D
:10C3B000033043B990F904302BB990F905000038E7
:10C3C00018BF0120704701207047000037B5594C55
:10C3D000062221466846F4F7DDF800239DF8022086
:10C3E000A370E370237163719DF8033013430AD087
:10C3F000514B188800F098FF50490B783BB3504AD6
:10C40000127890422CDC9DF804209DF805301343EF
:10C410000BD04C4B188800F087FF4B490B78002B52
:10C420004ED04A4A1278904253DC6946414800F0A7
:10C43000B5FE18B93F48FFF7B7FF08B1FFF782FF15
:10C44000062269463B48F4F7A5F803B030BD0A253B
:10C450003F4A12786A439042D5DD01330B7001E008
:10C46000FF2BFAD19DF902503DB1FFF72FFE002DB1
:10C47000CCBF0123FF235843A0709DF903503DB169
:10C48000FFF724FE002DCCBF0123FF235843E070AB
:10C4900094F902000028B6D094F90320002AB2D003
:10C4A000FFF700FE30B1A0701046FFF7FBFD20B192
:10C4B000E070A8E70123A370F6E70123E370A2E789
:10C4C0000A25244A12786A439042AEDD01330B708C
:10C4D00001E0FF2BFAD19DF904503DB1FFF72CFE8E
:10C4E000002DCCBF0123FF23584320719DF9055037
:10C4F0003DB1FFF721FE002DCCBF0123FF235843A0
:10C50000607194F9040000288FD094F90520002A66
:10C510008BD0FFF7C7FD30B120711046FFF7C2FD89
:10C5200020B1607181E701232371F6E70123637174
:10C530007BE700BFFE360020FA36002005370020DA
:10C54000EB0E0020FC36002006370020EF0E002006
:10C55000EA0E0020EE0E00204B4B4C4A2DE9F04134
:10C5600013F80080C308D55C494A00F00700D65C88
:10C57000484A0541D75C064115F0010547FA00F02D
:10C580000C4606F0010600F0010711D0E120F9F792
:10C59000C7FA002C6AD040484FF47A72A4FB00031B
:10C5A0000021002300F2E730F3F720FE02F037FB12
:10C5B0008EB1E620F9F7B4FA002C59D036484FF482
:10C5C0007A72A4FB00030021002300F2E730F3F7A6
:10C5D0000DFE02F024FB21464046F9F723FB002C18
:10C5E00048D02D484FF47A72A4FB000300210023A9
:10C5F00000F2E730F3F7FAFD02F011FB86B1E62016
:10C60000F9F7D6FAC4B324484FF47A72A4FB0003B6
:10C610000021002300F2E730F3F7E8FD02F0FFFA13
:10C6200085B1E120F9F7C4FA44B31B484FF47A729C
:10C63000A4FB00030021002300F2E730F3F7D6FD4E
:10C6400002F0EDFAF7B12C20F9F70AFBC4B1124859
:10C650004FF47A72A4FB00040023002100F2E730BB
:10C66000F3F7C4FDBDE8F04102F0D9BA01209DE71F
:10C670000120AEE70120BFE70120CFE70120DFE77F
:10C680000120EFE7BDE8F081D41701085418010834
:10C69000B4170108C4170108A08601002DE9F84F5E
:10C6A000304C0546A2FB04030E46174600234FF408
:10C6B0007A72002100F2E730F3F798FDA046814638
:10C6C0003046A84788B1012847D13046A8470128FD
:10C6D00004460CD13046A847F9F7C2FA002F3AD0E9
:10C6E000484602F09CFA002CEAD1BDE8F88F0228F7
:10C6F00004D13046A847F9F713FAEFE7032804D12D
:10C700003046A847F9F754FAE8E70428E6D130465E
:10C71000A8474FF0000B04464FF00A0A124BE15CA9
:10C7200011F004010ED1BBF1000F12D040F2E7303E
:10C730004FF47A720023CBFB0801F3F757FD02F0A8
:10C740006EFACBE73046A847303C0AFB0B4B044659
:10C75000E4E70120F3E70120C3E73946FFF7FCFED9
:10C76000AEE700BFA0860100A90F0108F8B5144686
:10C7700042791D469DF81870284B92B11C7000F04C
:10C780005BFE274B188004F12003DBB2072B44D853
:10C79000012004F00704A040C0B2BDE8F840F9F75A
:10C7A00067BA1E78A6422ED11D4B188800F0BCFD3A
:10C7B000C72828D8AE4205F1200415D006F1200381
:10C7C000DBB2072B06D8012006F00706B040C0B246
:10C7D000F9F757FAE3B2072B06D8012005F0070353
:10C7E0009840C0B2F9F744FA3846E4B2F9F738FA9B
:10C7F000072C12D8012005F00705A840C0B2BDE8FB
:10C80000F840F9F73EBA04F12003DBB2072B04D855
:10C81000012004F00704A040F0E7F8BD073700202E
:10C82000083700200346A3F5F843183B07B5084630
:10C83000062B3BD8DFE803F0171E0410252C33002D
:10C8400026230093E12347F61A411A46FFF78EFF8D
:10C85000002003B05DF804FB27230093E52347F68F
:10C860001B411A46F2E72623E022009347F61841BF
:10C87000E123EBE72723E422009347F61941E52360
:10C88000E4E72623E222009347F61C41E123DDE79B
:10C890002723E622009347F61D41E523D6E7282308
:10C8A000E522009347F61E410123CFE7487918B1EE
:10C8B0000022024B1A70CCE70120CAE7073700209C
:10C8C00047F67743984270B506D047F678439842CA
:10C8D00029D00124204670BD4C7994B100F02CF889
:10C8E000F9F78AFC00F028F8044600F02BF805461A
:10C8F00000F02EF8294602462046F9F78BFD002469
:10C90000E8E700F019F8F9F783FC00F015F80546A0
:10C9100000F018F8064600F01BF83146024628469B
:10C92000F9F778FDD6E74C7914B100F00BF8D7E7AA
:10C9300000F008F8E7E70000014B1878704700BFE7
:10C94000F30E0020014B1878704700BFF40E002052
:10C95000014B1878704700BFF20E002007B50DF1AB
:10C9600007020DF106010DF1050000F05EFA9DF8D9
:10C970000530262B0CD19DF80630092B08D19DF8E7
:10C980000700A0F115035842584103B05DF804FBBD
:10C990000020FAE720B115220921262000F05CBA18
:10C9A000FF2211461046F9E77047704710B504465C
:10C9B000FFF7FBFF2046BDE8104000F067BA08B55E
:10C9C00000F032FA0020FFF7E5FF0020FFF7EEFF4E
:10C9D000FFF79BF8FFF7F6F8BDE80840152209219C
:10C9E000262000F039BA08B5FFF7DEFF00F048FA5C
:10C9F000FFF7DBFFFFF7B2FF18B9BDE80840FFF70C
:10CA0000DEBF08BDFEF74ABB08B50346487940B112
:10CA1000A3F5EE427F2A03D8D8B2FFF7DBF8002057
:10CA200008BD0120FCE700002123054820210370F8
:10CA3000002343701D2383700423C370F6F70EBADE
:10CA4000014B00202223054820210370012343705D
:10CA5000002383700623C370F6F700BA014B002051
:10CA60002323044820210370002343708370C37084
:10CA7000F6F7F4B9014B0020F8B547788678BB1972
:10CA8000442B07DDFD230F4843702021BDE8F8400B
:10CA9000F6F7E4B9092E07D80025C41CEBB29E4274
:10CAA00004F1030403D8F8BDFE230648ECE7781927
:10CAB00014F8013C14F8022C14F8031CFCF792FC47
:10CAC0000135EBE7014B002008B50020FEF742FBE3
:10CAD000FEF704FBFEF7E8FABDE808403320FEF756
:10CAE00039BB0000272303482021037044234370EF
:10CAF000F6F7B4B9014B0020282303482021037026
:10CB000002234370F6F7AAB9014B0020FF230370FC
:10CB100070470020704710B503780446013B032B93
:10CB20000BD8DFE803F0020B1215FEF79FFB9623EC
:10CB3000C0EB0020B0FBF3F0607010BDFEF7E6FA2A
:10CB40000028F9D0FEF728FBF6E7FEF715FCF3E71F
:10CB5000FEF780FB6070FEF783FBA070EDE738B551
:10CB600003780446013B032B2CD8DFE803F00211C5
:10CB70001E23FEF76FFB0546FEF772FB97236278D4
:10CB800001465A43A8B2120ABDE83840FEF744BB3A
:10CB900043781BB9BDE83840FEF7A0BAFEF784FA27
:10CBA0006078BDE83840FEF7D5BA4078BDE8384037
:10CBB000FEF7D2BB45788478FEF758FB2146024643
:10CBC0002846E1E738BD034610F8022B082A05D0B5
:10CBD000092A05D0072A05D1FFF7C1BFFFF79BBF80
:10CBE000FCF7BCBBFF221A70704708B54378032BD3
:10CBF00003D1BDE80840FFF7E6BFFFF787FF08BD98
:10CC000070B504460D46FFF784FF002840F00B8105
:10CC10002378013B272B00F28380DFE813F0280004
:10CC20004B007C0096009C00A800AB00AB00AB0062
:10CC300081008100B000B400BA00C500D000D3006C
:10CC4000D600E100EC00F500810081008100810048
:10CC5000810081008100810081008100810032001B
:10CC6000350038003B003F004200450048000023EB
:10CC700063700D23A37029462046BDE87040F6F787
:10CC8000EDB8FFF7D1FEF6E7FFF7DCFEF3E7FFF7BD
:10CC9000E7FEF0E72046FFF7EFFEECE7FFF714FFB3
:10CCA000E9E7FEF75BFAE6E7FFF71CFFE3E7FFF7CC
:10CCB00023FFE0E76378013B052B31D8DFE803F081
:10CCC000030D101F302500F081FB030EA370030C31
:10CCD000E370030A23716071CDE700F0D1F8F4E747
:10CCE000002322461946A678F0180B28C3D8013332
:10CCF0000E2BD170117102F10202F5D1BBE70023B6
:10CD0000A370E37023716371B5E70023A370E37030
:10CD100023710823F7E76378022B04D0052B10D08A
:10CD2000FF232370A7E7E378A07840EA0320237964
:10CD300040EA0340637940EA036000BAFFF736FE39
:10CD400099E7A078FFF75EFE95E7E278A178607832
:10CD5000FEF7D3FEBDE762792379A17843EA022387
:10CD60005BBAE27860789BB2FEF7C9FE83E7FEF714
:10CD7000CCFE80E729462046FFF737FF7BE7FEF72A
:10CD800016FF607077E7FEF714FF030A6370A07068
:10CD900071E76078A378E17840EA032040BA221D69
:10CDA00080B2FEF70BFF66E76078A378E17840EA8F
:10CDB000032040BA221D80B2FEF702FF5BE7FEF7B8
:10CDC00001FF58E7FEF797FEDBE76078A378E1788C
:10CDD00040EA032040BA221D80B2FEF7D0FE4AE7A7
:10CDE0006078A378E17840EA032040BA221D80B23F
:10CDF000FEF7C7FE3FE7E278A178003A18BF0122AC
:10CE00006078FEF77EFE64E762792379A17843EAD1
:10CE10000223E2785BBA003A18BF012260789BB225
:10CE2000FEF771FE27E770BD704770B50D461446DA
:10CE3000064620B140F29930FBF76CF8307025B10E
:10CE400040F29A30FBF766F8287024B140F29B302C
:10CE5000FBF760F8207070BD38B50D4614460146EA
:10CE600040F29930FBF7BEF8294640F29A30FBF7C2
:10CE7000B9F82146BDE8384040F29B30FBF7B2B824
:10CE800008B54FF46770FBF745F808BDC1B24FF421
:10CE90006770FBF7A7B80000014B1860704700BF30
:10CEA0000C370020014B1868704700BF0C3700207A
:10CEB0007047704708B500F0F1F9431E58425841D9
:10CEC00008BD0000014B1870704700BF14370020E8
:10CED00010B5F8F721FC10B9064B187810BD064BB9
:10CEE00018680028FAD000680028F7D0BDE8104084
:10CEF000004700BF143700200C37002008B5FFF7AB
:10CF0000E7FF08BD034B1B6813B15B6803B118470B
:10CF1000704700BF0C370020044A126822B19268A3
:10CF200012B1062101701047704700BF0C37002076
:10CF3000044A126822B1D26812B10221017010476E
:10CF4000704700BF0C3700200B4B07B51A88824290
:10CF50000FD01880094B1B685BB11B694BB10322D2
:10CF60008DF80500000A8DF806008DF8042001A850
:10CF7000984703B05DF804FB123700200C370020FF
:10CF80000C4B07B51A88824210D018800A4B1B68D8
:10CF900063B11B6953B104228DF80500000A8DF8B6
:10CFA00006008DF804200DEB0200984703B05DF8F1
:10CFB00004FB00BF103700200C3700200E4B10B5CB
:10CFC0001C680234FFF776FF68B10C4B93F9003010
:10CFD000002B08DA0A4B1C681E230234002023446D
:10CFE0009C4202D110BD0623F8E714F8012B002A59
:10CFF000F6D00130C0B2F3E7D00D0020C0490020C8
:10D00000D40D002010B5044618B3FFF753FFB0B19C
:10D01000124B93F90030002B11DAEF2C4FEAD402B7
:10D0200017D80F4B04F007041B6813449A780123A8
:10D0300003FA04F4224214BF1846002010BD094B25
:10D040001B689A1C083312F8011BA14203D09A42B4
:10D05000F9D10020F2E70120F0E700BFC04900202D
:10D06000D40D0020D00D00204FF0FF32002330B54A
:10D07000841C14F8015B8D420ED0B2F1FF3F02D147
:10D08000002D08BF1A460133DDB2062D5BB2F0D188
:10D09000531C01D01044817030BD002210B5831C98
:10D0A000083013F8014B8C4208BF03F8012C83426F
:10D0B000F7D110BDEF294FEAD10308D81844012356
:10D0C00001F0070103FA01F1837819438170704779
:10D0D000EF294FEAD10308D81844012301F00701D2
:10D0E0008B40817821EA03018170704710B50446B6
:10D0F000FFF7E0FE214650B1084B93F90030002BBA
:10D1000005DABDE81040064B1868FFF7D3BF054BA2
:10D11000BDE810401868FFF7A7BF00BFC049002056
:10D12000D40D0020D00D002010B50446FFF7C2FE3C
:10D13000214650B1084B93F90030002B05DABDE8C9
:10D140001040064B1868FFF7C3BF054BBDE8104001
:10D150001868FFF7A2BF00BFC0490020D40D00200F
:10D16000D00D002008B5FFF7A5FE68B1084B93F974
:10D170000030002B08DA1E22064B18680021BDE89B
:10D1800008400230F3F7F8BA034B06221868F5E7B7
:10D19000C0490020D40D0020D00D002042784B78EB
:10D1A0009A421DD190F902301BB191F902209A42A6
:10D1B00016D190F903301BB191F903209A420FD197
:10D1C00090F905301BB191F905209A4208D190F9E8
:10D1D000040030B191F90430181A18BF01207047CB
:10D1E0000120704782B002B0704707B50190FFF789
:10D1F000F9FF03B05DF804FB07B500284FF0040207
:10D2000014BF0223012306490DEB0200CB70F3F794
:10D21000C1F90198FFF7E9FF03B05DF804FB00BF17
:10D22000F50E002007B50422032306490DEB02008A
:10D23000CB70F3F7AFF90198FFF7D7FF03B05DF8B4
:10D2400004FB00BFF50E0020FFF7D6BF07B5042290
:10D25000012306490DEB0200CB70F3F79BF901980F
:10D26000FFF7C3FF03B05DF804FB00BFF50E00201D
:10D27000FFF7ECBF07B5003818BF012004220649AC
:10D2800088700DEB0200F3F785F90198FFF7ADFF09
:10D2900003B05DF804FB00BFF50E0020014B987849
:10D2A000704700BFF50E002007B5042205494870FD
:10D2B0000DEB0200F3F76EF90198FFF796FF03B04C
:10D2C0005DF804FBF50E0020014B5878704700BF55
:10D2D000F50E002007B50422054908700DEB020089
:10D2E000F3F758F90198FFF780FF03B05DF804FBEE
:10D2F000F50E0020044B33F8102001238B401A4216
:10D3000014BF0120002070471637002042B90123C6
:10D31000044A8B4032F8101021EA030122F8101061
:10D32000704700BF1637002010B5044600F084F89F
:10D33000001B80B210BD10B5044600F047F8001B7A
:10D3400010BD10B5044610220021F3F715FA20464F
:10D3500010BD08B501F0D8FDBDE8084001F058BA8D
:10D3600008B5F8F74EFBBDE8084040F2A46001F0B4
:10D3700056BC08B5F9F7A8FAF9F7BCFAFFF7F2FEC0
:10D38000FEF7FCFF0020FFF7DFFD0020FFF7F8FDB0
:10D39000BDE80840F8F743BB302383F31188064B00
:10D3A000DA69064B1A600023054A1360054A1360C8
:10D3B00083F31188704700BF404B002038370020AE
:10D3C0003037002034370020FFF7E6BF70B501F09A
:10D3D00045FA124D124B1349DC692B680A68E41AAE
:10D3E000A242114A0AD9A3F58333E03B2B601568AA
:10D3F0000E4B04F583342B44E034136016680C6044
:10D400004FF47A7501F033FA002109480023E4FB58
:10D410000501084AF2F7EAFE304470BD38370020B3
:10D42000404B0020303700203437002088598F02CD
:10D430009F860100A086010008B5FFF7C7FF80B2F4
:10D4400008BD0000BFF34F8F0549064BCA6802F4C0
:10D45000E0621343CB60BFF34F8F00BFFDE700BF17
:10D4600000ED00E00400FA0508B5024A024B1A601C
:10D47000FFF7E8FFEFBEADDEFC6F00200A4A08B5FB
:10D4800052F8041C094B99420CD1002342F8043C89
:10D4900083F31488064B1A6882F3088862B65B68C7
:10D4A0009847FEE708BD00BF00700020EFBEADDE6C
:10D4B00000E0FF1F08B5FFF7C5FF000083B5284D4A
:10D4C000284E002301210DF107008DF8073000F0F0
:10D4D000FFF898B19DF807300F2B0FD802F0DCFB56
:10D4E0009DF80740012184F010030DF107008DF82D
:10D4F000073000F0C9F820B902F0D4FB00F09AF828
:10D50000DEE70C236343E95CEA1861B90C2363434B
:10D51000E81887687FB90C2303FB0454217999B973
:10D5200002F0C0FBCDE753883068184400F0BEF825
:10D530000028EBD1E0E7EA5C3168C38840880B44FF
:10D5400001441046B847E6E7E3883068184400F025
:10D550009BF8044602F0A6FB002CB2D1CEE700BF38
:10D56000180E00207016010807B500F0C9F8002356
:10D57000FF2200934FF49A61034B044801F01CFB17
:10D5800003B05DF804FB00BFBDD4000840370020A5
:10D5900000F0C6B873B5044600F04CF8E0B20F28AE
:10D5A0008DF806003FD802F077FB01210DF106004F
:10D5B0009DF8066000F068F828B9002402F072FBBC
:10D5C000204602B070BDFF2301210DF107008DF848
:10D5D000073000F06BF804460028EED09DF80630C6
:10D5E0009DF8072083F010039A42E6D10C23734381
:10D5F0000E4DE95CEA1869B90C2303FB065529793D
:10D600000029DBD00A4AEB881068184400F04EF875
:10D610000446D3E75388064A1068184400F034F8EB
:10D620000028E9D1C9E70024CAE700BF180E00208E
:10D630007016010873B5302484F31188114D00264B
:10D640002B685B69003B18BF01238DF8073086F318
:10D6500011889DF807300BB902B070BD84F31188B2
:10D6600028680C3001F036FE86F311889DF80730EB
:10D6700084F311882B685B69003B18BF01238DF888
:10D680000730E4E7040F002070B50646064B0C4651
:10D6900018680A4603683146DD694FF4FA63A84703
:10D6A000031B5842584170BD040F002070B5064658
:10D6B000064B0C4618680A46036831461D6A4FF44B
:10D6C000FA63A847031B5842584170BD040F00205D
:10D6D00038B5064B0C461B681A6895680A46014621
:10D6E0001846A847031B5842584138BD040F002074
:10D6F00008B5F6F79DF908BD08B5F6F799F908BD24
:10D7000010B5054C2046FFF7F7FF20680349BDE838
:10D71000104001F023BF00BF040F0020FC0E0020CA
:10D7200010B5054C2046FFF7E3FF20680349BDE82C
:10D73000104001F013BF00BF040F0020FC0E0020BA
:10D74000184B10B51C785CBB012208211A701648D2
:10D75000224602F02DFD22462021134802F028FD2A
:10D7600022461021104802F023FD4FF47A7001F098
:10D7700056FA41F6822208210B4802F019FD40F2C8
:10D7800082222021084802F013FD40F2822210215B
:10D79000054802F00DFD054801F02EFF044B1C70FA
:10D7A00010BD00BF103C002000040040E04E0020EF
:10D7B000283C002010B504461C4801F085FF1C4899
:10D7C000037823B1194801F082FF002010BD2168C1
:10D7D0004B1CF7D0E288002AF4D0164B92001A8234
:10D7E0006279032A05D8DFE802F0021A1D1F002221
:10D7F000DA600124047021F00F0001F00F0199603C
:10D80000224604FA01F1586002F0D2FC09490748A7
:10D8100001F0E4FE054801F0FDFE2046D6E74FF496
:10D820008002E5E78022E3E7034AE1E7E04E0020DB
:10D83000283C0020143C0020800040001FB5ADF8BB
:10D840000A300123019001A88DF808108DF80920F5
:10D850000393FFF7AFFF05B05DF804FB1FB501218F
:10D860008DF807000DF10F0304480DF1070201F0D8
:10D87000F8FE9DF80F0005B05DF804FBE04E0020B7
:10D88000002307B5012106480DF107028DF8073086
:10D8900001F009FF9DF8070003B05DF804FB00BF2D
:10D8A000E04E002008B50246024801F0EBFE0020E1
:10D8B00008BD00BFE04E002008B50246024801F056
:10D8C000F2FE002008BD00BFE04E002010B5084C5D
:10D8D00023783BB1074801F0ABFE064801F08CFE0F
:10D8E000002323700348BDE8104001F0F0BE00BFE4
:10D8F000283C0020E04E00200E4B10B51A78BAB933
:10D9000001220D4C1A70206040F282324FF4806187
:10D910000A4802F04DFC4FF40061084840F28232A0
:10D9200002F046FC2146BDE81040054801F016BE55
:10D9300010BD00BF293C0020080F00200008004057
:10D94000284C00204FF0FF3108B5024801F0E6FCFA
:10D95000C0B208BD344C00200A464FF0FF330146E8
:10D96000014801F080BD00BF584C002008B50348B5
:10D9700001F019FE80F00100C0B208BD284C002063
:10D9800070B590F84420044602F07F03212B51D15A
:10D9900012F0800F90F845301DD0022B17D0032BCA
:10D9A00005D0012B17D1BDE8704000F065BD90F89F
:10D9B000483090F8495053EA05253BD1FFF76EFCFB
:10D9C000334B256418700120A363E06370BDBDE88C
:10D9D000704000F08BBE0A2B23D00B2B12D0092BEA
:10D9E00028D194F8483094F8491043EA012323F0F1
:10D9F0000203FBB9274BA3630223E363264B0120F9
:10DA00002364E3E794F8483094F8492053EA02236A
:10DA100003D194F84600FFF72DFC0023A363E363D2
:10DA2000EDE794F84700FFF755FC2046BDE870404D
:10DA300000F084BE02F09F02812A18D194F845308C
:10DA4000062B14D194F84920616894F848304D6849
:10DA500043EA0223204694F8472094F84610A8474A
:10DA600070B14368A3630368E3630023C7E7032639
:10DA70000A4DD5F89C302BB9013E05F1A805F8D127
:10DA80000020A3E7204698470028F5D09EE700BF76
:10DA9000343C0020383C0020E5DA000874110020F6
:10DAA000F8B50F4C0022234643F8042F90F84B7032
:10DAB00090F8496090F8465090F84A2090F8481045
:10DAC00090F8470042EA072241EA062145EA002091
:10DAD00000F020FA20606068002818BF2046F8BDDA
:10DAE0002C3C0020034693F84A2093F84B3007491A
:10DAF00042EA0323022B087804D1012801D006282A
:10DB000002D14878FFF7D0BB704700BF383C0020F7
:10DB100010B5064A064C117824784B1C03F00F030D
:10DB20009C421EBF034C1370605410BD314B00204B
:10DB3000324B0020214B0020084608B5052935D876
:10DB4000DFE801F0203403202035302383F31188EF
:10DB5000214800F016FB214800F013FB204800F09C
:10DB600010FB204800F01DFB002383F311881E4B9F
:10DB70001B7813B10520FFF7CBFF0220BDE808405A
:10DB8000FFF7C6BFFFF7C4FF302383F311881248A5
:10DB900000F0D0FA114800F0CDFA114800F0CAFAAE
:10DBA000104800F0DBFA002383F3118808BD30230E
:10DBB00083F31188084800F0DEFA084800F0DBFA29
:10DBC000074800F0D8FA074800F0D8FA002383F39A
:10DBD00011880520D2E700BF741100201C1200201C
:10DBE000C41200206C130020353C0020102208B520
:10DBF00000210448F2F7C0FD0023034A1370034AD2
:10DC0000137008BD214B0020314B0020324B002007
:10DC100070B52A4D2A4C002128782378294E984245
:10DC200033D101B1207070BD01222370264B1A70D0
:10DC3000264B93F84F10081E18BF0120FFF7F2FA89
:10DC4000E9E700222370204B1A70FFF792FB1F4B6D
:10DC500093F84F10081E18BF0120FFF7F5FADAE716
:10DC600023701A4B93F84F10081E18BF0120FFF7BE
:10DC7000C3FAD0E7002123700846F8E72370FFF7C6
:10DC8000E5FA0120FFF7F6FAC5E71A46B25C013360
:10DC9000012103F00F03052AC1D80FF2080C5CF82C
:10DCA00022F000BF7DDC00081FDC000861DC0008FA
:10DCB00075DC000829DC000843DC0008314B00203B
:10DCC000324B0020214B0020353C0020484F0020E3
:10DCD00070B50546184C204600F0A6F904F1A806D8
:10DCE000204600F0D1F9304600F09EF904F5A87402
:10DCF000304600F0C9F9204600F096F920460F4C56
:10DD000000F0C2F9204600F0ABF9204600F0CCF953
:10DD1000284602F017F9284601F016FD41F2883036
:10DD200000F07DFF2846064901F0FBFC2846BDE8CF
:10DD3000704002F0E5B800BF741100206C130020A1
:10DD4000641801082DE9F04104461E4D02F0FAF86E
:10DD5000204601F0F9FC05F1A808284600F0B3F9C7
:10DD6000194E05F5A877404600F0ADF9384600F0A9
:10DD7000AAF9304600F0CAF941F2883000F04FFFAE
:10DD8000284600F051F9284600F07EF9404600F0A0
:10DD90004BF9404600F078F9384600F045F938462E
:10DDA00000F072F9304600F05BF9304600F07CF983
:10DDB0002046064901F0B5FC2046BDE8F04102F0DE
:10DDC0009FB800BF741100206C1300206418010874
:10DDD00037B50023A825054C009305FB004042F20F
:10DDE000107300F055FA03B030BD00BF741100206D
:10DDF00010B50446FFF752FA2146BDE8104008224C
:10DE00000120FFF7E5BF014620220020FFF7E0BF19
:10DE1000014606220020FFF7DBBF01460322002057
:10DE2000FFF7D6BF20290A4603D101460220FFF79B
:10DE3000CFBF704710B5084C88B000232022694638
:10DE4000204600F092FA08B908B010BD20216846BB
:10DE5000FEF7D6FEF1E700BF6C130020FFF70EBB04
:10DE60007047704708B5FFF7F9FF01F0BDFEFFF7F7
:10DE7000F7FF08BD08B501F0D3FEFFF7F2FF08BDBC
:10DE8000FFF7F6B908B5FFF7B1FE0448FFF720FF2A
:10DE9000BDE8084041F2883000F0C1BE484F002084
:10DEA0000148FEF7F9BF00BF100F0020FFF7B0BE1A
:10DEB00000F094BB30B5144B85B01C7814BB012224
:10DEC00068461A70FFF73DFA2346104A104C04A921
:10DED00001EB630111F8100C02EB43010509655DCC
:10DEE00000F00F008D700025205CCD70591C0233AE
:10DEF00002EB4101202B8870CD70E8D142231370D2
:10DF00000323537005B030BD7E3C00203A3C002016
:10DF1000421A010810B51C46030A032B0FD007D87C
:10DF2000012B30D0022B07D15B20184A226010BD94
:10DF3000212B19D0222B1ED000200246F6E7C0B2BA
:10DF40000328F9D8DFE800F00205080B0420104A86
:10DF5000ECE712200F4AE9E710200F4AE6E7FFF747
:10DF6000A9FF0E4A1078E1E70229E5D80C4B0920F9
:10DF700053F82120DAE70229DED80A4B53F8212092
:10DF8000094B585CD2E71220084ACFE78F180108E6
:10DF90004019010844190108581901083A3C0020A9
:10DFA00074180108801801088C180108EA18010883
:10DFB00013B5446BD4F888201378042B13D10123B4
:10DFC00094F88C1012898B4013420CD1204601A981
:10DFD00001F07AF8024630B1019B94F88C10D4F825
:10DFE000880001F02DFC02B010BD10B5026F044690
:10DFF0001378042B13D1012390F8741052898B40AD
:10E0000013420CD100F0B5FF024640B1E36994F829
:10E010007410206F043BBDE8104001F0FFBB10BD41
:10E02000406BFFF7E2BF00001FB500F15C03C36463
:10E0300090F8843013B100F170030365074B0121A0
:10E040000193D0F89030D0F8982000930290D0F847
:10E05000943001F016F805B05DF804FBB1DF00085C
:10E060001FB500F15C030365064B01210193836F2B
:10E07000D0F8802000930290C36F00F058FF05B0E5
:10E080005DF804FB21E00008302383F31188D0F809
:10E09000883090F88C2003EB82039861002380F88D
:10E0A000A03083F311887047302383F3118890F8F0
:10E0B0007430026F093342F82300002380F8843063
:10E0C00083F31188704710B53023044683F3118819
:10E0D00090F88C20D0F88830053203EB82030022C0
:10E0E0005A6001236FF00101037200F0D8FD204651
:10E0F00000F0DEFFD4F8A43013B1DA681868904756
:10E1000000F0D0FC002383F3118810BD10B530233C
:10E11000044683F3118801236FF00101037200F0BC
:10E12000BEFD204600F01AFF00F0BCFC002383F384
:10E13000118810BD012310B5044603726FF0010170
:10E1400000F0ADFD204600F0B3FFD4F8A43023B1B9
:10E15000BDE81040DA681868104710BD012310B5FB
:10E16000044603726FF0010100F099FD2046BDE8FE
:10E17000104000F0F3BE00230372704700230372C7
:10E18000704710B5044690F88C1000F13802D0F8B2
:10E19000880001F003FB204600F08AFF0023237271
:10E1A00010BD10B5044600F0D9FE002320462372AE
:10E1B000BDE81040FFF719BF00EB8103F7B59C697C
:10E1C00005460E4684B3302383F311880023226969
:10E1D00084F8A03063699A4201D1E368B3B905EBD2
:10E1E0008603DB685B691B6883B1D4F8A43053B144
:10E1F00001A9204600F068FFD4F8A43001469F68CA
:10E20000019A1868B847204600F06CFF204601A923
:10E2100000F05AFF024648B1019B3146284601F002
:10E220000FFB002383F3118803B0F0BD05EB8603D9
:10E23000DB681A68022AF4D15A691268002AF0D001
:10E240001B8A013B1340ECD105F14402E5E701F1E3
:10E25000090210B550F82240CCB1302282F3118867
:10E2600000EB8103DB689B695B6853B1236F94F813
:10E270007420204603EB8203DB689B69596800F039
:10E2800082FE2046FFF7B1FE002383F3118810BD04
:10E290002DE9F84F1E4604460F46924630239DF85E
:10E2A000285083F31188D0F888301B78042B05D0D0
:10E2B000002585F311882846BDE8F88F90F8A03036
:10E2C00023B101364FF0FF3618BF0026002383F339
:10E2D00011884FF030094FF0010833465246394655
:10E2E000204600F03AFF82451CD989F3118894F842
:10E2F000A0304FF0000B002808BF43F001036FF07F
:10E30000010184F8A030204684F8088000F0C7FCA2
:10E31000204600F0CDFE84F808B000F0C3FB8BF37C
:10E320001188DAE7002DC6D1204600F05BFF0125F9
:10E33000C1E7302383F31188026943699A4210D1FF
:10E34000C36883B10123D0F8882090F88C1012891B
:10E350008B4013420CBF01200020002383F311885F
:10E3600070470020F9E71846F7E738B51446054628
:10E37000302282F31188026F1278042A03D0002021
:10E3800080F3118838BD90F8842022B101334FF01A
:10E39000FF3318BF0023002282F31188224628464B
:10E3A00000F02CFEB0FA80F35B0985F88430231A64
:10E3B00058425841E6E70000006810B440B1054CEF
:10E3C0008264E469083040F8044C10BCF2F7E2B80B
:10E3D00010BC7047404B00200168134631B18A6C75
:10E3E00003F108009A640831F2F7D4B8704710B509
:10E3F0000446006840B1826C00210830F2F7BCF995
:10E40000002223681A605A6010BD000010B40C7816
:10E41000082C0BD850F8240040B1054C8264E46904
:10E42000083040F8044C10BCF2F7B4B810BC704788
:10E43000404B00200829134609D850F8211031B16B
:10E440008A6C03F108009A640831F2F7A3B87047A8
:10E4500070B50026051F00F1200455F8040F38B1EF
:10E46000826C00210830F2F787F92B681E605E602D
:10E47000A542F2D170BD000038B590F8483004468E
:10E48000022B1CD890F84610082918D80D4AD25CE7
:10E49000022A14D8A8200C4B00FB0233D3F8A400A6
:10E4A00060B10A4D43682A460068984705F10803A1
:10E4B000A363AB6C0120E3630023236438BD002019
:10E4C000FCE700BF7011002074110020B03E002056
:10E4D000036843B19100196003490B78002A18BF03
:10E4E00043F001030B707047FC3E0020006810B140
:10E4F0000068C0F387007047036870B50BB900204F
:10E5000070BD302383F31188036800211C685B68A9
:10E5100081F31188002CF2D04FF47A76074A08482C
:10E52000D569084AED1AE5FB06010023F1F75EFE06
:10E5300084428CBF00200120E2E700BF404B002056
:10E540009F860100A08601004B1E072B0BD850F8B8
:10E55000213043B19100196003490B78002A18BF9C
:10E5600043F001030B707047FC3E0020082906D8D9
:10E5700050F8210020B10068C0F3870070470020E8
:10E5800070470000082970B501D9002070BD50F80F
:10E590002130002BF9D0302383F3118850F821303B
:10E5A00000211C685B6881F31188002CEDD04FF4CA
:10E5B0007A76074A0748D569074AED1AE5FB06014E
:10E5C0000023F1F713FE84428CBF00200120DDE719
:10E5D000404B00209F860100A0860100404B2DE9A2
:10E5E000F74F1B78002B47D000242546DFF8F48036
:10E5F0003D4E08F1080AD6F8A4B0BBF1000F34D0A4
:10E60000002C3CD10127302383F31188F9B2DBF8C9
:10E610001430DBF80000019198474FF00009002802
:10E6200018BF45F0010589F311882F48FFF781FED7
:10E63000C0B1DBF818300199DBF80000984788B1C9
:10E64000302383F31188274ADBF804300199DBF883
:10E650000000984789F3118851464846D8F8482069
:10E66000FFF7B6FB0137092FCDD10134032C06F19A
:10E67000A806C0D11A4B1D7003B0BDE8F08F30273B
:10E6800087F311880021DBF81430DBF8000098478D
:10E690004FF00009002818BF45F0010589F31188E3
:10E6A0003046FFF746FE0028DFD04946DBF8183039
:10E6B000DBF8000098470028D7D087F31188094A73
:10E6C0004946DBF80430DBF80000984789F31188ED
:10E6D0005146D8F84820E0B2FFF77AFBC5E700BF03
:10E6E000FC3E0020643E00207411002010B590F81C
:10E6F00048300446022B19D890F84610082915D83E
:10E700000B4AD25C022A11D8A8200A4B00FB023324
:10E71000D3F8A40048B1436900689847064B1870C5
:10E72000A36301200023E063236410BD0020FCE705
:10E730007011002074110020603E002010B590F888
:10E7400048300446022B19D890F84610082915D8ED
:10E750000B4AD25C022A11D8A8200A4B00FB0233D4
:10E76000D3F8A40048B1036994F84720006898479B
:10E7700000230120A363E363236410BD0020FCE7B2
:10E78000701100207411002010B5044C204601F0D7
:10E79000D9FB2046BDE8104000F0D6BF484F00200E
:10E7A000024B1878031F584258417047484F0020C9
:10E7B00070477047FEE7000070B50825134C60688D
:10E7C00023680146A268043B8A4219D8D31C1B1A4D
:10E7D000C11E23F003038A4238BF00231844E368B4
:10E7E000C11EDA1C121A22F00302994288BF0022CD
:10E7F0000021F1F7C1FF013D04F11004DFD170BD2C
:10E8000053F8046F41F8046BDEE700BF541A0108A7
:10E8100038B501230025074C2370656000F044FBE8
:10E820000549064800F04CF90223237085F311884E
:10E8300038BD00BF384B0020D81A0108404B0020DB
:10E8400072B60322024BD865024B1A70FEE700BF76
:10E85000404B0020384B002000F054B8EFF31180FB
:10E8600020B9EFF30583302282F31188704710B589
:10E8700030B9EFF30584C4F3080414B180F31188B0
:10E8800010BD00F00FF984F31188F9E7034A5168CD
:10E8900053685B1A9842FBD8704700BF001000E035
:10E8A00010B50A4C23699A6891420CD85A68816065
:10E8B0000360426010609A685860511A99604FF086
:10E8C000FF33A36110BD1B68891AECE7404B0020A1
:10E8D0000361002310B410BCC2604361FFF7E0BFC6
:10E8E000036881689A680A449A60426813605A60B3
:10E8F00000234FF0FF320360014B9A61704700BF65
:10E90000404B002070B5124D2A46EB690133EB6194
:10E9100052F8103F934206D030269A68013A9A6026
:10E920002C69A36803B170BD226861680A605160F8
:10E93000236083F311882046E3682169984786F3B2
:10E94000118861690029EBD02046FFF7A9FFE7E7AE
:10E95000404B002000238268037503691B68996897
:10E960009142FBD25A680360426010605860704761
:10E9700000238268037503691B6899689142FBD87C
:10E980005A680360426010605860704708B50846D6
:10E99000302383F311880A7D0023052A06D8DFE897
:10E9A00002F00B050503120E826913604FF0FF336E
:10E9B0008361FFF7CFFF002383F3118808BD8269CD
:10E9C0009368013393604268036813605A60EDE70F
:10E9D000FFF7C0BF054BD968087518680268536017
:10E9E0001A6001220275D860F1F7EABB404B0020A3
:10E9F00030B50C4B0446DD684B1C87B00FD02B465E
:10EA00006846094AFFF764FF2046FFF7E3FF009BD3
:10EA100013B16846FFF764FFA86907B030BDFFF780
:10EA2000D9FFF9E7404B00208DE9000838B50C4DBF
:10EA30008161EB6881689A680446914203D8BDE819
:10EA40003840FFF787BF1846FFF792FF01230146C2
:10EA500023752046EC60BDE83840F1F7B1BB00BF3C
:10EA6000404B0020044B1A68DB6890689B68984212
:10EA700094BF002001207047404B0020084B10B588
:10EA80001C68D868226853601A6001222275DC6015
:10EA9000FFF76EFF01462046BDE81040F1F790BB3E
:10EAA000404B0020044B1A68DB6892689B689A42CE
:10EAB00001D9FFF7E3BF7047404B002030BFFDE7AF
:10EAC00070B5002504461A4B86B058608562016314
:10EAD0000E4600F0A3F904F11003236163614FF0C7
:10EAE000FF33A361134BE561D9692B460A462046E3
:10EAF000C4E9082304F1340180230F4A24606460D0
:10EB0000A560E562E56500F01DF801230B4AE060B1
:10EB100003750092726868460192B268CDE90223DB
:10EB2000074BCDE9043500F03FF806B070BD00BFDB
:10EB3000384B0020404B0020E41A0108E91A010874
:10EB4000BDEA000802228B604B62002308618A82C2
:10EB500008460B62CB6170478368C168A3F14C0221
:10EB600043F81C2C026943F84C2C42690C4843F8CA
:10EB7000482C0C4A43F8180C43F82C2C022203F8BA
:10EB8000142C002243F8201C03F8132C43F8041C17
:10EB900043F8082C43F80C2CA3F12800704700BF61
:10EBA000404B0020D101000808B5FFF7D5FFBDE8B4
:10EBB0000840FFF70DBF000038B5302484F31188FA
:10EBC0002839441844F8243C049B002544F8203C90
:10EBD0000A4BA4F1240144F8043C0223A382084B0D
:10EBE000E16020462946A260236162622562E561F8
:10EBF000FFF71CFF85F31188204638BDD1010008BE
:10EC0000404B0020024BDB6898610F20FFF7E2BE0B
:10EC1000404B0020302383F31188FFF7F3BF08B582
:10EC20000146302383F311880820FFF7E1FE00231B
:10EC300083F3118808BD0000054BDB6821B1036038
:10EC400098610320FFF7D4BE4FF0FF30704700BF3C
:10EC5000404B00200346006820B100221A60816109
:10EC6000FFF7B6BE70470000064BDB6839B142685B
:10EC700018605A60136043600420FFF7B9BE4FF07C
:10EC8000FF307047404B002003460068834205D0A8
:10EC900002681A6053608161FFF79ABE704738B509
:10ECA00004460D462068844200D138BD03682360C5
:10ECB0005C608561FFF78CFEF4E7034610B51B68C6
:10ECC000984203D09C688A689442F8D25A680B60D4
:10ECD0004A601160596010BD00230060406083608D
:10ECE0007047000038B58168164B0446DD6891B95D
:10ECF0002B6A8560C360286238BD8B600B7D7BB159
:10ED0000062B14D10B684A68886913605A60FFF7B4
:10ED1000D4FF8B699968AB688A689A42EDD306E0A4
:10ED20004A680B68084613605A60FFF751FE204698
:10ED30002946FFF7C2FFAC610620BDE83840FFF767
:10ED400049BE00BF404B002008B5302383F3118833
:10ED5000FFF7C8FF002383F3118808BD154A034657
:10ED6000D16810B5302282F31188C26800680A6247
:10ED700098421BD0486A82B98860186802681A6095
:10ED80005360026A9860DA600362FFF721FEFFF7C2
:10ED900089FE002383F3118810BD1468A24203D0BA
:10EDA000A468A04238BF2046D268E4E7002383600D
:10EDB000EFE700BF404B0020C3691943037DC161E9
:10EDC0000A2B03D18369194205D170470B2B06D159
:10EDD00083698B4303D100238361FFF7F9BD70473B
:10EDE00070B506460D460468B44200D170BDE368B4
:10EDF0002B43E36015B123691D4203D0A16860680D
:10EE0000FFF7DAFF2468EFE7EFF30983203383F39A
:10EE10000988002383F3118870470000302080F3B5
:10EE2000118862B60C4B0D4AD96821F4E0610904DF
:10EE3000090C0A43DA60D3F8FC20094942F08072D9
:10EE4000C3F8FC200A6842F001020A602022DA7747
:10EE500083F82200704700BF00ED00E00003FA05D0
:10EE6000001000E0302310B583F311880B4B5B6872
:10EE700013F400630FD0EFF309844FF08073203C4C
:10EE8000E36184F30988FFF7EDFD10B1044BA36142
:10EE900010BD044BFBE783F31188F9E700ED00E0B8
:10EEA000E3010008E6010008024B034A1A60034A26
:10EEB0005A607047A04B0020A04F00200070002037
:10EEC000F0B50B4D0446D5E90067BB1B9A420CD840
:10EED000731E0B441A44494202EA01000444A7424B
:10EEE00003D3A64201D82C60F0BD0020FCE700BF90
:10EEF000A04B002008B5302383F31188FFF7E0FF13
:10EF0000002383F3118808BD08B500F043FF01F02A
:10EF100041F900F000FB00F055FB00F0F4FBFEF7B8
:10EF2000A9FFBDE8084000F000B801F09BB90172EC
:10EF3000002130B5039C043303FB0425C361049B0B
:10EF400000600363059B4060C160426102618561AE
:10EF5000046242628162C162436330BD0022416A41
:10EF6000C2604161016182626FF00101C262FFF71C
:10EF700096BE03694269934201D1C2680AB9181D5D
:10EF800070470020704703691960C2680021013290
:10EF9000C260C269134482690361934224BF436A19
:10EFA0000361FFF771BE38B504460D46E3683BB117
:10EFB00062690020131D1268A3621344E36207E034
:10EFC000237A33B929462046FFF74EFE0028EDDAB2
:10EFD00038BD6FF00100FBE7C368C269013BC36045
:10EFE0004369134482694361934224BF436A436186
:10EFF00000238362036B03B1184770472DE9F84F74
:10F0000004460E46904699464FF0300A8AF311881E
:10F010000025AB46A76A4FB949462046FFF7C3FF14
:10F0200020B187F311882846BDE8F88FE76AA16A06
:10F030007A1AA8EB0507974228BF1746402F16D922
:10F0400030464022F1F7A6FAA36A40364033A36265
:10F050004035A26AE36A9A4202D32046FFF7BCFF1A
:10F060008BF311884545DED28AF31188D2E730460A
:10F070003A46F1F78FFAA36A3E443B44A3623D440B
:10F08000E7E710B5029C04330172C36103FB04215E
:10F0900000238362C362039B00600363049B4060A0
:10F0A000C46042610261816104624262436310BDD7
:10F0B000026A6FF00101C260426A4261026100228D
:10F0C0008262C262FFF7EBBD034640691A69824261
:10F0D00001D1DB681BB950F8043B0B60704700237B
:10F0E0001846FAE7C368C2690133C3604369002167
:10F0F000134482694361934224BF436A4361FFF72B
:10F10000C3BD38B504460D46E3683BB12369002012
:10F110001A1DA262E2691344E36207E0237A33B95D
:10F1200029462046FFF7A0FD0028EDDA38BD6FF034
:10F130000100FBE703691960C268013AC260C26955
:10F14000134482690361934224BF436A036100232D
:10F150008362036B03B1184770472DE9F84F0446EB
:10F160000E46904699464FF0300A8AF311880025E2
:10F17000AB46A76A4FB949462046FFF7C2FF20B108
:10F1800087F311882846BDE8F88FE76AA06A3A1A23
:10F19000A8EB0507974228BF1746402F18D93146DC
:10F1A0004022F1F7F7F9A36A40364033A3624035B5
:10F1B000A26AE36A9A4204D3E16920460439FFF760
:10F1C000B9FF8BF311884545DCD28AF31188D0E76B
:10F1D00031463A46F1F7DEF9A36A3E443B44A36266
:10F1E0003D44E5E7302208B582F31188816A29B1F0
:10F1F00003690439C91A01D0FFF79CFF002383F388
:10F20000118808BDF8B5154682680B46AA42816987
:10F21000066938BF8568761AB54204460BD218468F
:10F220002A46F1F7B7F9A3692B44A361A3682846DE
:10F230005B1BA360F8BD0CD918463246F1F7AAF95A
:10F24000AF1B3A46E1683044F1F7A4F9E3683B4468
:10F25000EBE718462A46F1F79DF9E368E5E72DE963
:10F26000F0410446154683682769934238BF856894
:10F2700040690E463F1ABD420BD22A46F1F78AF981
:10F2800063692B446361A36828465B1BA360BDE8E8
:10F29000F0810CD93A46A5EB0708F1F77BF9424615
:10F2A000E068F119F1F776F9E3684344EAE72A46A2
:10F2B000F1F770F9E368E5E710B50024C361029B3C
:10F2C000C1608161416111440060406084600161FE
:10F2D000036210BDC2686FF00101826142610022C9
:10F2E0008260FFF7DCBC08B582694369934201D1B3
:10F2F000826882B98268013282605A1C4261197048
:10F300000369426900219A4224BFC3684361FFF741
:10F31000BBFC002008BD4FF0FF30FBE770B5302389
:10F3200004460D4683F31188A668A6B1A368A269B6
:10F33000013BA360531CA36115782269934224BF4B
:10F34000E368A361E3690BB120469847002383F388
:10F350001188284607E029462046FFF785FC00284B
:10F36000E2DA86F3118870BD2DE9F74F04460E46A8
:10F3700017469846D0F81C904FF0300A8AF311884F
:10F380004FF0000B154665B12A4631462046FFF77F
:10F3900039FF034660B941462046FFF765FC002867
:10F3A000F1D0002383F31188781B03B0BDE8F08F00
:10F3B000B9F1000F03D001902046C847019B8BF3A1
:10F3C0001188ED1A1E448AF31188DCE7C361009BA3
:10F3D000C1608161416111440060406082600161EF
:10F3E00003627047F8B504460D461646302383F392
:10F3F0001188A768A7B1A368013BA36063695A1C81
:10F4000062611D70236962699A4224BFE368636187
:10F41000E3690BB120469847002080F3118807E08C
:10F4200031462046FFF720FC0028E2DA87F31188F6
:10F43000F8BD8369426910B59A4201D182687AB9F0
:10F4400082680021013282605A1C82611C78036943
:10F450009A4224BFC3688361FFF716FC204610BDA3
:10F460004FF0FF30FBE72DE9F74F04460E461746F5
:10F470009846D0F81C904FF0300A8AF311884FF06C
:10F48000000B154665B12A4631462046FFF7E7FED8
:10F49000034660B941462046FFF7E6FB0028F1D05D
:10F4A000002383F31188781B03B0BDE8F08FB9F116
:10F4B000000F03D001902046C847019B8BF31188B1
:10F4C000ED1A1E448AF31188DCE70C30FFF74CBFBD
:10F4D0004FF0FF330C30FFF747BF3030FFF7C3BFAB
:10F4E0004FF0FF333030FFF7BEBF0C30FFF716BFD1
:10F4F0004FF0FF310C30FFF711BF3030FFF772BF14
:10F500004FF0FF323030FFF76DBF012914BF6FF0AD
:10F5100013000020704700F055BF000037B51546B6
:10F5200002460B460C49044642F8041B4260012285
:10F5300000F154010272009080220C30FFF7BCFEF3
:10F540002B468022009404F1D40104F13000FFF72F
:10F550003DFF03B030BD00BFF01A010810B53023E5
:10F56000044683F3118800F04DFF0223002023722C
:10F5700080F3118810BD38B5436904460D461BB9A8
:10F5800004210844FFF72CFC294604F10C00FFF786
:10F59000AAFE002806DA201D4FF40061BDE83840BD
:10F5A000FFF71EBC38BD302383F311880023406968
:10F5B00083F31188B0FA80F0400970474FF0FF31B3
:10F5C000FFF73ABB01F008B80123037000230C30A9
:10F5D00040F8083C40F8043CFFF77EBB10B53023F0
:10F5E000044683F31188416001F00CF802230020E7
:10F5F000237080F3118810BD10B53023044683F3C7
:10F60000118801F073F8002301226360227083F3F4
:10F61000118810BD302383F31188436899685A68B4
:10F620004FF480338B409361002383F3118870473C
:10F63000302383F31188436899685A6801238B400B
:10F640009361002383F31188704710B5302484F34D
:10F6500011880324047001F08CF8002383F31188CF
:10F6600010BD38B50446302585F31188032504F80C
:10F67000085B01F067F82046FFF7A0FF002383F343
:10F68000118838BD10B53023044683F31188032355
:10F6900004F8083B01F06DF82046FFF78FFF0023C8
:10F6A00083F3118810BD10B53023044683F311880D
:10F6B000032304F8083B01F074F82046FFF77EFFAF
:10F6C000002383F3118810BD0C30FFF73DBB0C30D5
:10F6D000FFF744BB10B50446002101F01DFC0021DA
:10F6E000204601F00BFC63681B6813B1062120461D
:10F6F0009847A36823F00113A3600023E363062364
:10F7000084F8343010BD01F06DBA0123037000237A
:10F71000C36183620362C3624362036343608360C5
:10F72000704738B50446302383F3118800254160C3
:10F73000C56005614561856101F05AFA02232370B5
:10F7400085F31188284638BD70B53023044683F30D
:10F75000118801F065FA254600260123666005F848
:10F760000C3B1C3455F8043B7BB1586920B16FF059
:10F7700001010C30FFF76EFA55F8043C986920B18E
:10F780006FF001010C30FFF765FAA54245F8046CF3
:10F79000E8D1FFF787F986F3118870BD70B500EBEB
:10F7A0008103054650690E461446DA6018B11422EA
:10F7B0000021F0F7E1FFA06918B114220021F0F751
:10F7C000DBFF31462846BDE8704001F047BAF8B586
:10F7D00004460027836800F1100503F001138360DD
:10F7E00000F11C0655F8043B7BB1586920B16FF05D
:10F7F00001010C30FFF72EFA55F8043C986920B14E
:10F800006FF001010C30FFF725FAB54245F8047C92
:10F81000E8D12046BDE8F84001F0ACBAF0B40125CB
:10F8200000EB8104E4684789A4698D403D4345812C
:10F8300023600023A2606360E360F0BC01F00CBBB6
:10F84000F0B4012500EB8104E468078964698D4008
:10F850003D43058123600023A2606360E360F0BC48
:10F8600001F01ABB2DE9F0410223002504464FF0B8
:10F8700030080370C564C563856000F10C0600F1B3
:10F880001C0756F8043BABB188F3118856F8043CCA
:10F89000586920B16FF001010C30FFF7DBF956F821
:10F8A000043C986920B16FF001010C30FFF7D2F9E8
:10F8B00085F31188BE4246F8045CE2D1204684F804
:10F8C000345001F039FA63681B6823B12046BDE863
:10F8D000F04100211847BDE8F081F8B503780446EF
:10F8E000052B29D080F850300523037043681B682E
:10F8F0000BB10421984700263027A66004F10C05BF
:10F900001C3455F8043BABB187F3118855F8043C1F
:10F91000586920B16FF001010C30FFF79BF955F8E1
:10F92000043C986920B16FF001010C30FFF792F9A7
:10F9300086F31188A542E4D1F8BD0178052906D1E6
:10F9400090F85020436802701B6803B11847704755
:10F9500070B590F8343004463BB1836823F001134E
:10F9600083600023C36380F834300021204604F113
:10F97000440201F055FA63689B684BB994F844302F
:10F9800013F060052BD02046BDE87040FFF7A2BE03
:10F99000204698470028F1D094F84B2094F84A303C
:10F9A00043EA0223E26B9A4288BFE36394F944304E
:10F9B000E16B002B80F20281002900F0F78009231F
:10F9C00084F83430302383F3118800212046E36B20
:10F9D000A26BFFF735FF002383F3118870BD94F805
:10F9E000452003F07F0343EA022340F202329342B0
:10F9F00000F0C98021D8B3F5807F4CD00DD8012B01
:10FA000043D0022B00F09780002BBCD104F14C02B4
:10FA1000A2630222E2632364BEE7B3F5817F00F0B4
:10FA20009F80B3F5407FAED194F84630012BAAD128
:10FA3000B4F84C3043F0020336E0B3F5006F51D018
:10FA40001BD8B3F5A06F35D0A3F5C063012B9AD8AE
:10FA500094F84920616894F848304E6843EA0223DC
:10FA6000204694F8462094F84710B04700288AD0E2
:10FA70004368A3630368E3631AE0B3F5106F36D0FD
:10FA800040F6024293427FF47EAF544BA3630223BD
:10FA9000E3630023BFE794F84630012B7FF473AF94
:10FAA000B4F84C3023F00203A4F84C30A563E563AE
:10FAB000256471E7B4F84430B3F5A06F0ED194F823
:10FAC0004630204684F84E3001F0C0F863681B6869
:10FAD00013B1012120469847032323700023A36319
:10FAE000E36398E704F14F03A3630123C3E723789B
:10FAF000042B10D1302383F311882046FFF767FED3
:10FB000085F311880321636884F84F5021701B68C6
:10FB10000BB12046984794F84630002BDED084F88D
:10FB20004F300423237063681B68002BD6D002215A
:10FB300020469847D2E794F8483020461D0603F047
:10FB40000F010AD501F050F9012804D002287FF4F2
:10FB50001AAF234B9AE7234B98E701F029F9F3E713
:10FB600094F84630002B7FF40EAF94F8483013F031
:10FB70000F01B3D01A06204602D501F0E5F9ADE732
:10FB800001F0D6F9AAE794F84630002B7FF4FBAEDB
:10FB900094F8483013F00F01A0D01B06204602D580
:10FBA00001F0BAF99AE701F0A9F997E71423204682
:10FBB00084F83430BDE8704001F042B961B11523DA
:10FBC00084F83430302383F3118800212046E36B1E
:10FBD000A26BFFF723FEFEE60B23E8E71C1B0108E0
:10FBE000181B01081A1B010808B500F0D5F80B4BCB
:10FBF0009A6C42F020029A649A6C9A6C42F040022D
:10FC00009A649A6C9A6C42F080029A649A6C9A6C2C
:10FC100042F480729A649B6C08BD00BF000C0140E6
:10FC2000704700207047162303604FF0FF30704785
:10FC3000184670470020704708B513460021582227
:10FC40001846F0F799FD4FF400524260002008BDBD
:10FC50000120704710B50022044608460121FFF735
:10FC600049F918B90C234FF0FF30236010BD000094
:10FC700008B50248FEF7E4FDF0F750FC1E1B010832
:10FC800008B50248FEF7DCFDF0F748FC231B01082D
:10FC900001207047704700000148FFF755B800BFCA
:10FCA000F41300200148FFF759B800BFF4130020F7
:10FCB0000122090100F1604303F56143C9B283F8F1
:10FCC000001300F01F039A4043099B0003F16043B7
:10FCD00003F56143C3F880211A607047012200F0E8
:10FCE0001F039A4043099B0003F1604303F56143FE
:10FCF000C3F88020C3F88021002300F1604000F5A4
:10FD0000614080F800337047090100F16040C9B2DA
:10FD100000F56D400176704717498A68022A12D0B3
:10FD2000032A26D0154B1649012A08BF0B46124A52
:10FD3000926902F07F02013252080132B3FBF2F302
:10FD4000104A13607047104A0B68526F49686FEA97
:10FD5000921201290CBF0A490C4902F00302033236
:10FD60004A4303F01F0301335B080133B2FBF3F393
:10FD7000DDE7074BDBE700BF000C014000127A0013
:10FD8000006CDC0204140020000401400048E8017B
:10FD9000001BB700FFF7C0BF13B50C20032440F2CF
:10FDA000BE71314B314A9C62D862C2F89410002176
:10FDB0009962D9629C62D8628020C3F81C0CD3F887
:10FDC0001C0CC3F81C0C009101914FF40141C3F8C5
:10FDD000481C4FF6FC71A3F5744319630F21196099
:10FDE0000223136501234BF68031D364936D03F036
:10FDF00001030193009B01330093019B13B9009B06
:10FE00008B42F3D1019B03B9FEE7194B19498024BA
:10FE1000C3F800140021A3F5884399611C62196A94
:10FE20000120196220215860196019681960196849
:10FE30000143196054679067D16F0329FCD10222F6
:10FE40009A6001220021DA60074A9162D1629A6CBD
:10FE500042F400429A649A6CDA6C42F40062DA640A
:10FE6000DB6C02B010BD00BF000001400004014087
:10FE70000050014013000003134B834223D1134B66
:10FE800002201A6C124942F480721A641A6C42F011
:10FE900002021A64D3F8882042F00202C3F88820D4
:10FEA000D3F8882022F00202C3F8882001225A6386
:10FEB000DA670864DA6608225A615A695A615A692F
:10FEC00042F001025A617047484F0020000C014087
:10FED000004C0140084B83420CD1084B5A6902F098
:10FEE00008025A6100225A61DA66DA671A6C22F057
:10FEF00002021A64704700BF484F0020000C014006
:10FF00000F4A936C43F4004343F0200393644FF093
:10FF100080436FF4C0521A634FF07072DA624FF090
:10FF200020721A6000225A609A60DA604FF44C32F4
:10FF30005A62012203F5A0335A700722DA72704721
:10FF4000000C01400E4A6FF48051936C43F400435F
:10FF500043F0200393644FF080436FF4C0521A6360
:10FF600000221A609A60DA6019634FF0807119609C
:10FF70004FF4805159605A624FF080529A61704735
:10FF8000000C014010B5074C6369DB0704D5064A35
:10FF900013680BB15068984701236361BDE81040B6
:10FFA000FEF760BF00180040A84B002010B5074CBA
:10FFB00063699B0704D5064A93680BB1D0689847DC
:10FFC00002236361BDE81040FEF74CBF00180040FB
:10FFD000A84B002010B5074C63695B0704D5064A9F
:10FFE00013690BB15069984704236361BDE8104061
:10FFF000FEF738BF00180040A84B002010B5074C92
:020000040801F1
:1000000063691B0704D5064A93690BB1D069984709
:1000100008236361BDE81040FEF724BF00180040CC
:10002000A84B002010B5074C6369DB0604D5064ACF
:10003000136A0BB1506A984710236361BDE8104002
:10004000FEF710BF00180040A84B0020164B10B55B
:100050005C69A30604D5154A936A0BB1D06A984728
:10006000600604D5114A136B0BB1506B98472106FB
:1000700004D50E4A936B0BB1D06B9847E20504D5BB
:100080000A4A136C0BB1506C9847A30504D5074A74
:10009000936C0BB1D06C9847BDE810404FF4787268
:1000A000014B5A61FEF7DEBE00180040A84B00204D
:1000B0001A4B10B55C69620504D5194A136D0BB172
:1000C000506D9847230504D5154A936D0BB1D06D3B
:1000D0009847E00404D5124A136E0BB1506E98474E
:1000E000A10404D50E4A936E0BB1D06E98476204FA
:1000F00004D50B4A136F0BB1506F9847230404D5F6
:10010000074A936F0BB1D06F9847BDE810404FF48A
:100110007C42024B5A61FEF7A5BE00BF00180040AA
:10012000A84B0020062108B50846FFF7C1FD0621AF
:100130000720FFF7BDFD06210820FFF7B9FD0621C6
:100140000920FFF7B5FD06210A20FFF7B1FD0621C2
:100150001020FFF7ADFDBDE8084006212120FFF784
:10016000A7BD08B50620FFF7B9FD0720FFF7B6FDCC
:100170000820FFF7B3FD0920FFF7B0FD0A20FFF7C5
:10018000ADFD1020FFF7AAFDBDE808402120FFF7D4
:10019000A5BD000000231946044A0133102B11604D
:1001A000516002F10802F8D1704700BFA84B00204F
:1001B000C9434FF05533016302F003015943016015
:1001C00042F380014160C2F3C10159438160C2F32F
:1001D00041115943C160C2F3C1214B43C3624FF087
:1001E0001133C2F3C3125A430262426270470000E5
:1001F0001A4B70B59C6C0F2644F4C0649C649B6CD5
:10020000012301F003048B4021F0030101F180413F
:1002100001F5A0518D68A400C0F38320A04006FA28
:1002200004F425EA040528438860D8430C4912F0F9
:10023000010F8C6814BF1C4304408C6012F0020F45
:10024000CA6814BF1A430240CA60054A5361116864
:100250000B43136053680340536070BD000C0140B2
:10026000001800404FF0E02340F2BF325A610022F4
:100270009A61072208210B201A61FFF745BD08B5D6
:10028000302383F31188FEF7E7FA002383F3118804
:1002900008BD08B5FFF7F3FFBDE80840FEF7E2BD73
:1002A000024A536843F0020353607047003800402D
:1002B000024A536843F002035360704700840040D1
:1002C000F8B5D0F8546105467369D806DCB20AD592
:1002D000302383F311884FF48061281DFEF780FDE1
:1002E000002383F31188302383F311882F1D14F02A
:1002F0000F032FD183F311887368980714D5A106D3
:1003000012D5302383F31188E818FFF792F80028FC
:1003100041DA0821281DFEF763FD736823F002030C
:100320007360002383F3118873689A0711D56306FD
:100330000FD5302383F311886A6CAB6C9A4205D1D8
:10034000AB6B1BB11021281DFEF74AFD002383F380
:100350001188F8BD14F0020F14BF4FF48071002112
:10036000620748BF41F02001230748BF41F0400128
:1003700014F00104384618BF41F08001FEF730FD4B
:1003800033682CB195F8581128461940FFF7F3F857
:100390007469E4B2ABE73060C3E7000008B5034816
:1003A000FFF78EFFBDE80840FEF75CBD844D0020DE
:1003B00008B50348FFF784FFBDE80840FEF752BDCB
:1003C000284C002010B5094C00212046084AFFF7B0
:1003D000A5F8084B0021C4F85431074C074A2046C1
:1003E000FFF79CF8064BC4F8543110BD844D002033
:1003F000A102010800380040284C0020B102010889
:100400000084004038B5374D037A002918BF0D46E7
:10041000012B044635D1344B984217D1334B0A2176
:100420009A6C1E2042F480429A649A6CD3F8902011
:1004300042F48042C3F89020D3F8902022F4804206
:10044000C3F89020D3F89030FFF732FC284B9C4241
:1004500017D1264B0821DA6C202042F00802DA641A
:10046000DA6CD3F8942042F00802C3F89420D3F851
:10047000942022F00802C3F89420D3F89430FFF7B8
:1004800017FCD4F85431E9791A6902F050020A4392
:1004900029681A614A0802F1B76202F55842B2FBB4
:1004A000F1F202F00F01C3F8C0108021D960C2F34D
:1004B000071119600021C2F307325A60D9606879C8
:1004C0002A790243A8790243DA600122C3F89C101A
:1004D000C3F898205A6842F005025A60FF2384F856
:1004E000583138BD281B0108844D0020000C014004
:1004F000284C002070B50446C5692E6BC26A6B6A31
:100500009A4234BFC36A6B6A013B30D2E36A002B64
:1005100039D1EB620223237063681B680BB120465C
:100520009847302383F31188002104F10800FEF777
:1005300091FB002383F31188F30717D5286A228ED5
:10054000666AE36A616AD31A3344121A934228BF77
:10055000134699424FF6FF7138BF636A013B1BD2C5
:10056000636A1BB9EB6A23F00103EB6270BD296E6D
:10057000E26A013AE262A26A002AC5D01170A26A58
:100580000132A262C0E7E26AEB699A429EBFE36A67
:1005900003F1FF33EB61CFE7626A013A6262226ADC
:1005A0000AB92966DAE712F8010B28662262D5E754
:1005B00008B50348FFF79EFFBDE80840FEF752BCB0
:1005C000E04E002008B50348FFF794FFBDE808405F
:1005D000FEF748BC144F002010B5064C2046FEF72D
:1005E000F3FF054BE361054C2046FEF7EDFF044B9E
:1005F000E36110BDE04E002000300040144F0020A9
:100600000090004010B503780446012B45D1344BCF
:1006100098421FD1334B0A219A6C1A2042F480521F
:100620009A649A6CD3F8902042F48052C3F89020D8
:10063000D3F8902022F48052C3F89020D3F8903061
:10064000FFF736FB6268E369128A5A611A6942F061
:1006500001021A61244B9C421FD1224B0921DA6C02
:100660001B2042F01002DA64DA6CD3F8942042F0D6
:100670001002C3F89420D3F8942022F01002C3F89B
:100680009420D3F89430FFF713FB6268E369128A71
:100690005A611A6942F001021A616168E269CB8904
:1006A00089890B4343F007039BB21360238E4BB938
:1006B00001239361916999420DD10133B3F5807F94
:1006C000F7D1238600239361D361D36A23F0FF031C
:1006D000D362936C10BD012B08BF0023F1E700BF6C
:1006E000E04E0020000C0140144F002010B50378AC
:1006F0000446022B1FD10022C3699A60DA6A22F0F5
:10070000FF02DA629B6C0C4B984208D11A20FFF76B
:10071000E5FA0A4B9A6C22F480529A649B6C084B5F
:100720009C4208D11B20FFF7D9FA044BDA6C22F067
:100730001002DA64DB6C10BDE04E0020000C0140BA
:10074000144F002010B50C4691B18362038E4162B4
:10075000C1625908A14228BF2146C369026299615A
:100760000139D961DA6A42F01102DA6201229A6033
:1007700010BD10B50C4699B100238362038E41620F
:10078000C1625908A14228BF2146C369026299612A
:100790000139D961DA6A42F01102DA6201229A6003
:1007A00010BD10B50C4699B100230362038E41625F
:1007B000C1625908A14228BF2146C369826299617A
:1007C0000139D961DA6A42F01102DA6201229A60D3
:1007D00010BD000010B590F834300446B3B1063BAC
:1007E000DAB20F2A11D80F2B0FD8DFE803F00F0E63
:1007F0000E080F0F0E0E0E0E0E0E0E0E0F0F036CC8
:1008000003B19847002384F8343010BD00216022E2
:10081000064B99735A7499735A7463681B6813B1C1
:100820000621204698470623EDE700BF004001401F
:1008300090F8342010B5152A04460CD801239340B3
:100840000C4A134208D19B0205D5036C03B19847AB
:10085000002384F8343010BD00216022064B9973C8
:100860005A7499735A7443681B680BB106219847F0
:100870000623EEE7410E1000004001400146F8B5A6
:10088000284C861C04EB86035F682748BB6981738C
:10089000027DD20739D5254A9D68817390F817E00B
:1008A00002EB810C827D42EA0E22A81885422DD1EE
:1008B0009868104498605868104458601868801A06
:1008C0001860188A013880B218827B8A934200D857
:1008D00008BB012303FA01F2638923EA020363815F
:1008E00004EB86035B68DB680BB10E489847302346
:1008F00083F3118804EB86046368986941680C30BF
:10090000FEF7A8F9002383F31188F8BD9CF800E0F6
:1009100005F801EBCAE7044A137D03F0FE031375E3
:10092000F3E700BF484F0020004001402040014055
:10093000F8B5214C871C04EB87035E680146726999
:1009400050681568A84219D3012303FA01F22389DC
:1009500023EA02032381B3680BB120469847302372
:1009600083F3118804EB87046368002158690C3015
:10097000FEF770F9002383F3118817E00F4B99738A
:10098000136918445060281ADED0348A844228BF84
:1009900004469068146103440948936000EB8100A9
:1009A0001C44A34203D10122044B5A74F8BD13F82E
:1009B000012B0270F5E700BF484F002000400140C6
:1009C000204001402DE9F041844B9B799C07DFB228
:1009D00002D58348FEF7B1FF780702D58048FEF7BD
:1009E00041FF390713D57E4C6368DB6823B97B4A26
:1009F000D37A03F0F703D3722378052B02D178481A
:100A0000FEF79BFF6368DB680BB175489847734B33
:100A10009A781D7902F0FF06EDB252B9002D3AD155
:100A2000FB0702D56E48FEF758FFBDE8F041FEF720
:100A300019BAF20720D50022694CE0689A7393F83E
:100A400011C01CF0040F5FFA8CF11CBF5A7484F8BB
:100A50003420CB0605D58022604B5A74002384F8DD
:100A6000343094F834300BB1062B24D1CC0703D5A5
:100A7000436800215A489847B20702D50120FFF782
:100A800057FF730702D50220FFF752FF340702D544
:100A90000320FFF74DFFA80702D50120FFF7EEFE68
:100AA000690702D50220FFF7E9FE2A07B8D503201F
:100AB000FFF7E4FEB4E7092B4CD1DFF820C19CF826
:100AC0001130DAB213F00203D6D102F01102112A6A
:100AD000D2D042698CF80E3051681369D2F800E028
:100AE00019445160BEEB0101B0F8108016D04145A9
:100AF00028BF414694681161234493605A18934279
:100B000007D1038A99422CBF02210A218CF81110C7
:100B1000B2E713F8014B8CF82040F0E7434504D1CD
:100B20000A238CF811301161A6E7238923F0010311
:100B3000238183680BB12A489847302383F31188B7
:100B40000021E36858690C30FEF784F8002383F332
:100B5000118891E7152B8FD1DFF880E09EF81130D6
:100B6000D90789D500228369D3F808C08EF80E20F2
:100B70009EF81620D1B26244944527D19A680A445F
:100B80009A605A680A445A601A68521A1A601A8A95
:100B9000013A92B21A82438A8B424FF000010F4B06
:100BA000997300D8BAB948225A74638923F00103B3
:100BB0006381E368DB6813B100210948984730235B
:100BC00083F31188E36898694168BCE79EF8208048
:100BD0000CF8018BD0E740225A744DE700400140E9
:100BE000484F00200148FEF790BD00BF484F00204D
:100BF00010B50478012C0ED1074AC260FFF73CF90A
:100C00000022064B0D21DA72DC715A720E20BDE80B
:100C10001040FFF74DB810BD301B010800400140E7
:100C200010B503780446012B0CD00E20FFF756F8C0
:100C30000022054B2046DA72DA715A72BDE8104084
:100C4000FFF748B910BD00BF0040014090F84E20AA
:100C5000014B1A70704700BF0040014000EB81005B
:100C6000344BC26801F00F0110B59973106800F0A1
:100C70000300002956D002282CD003282AD00128AE
:100C800027D153690BB993691BB3E020294B9874A2
:100C9000108AC0F3C7001874402058740820587494
:100CA00058740120DC7900FA01F149B241EA0400EC
:100CB000C0B2D871C0205875528AC2F3C702DA7424
:100CC00080221A7510221A751A755A7A1143C9B200
:100CD000597210BD506980B100209874108AC0F319
:100CE000C7001874402058740820587458740120A4
:100CF000DC7988402043C0B2D8719369002BE8D0DA
:100D000000200C4B5875528AC2F3C702DA74802255
:100D10001A7510221A751A750122587A02FA01F111
:100D20000143D4E70028D4D1DA7942F00102DA7124
:100D3000CFE700BF00400140002208B50B4BDA713D
:100D40005A724268D2681AB1DA7A42F00802DA724C
:100D5000074B0021C360FFF781FF0122034B5A704C
:100D6000DA7A42F00102DA7208BD00BF00400140A9
:100D7000301B010870B50D4B0021DA79402602F0D6
:100D80000102DA71082401228025102059729A7319
:100D90000132D2B2042A99745E745C745C74597521
:100DA0001D7518751875F2D170BD00BF0040014067
:100DB0000C4B01F00F029A7341B95A7C52070ED4C2
:100DC000D87910F0010018BF02207047187D10F08C
:100DD000200004D15B7A134113F0010FF3E70120E7
:100DE000704700BF004001400C4B01F00F029A73A6
:100DF00041B95A7C52070ED4D87910F0010018BFBF
:100E000002207047587C10F0100004D1DB791341A8
:100E100013F0010FF3E70120704700BF00400140CD
:100E200001F00F03054901EB830102F10803087883
:100E300002F8010B9342FAD1704700BF20400140F5
:100E40004822044B01F00F0199735A74002380F873
:100E5000343070470040014010B501F00F0400EB42
:100E60008101CB6899690A6872B1588A1318013BED
:100E7000B3FBF0F39BB20B82064B9C7334B11A7D2B
:100E800002F0FE021A7510BD0123F4E740225A74E5
:100E9000F9E700BF0040014000EB810311F00F01B2
:100EA00070B508BF4025DC6808BF124B626904BFFB
:100EB00099735D74238A15680F4CAB4228BF2B468B
:100EC0001361926804EB8104D518AA4205D1094A3E
:100ED000917331B10123537470BD12F8016B267008
:100EE000F3E7517CC168098A8B422CBF02230A2395
:100EF000F1E700BF0040014020400140054B01F0F8
:100F00000F01997311B120221A75704760225A742B
:100F1000704700BF00400140044B01F00F0199737E
:100F200011B110225A7470476022FBE70040014063
:100F3000044B01F00F01997311B180221A757047AB
:100F40005974704700400140044B01F00F01997340
:100F500011B140225A7470475974704700400140E3
:100F6000000000B400B48014000000400100004004
:100F70000200004003000040040000400D08004053
:100F80000C0400400D0400400E0400400608004020
:100F90000708004008080040090800400408004015
:100FA0000508004000FF960000202020202020207F
:100FB0002020282828282820202020202020202009
:100FC0002020202020202020208810101010101019
:100FD0001010101010101010100404040404040465
:100FE00004040410101010101010414141414141FF
:100FF00001010101010101010101010101010101E1
:1010000001010101101010101010424242424242F0
:1010100002020202020202020202020202020202B0
:101020000202020210101010200000000000000058
:1010300000000000000000000000000000000000B0
:1010400000000000000000000000000000000000A0
:101050000000000000000000000000000000000090
:101060000000000000000000000000000000000080
:101070000000000000000000000000000000000070
:101080000000000000000000000000000000000060
:101090000000000000000000000000000000000050
:1010A000000000000000000000000000040C002010
:1010B0000000000000000000000000000000000030
:1010C0000000000000000000000000000000000020
:1010D0000000000000000000000000000000000010
:1010E0000000000000000000000000000000000000
:1010F00000000000000000000000000000000000F0
:1011000000000000000000000000000000000000DF
:101110001B1A191817161D1E1F2000000000FF00C3
:10112000FF55FFAAFF2BFFBFFF6A01010008004027
:10113000010800400208004003080040060000408B
:101140000A0400400B040040FFFFFFFFFFFFFFFF0A
:101150000C0400400D0400400E040040060800404E
:101160000708004008080040090800400408004043
:1011700005080040610D0A00450050004F004D0079
:1011800041004B0045005200000032002E003400A8
:101190004700200044006F006E0067006C0065008F
:1011A000000053706C697436352D310053706C69D2
:1011B0007436352D320053706C697436352D33001A
:1011C00053706C69743635204254340053706C6926
:1011D00074363520425435000008004001080040B4
:1011E0000208004003080040060000400A040040D6
:1011F0000B040040FFFFFFFFFFFFFFFF0C04004058
:101200000D0400400E04004006080040070800409E
:101210000808004009080040040800400508004094
:101220000948032181620C21C162084890F810032B
:10123000074900F00F000A68824200D008600020D1
:10124000401C2328FCDB70470000014000F0FF1F1A
:10125000040401400748032181620C21C162064851
:10126000016801F00F01082901D90821016000BFC0
:1012700000BF70470000014004040140000000402E
:101280000100004002000040030000400400004054
:101290000D080040A900AA00A900AA00A900AA0000
:1012A000A900AA00000000000000000000000000EB
:1012B00000000000000035001E001F00200021007B
:1012C00022002300000000002B0014001A00080078
:1012D000150017000000000000003900040016008F
:1012E000070009000A00000000000000E1001D00E6
:1012F0001B00060019000500000000000000E000CF
:10130000E300E200000000002C00000000000000EC
:1013100000000000000000000000000000000000CD
:10132000000024002500260027002D002E000000CC
:101330002A00A8001C0018000C00120013002F0047
:10134000300031004C000B000D000E000F00330088
:101350003400000028004B00110010003600370058
:1013600038000000E50052004E0000002C00000094
:10137000E6002152E400500051004F000000000040
:101380000000000000000000000000000000290034
:101390003A003B003C003D003E003F0000000000E2
:1013A0004378007E017E027E037E1700000000006D
:1013B0000000390004000252070009000A00000082
:1013C00000000000E1001D00427806001900057EC3
:1013D000000000000000067E0B70E200000000002C
:1013E000077E000000000000000000000000000078
:1013F000000000000000000000004000410042002A
:101400004300440045000000037CA8001C001800B5
:101410000C001200130046784578310049000B009B
:101420000D000E000F0048784778000028004A00A1
:10143000137010003600370038000000E5004978CE
:101440004D0000002C000000E6000000E4004C7895
:101450004A784B7800000000000000000000000007
:1014600000000000000035001E001F0020002100C9
:1014700022002300000000002B0014001A000800C6
:1014800015001700000000000000390004001600DD
:10149000070009000A00000000000000E1001D0034
:1014A0001B00060019000500000000000000E0001D
:1014B000E200E300000000002C000000000000003B
:1014C000000000000000000000000000000000001C
:1014D000000024002500260027002D002E0000001B
:1014E0002A00A8001C0018000C00120013002F0096
:1014F000300031004C000B000D000E000F003300D7
:101500003400000028004B001100100036003700A6
:1015100038000000E50052004E0000002C000000E2
:10152000E7002352E400500051004F00000000008B
:101530000000000000000000000000000000290082
:101540003A003B003C003D003E003F000000000030
:101550004378007E017E027E037E170000000000BB
:101560000000390000521600070009000A000000C0
:1015700000000000E1001D00427806001900057E11
:10158000000000000000067EE200E3000000000012
:10159000077E0000000000000000000000000000C6
:1015A0000000000000000000000040004100420078
:1015B0004300440045000000037CA8001C00180004
:1015C0000C001200130046784578310049000B00EA
:1015D0000D000E000F0048784778000028004A00F0
:1015E000137010003600370038000000E50049781D
:1015F0004D0000002C000000E700E600E4004C78FD
:101600004A784B78E200E900EA00B500B600B7007E
:10161000CD008301CC008A019201940121022302B2
:1016200024022502260227022A02B300B4006F001A
:1016300070009F01CB019F02A002E200E900EA00D6
:10164000B500B600B700CD008301CC008A0192013D
:1016500094012102230224022502260227022A02E3
:10166000B300B4006F0070009F01CB019F02A00285
:1016700004200020003131295A1B750AFF000000A8
:1016800019B8000851B8000869B8000885B8000802
:101690000001010101010101010102020202020235
:1016A0000202020303030303030303040404040408
:1016B00004040505050505060606060607070707CF
:1016C0000708080808090909090A0A0A0B0B0B0C84
:1016D0000C0C0D0D0D0E0E0E0F0F0F101011111121
:1016E00012121313141415151616171718181919A2
:1016F0001A1A1B1B1C1D1D1E1E1F20202122222307
:101700002424252626272829292A2B2C2D2D2E2F47
:1017100030313232333435363738393A3B3C3D3E5E
:101720003F404142434445464748494A4C4D4E4F4D
:1017300050515354555658595A5B5D5E5F6162640F
:10174000656668696B6C6D6F7072737577787A7B9C
:101750007D7E8082838587888A8C8E8F91939596F3
:10176000989A9C9EA0A2A3A5A7A9ABADAFB1B3B513
:10177000B7BABCBEC0C2C4C6C9CBCDCFD1D4D6D8EF
:10178000DBDDDFE2E4E7E9EBEEF0F3F5F8FAFDFF8D
:1017900000FF0100010000FFFF0000010001FF0049
:1017A00000000000000400400F00000000000000E6
:1017B0002000000000000000000000000000000009
:1017C0000000000000000000000000000000000019
:1017D0000000000000000000000000002A2B28008C
:1017E00000000000000000000000000000000029D0
:1017F000000000002C1E3420212224342627252E10
:10180000362D3738271E1F20212223242526333347
:10181000362E37381F0405060708090A0B0C0D0E73
:101820000F101112131415161718191A1B1C1D2F3F
:101830003130232D350405060708090A0B0C0D0E5F
:101840000F101112131415161718191A1B1C1D2F1F
:101850003130354C000000007E0F00D4FFFFFFC781
:101860000000007839DB0008A1DA000881D90008FF
:1018700000000000A1180108BA180108DA180108D0
:10188000FC1801086A1901088C1901084422B609DC
:10189000025B00030100A0FA09040000010301013A
:1018A00000092111010001224400070581030800FD
:1018B00001090401000203000000092111010001D7
:1018C00022220007058203200001070502032000F1
:1018D00001090402000103000000092111010001B7
:1018E00022B6000705830320000112010002000058
:1018F00000402D34C6E43000010203010501090651
:10190000A101050719E029E71500250195087501D2
:1019100081029501750881010507190029FF15004D
:1019200026FF00950675088100050819012905158F
:10193000002501950575019102950175039101C07E
:10194000040309041203450050004F004D004100FC
:101950004B004500520000001003530070006C0063
:10196000690074003600350000000660FF0961A1BF
:10197000010962150026FF009520750881020963A0
:10198000150026FF00952075089102C00501090287
:10199000A10185020901A100050919012908150005
:1019A000250195087501810205010930093115816C
:1019B000257F95027508810609381581257F9501D7
:1019C00075088106050C0A38021581257F95017579
:1019D000088106C0C005010980A101850319012AFB
:1019E000B700150126B700950175108100C0050CE0
:1019F0000901A101850419012AA002150126A002EE
:101A0000950175108100C005010906A10185060533
:101A10000719E029E71500250195087501810205E0
:101A200007190029EF1500250195F07501810205C0
:101A30000819012905950575019102950175039114
:101A400001C03031323334353637383941424344BE
:101A5000454600002C2401089C4F00209C4F00208C
:101A60009C4F00202C240108000000000000000012
:101A7000000000002C24010800000000000000000D
:101A8000000000002C2401080000000000000000FD
:101A9000000000002C2401080000000000000000ED
:101AA000000000002C2401080000000000000000DD
:101AB000000000002C2401080000000000000000CD
:101AC000000000002C2401080000000000000000BD
:101AD0000000000063300000D41A0108003F00201D
:101AE000104000206D61696E0069646C6500000043
:101AF00000000000E1F40008D1F4000801F500083E
:101B0000F1F40008FBF40008EBF40008DBF4000833
:101B1000CBF400080BF50008000001000000657818
:101B20006974006B696C6C00009600000300000093
:101B30000000000051F90008D5070108310801082C
:101B40004000400010400020104000200100000034
:101B5000244000205245454E54206D616C6C6F63EB
:101B60002073756363656564656400002E2E2F2EF7
:101B70002E2F2E2E2F2E2E2F2E2E2F2E2E2F2E2E80
:101B80002F2E2E2F6E65776C69622F6C6962632F22
:101B90007374646C69622F72616E642E630000005E
:101BA0002C2066756E6374696F6E3A200000000029
:101BB000617373657274696F6E20222573222066CB
:101BC00061696C65643A2066696C65202225732220
:101BD0002C206C696E65202564257325730A00002E
:101BE000232D302B20000000686C4C006566674593
:101BF00046470000303132333435363738394142C8
:101C00004344454600000000303132333435363726
:0C1C100038396162636465660000000002
:081C1C0028E6FE7F0100000034
:101C2400040C002000000000F0100108D01001088E
:101C3400B0100108000000000000000000000000D7
:101C44000000000000000000000000000000000090
:101C54000000000000000000000000000000000080
:101C64000000000000000000000000000000000070
:101C74000000000000000000000000000000000060
:101C8400000000000000FF00092700088927000861
:101C940051290008D12700082D2800080000000061
:101CA40001000000C0270900000000640E080201C2
:101CB4000101010101010001FFFFFFFFFFFFFFFF21
:101CC400FF1C1B1A19181716FFFF101112131415F5
:101CD400FFFFFF020F0E0D0C0BFFFFFF03060708AB
:101CE400090AFFFFFF040105FFFF00FFFFFFFFFFDD
:101CF400FFFFFFFFFFFFFF1D1E1F202122FF23FF09
:101D04002C2B2A2928272625242D2E2F303132FF4B
:101D140033343C3B3A3938FF373635FF3DFF3E3FDD
:101D240040414243414013400520093002402440D1
:101D34001F302D303B30483056304F204120342066
:101D44002620182003101510221030103E104C10BD
:101D540053004500370029001C000E0000006000FD
:101D64006E007C008A009800A500BA00D210BE1054
:101D7400AC109F1091108310751067105A105D20DD
:101D84006B20792086209420A220B820D220D23043
:101D9400C130AE309B308D308030723064306B4057
:101DA40086409440A240B040BF40D24004040404A2
:101DB40004040404040404040404040404040404DF
:101DC40004040404040404040404040404040404CF
:101DD40004040404040404040404040404040404BF
:101DE40004040404040404040404040404040404AF
:101DF400881F0020901F00205D7400080008004028
:101E040001080040020800400308004006000040AA
:101E14000A0400400B040040FFFFFFFFFFFFFFFF29
:101E240000000040010000400200004003000040A8
:101E3400040000400D080040000000000100000004
:101E440000000000000000000C0002000000000080
:101E54000C000E0000000000000000000000000064
:101E640001001A00000000000000000008001B0030
:101E7400000000000000000000000000717900086C
:101E840004002400000000000000000001002800FD
:101E94000000000000000000010029000000000014
:101EA4000000000001002A00000000000000000003
:101EB4000C002C00000000000000000004003800AA
:101EC400000000005179000820003C0000000000E0
:101ED40000000000010039000000000075790008CE
:101EE4000000000020005C00000000000000000072
:101EF40000000000000000004500450045004500CA
:101F0400450000FF00FFFF03390501140A1E0150BC
:101F140008280301020000010000000000C20100C3
:101F240003000000844D0020009600000300000020
:101F3400C9D20008F1DD000807DE000811DE000840
:101F44001BDE000825DE0008000000000000000081
:101F5400020000000000000000000000000000007B
:101F6400000000000000000000000000000000006D
:101F7400000000000000000000000000000000005D
:101F8400000000000000000000000000000000004D
:101F94000600000000000000000000000300000034
:101FA400000000000000000000000000000000002D
:101FB400000000000000000000000000000000001D
:101FC400000000000000000000000000000000000D
:101FD40000000000000000000000000003000000FA
:101FE40000000000000000000000000000000000ED
:101FF40000000000000000000000000000000000DD
:1020040000000000000000000000000000000000CC
:1020140000000000000000000000000000000000BC
:10202400000000000000000020000000C00F00209D
:102034000C100020D9E30008B9E30008EFE300081E
:10204400D1E40008EDE40008F9E400080000000011
:102054000000000004000000000000000000000078
:10206400000000000000000000000000000000006C
:10207400000000000000000000000000000000005C
:10208400000000000000000000000000000000004C
:102094000000000003000000000000000000000039
:1020A4000600000000000000000000000000000026
:1020B400000000000000000000000000000000001C
:1020C400000000000000000000000000000000000C
:1020D40000000000000000000000000000000000FC
:1020E400200000000000000000000000280F002075
:1020F400740F00202C100020000000007810002035
:102104000000000000000000C410002035E40008B6
:102114000DE4000851E4000849E500086DE50008F5
:1021240085E5000800000000000000000000000039
:10213400000000000000000000000000000000009B
:10214400000000000000000000000000000000008B
:10215400000000000000000000000000000000007B
:102164000000000000000000000000000800000063
:102174000411002050110020D9E30008B9E300083D
:10218400EFE30008D1E40008EDE40008F9E40008F6
:102194000102000000000000000000000000000038
:1021A400000000000000000000000000000000002B
:1021B400000000000000000000000000000000001B
:1021C4000000000000000000000000000300000008
:1021D40000000000B9E10008000000002000000039
:1021E40000000000000000000200000000000000E9
:1021F40000000000000000000000000000000000DB
:1022040000000000000000000000000000000000CA
:10221400000000000000000000000000484F002003
:10222400030000000400000020000000D03D002056
:102234000000000000000000E81000200000000082
:10224400000000000000000000000000000000008A
:10225400000000000000000000000000000000007A
:10226400000000000000000000000000000000006A
:10227400000000000300000000000000B9E10008B5
:102284000000000008000000000000000000000042
:102294000200000000000000000000000000000038
:1022A400000000000000000000000000000000002A
:1022B400000000000000000000000000000000001A
:1022C40000000000484F002001000000040000004E
:1022D40008000000803C0020000000000000000016
:1022E4005411002000000000000000000000000065
:1022F40000000000000000000000000000000000DA
:1023040000000000000000000000000000000000C9
:1023140000000000000000000000000003000000B6
:1023240000000000B9E100084FE20008200020008E
:102334000000000000000000020000000000000097
:102344000000000000000000000000000000000089
:102354000000000000000000000000000000000079
:10236400000000000000000001000000484F0020B1
:10237400020000000400000020000000B03C002027
:102384000000000000000000101000200000000009
:102394000000000000000000000000000000000039
:1023A4000000000000000000000000000000000029
:1023B4000000000000000000000000000000000019
:1023C4000000000000000000000000000000000009
:1023D40000000000000000000000000000000000F9
:1023E40000000000000000000000000000000000E9
:1023F400000000000000000000000000484F002022
:10240400020000000400000020000000403D002005
:1024140000000000F4130020F4130020000000006A
:082424000000000000D8B8051B
:04000005080001B935
:00000001FF
