:020000040800F2
:1000000000040020B9010008BB010008BB01000882
:10001000BB010008BB010008BB010008BB010008D0
:10002000BB010008BB010008BB010008F1ED00089E
:10003000BB010008BB010008BB0100087B020108EE
:10004000BB010008BB010008BB010008BB010008A0
:10005000BB010008BB0100086DFF000895FF000808
:10006000BDFF0008E5FF00080D000108BB01000806
:10007000BB010008BB010008AD090108BB01000875
:1000800035000108BB010008BB010008BB010008E6
:10009000BB010008BB010008BB010008BB01000850
:1000A000BB010008BB01000899050108AD05010866
:1000B000BB010008BB01000885030108BB01000863
:1000C0009903010899000108BB010008BB01000861
:1000D000BB010008BB010008BB010008BB01000810
:1000E00072B6264880F30888254880F30988254899
:1000F00025490860022080F31488BFF36F8F0EF04B
:100100004BFB0DF0A3FE4FF0553020491B4A9142A6
:100110003CBF41F8040BFAE71D49194A91423CBF24
:1001200041F8040BFAE71B491B4A1C4B9A423EBF9D
:1001300051F8040B42F8040BF8E700201849194A5B
:1001400091423CBF41F8040BFAE70EF029FB0EF098
:1001500024FB154C154DAC4203DA54F8041B8847B8
:10016000F9E707F0AFFE124C124DAC4203DA54F837
:10017000041B8847F9E70EF011BB000000040020C3
:10018000000C00200000000808ED00E00000002046
:10019000000400200C1C0108000C002008140020A2
:1001A000081400209C4F0020E0000008E000000838
:1001B000E0000008E000000892E700F000F8FEE729
:1001C0002DE9F04FC1F80CD0C3689D46BDE8F08F13
:1001D000002383F311882846A04700200EF00EFD6F
:1001E000FEE70EF03FFC00DFFEE7000053B94AB91E
:1001F000002908BF00281CBF4FF0FF314FF0FF302F
:1002000000F08AB9ADF1080C6DE904CE00F01AF8DF
:10021000DDF804E0DDE9022304B07047430803F091
:100220005533C01A830803F0333300F033301844D9
:1002300000EB101000F00F3000EB002000EB00404E
:10024000000E70472DE9F047089E0D46044688468B
:10025000002B4DD18A42944668D9B2FA82F252B14B
:1002600001FA02F3C2F1200120FA01F10CFA02FCBA
:1002700041EA030894404FEA1C41B8FBF1F71FFA2A
:100280008CFE01FB178807FB0EF0230C43EA0843A2
:1002900098420AD91CEB030307F1FF3580F01E8159
:1002A000984240F21B81023F63441B1AB3FBF1F0FA
:1002B00001FB103300FB0EFEA4B244EA0344A64542
:1002C0000AD91CEB040400F1FF3380F00981A64534
:1002D00040F20681644402380021A4EB0E0440EA97
:1002E00007401EB10023D440C6E90043BDE8F087B3
:1002F0008B4208D9002E00F0EE800021C6E90005EF
:100300000846BDE8F087B3FA83F100294AD1AB4231
:1003100002D3824200F2FC80841A65EB03030120C1
:100320009846002EE2D0C6E90048DFE702B9FFDEBA
:10033000B2FA82F2002A40F09180A1EB0C00012178
:100340004FEA1C471FFA8CFEB0FBF7F307FB1300C4
:10035000250C45EA00450EFB03F0A84208D91CEB2A
:10036000050503F1FF3802D2A84200F2CE804346D1
:100370002D1AB5FBF7F007FB10550EFB00FEA4B2DB
:1003800044EA0544A64508D91CEB040400F1FF35F6
:1003900002D2A64500F2B6802846A4EB0E0440EA3D
:1003A00003409EE7C1F120078B4022FA07FC4CEA8C
:1003B000030C25FA07FA4FEA1C49BAFBF9F820FAB0
:1003C00007F309FB18AA8D401FFA8CFE1D4300FAA3
:1003D00001F308FB0EF02C0C44EA0A44A04202FA96
:1003E00001F20BD91CEB040408F1FF3A80F088807D
:1003F000A04240F28580A8F102086444241AB4FBAC
:10040000F9F009FB104400FB0EFEADB245EA0444CE
:10041000A64508D91CEB040400F1FF356CD2A645B3
:100420006AD90238644440EA0840A0FB0295A4EB74
:100430000E04AC42C846AE4656D353D0002E69D007
:10044000B3EB080264EB0E0422FA01F304FA07F797
:100450001F43CC40C6E90074002147E70CFA02FCB8
:10046000C2F1200125FA01F34FEA1C4720FA01F1FD
:1004700095400D43B3FBF7F107FB11331FFA8CFED8
:10048000280C40EA034001FB0EF3834204FA02F415
:1004900008D91CEB000001F1FF382FD283422DD97F
:1004A00002396044C01AB0FBF7F307FB1300ADB28A
:1004B00045EA004503FB0EF0A84208D91CEB0505F0
:1004C00003F1FF3816D2A84214D9023B6544281A1A
:1004D00043EA014138E73146304607E72F46E4E674
:1004E0001846F9E64B45A9D2B9EB020865EB0C0EAC
:1004F0000138A3E74346EAE7284694E74146D1E7B7
:10050000D0467BE76444023847E7023B65442FE767
:10051000084606E73146E9E6704700BF062008B501
:1005200000F08AFA01200FF097FB00BF032A10B5F4
:1005300016D940EA010C1CF0030F04460B4622D1E9
:1005400019462046D1F800E0D0F800C00433F44545
:1005500004F1040417D1043A032A20461946EFD8BF
:10056000541EA2B100F1FF3C013901E0C3180CD0C8
:100570001CF801EF11F8012FA4EB0C039645F5D000
:10058000AEEB020010BD541EECE7184610BD10463D
:1005900010BD00BF844641EA000313F0030349D1B4
:1005A000403A23D30B6803604B6843608B688360D9
:1005B000CB68C3600B6903614B6943618B698361DD
:1005C000CB69C3610B6A03624B6A43628B6A8362C5
:1005D000CB6AC3620B6B03634B6B43638B6B8363AD
:1005E000CB6BC36340304031403ADBD230320BD367
:1005F0000B6803604B6843608B688360CB68C360A3
:1006000010301031103AF3D20C3205D351F8043BBC
:1006100040F8043B043AF9D2043208D0D2071CBF98
:1006200011F8013B00F8013B01D30B8803806046C1
:10063000704700BF082A13D38B07B1D010F0030313
:10064000AED0C3F10403D21ADB071CBF11F8013B83
:1006500000F8013BA4D331F8023B20F8023B9FE7AE
:10066000043AD9D3013A11F8013B00F8013BF9D221
:100670000B7803704B7843708B78837060467047BB
:1006800088420DD98B1883420AD900EB020CBAB10B
:10069000624613F801CD994202F801CDF9D17047B5
:1006A0000F2A0ED8034602F1FF3C4AB10CF1010CAF
:1006B000013B8C4411F8012B614503F8012FF9D15E
:1006C000704740EA01039B074FD1A2F1100370B5B8
:1006D00001F1200C23F00F0501F1100E00F11004C0
:1006E000AC441B095EF8105C0EF1100E44F8105C6F
:1006F0005EF81C5C103444F81C5C5EF8185C44F82E
:10070000185C5EF8145CE64544F8145CEAD10133E9
:1007100012F00C0F01EB031102F00F0400EB0313B6
:1007200027D08E46043C24F003064FEA940C1E4466
:100730001C1F5EF8045B44F8045FB442F9D10CF16D
:10074000010402F0030203EB840301EB840102F1D4
:10075000FF3C4AB10CF1010C013B8C4411F8012B18
:10076000614503F8012FF9D170BD034602F1FF3C4A
:100770009CE72246EBE700BF830730B548D0541E04
:10078000002A3FD00346CAB201E0013C3AD303F845
:10079000012B9D07F9D1032C2DD9CDB245EA0525B2
:1007A0000F2C45EA054536D9A4F1100222F00F0CB2
:1007B00003F1200EE6444FEA121C03F1100242E955
:1007C000045542E9025510327245F8D10CF101028C
:1007D00014F00C0F03EB021204F00F0C13D0ACF169
:1007E000040323F003030433134442F8045B9342ED
:1007F000FBD10CF003042CB1CAB21C4403F8012B4A
:100800009C42FBD130BD64461346002CF4D1F9E77D
:1008100003461446BFE71A46A446E0E738B5124B34
:1008200004461D68AA6B1AB10023C2E9044338BD0F
:10083000182000F02DFA0246A86378B100210B239E
:1008400001209381C2E90401084B0949094DC2E91D
:10085000011300231560C2E9044338BD4221064B51
:10086000064800F0CDF900BF000C0020ECDE0500CA
:1008700034126DE60E33CDAB3C1B0108541B01084E
:1008800038B5194B1C68A26B8AB1136917495469B2
:1008900003FB01F1164800FB0411A3FB00300133F8
:1008A00041EB0001C2E9043121F0004038BD1820BD
:1008B00000F0EEF90246A06388B1012400250B2365
:1008C0000A480C49C2E90445116001460A4D0B4C27
:1008D00093810B4BC2E90154C2E9043138BD4E216A
:1008E000084B094800F08CF9000C00202DF45158F9
:1008F0002D7F954C0E33CDAB34126DE6ECDE05004A
:100900002E7F954C3C1B0108541B010838B5446CE4
:100910000CB1002038BD8021054600F02FFA0246B8
:10092000686430B1031F7C3243F8044F9342FBD11B
:10093000EFE74FF0FF3038BD1F29F8B5054608D85E
:10094000466C0C4617464EB156F8240046F8247003
:10095000F8BD16234FF0FF302B60F8BD802100F06A
:100960000DFA0646686440B10021031F00F17C05C2
:1009700043F8041F9D42FBD1E6E74FF0FF30F8BD7E
:100980001F2938B5054620D8426C0C466AB152F88A
:10099000213053B1012B16D0591C10D00025204610
:1009A00042F824509847284638BD284600F0F8F809
:1009B000224601462846BDE8384000F0DDB816233F
:1009C00001202B6038BD002038BD16234FF0FF30CA
:1009D0002B6038BD1F292BD8426C38B50C46054614
:1009E00082B152F8243002EB84024BB1591C1AD068
:1009F000012B16D00025204615609847284638BDA3
:100A0000012038BD802100F0B9F90246686460B168
:100A10000020131F02F17C0143F8040F9942FBD11F
:100A2000DFE7032038BD022038BD4FF0FF3038BD6E
:100A30004FF0FF30704700BF38B5144B1F281D68BA
:100A40001FD86A6C044662B152F820304BB1012BBA
:100A500015D0591C0FD0002542F820509847284641
:100A600038BD284600F09CF8224601462846BDE8DD
:100A7000384000F081B8162301202B6038BD0020DB
:100A800038BD16234FF0FF302B6038BD000C00201E
:100A9000124B1F2870B51E6808D80D46716C0446AD
:100AA00049B151F8240041F8245070BD16234FF08D
:100AB000FF30336070BD8021304600F05FF90146A1
:100AC000706440B10022031F00F17C0C43F8042F36
:100AD0006345FBD1E5E74FF0FF3070BD000C00200F
:100AE00038B50B4B1D686C6C0CB1002038BD8021F3
:100AF000284600F043F9686438B1031F00F17C0216
:100B000043F8044F9342FBD1EFE74FF0FF3038BD7D
:100B1000000C002038B5174B1F281D6827D86A6CB9
:100B2000044682B152F8243002EB84024BB1591CC6
:100B30001BD0012B17D0002520461560984728466A
:100B400038BD012038BD8021284600F017F9024643
:100B5000686460B10020131F02F17C0143F8040FA8
:100B60008B42FBD1DEE7032038BD022038BD4FF0B9
:100B7000FF3038BD000C002070B50026074D04463C
:100B8000084611462E600FF06FF8431C00D070BD70
:100B90002B68002BFBD0236070BD00BF1014002019
:100BA0000FF06AB820F0030110F00300C0F100005C
:100BB00051F8043B00F1040C4FEACC0C6FF000023A
:100BC0001CBF22FA0CF213434FF0010C4CEA0C2C20
:100BD0004CEA0C4CA3EB0C0222EA030212EACC1200
:100BE00004BF51F8043B0430F4D0C2F1000102EA22
:100BF0000102B2FA82F2C2F11F0200EBD20070478A
:100C0000144600B51A460A4B0D461B6885B0DE68CF
:100C100003464CB1074901913046074902940095BB
:100C200000F022F8FFF77AFC04490C46F3E700BF16
:100C3000000C0020881B0108981B0108941B010868
:100C400008B513460022FFF7DBFF00BF0CB400B568
:100C500083B004AB53F8042B019300F025F903B0E3
:100C60005DF804EB02B070470EB400B5074A82B0DD
:100C700003AB0146106853F8042B019300F014F9FC
:100C800002B05DF804EB03B0704700BF000C002019
:100C9000024B0146186800F071B800BF000C00203C
:100CA000024B0146186800F003B800BF000C00209A
:100CB000002952D038B551F8043C0C1F002BB8BFA6
:100CC000E418054601F0AEF92B4A1368002B45D015
:100CD000A3420CD921686018834228D0636028465B
:100CE0001460BDE8384001F09FB9A3420FD81A46FE
:100CF0005B68002BF9D11168501884421DD034D3A1
:100D0000636054602846BDE8384001F08DB9116831
:100D10005018A04215D028D8216860188342EFD11E
:100D200018685B680144C4E900135460EAE7186876
:100D30005B680144C4E90013D1E7236819441160DA
:100D4000E0E720680144501883421160DAD1D3E90A
:100D500000030144C2E90013D4E7704728466360EA
:100D60001460BDE8384001F05FB90C2328462B60C1
:100D7000BDE8384001F058B908140020F8B5CD1C82
:100D800025F0030508350C2D38BF0C25002D06462F
:100D900023DBA94221D8264F01F044F93A6822B357
:100DA000144603E063682246FBB11C4623685B1BC4
:100DB000F8D40B2B15D8636894420CBF3B6053608A
:100DC000304601F031F904F10B00231D20F007003B
:100DD000C21A01D01B1AA350F8BD0C2300203360A7
:100DE000F8BD23601C442560EAE77968D1B1294643
:100DF00030460EF023FF431C01460CD0C41C24F0E7
:100E00000304A04205D03046611A0EF017FF0130EE
:100E100001D02560D4E70C233046336001F004F99B
:100E20000020F8BD30460EF009FF7860DFE700BF14
:100E3000081400209368013B002B936005DAD2F878
:100E400018C0634507DB0A2905D01368581C1060D9
:100E500008461970704700F069BB00BF9BB1F8B538
:100E6000134406460F46541E5D1E01E0AC4208D0F6
:100E70003A46304614F8011FFFF7DCFF431CF5D15A
:100E8000F8BD0020F8BD0020704700BF936810B582
:100E9000144613B91846536010BD00F031FE00230C
:100EA000C4E9013310BD00BF2DE9F04F0E46924654
:100EB0001C4607469FB018B18369002B00F0A8803C
:100EC000954B9E4200F0AA80944B9E4200F0B58064
:100ED000934B9E4208BFFE68B389180740F1A38078
:100EE0003369002B00F09F80002320220B933023D6
:100EF0009AF80010059401258A4C8DF831208DF860
:100F0000323000297DD0D1460B4604E019F8013F6C
:100F1000002B00F09480252BF8D1B9EB0A0B40F0A0
:100F2000918099F80030002B6BD000234FF0FF32F6
:100F300009F10109CDE90723069309938DF85B3088
:100F40001C9304E0001B05FA00F018430690CA4603
:100F50000522204619F8011B01F01CF8069B002809
:100F6000F0D1D90644BF20228DF85B201A0748BF74
:100F70002B229AF8001048BF8DF85B202A2972D1E5
:100F8000059A1168043200290592C0F2A0800991E7
:100F90009AF801100AF1010A2E2976D0DFF888911B
:100FA0000322484600F0F6FF48B14022069BA0EB22
:100FB000090002FA00F003430AF1010A06931AF845
:100FC000011B062259488DF8301000F0E3FF00287D
:100FD00000F08380564B002B6CD005A9009132465F
:100FE0003846544B06A9AFF300800390039B0133AE
:100FF00007D00B9B039A9AF8001013440B93002917
:1010000081D1B3895B0615D40B981FB0BDE8F08F72
:1010100000F056FD404B9E427FF456AF7E68B38988
:1010200018073FF55DAF3146384600F0E1FA002879
:101030003FF45AAF4FF0FF30E7E7BE684CE7B9EB3B
:101040000A0BDED0D046CAF1010A03E0934538D935
:1010500018F8011F32463846FFF7ECFE01300AEB64
:101060000802F3D1CDE7A1F13002092A94D8099BF7
:101070001AF8011F03EB830302EB4303A1F13002D3
:10108000092AF5D92E29099388D19AF801102A291D
:101090002DD1059B0AF102001A680433002A05933A
:1010A000B8BF4FF0FF339AF8021007928246B8BFDC
:1010B000079373E7059B073323F007030833059372
:1010C00097E70B9A99F800305A440B922BE7494264
:1010D00043F00203099106935AE705A900913246AD
:1010E0003846144B06A900F0CBF803907EE70023A6
:1010F000A1F13002092A0AF1010A07933FF64EAF27
:101100001AF8011F03EB830302EB4303A1F1300242
:10111000092AF5D9079341E7D8100108B81001084A
:1011200098100108C81B0108D01B0108D41B010836
:10113000000000005D0E00088C4600B58646134690
:10114000034A714610685DF804EB6246FFF7ACBED7
:10115000000C00202DE9F04791461E460A698B6875
:101160000C469A42B8BF1A46C9F8002091F843309D
:101170000546DDF8208013B10132C9F8002022684D
:1011800091065DD5D9F800300233C9F800302268E5
:1011900012F0060F11461ED1E168CB1A002BD8BF02
:1011A000114618DD002704F1190A06E0D9F80030CD
:1011B000E268A2EB030CBC450CDD0123524631462C
:1011C0002846C047013007F10107EFD14FF0FF304B
:1011D000BDE8F087216894F84330003B18BF012335
:1011E0008A060AD53021E21882F8431094F8451097
:1011F0005A1C2244023382F843103146284604F137
:101200004302C0470130E1D0236803F00603042BFA
:101210001DD0A3682269934225DD00279B1A1F4435
:1012200004F11A09002401E0BC421CDA01234A46F9
:1012300031462846C047013004F10104F4D1C5E726
:1012400012F0060F12D0003B18BF0123D5E7D9F8E2
:101250000030E1682269C91AA36821EAE177934264
:10126000DCDC0029DCDC0020BDE8F087E168D9F88F
:101270000030CB1A002BD8BF114693DCABE700BF80
:101280002DE9F04317460A7E85B00C46064698467F
:101290000C9D01F1430C002A33D0A2F15803D9B2BE
:1012A000202967D8202B65D8DFE813F0DD00640023
:1012B000640064006400640064006400640064000E
:1012C0006400A3006E0064006400640064006E00AB
:1012D000640064006400640021007F00BF006400BB
:1012E0006400AE0064007F0064006400E4002368D2
:1012F0001A0640F102812B686269191D29601B687A
:101300001A600023E14623613B4621463046CDF872
:10131000008003AAFFF71EFF013020D04A4639465D
:1013200030462369C047013019D02368E0689B0725
:10133000039919D5431A002B16DD002504F119096C
:1013400004E0E0680399431AAB420DDD01234A46ED
:1013500039463046C047013005F10105F1D14FF063
:10136000FF3005B0BDE8F0838842B8BF084605B03D
:10137000BDE8F083012384F8422004F1420923618F
:10138000002384F84330BFE72368190602D45A06C5
:1013900000F1BF8029680A68043129601146002ADB
:1013A0006ADB0A25DFF87CE110E02368180640F1CB
:1013B0009A802B68191D296019686F2A0CBF0825AF
:1013C0000A25DFF860E1002384F843306268002AD0
:1013D000A2607DDB236823F004032360002959D138
:1013E000002A77D1E146082D63D0ACEB09032361D5
:1013F0008AE701222B6804F14209196804332B6043
:1014000084F842102261BBE72B6800211A1D2A6074
:10141000D3F800906268484600F0BCFD00287FD0F9
:10142000A0EB090060602061AAE7236843F0200375
:1014300023607822DFF8F0E084F845202A68111D47
:101440002960190642D45D0640D51188D80744BFEB
:1014500043F020032360002943D12368102523F0A3
:1014600020032360AFE75823DFF8B8E084F8453065
:101470002368E3E72368DCE72D2284F843206268D1
:101480004942002AA26002DB23F0040323600A25FC
:10149000DFF890E0E146B1FBF5F30A4605FB1310D7
:1014A00019461EF80030AA4209F8013DF3D2082D72
:1014B0009BD12368D90798D5626823699A4294DC46
:1014C000302309F1FF3989F800308EE71168BDE754
:1014D0000029DFD19EF8003004F1420984F842303F
:1014E00081E710256FE713F0400F2B6803F104012B
:1014F00029600CBF196819885FE713F0400F2B684B
:10150000626903F1040129601B6814BF1A801A6024
:10151000F7E62A68B2F9001004322A600A463EE76C
:10152000606880E7DC1B0108F01B0108F8B506467F
:101530000D46144608B1836943B3254B9C422AD01B
:10154000244B9C4229D0244B9C4208BFF468A269DA
:10155000A389A2601A0722D5236903B322686169AF
:10156000D31AEDB299422F4629DD0133A168013922
:10157000A160511C2160157062699A4216D0A3893E
:10158000DB0701D50A2D11D03846F8BD00F098FAD6
:101590000F4B9C42D4D17468D9E7B468D7E7214691
:1015A000304600F025F838B92369D7E721463046A0
:1015B00000F024F90028E7D04FF0FF37E4E7214698
:1015C000304600F01BF90028F6D101232268CDE750
:1015D000D8100108B81001089810010803460A46FF
:1015E000024908681946FFF7A1BF00BF000C0020A0
:1015F0003C4B70B51D6806460C460DB1AB69E3B1B6
:10160000394B9C421FD0394B9C424DD0384B9C42A9
:1016100008BFEC68B4F90C3018079AB219D52169E3
:1016200011B312F001002FD000256069A56040427F
:10163000A06100292ED0002070BD284600F040FA9D
:10164000294B9C42DFD16C68B4F90C3018079AB270
:10165000E5D4D1063ED5520728D4216943F00803CA
:10166000A3819AB20029DCD102F42070B0F5007F8A
:10167000D7D02146304600F0FFFBB4F90C30216989
:101680009AB212F00100CFD1950758BF6069A060EF
:101690000029D0D1120658BF0846CDD543F04003EB
:1016A0004FF0FF30A38170BDAC68B3E7616B51B1FF
:1016B00004F14402914204D03046FFF7F9FAB4F93C
:1016C0000C30002262630022216923F02403C4E964
:1016D0000012C3E7092243F0400332604FF0FF30AD
:1016E000A38170BD000C0020D8100108B8100108BB
:1016F00098100108F8B58B890C46190707463BD4AA
:101700006268002A55DDE66A002E50D000223D684E
:101710003A6013F4805250D101233846216AB04711
:10172000421C5CD0A389E66A5B0705D56368C01AD2
:10173000636B0BB1236CC01A0246216A0023384642
:10174000B047411C3BD13B68002B38D01D2B01D04A
:10175000162B4BD100232269C4E90023616B3D6045
:1017600029B304F14403994202D03846FFF7A0FAA6
:10177000002318466363F8BD2669C6B19A0718BFEF
:101780000023256808BF63692660AD1BA3600CE0D9
:101790002B463246D4F828C03846216AE047B0F1DB
:1017A000000CA5EB0C05664412DD002DF0DC0020DA
:1017B000F8BD226C002AA6DCF9E7606DB4E70022D0
:1017C000236962602360A389DB04C7D56065C5E730
:1017D000A3894FF0FF3043F04003A381F8BD3B687D
:1017E000002B9FD01D2B06D0162B04D0A38943F0CD
:1017F0004003A381F8BD00203D60F8BD38B50B69FA
:10180000BBB10C46054608B18369B3B10D4B9C4290
:1018100011D00D4B9C4213D00C4B9C4208BFEC687E
:10182000B4F90C302BB121462846BDE83840FFF70B
:1018300061BF002038BD6C68F2E700F041F9E5E7D0
:10184000AC68EDE7D8100108B8100108981001083D
:1018500038B540B303690446E3B1174B1D680DB1B9
:10186000AB69CBB1154B9C420FD0154B9C4221D09C
:10187000144B9C4208BFEC68B4F90C3053B12146BC
:101880002846BDE83840FFF735BF6C68B4F90C3026
:10189000002BF4D1002038BD284600F011F9074B89
:1018A0009C42E2D1F1E7084B08491868BDE838408E
:1018B00000F0BEBAAC68DFE7000C0020D8100108C9
:1018C000B81001089810010894100108FD170008CD
:1018D00000207047014900F0ABBA00BFFD170008B7
:1018E00000207047682270B54D1E02FB05F50E46BC
:1018F00005F17401FFF742FA044640B100210C30B3
:10190000C4E9016005F168022160FEF735FF204659
:1019100070BD00BF274B2DE9F0411E680746B36933
:1019200053B34FF004084836D6E90134013B04D5DF
:101930001EE05A1C04F168041AD0B4F90C50013BA3
:10194000002DF6D11C4B08222946C4E90055C4E9F4
:101950000253C4E904556566A56104F15C00FEF715
:101960000BFFC4E90D55C4E912552046BDE8F081CE
:1019700035682DB12E46D7E7304600F01FF8D0E786
:101980004FF4D6713846FFF7F9F9044668B105609F
:1019900029460546C0F804800C304FF4D072A06090
:1019A000FEF7EAFE34602E46BEE70C2330603B6053
:1019B000DBE700BF941001080100FFFF0023334A5A
:1019C0002DE9F0471268C0E912339042036508BF61
:1019D00001232F4908BF836181620546FFF79AFF03
:1019E000034628466B60FFF795FFA8602846002451
:1019F000FFF790FF04236E68DFF898A0DFF8989057
:101A0000DFF89880264FE8600822F3602146C6E997
:101A10000044C6E904447466B460B46106F15C0035
:101A2000FEF7AAFE1F4BC6E9086AC6E90A983763A3
:101A3000AE680822F3602146C6E90044C6E90444C2
:101A40007466B460B46106F15C00FEF795FE164B57
:101A5000C6E9086AC6E90A983763EE682146F3606A
:101A60000822C6E90044C6E904447466B460B4615F
:101A700006F15C00FEF780FE0123C6E9086AC6E9AC
:101A80000B87C6F82890AB61BDE8F0879410010879
:101A9000D51800087D200008A5200008E5200008D2
:101AA000052100080900010012000200024B034951
:101AB000186800F0BDB900BF94100108FD170008B8
:101AC000836903B97AE77047704700BF704700BF6A
:101AD000704700BF704700BF024B0349186800F011
:101AE00087B900BF000C0020D1180008024B034941
:101AF000186800F07DB900BF000C0020E118000854
:101B00009368002B00F0B7802DE9F04FB1F90C304D
:101B10000C4619078046174683B098B225D523692D
:101B20001BB310F002033D682DD04FF0000B5E4652
:101B3000DFF8B8A2002E00F08B80564533465A4697
:101B400028BF53464046216AD4F828C0E047002801
:101B500040F38780BB6883441B1A361ABB60002B96
:101B6000E8D1002003B0BDE8F08F21464046FFF7E2
:101B70003FFD002840F03681B4F90C303D6898B242
:101B800010F00203D1D110F0010976D14E46002E9B
:101B90005AD08205D4F808B040F1B580B3455A4612
:101BA00000F2CD8010F4906F00F0CB8023682169A3
:101BB000A3EB010B636903EB430A0AEBDA7A0BF13F
:101BC00001034FEA6A0A33445345524684BF9A469A
:101BD0005246430540F1EA8011464046FFF7CEF8F1
:101BE000002800F0F9805A4621690190FEF7D2FCE6
:101BF000A289019B22F4906242F08002A28103EB51
:101C00000B0023613246AAEB0B03B346C4F814A0C1
:101C1000A3602060B246002649460192FEF730FDDF
:101C2000A3682168019AA3EB0B030A44A360226016
:101C3000B868D144A0EB0A00B860002891D0B4F98C
:101C40000C0080B2002EA4D1D5E9009608359EE79D
:101C5000D5E900B608356DE721464046FFF7CEFDD1
:101C600080B3B4F90C304FF0FF3043F04003A38150
:101C700003B0BDE8F08F002070471E46AA46994683
:101C800018461D4656B3002832D04A4620682169BE
:101C9000B24228BF32468842636904D9A16803EB87
:101CA000010B5A4574DC934265DC2A464046216AA2
:101CB000D4F828C0E047B0F1000BD2DDB9EB0B0936
:101CC000CAD00120BB685D44A3EB0B03A6EB0B0657
:101CD000BB60002B3FF445AF002ED4D10AF10803BE
:101CE00053F8046C9A4653F8085C0833002EF7D07A
:101CF00032460A21284600F04DF9002869D001300B
:101D0000A0EB0509C1E72068236998421BD86369E5
:101D1000B34218D86FF0004CB44528BFB4469CFBC2
:101D2000F3FC4A4603FB0CF34046216AD4F828C072
:101D3000E047B0F1000A94DDA6EB0A0678E7B34667
:101D40003246206866E7B345DA4628BFB2464946C0
:101D50005246FEF795FCA3682268A3EB0A0352449F
:101D6000A3602260002BE7D121464046FFF746FDE5
:101D70000028E1D075E7294693460192FEF780FCE2
:101D8000A368019A9B1AA36023681A44226095E70E
:101D900029465A46FEF774FC236821465B444046B8
:101DA0002360FFF72BFD002888D05AE7404600F05B
:101DB0003DF9034600287FF422AF40462169FEF733
:101DC00077FF0C22B4F90C30C8F8002023F0800310
:101DD00049E7721C914659E70C22B4F90C30C8F857
:101DE000002040E74FF0FF30BCE600BF00FCFF7F63
:101DF0002DE9F0410026884600F14807D7E9015453
:101E0000013D0ED4A389013D012B06D9B4F90E3052
:101E1000013302D02046C04706436B1C04F168041E
:101E2000F0D13F68002FE9D13046BDE8F08100BF16
:101E30002DE9F8434FF000090746884600F14806AF
:101E4000D6E90154013D10D4A389013D012B08D9E5
:101E5000B4F90E30013304D021463846C04749EA70
:101E600000096B1C04F16804EED13668002EE7D13E
:101E70004846BDE8F88300BFF0B58B890C4699074A
:101E800097B007D5012204F14703C4E90432236067
:101E900017B0F0BDB4F90E10054600292DDB6A46D7
:101EA0000DF0BEFE002827DB019E4FF4806706F48C
:101EB0007046A6F50056B6FA86F6394628467609E3
:101EC000FEF75CFF30B3A3891A4A43F08003AA628D
:101ED000C4E90407A3812060002ED9D02846B4F9B4
:101EE0000E100DF0A9FE0028D2D0A38923F0030321
:101EF00043F00103A381CBE7A38913F0800F14BF44
:101F000040274FF48067284639460026FEF736FF03
:101F10000028D8D1B4F90C309A05B9D4012123F0A6
:101F2000030304F1470243F00203C4E90421A3813F
:101F30002260ADE7D518000870B50C46B1F90E1057
:101F4000164600291D4696B013DB6A460DF068FE62
:101F500000280EDB01994FF4806301F47041A1F574
:101F60000051B1FA81F1002049092960336016B0AF
:101F700070BD0022B4F90C302A601B0604D5402342
:101F80000020336016B070BD4FF4806300203360D2
:101F900016B070BD5FFA81FC810710D00346511E58
:101FA0002AB90AE09A0718460AD0013905D318461B
:101FB00013F8012B6245F5D1704700207047114698
:101FC00003290CD80029F8D00346014401E08B42D4
:101FD000F3D0184613F8012B6245F8D1ECE702461E
:101FE00010B54CEA0C2444EA044410460368043259
:101FF0006340A3F1013E2EEA030313F0803F04D1B6
:10200000043903291046F0D851B10346014401E0D8
:102010008B4205D0184613F8012B6245F8D110BD4C
:10202000002010BD704700BF704700BFF8B51446D0
:10203000F9B1CAB106460D4600F068F8A04202D3D5
:102040002F463846F8BD21463046FEF797FE074634
:102050000028F6D022462946FEF79CFA304629464B
:10206000FEF726FE3846F8BD2746FEF721FE384625
:10207000F8BD1146BDE8F840FEF780BE10B50C462D
:10208000B1F90E100DF0C3FD002803DB636D0344AE
:10209000636510BDA38923F48053A38110BD00BFE5
:1020A000002070472DE9F0410C46B1F90C101F4695
:1020B000CB05054616460BD421F48051A1813B4641
:1020C00032462846B4F90E10BDE8F0410DF0A4BD2B
:1020D000B4F90E10022300220DF0A0FDB4F90C108B
:1020E000EAE700BF10B50C46B1F90E100DF096FDF1
:1020F000A389421C0EBF23F4805343F480536065D0
:10210000A38110BDB1F90E100DF07FBD51F8040C84
:102110000028A0F10400BCBF0B58C018704700BFD6
:102120002DE9F74304460D4609F094F800274FF0D7
:1021300012092D4EDFF8B4807080E0B2854250D98C
:1021400000232B4A0FE01CF801EBBEF1FF0F01D07A
:1021500070451BD001310929F5D10133DBB20C2BBD
:1021600002F109023BD094460021ECE7012A07D195
:10217000012B05D173888DF800708DF8017016E081
:102180008DF801308DF80010738810E0D8F8002029
:102190002AB309FB032333F81120110AD3B2120A20
:1021A000E4D1002BECD18DF800308DF801308DF8A2
:1021B0000230009806F024FBC0F307238DF80400DA
:1021C000C0F307408DF805308DF806009DF8063005
:1021D00020469DF805209DF8041007F0F7F801341B
:1021E000ABE703B0BDE8F083640C002014140020BA
:1021F000980C0020032805D8D82202FB00F10248E1
:1022000005F000B9704700BF18140020074B084ABA
:1022100010B51A600023074C2370607009F01AF89B
:1022200060806078BDE81040FFF7E4BF1414002020
:1022300018140020640C0020024B1878431E5842EA
:1022400058417047640C0020F0B5124B18780128F3
:102250001DD1114B1B68A3B112244A7804FB023331
:102260000A780E4933F812500E4631F8027BC4B298
:10227000AF4207D104F0070136F81110012023F80E
:102280001210F0BD01300928EFD10021F6E700203F
:10229000F7E700BF640C00201414002004110108AB
:1022A000704700002DE9F0431F4B85B01B784BB3FE
:1022B000002201AC1146104607F0C0F90025A046E7
:1022C0000A27DFF868900A2249464046FEF762F97D
:1022D00000F086FE0378EAB2B3FBF7F3934200D82E
:1022E000EAB900F07DFE03782678312B0DD9002362
:1022F000962219463046013507F068F80A2D04F198
:102300000104E0D105B0BDE8F08300F069FE037878
:102310001D2B4FF00003EBD81A469621EAE7002365
:1023200020781A461946E6E72C400020F8100108EC
:10233000F8B50D4616460446364F002845D00BF03A
:1023400039F8354B38601A69570402D51A691104F7
:1023500042D41A69520402D41B691F043ED42E4A87
:102360001169C1F38033490405D5136913F4004F93
:1023700014BF002302232A78511E042930D9062ACB
:1023800030D0002A0CBF03200020244A14B9117851
:10239000994202D11C1A18BF0124022B137023D0BA
:1023A000032B2AD0012B31D102232B7094B100F0E2
:1023B00071FA0022314600F0B7F90AF0FBFF184B22
:1023C00018600AF0CAFF012005E038680AF0A7FF8C
:1023D0003228B4D80020F8BD0323CCE70123CAE794
:1023E0000120D2E70220D0E703232B70002CF1D08C
:1023F00000F050FA00220621DDE701232B70002CAB
:10240000E8D000F047FA00221146D4E7002CE1D0D2
:10241000D3E700BFF814002000080040F4140020A7
:10242000F0140020014B1860704700BFF01400202A
:1024300070B503F063F90446B8B100F0CDFD284D46
:1024400002782B789A4206D000F0C6FD002203786D
:102450002B70244B1A6000F0BFFD0378022B16D0BE
:10246000032B04D00BB91F4A1360204670BD1D4DCD
:102470002E689EB90AF09EFF286000F00BFA054610
:1024800000F008FA32460146284601F0E5FE154DF7
:102490002868C0B90AF08EFF2860E6E730460AF0E7
:1024A0003EFF47F22F539842F1D90AF083FF28608C
:1024B000112000F051FF44F620600CF0A4FB012035
:1024C00000F0F0FBE3E70AF02AFF074B9842CCD973
:1024D0000AF070FF2860012000F0E4FBC5E700BFB0
:1024E000F5140020F0140020DF93040013B58DF8DC
:1024F00007100DF10701FFF71BFF044608B9FFF7AE
:1025000097FF204602B010BD2DE9F04103F0F6F828
:10251000002828D020224FF4804158480DF03CFE7E
:1025200000BF00BF00BF00BF00BF00BF00BF00BFB3
:1025300000BF00BF00BF00BF00BF00BF00BF00BFA3
:1025400000BF00BF00BF00BF00BF00BF00BF00BF93
:10255000302383F3118803220E2148480DF03CFEFE
:10256000002383F3118803F0C9F8002828D0202223
:102570004FF4004141480DF00FFE00BF00BF00BF07
:1025800000BF00BF00BF00BF00BF00BF00BF00BF53
:1025900000BF00BF00BF00BF00BF00BF00BF00BF43
:1025A00000BF00BF00BF00BF00BF302383F311880E
:1025B00003220F2131480DF00FFE002383F3118811
:1025C0002F4B1B7873B309244FF001082D4E56F89A
:1025D000041B4A1C0BD021F00F0701F00F0108FA71
:1025E00001F50122294638460DF0D6FDBD61013CBA
:1025F00014F0FF04EBD14FF00108234E56F8041BF2
:102600004B1C0BD021F00F0701F00F0108FA01F568
:102610000122294638460DF0BFFDBD610134E4B208
:10262000092CEBD1002280214FF080400DF0B4FD49
:1026300000BF00BF00BF00BF00BF00BF00BF00BFA2
:1026400000BF00BF00BF00BF00BF00BF00BF00BF92
:1026500000BF00BF00BF00BF00BF00BF00BF00BF82
:10266000302383F31188012207214FF080400DF0C1
:10267000B3FD002383F31188BDE8F081000800401A
:10268000E81E00201411010838110108072805D0A0
:102690000E38012804D8072000F0E4BA0320FBE735
:1026A0007047000008B503F029F838B14FF08043B7
:1026B0004FF400129A614FF000729A61074B1B7839
:1026C0005BB1112000F048FE44F620600CF09BFA4C
:1026D000BDE80840022000F0C5BA08BDE81E002091
:1026E00010B5084C237863B100F0C2FA0338012812
:1026F0009DBF0023032023700220BDE8104000F09E
:10270000A3BA10BDE81E002008B500F065FC0378F0
:10271000022B03D100F068FC007808BD0020FCE724
:1027200000F04ABC70470000F8B50C461546064656
:10273000F8B921BB134F3B78A34200D13DB100F063
:102740004BFC0323037000F04FFC002303703C702C
:1027500004F054FA2946204600F09AFE2A46214603
:10276000304601F079FD2A4621463046FFF7DAFF70
:10277000F8BD0029DED1012000F00EFADAE70220D0
:10278000FAE700BF1215002037B5044600F024FC1C
:102790000378012B0DD00025CDE9005500F01CFC7D
:1027A0000378022B07D0094B2A4619780846FFF711
:1027B000BBFF03B030BD24B1082221466846FDF7B7
:1027C000E9FE684600F026FDF3E700BF1215002081
:1027D00037B5044600F000FC0378012B0ED000252D
:1027E00000958DF8045000F0F7FB0378022B07D01A
:1027F0000D4B2A4619780846FFF796FF03B030BD07
:1028000074B163788DF80030A3788DF80130E378E7
:102810008DF8023063798DF8033023798DF8043018
:10282000684600F05BFDE9E71215002037B5044665
:1028300000F0D2FB0378012B0DD00025ADF8065037
:1028400000F0CAFB0378022B07D0114B2A461978F7
:102850000846FFF769FF03B030BD002CFBD063785A
:10286000A27843EA0223ADF80630813B022B09D857
:1028700001220DF1060002FA03F3ADF8063000F074
:1028800011FDE8E70DF1060000F0F6FCE3E700BFFC
:1028900012150020014B1878704700BF1215002058
:1028A00038B5154C00252378032B22D8DFE803F038
:1028B000020B131B0A2311488370C5700AF02CFB0E
:1028C0000123237038BDF6230C48C37085700AF0CD
:1028D00023FB0223F5E7F62308488370C5700AF04E
:1028E0001BFB0323EDE70A2304488570C3700AF03D
:1028F00013FB2570E6E700BFFC1400200415002040
:102900007047000010B5FFF7FBFF00F079FA00F008
:1029100075FB01F03BFA00F05BF9012803D1BDE83B
:10292000104000F05BB900F089F968B9074C2068E5
:1029300004F0BCFC40F6B733984205D900F00EFE17
:1029400010B104F0A3FC206010BD00BF00150020F2
:102950002DE9F04F00258FB08146CDE90255049551
:10296000ADF8145000F038FB0378012B0AD000F0CA
:1029700033FB0378022B08D05C4B2A4619780846B3
:10298000FFF7D2FE0FB0BDE8F08FB9F1000F00F0F5
:10299000A4804FF01E082022494606A8FDF7FAFD44
:1029A000534F9DF819300DF11A063B7016F8010BC4
:1029B000FDF734FC08F1FF34054414F0FF08EDB2D4
:1029C000F4D14C4E4FF0060BB2461AF8013B9BB3C4
:1029D00000242246D3B29D420BD81AF8013CA342F0
:1029E00018BF0AF8018C22E001331E2B04D11C46CB
:1029F00007E000230DF11A0111F8010BDCB20028E9
:102A0000F2D004F138036B4413F81E0C019203F06A
:102A100004F840EAC404E4B2214606A80AF04CFBDC
:102A20001AF8013C019AA34202F10102D2D10BF142
:102A3000FF3B1BF0FF0BC8D14946202206A8FDF73B
:102A4000A9FD4FF000084FF001095FFA88F39D429D
:102A50000FD800F095FA002845D125480AF046FA2B
:102A600002A800F0F0FB8DE701331E2B04D11C46B9
:102A700007E000230DF11A0212F8011BDCB2002955
:102A8000F2D004F138036B4413F81E0C02F0C5FFBA
:102A900040EAC404E4B2214606A80AF00DFB32461F
:102AA000002312F8011BA14202D021B93B449C70C3
:102AB00008F10108C9E70133062BF2D16F2CF7D8D2
:102AC0000EAB03EBD40313F8301C04F0070409FA2F
:102AD00004F40C4303F8304CEAE708224946044862
:102AE000FDF74AFEB5E7FFF70DFFB2E7121500202C
:102AF0000A1500200C15002070B5044660B10AF0DC
:102B0000C5F90D4B834215D018460AF0B9F9BDE856
:102B1000704001200AF0A2BB00F05EFA0378022B9D
:102B200008D1054D20466B6898472046AB68BDE844
:102B30007040184770BD00BF680C002038B50446CF
:102B400088B10AF0A3F9114C84421ED00122104B27
:102B50001A7001F051F80F480BF0E8F82046BDE874
:102B600038400AF08DB90B4B1B78042B05D1074D6B
:102B70006B6898472046AB68984706480CF0D8FD2C
:102B800004480DF0D3F901F03FF838BD100F0020D4
:102B9000353C0020484F002010B50C4B04461A78F5
:102BA000824204D00128187002D0022807D010BD3C
:102BB0000020FFF7A1FF2046FFF7C0FFF7E7002046
:102BC000FFF7BCFF0120FFF797FFF0E7800C002024
:102BD000014B1878704700BF800C002010B5FFF73C
:102BE00059FE0E4CB0B90E4B1B78052B12D1236841
:102BF00013B904F04BFB2060206804F057FB41F64A
:102C00005733984208D9002301202360BDE81040C3
:102C100000F048B80023236010BD00BF1415002049
:102C2000484F002008B5044B186804F03FFBC72844
:102C300094BF0020012008BD1C150020014B18780E
:102C4000704700BF18150020014B1870704700BF77
:102C50001815002008B504F019FB014B186008BDD9
:102C60001C150020014B1870704700BF2015002074
:102C7000014B1878704700BF20150020302310B595
:102C800083F3118800F0A0FC002484F3118872B64D
:102C900000F052FE00F094FD04F06CFC84F3118807
:102CA00062B610BD014B1870704700BF211500209F
:102CB00010B5074C237828B11BB1FFF7CBFF0323D6
:102CC000237010BD002BFCD10122024B1A70F8E7D3
:102CD0001815002021150020F8B50F4B0F4E1F6866
:102CE00001F001F8054618B9002434702046F8BDFB
:102CF000FFF7D0FD18B90A4B1B78042BF4D03478B9
:102D00001CB100232C463370F0E7002FEED003F007
:102D100069FFB842EAD3F4E7840C002021150020B3
:102D2000484F002008B500F0E1FF18B1BDE80840A9
:102D3000FFF778BF08BD0120704708B5FFF7FBFF1C
:102D400018B1BDE80840FFF76DBF08BD70B5FFF7CB
:102D5000A1FD044668B9084E3578012D09D100F06F
:102D60004BFF30460AF0E2FF224621462846FFF795
:102D7000DBFC012070BD00BF484F002008B5FFF705
:102D8000E5FF18B1BDE80840FFF74CBF08BD70472C
:102D900008B508F0AFF9003818BF0120044B1870CF
:102DA00008F090F90AF0D0FAFFF7F1FF08BD00BF74
:102DB00022150020002310B5074C2370FFF772FC8A
:102DC000FFF75CFF2378054A022B18BF032313701B
:102DD000FFF786FC10BD00BF20150020181500204D
:102DE00008B5064B1B780BB108F052F90AF0B5FA9A
:102DF00002F060FCBDE8084003F000BF221500208F
:102E000010B5154C2378032B1BD8DFE803F0020A1A
:102E1000131BFFF761FFA0B1FFF71CFF0123237015
:102E20000FE0FFF77FFF60B1FFF7B2FFFFF712FF80
:102E30000223F4E7FFF781FF18B1FFF70BFFFFF75D
:102E4000B9FF10BDFFF79AFF0028FAD0FFF7C8FFBF
:102E5000FFF700FF0023E2E718150020202938B50E
:102E600005460C4610D1FFF7B3FE012806D12246D5
:102E70002946BDE8384002200AF09EBF2146284678
:102E8000BDE8384000F0E0BA38BD09F0ADBE000042
:102E9000054A064B06495A60116051609A60DA6033
:102EA000002219611A707047081D0020F41C0020D0
:102EB000231500202DE9F041174C0E466768A568E0
:102EC00007F59C784545E36804D19F4206D1002070
:102ED000BDE8F08105F108029342F7E70F49226946
:102EE00001F2CF739B1A312B98BF2161322EEED89D
:102EF0002369014632461846FDF74CFB034645451B
:102F0000334428606B6018BF08354FF0010023611F
:102F10000CBFA760A560DBE7F41C00202315002090
:102F2000074A10B5D3689268934207D0D3E90014DA
:102F3000641A2246FDF72EFB204610BD0024FBE755
:102F4000F41C0020074BDA6899688A4208D0596857
:102F500001F59C70824201D1D96070470832DA6075
:102F6000704700BFF41C0020014B1878704700BF69
:102F7000F41C0020014B1870704700BFF41C0020A7
:102F8000034BD8689B68C01A18BF0120704700BF68
:102F9000F41C00200246002330B50C1812F8015B27
:102FA0002B44A242DBB2F9D1435430BD012070471B
:102FB00008B5FFF7FBFF08BD08B54FF4E1300AF094
:102FC0008FFCFFF765FFBDE808402422002101487F
:102FD000FDF7D2BB4D1E002000487047880C002032
:102FE000004870478B0C002000487047890C002077
:102FF00018B111B189B20AF0A3BC704773B5FFF7DD
:10300000B3FF03280FD8DFE800F040022D3B774BD9
:10301000186804F04BF90A2805D900220220744BE5
:103020001A70FFF7A7FF734D734C0AF093FC00284A
:1030300056D00AF07BFC2A68012A38D0022A3ED0FA
:10304000002A5BD161282FD85F2804D8A0F15A0349
:10305000DBB2032BE9D8012302222B60674B2070DF
:103060001A70E2E7624A13780133DBB2282B02D8E8
:1030700013700020D5E700231370FFF763FFF8E714
:10308000FFF760FF0020FFF775FF5D48FFF748FF7F
:1030900001460028C7D05A48FFF7AAFF04F0F6F807
:1030A000524B18600120BCE7AF28BED1D3E7022302
:1030B000524A2B6013786070013B1370B5E7237898
:1030C000612B0FD163780D2B18D10A2816D1FFF789
:1030D0004BFF012802D10320FFF74CFF00232B6098
:1030E00002B070BDAF2B09D16378602B06D10323EA
:1030F0002B60424BA0700130187096E73F49531C7B
:103100002B600B78A054013BDBB20B70002B8CD1F1
:10311000194639488A421FD1A25C9A4230D1032213
:10312000384901A8FDF736FA032101A80AF008FC86
:1031300020462978FFF73CFF0028D1D02378602B68
:1031400010D8592B1CD95A3B062B19D8DFE803F0AD
:103150001B1F3F431818470010F8016B013133441F
:10316000DBB2D7E7AF2B0BD1A678202E08D12649AA
:1031700032462648FDF70EFA31462448FFF785FE11
:1031800000232B6051E76278214B5A70F8E763788F
:10319000313B052BF4D801A252F823F0B5310008D9
:1031A000BD310008C33100088131000881310008B9
:1031B000C93100080122164B1A70E1E70222144BB4
:1031C000FAE70322124BF7E70422114BF4E7627887
:1031D0000F4BDA70D4E762780D4B9A70D0E76078C5
:1031E000431E58425841FFF763FDC9E7B81E00204F
:1031F000B51E0020481E0020911E00204C1E0020FD
:103200004D1E00205C110108941E0020711E00203C
:10321000880C00201FB5002301930293ADF80C30F9
:10322000A123082201460DF105008DF80430FDF7B9
:10323000B1F901A80921FFF7ADFE0A21FFF73AFE17
:1032400005B05DF804FB1FB50023CDE90033029300
:103250000393A2230E2201460DF101008DF80030E8
:10326000FDF798F968460F21FFF794FE1021FFF74C
:1032700021FE05B05DF804FB002307B50193A323ED
:10328000022201460DF105008DF80430FDF782F9A8
:1032900001A80321FFF77EFE0421FFF70BFE03B018
:1032A0005DF804FB37B5022504462A460A4901A801
:1032B000FDF770F900238DF80630A4238DF8043053
:1032C0002378294601A88DF80530FFF763FE032116
:1032D000FFF7F0FD03B030BD480F0108002307B52C
:1032E0000093ADF804308DF80630A823052201467E
:1032F0000DF101008DF80030FDF74CF9684606210C
:10330000FFF748FE0721FFF7D5FD03B05DF804FB8A
:1033100030B50021054687B0112201A80091FDF7C4
:103320002BFA2846FDF73EFCC4B2122C11D8A92373
:10333000224629460DF102008DF800308DF801403B
:10334000FDF728F9A11C6846FFF724FE1521FFF7B9
:10335000B1FD07B030BD000037B5022504462A464E
:103360000A4901A8FDF716F900238DF80630A623B7
:10337000294601A88DF804308DF80540FFF70AFEB4
:103380000321FFF797FD03B030BD00BF480F0108D0
:1033900030B50C4600218FB005462D2202A80191C0
:1033A000FDF7EAF92E2C11D8AB23224629460DF160
:1033B00006008DF804308DF80540FDF7EBF8A11CF0
:1033C00001A8FFF7E7FDE11CFFF774FD0FB030BD6A
:1033D00030B50C4600218FB005462D2202A8019180
:1033E000FDF7CAF92E2C11D8AC23224629460DF13F
:1033F00006008DF804308DF80540FDF7CBF8A11CD0
:1034000001A8FFF7C7FDE11CFFF754FD0FB030BD69
:103410001FB5002304220293ADF80C30AD2340EA1F
:10342000014001900DEB02010DF109008DF808300B
:10343000FDF7B0F802A80521FFF7ACFD0621FFF764
:1034400039FD05B05DF804FB30B50C4600218BB0AA
:103450000546202202A80191FDF78EF9202C14D1F7
:10346000AF238DF804306123224629460DF1070071
:103470008DF805308DF80640FDF78CF8232101A862
:10348000FFF788FD2421FFF715FD0BB030BD0000CC
:1034900010B50C46062851D8DFE800F004212C3581
:1034A0003E4709001120BDE81040FFF755BF30200E
:1034B000FFF752FF002C41D012212148FFF768FF8F
:1034C00018212048FFF784FF43F22D404EF2C641F9
:1034D000FFF79EFF5220FFF73FFF5120E3E7312027
:1034E000FFF73AFF54B35220FFF736FF1648FFF7B5
:1034F0000FFFF2E73220FFF72FFFFCB15220FFF75A
:103500002BFF1248F3E73320FFF726FFB4B1522018
:10351000FFF722FF0E48EAE73420FFF71DFF6CB1EA
:103520005220FFF719FF0B48E1E73520FFF714FFA2
:1035300024B15220FFF710FF0748D8E710BD00BFA5
:1035400060110108721101088A1101089411010823
:103550009E110108A8110108B411010808B5FFF770
:103560000FFD20B95320FFF7F7FE012008BD002012
:10357000FCE7000010B5C4B20B2C03D0122C0ED007
:10358000012000E00220FFF76DFB2046FFF77EF8E8
:103590000CF0DBFD4FF0FF32024B5A6110BD0420EE
:1035A000F1E700BF001800400023054A0549C2E9C1
:1035B00000130133102B02F10802F8D1704700BF4D
:1035C000A84B0020753500082DE9F041FFF7ECFF0E
:1035D00002F094F8002800F0938009254FF00108CC
:1035E000724E56F8041B481C0CD021F00F0701F056
:1035F0000F0108FA01F421460522384624040CF094
:10360000CBFDBC61013D15F0FF05EAD10624012682
:103610003027674D55F8040B411C2ED000F00F01E8
:10362000202206FA01F120F00F000CF0B5FD00BFDA
:1036300000BF00BF00BF00BF00BF00BF00BF00BF92
:1036400000BF00BF00BF00BF00BF00BF00BF00BF82
:1036500000BF00BF00BF00BF00BF00BF00BF87F3B7
:10366000118855F8040C022200F00F0120F00F0021
:103670000CF0B2FD002383F31188013C14F0FF0429
:10368000C8D100224FF480614FF080400CF084FDDF
:1036900000BF00BF00BF00BF00BF00BF00BF00BF32
:1036A00000BF00BF00BF00BF00BF00BF00BF00BF22
:1036B00000BF00BF00BF00BF00BF00BF00BF00BF12
:1036C000302585F3118803220A214FF080400CF049
:1036D00083FD002484F3118885F3118801220C21D5
:1036E0004FF080400CF078FD84F3118806212320F0
:1036F0000CF0D2FAFEF708FFBDE8F0410CF006BD71
:1037000009254FF001082B4E56F8041B4A1C0CD01B
:1037100021F00F0701F00F0108FA01F421460522FC
:10372000384624040CF038FDBC61013D15F0FF055E
:10373000EAD10624012630271F4D55F8040B431CFF
:103740002ED000F00F01202206FA01F120F00F0028
:103750000CF022FD00BF00BF00BF00BF00BF00BFD4
:1037600000BF00BF00BF00BF00BF00BF00BF00BF61
:1037700000BF00BF00BF00BF00BF00BF00BF00BF51
:1037800000BF00BF87F3118855F8040C022200F037
:103790000F0120F00F000CF01FFD002383F31188B0
:1037A000013C14F0FF04C8D16BE700BFC011010851
:1037B00064120108E4110108641201087047000056
:1037C00008B50AF043FB03222B4B2C499A620C22CA
:1037D000DA62D1F890202A4822F01802C1F890202D
:1037E00000229A62DA62D3F8402C03F5406342F477
:1037F00080721A641A6C4FF4006142F002021A647B
:1038000001225A63DA67DA6608225A615A695A61F4
:103810005A6942F001025A619A6C42F4C0629A6499
:103820009A6C9A6C42F480429A649A6CDA6C42F018
:103830000802DA64DA6C9A6C42F480529A649A6CE8
:10384000DA6C42F01002DA6440F28232DB6C0CF087
:10385000A3FC40F282324FF400714FF080400CF034
:103860009BFC40F282324FF480614FF080400CF0BC
:1038700093FCFFF7A3FF08BD0000014000040140D6
:10388000000800404FF0E02210B500210124136928
:1038900023F001031361224B224A5A6100228B005C
:1038A00003F1604303F56143D3F80001D040C00742
:1038B00048BF04FA02F002F1010248BFC3F88001D8
:1038C000202AF1D101310829E8D1174C636843F06F
:1038D00000736360154B1A6802F009021A601A68D7
:1038E00042F46C3242F004021A6040F2B3321A62BF
:1038F0000F4B43F001039847236943F0040323610E
:1039000030BF0C4B43F0010398474FF0E02223698E
:1039100023F004032361136943F00103136110BD15
:1039200000180040FFFF070000ED00E0000001402C
:103930003C12010808120108FFF7A4BF0B8807B565
:10394000A3F5FC43032B1ED8DFE803F002213B550F
:10395000364A012013789278C3F3420302F007023B
:103960000DF107018DF80730FEF7E2FC9DF80730F6
:10397000042B02D013F0FD0F05D1FEF78BFF0122BF
:103980001146FEF7D1FE002003B05DF804FB274A84
:10399000012013789278C3F3420302F007020DF17D
:1039A00007018DF80730FEF7C3FC9DF80730042BA4
:1039B00002D013F0FD0FE6D1FEF76CFF01220221C9
:1039C000DFE71A4A012013789278C3F3420302F02A
:1039D00007020DF107018DF80730FEF7A9FC9DF8ED
:1039E0000730042B02D013F0FD0FCCD1FEF752FFAD
:1039F00001220321C5E70D4A012013789278C3F311
:103A0000420302F007020DF107018DF80730FEF7BF
:103A10008FFC9DF80730DA1E012A01D9002BB2D1A4
:103A2000FEF738FF01220621ABE700BFA4490020C2
:103A300008B540F282324FF400714FF080400CF034
:103A4000ABFBBDE8084040F282324FF480614FF09A
:103A500080400CF0A1BB000010B50A4C238803F095
:103A60000E0363F0FE032380A37823F00F0343F0DB
:103A70000103A370FEF714FC2068BDE8104003F0BA
:103A800064B800BFA4490020002310B586B08DF8AB
:103A90000C3004938DF8143055238DF8083005232D
:103AA00004AC8DF809008DF80A108DF80B2019462A
:103AB000009402AA0F2004F0B3F906B010BD000074
:103AC00008B503F040F8044B186018B9BDE8084089
:103AD000FFF7C2BF08BD00BFA449002008B5FFF72B
:103AE000EFFF09F067FC3C4B186001F007FE012274
:103AF000202100285CD04FF080400CF04DFB07F0F7
:103B0000A9FB18B14FF0804320229A6101224FF4A3
:103B100080714FF080400CF03FFB07F09BFB20B121
:103B20004FF080434FF480729A6120224FF480411D
:103B30002A480CF031FB20224FF4004127480CF0BA
:103B40002BFB4FF4003326480122836102210CF045
:103B500023FB002280214FF080400CF01DFB4FF42E
:103B6000004120224FF080400CF016FBFEF7D8FDFC
:103B700009F020FC1B4B186003F089F81A4B1878E9
:103B80000009FEF743FB07F041FB184BC0F3072287
:103B90001870C0F307405A709870FFF721FA144B61
:103BA000027814491A700F20BDE8084004F02AB9C1
:103BB0004FF080400CF0F0FA01224FF480714FF08A
:103BC00080400CF0E9FA07F045FB0028ADD04FF03B
:103BD000804320229A61A5E7E41E002000080040EF
:103BE00000040040EC1E0020A4490020A049002051
:103BF00030400020DD5500084FF40032014B9A613F
:103C0000704700BF000400400222014B9A617047D8
:103C1000000400407FB5FFF70BFF042200210DF1E7
:103C20000900FCF7A9FD002204AB04928DF81420D2
:103C30000093CC2205238DF80820194602AA0F20F4
:103C400004F0EEF807B05DF804FB10B501F056FD86
:103C500070B107F0FFFA18B14FF0804320229A614B
:103C600007F0F8FA20B14FF080434FF480729A6168
:103C7000FEF710FE0446FEF70DFE00220146204628
:103C8000FEF752FDFFF7C6FF09F094FBBDE81040B8
:103C9000FEF7C8BB7FB5042200210DF10900FCF737
:103CA0006BFD002204AB04928DF814200093BB221C
:103CB00005238DF80820194602AA0F2004F0B0F859
:103CC00007B05DF804FB08B501F018FD38B14FF0FE
:103CD00080434FF400129A614FF080729A61BDE800
:103CE0000840FFF7D7BF00207047000010B586B02E
:103CF00001F004FD48B30023ADF80A308DF80C3014
:103D000004938DF81430AA238DF808301A4B04AAB6
:103D10001B780F208DF8093005230092194602AA5E
:103D200004F07EF8154B1B7813F00E0F0DD0042213
:103D30004FF480614FF080400CF02EFA04224FF4D3
:103D400000714FF080400CF027FAFEF7A3FD78B920
:103D50000B4B1B7863B90B4C2378012B08D0022244
:103D6000094B20469A610CF0E1F820460BF0E0FC8C
:103D7000012006B010BD00BFE81E0020A4490020AD
:103D8000C81E0020484F00200004004038B5144DE4
:103D9000144C2868C8B109F0C2FA632815D97020FC
:103DA000FFF7DAFA5520FFF7D7FA5720FFF7D4FAD2
:103DB0000022217811F00E0F0CBF01201046C1F334
:103DC0004201FEF7B1FC00232B60A278217800208D
:103DD000BDE8384002F00702C1F34201FEF786BB9E
:103DE000EC1E0020A4490020554B37B51880A0F5E3
:103DF000FC400C46032800F2A080DFE800F002350A
:103E00005778504A012013789278C3F3420302F0A6
:103E100007020DF107018DF80730FEF789FA9DF8CA
:103E20000730042B02D013F0FD0F1AD16579464CF0
:103E3000002D7DD0FEF72EFD012805D0FEF72AFDCE
:103E400000220121FEF770FC237833B940F6B83028
:103E50003B4A3E4907F014FE207009F0ABFAFEF72A
:103E6000E1FA002003B030BD364A01201378927881
:103E7000C3F3420302F007020DF107018DF807308A
:103E8000FEF756FA9DF80730042B02D013F0FD0F11
:103E9000E7D165792C4C002D4AD0FEF7FBFC0228B7
:103EA000D2D0FEF7F7FC00220221CBE7254A012001
:103EB00013789278C3F3420302F007020DF1070171
:103EC0008DF80730FEF734FA9DF80730042B02D046
:103ED00013F0FD0FC5D165791B4C4DB3FEF7DAFC2D
:103EE0000328B1D0FEF7D6FC00220321AAE7154A29
:103EF000012013789278C3F3420302F007020DF118
:103F000007018DF80730FEF713FA9DF80730DA1E27
:103F1000012A01D9002BA4D165790B4C45B1FEF7DC
:103F2000B9FC062890D0FEF7B5FC0022062189E7EF
:103F3000207807F0B3FD25708FE7012092E700BFDE
:103F4000D61E0020A4490020F31E00203D390008A1
:103F50002DE9F04104460D4601F070FC0646A0B381
:103F6000244B1A783AB16A792AB1002211461046D8
:103F70001A7005F063FBFFF72FF80378022B03D1CB
:103F800009F018FAFEF74EFA45F223239C4207D0B7
:103F900047F643039C4218D045F221239C4217D197
:103FA00095F80580B8F1000F0FD1FEF745F90746E7
:103FB00058B1114E33782BB12946204686F800803F
:103FC000FEF742F9012333703E463046BDE8F081EA
:103FD000FEF732F90028F8D0A4F5A443203B1F2BAC
:103FE000F3D96B79002BF0D029462046FEF72CF947
:103FF0000026EAE7F21E00205040002013B507F02B
:10400000BFF80128374C0CD107F000F9C0F30723A3
:1040100010F0FF008DF8053013D1DBB2C3B10323DC
:10402000237023780133DBB20B2B237020D10023C4
:10403000237007F03FF823782B4AD05C07F09CF8F8
:1040400022E0782810D005D8282809D0502809D097
:104050000923E5E7A02809D0C828F9D10823DFE71C
:104060000423DDE70523DBE70623D9E70723D7E7AA
:104070000A2BDED107F0CAF8FF21C0F30742002067
:1040800007F0C1F807F02EF807F0C0F82378C0F366
:104090000742092B24D8DFE803F01D2323050C0F6A
:1040A0001215181BFF21002002B0BDE8104007F0D8
:1040B000AAB8FF212820F7E7FF215020F4E7FF21CD
:1040C0007820F1E7FF21A020EEE7FF21C820EBE7F1
:1040D0000021E8E7FF2002B0BDE8104007F038B942
:1040E000C820F8E7E91E00208C0C002030B587B00E
:1040F000FEF7D0FB20B93E4B1B780BB1FEF7D0FB8F
:10410000FEF700FC4FF080431B693A4CC3F3C01329
:10411000237001F0F3FA40B3374D286809F0FFF837
:10412000B0F57A7F21D309F045F90023ADF80A30C4
:104130008DF80C3004938DF81430F1238DF808308D
:10414000237804AA8DF809300523286019460092C7
:104150000F2002AA03F064FE38B109F02BF9274BB7
:104160009DF811201860264B1A704FF080431B6990
:10417000244AC3F3C0331370227882B3002B14BFD8
:1041800066246424204D286858BB09F013F9286080
:104190002046FFF7E1F85320FFF7DEF801F0AEFA12
:1041A000C0B11A4C206809F0BAF8B0F5FA6F11D90D
:1041B00009F000F92060FEF713FF154D03782B700E
:1041C000FEF768FB0446FEF765FB2A7801462046A9
:1041D000FFF75AFC07B0BDE8304002F074BD65241B
:1041E000D0E709F09CF8B0F57A7FCED8D6E700BFCB
:1041F0002D400020C81E0020E01E0020E41E0020EC
:10420000DC1E0020BC1E0020D01E0020D81E002076
:104210003040002073B5154606461C46019109F052
:10422000C9F8084B03221860074B64001E60074B57
:1042300001A91D60064B07481C60FCF7ABF902B0F2
:1042400070BD00BF001F0020F41E0020F81E0020DB
:10425000041F0020FD1E0020F7B55E4B5E4D0E468C
:104260002F7814461A70FEF715FBC7F342078742F2
:1042700013D0FEF70FFB2B7800F0070060F3430329
:104280002B7003F00E032BB103289EBFAB7860F3B5
:104290000203AB70286802F058FC711E052900F279
:1042A0009780DFE801F0031F374F677FFF237CB162
:1042B00000228DF806308DF804208DF805200123AA
:1042C000C8221120019903B0BDE8F040FFF7A2BF5A
:1042D0008DF806304FF4FA7201238DF804408DF802
:1042E0000540EEE7FF235CB100228DF806308DF823
:1042F00004208DF805200123C82212200199E2E74D
:104300008DF806304FF4FA7201238DF804408DF8D1
:104310000540F2E7FF235CB100228DF806308DF8EE
:1043200004208DF805200123C82213200199CAE733
:104330008DF806304FF4FA7201238DF804408DF8A1
:104340000540F2E7FF235CB100228DF806308DF8BE
:1043500004208DF805200123C82229200199B2E705
:104360008DF806304FF4FA7201238DF804408DF871
:104370000540F2E7FF235CB100228DF806308DF88E
:1043800004208DF805200123C8222A2001999AE7EC
:104390008DF806304FF4FA7201238DF804408DF841
:1043A0000540F2E7FF238DF804304CB10023C8220A
:1043B0008DF805308DF8063001231420019982E72D
:1043C00001234FF4FA728DF805408DF80640F4E7AA
:1043D00003B0F0BDFC1E0020A449002010B5FEF77C
:1043E000FBFD0378022B0CD0FEF754FA0446FEF7CF
:1043F00051FA064B01461A782046FFF72DFF01209F
:1044000010BD01F031FB0020FAE700BFFC1E0020C8
:1044100070B5164C2068D0B108F081FF144B154DD3
:104420001B68984208D2144B18682B6813F00103DC
:1044300013D11A46194614E008F0BCFF2B6820601F
:1044400033B900232360FFF7C9FF0028EBD170BD0B
:10445000013B2B60002BE6D1F3E708498B784A78C3
:104460000978BDE8704004F0B1BF00BF001F002014
:10447000F81E0020041F0020F41E0020FD1E002056
:10448000F7B50C4C1D46237806461746019173B9C3
:104490000123237008F08EFF6D006060032201A9E4
:1044A00004F11100A760E5602674FCF773F803B00F
:1044B000F0BD00BF3440002010B5124C237803B388
:1044C000606808F02CFFA36898420FD308F072FFD1
:1044D000E368606033B900232370636000231A46E9
:1044E000194609E0013BE360002BF4D0E368DB07E9
:1044F000F4D5E37CA27C617C207CBDE8104004F014
:1045000065BF10BD3440002013B501F0F7F8002856
:104510004AD0264B1C78B4B1254B26491A78264B35
:104520001B785BB100230B60002A3DD01A46FF21A7
:104530003F2002B0BDE8104004F048BF0B609AB3C2
:10454000FF221946F4E7FEF74BFD0378052B29D827
:10455000FF238DF805408DF804308DF806400123C7
:1045600047F230523F200199FFF78AFFFEF738FDEE
:104570000378CBB90F4C236813B908F01BFF2060F8
:10458000206888B108F0CBFE4EF6602398420BD924
:10459000002301202360094B187002B0BDE81040D1
:1045A000FEF780BB034B1C6002B010BDC81E00208C
:1045B000D41E0020C41E0020BC1E0020E81E0020C7
:1045C0002DE9F34106461D46182000231746134ADD
:1045D000019100FB03F111F802808C18B8F1000F73
:1045E00017D10123237008F0E5FE6D0060600322FF
:1045F000A760E560267401A904F11100FBF7CAFF6A
:10460000FF2E0ABF064BC4F81480636102B0BDE8F8
:10461000F0810133632BDCD1F8E700BF5840002064
:10462000B54600081FB500248DF800408DF8014004
:104630008DF8024000990123FA223620FFF7C0FFCF
:104640008DF804408DF805408DF80640019901234E
:10465000FA224220FFF7B4FF8DF808408DF8094098
:104660008DF80A4002990123FA224320FFF7A8FFA0
:104670000123FA2241208DF80C408DF80D408DF871
:104680000E40039904B0BDE81040FFF799BF102316
:1046900007B58DF804308DF805308DF80630FA2214
:1046A0000323FF200199FFF78BFF012003B05DF882
:1046B00004FB00001822144B82B002FB0030437C44
:1046C0006E2B10D1827CE2B9C27CD2B98DF8043055
:1046D0008DF805208DF806200123FA22FF2001998C
:1046E00002B0FFF76DBF63B9837C6E2B09D1C37C29
:1046F0003BB98DF804308DF805306F238DF8063006
:10470000EAE702B0704700BF58400020094A002382
:10471000114610B5147C844206D11822534300225E
:10472000C818C260CA5410BD0133632B02F11802CD
:10473000F0D1F8E75840002070B586B005460E4627
:10474000FFF706FC18B90024204606B070BD3146BC
:104750002846FFF749FB04460028F4D0452D7FD8B2
:104760001D2DF1D91E3D272DEED801A353F825F0BC
:10477000054C00084D4C0008954C0008E94C000819
:104780003D4D0008894D0008CB4D0008134E000830
:104790005B4E0008A34E000849470008834F0008FD
:1047A000ED4F00084947000849470008EB4E000854
:1047B000334F0008494700084947000849470008A7
:1047C000494700084947000849470008B14F000819
:1047D0004947000849470008494700084947000879
:1047E0003B49000875490008AF490008E94900083D
:1047F000234A00085D4A0008974A0008D14A000889
:104800001D4B0008574B0008914B0008CB4B00088C
:10481000A5F5FC45053D022D00F25584DFE815F0B5
:10482000620512043D04A5F5F045433D092D8BD8E2
:1048300001A353F825F000BF69520008494700085A
:104840004947000849470008494700084947000808
:10485000135100086D510008E5500008FF50000892
:1048600047F64C039D424BD847F642039D42DAD8A7
:10487000B5F5A44F00F0A5841FD8E32D00F0038503
:10488000E72D7FF461AFA14D287801F0C6F802282A
:1048900040F01C859E4B1B78DB067FF555AFFDF77E
:1048A000CBFC00287FF450AF7579E720002D00F095
:1048B000158500F08DFF2C4646E745F202239D4208
:1048C00000F0A98447F213039D427FF43DAFFDF74A
:1048D000B3FC002840F0B8837579002D3FF434AF65
:1048E00000236E228DF810308DF811208DF81230D3
:1048F000FA220123FF200499FFF762FE2C4623E7EA
:1049000047F607639D423FF61FAF47F603639D429C
:104910003FF67EAFB5F5F84F00F0CA8347F6034384
:104920009D427FF411AF74797A4D002C00F0D7834B
:1049300008F040FD0024286006E7774B9B78D906F5
:104940007FF502AF714D287801F067F8022805D194
:10495000747954B9AF2000F051FFF5E6287801F0E2
:104960005CF803287FF4F0AEF2E7AF2000F030FFF0
:104970000024E9E6684B9B78DA067FF5E5AE634DE7
:10498000287801F04AF8022805D1747954B9AA2090
:1049900000F034FFD8E6287801F03FF803287FF4D0
:1049A000D3AEF2E7AA2000F013FF0024CCE65A4B66
:1049B0009B78DB067FF5C8AE544D287801F02DF8C2
:1049C000022805D1747954B9A92000F017FFBBE67D
:1049D000287801F022F803287FF4B6AEF2E7A92088
:1049E00000F0F6FE0024AFE64B4B9B78DD067FF52A
:1049F000ABAE464D287801F010F8022805D1747945
:104A000054B9A82000F0FAFE9EE6287801F005F8D7
:104A100003287FF499AEF2E7A82000F0D9FE002425
:104A200092E63D4B9B78D8067FF58EAE374D2878C1
:104A300000F0F3FF022805D1747954B9AD2000F0DD
:104A4000DDFE81E6287800F0E8FF03287FF47CAEE5
:104A5000F2E7AD2000F0BCFE002475E62E4B9B78FB
:104A6000D9067FF571AE294D287800F0D6FF0228CF
:104A700005D1747954B9AC2000F0C0FE64E6287802
:104A800000F0CBFF03287FF45FAEF2E7AC2000F02C
:104A90009FFE002458E6204B9B78DA067FF554AE43
:104AA0001A4D287800F0B9FF022805D1747954B95D
:104AB000AE2000F0A3FE47E6287800F0AEFF032802
:104AC0007FF442AEF2E7AE2000F082FE00243BE627
:104AD000114B9B78DB067FF537AE0C4D287800F044
:104AE0009CFF022805D1747954B9AB2000F086FEF2
:104AF0002AE6287800F091FF03287FF425AEF2E73C
:104B0000AB2000F065FE00241EE600BF0E1F002053
:104B1000C0490020CC1E0020A4490020984B9B785F
:104B2000DD067FF511AE974D287800F076FF02285C
:104B300005D1747954B9B12000F060FE04E62878FC
:104B400000F06BFF03287FF4FFADF2E7B12000F027
:104B50003FFE0024F8E58A4B9B78D8067FF5F4AD3C
:104B6000884D287800F059FF022805D1747954B98E
:104B7000B52000F043FEE7E5287800F04EFF03285B
:104B80007FF4E2ADF2E7B52000F022FE0024DBE581
:104B90007B4B9B78D9067FF5D7AD7A4D287800F00E
:104BA0003CFF022805D1747954B9B22000F026FEEA
:104BB000CAE5287800F031FF03287FF4C5ADF2E79D
:104BC000B22000F005FE0024BEE56D4B9B78DA06AE
:104BD0007FF5BAAD6B4D287800F01FFF022805D194
:104BE000747954B9B42000F009FEADE5287800F0DE
:104BF00014FF03287FF4A8ADF2E7B42000F0E8FD2D
:104C00000024A1E55E4B9B78DB067FF59DAD5D4CF6
:104C1000207800F002FF02280ED0207800F0FDFE80
:104C2000032809D074793A201CB100F06BFF0024EE
:104C30008AE500F0AFFF87E57479BE201CB100F073
:104C400061FF002480E500F0A5FF7DE54C4B9B78DB
:104C5000DD067FF579AD4B4C207800F0DEFE0228B2
:104C60000ED0207800F0D9FE032809D074793B20BB
:104C70001CB100F047FF002466E500F08BFF63E500
:104C80007479BD201CB100F03DFF00245CE500F00C
:104C900081FF59E53A4B9B78D8067FF555AD394CE5
:104CA000207800F0BAFE02280ED0207800F0B5FE81
:104CB000032809D074793C201CB100F023FF0024A4
:104CC00042E500F067FF3FE57479E32034B100F07E
:104CD00019FF2B2000F016FF002435E500F05AFFE5
:104CE0002B2000F057FF2FE5254B9B78D9067FF549
:104CF0002BAD244C207800F090FE02280ED02078B6
:104D000000F08BFE032809D074793D201CB100F01F
:104D1000F9FE002418E500F03DFF15E57479E32065
:104D200034B100F0EFFE082000F0ECFE00240BE5AB
:104D300000F030FF082000F02DFF05E5104B9B78B8
:104D4000DA067FF501AD0F4C207800F066FE0228F0
:104D50000ED0207800F061FE032809D074793E203F
:104D60001CB100F0CFFE0024EEE400F013FFEBE4F2
:104D700073790BB90024E7E406F0DEFA0024E3E4DB
:104D8000A44900200E1F0020954B9B78DB067FF581
:104D9000DBAC944C207800F040FE02280ED0207846
:104DA00000F03BFE032809D074793F201CB100F0CD
:104DB000A9FE0024C8E400F0EDFEC5E47379002BE1
:104DC000D8D006F0A5FA0024BEE4854B9B78DD061A
:104DD0007FF5BAAC834C207800F01FFE02280ED07D
:104DE000207800F01AFE032809D0747940201CB105
:104DF00000F088FE0024A7E400F0CCFEA4E474795F
:104E0000AC201CB100F07EFE00249DE400F0C2FE48
:104E10009AE4734B9B78D8067FF596AC714C20785A
:104E200000F0FBFD02280ED0207800F0F6FD0328EC
:104E300009D0747941201CB100F064FE002483E4A1
:104E400000F0A8FE80E47479AE201CB100F05AFE98
:104E5000002479E400F09EFE76E4614B9B78D9064D
:104E60007FF572AC5F4C207800F0D7FD02280ED0A1
:104E7000207800F0D2FD032809D0747942201CB1BB
:104E800000F040FE00245FE400F084FE5CE47479EE
:104E9000AB201CB100F036FE002455E400F07AFE91
:104EA00052E44F4B9B78DA067FF54EAC4D4C2078A0
:104EB00000F0B3FD02280ED0207800F0AEFD0328EC
:104EC00009D0747943201CB100F01CFE00243BE49F
:104ED00000F060FE38E47479A8201CB100F012FEE6
:104EE000002431E400F056FE2EE43D4B9B78DB06B7
:104EF0007FF52AAC3B4C207800F08FFD02280ED0C5
:104F0000207800F08AFD032809D0747944201CB170
:104F100000F0F8FD002417E400F03CFE14E474797E
:104F2000AA201CB100F0EEFD00240DE400F032FEDA
:104F30000AE42B4B9B78DD067FF506AC294C2078E4
:104F400000F06BFD022810D0207800F066FD0328E9
:104F50000BD07479452024B100F0D4FD0024FFF774
:104F6000F3BB00F017FEFFF7EFBB7479A92024B163
:104F700000F0C8FD0024FFF7E7BB00F00BFEFFF7D1
:104F8000E3BB174B9B78D8067FF5DEAB164B1B783F
:104F900013F00A057FF4D8AB7479352024B100F002
:104FA000B1FD2C46FFF7D0BB00F0F4FDFFF7CCBB02
:104FB0000B4B9B78D9067FF5C7AB0B4B1B7813F0D7
:104FC0000A057FF4C1AB7479292024B100F09AFD61
:104FD0002C46FFF7B9BB00F0DDFDFFF7B5BB00BF06
:104FE000A44900200E1F0020121F00207579DDB19A
:104FF00001F046FC10F0220F3FF4A6AB0122C04B9B
:10500000C04C1A7001F03CFC00F02200207001F04E
:1050100045FC462000F0DCFB01F0F6FC207801F0B6
:1050200035FC0024FFF790BBB54B1A78002A3FF4FB
:105030008BAB46201D702C4600F0E0FB01F0E4FC39
:10504000FFF782BB737913B90024FFF77DBBAE4D28
:105050000024AB7883F01002C2F3001262F3041351
:10506000AB70286801F071FDF0238DF80830AB7843
:1050700004AAC3F300138DF80930052300921946E2
:1050800002AA0F20ADF80A408DF80C4004948DF868
:10509000144002F0C5FEFFF757BB73799B4A23B15A
:1050A00001211C461170FFF74FBB1370FFF74CBB7B
:1050B0007579002D3FF448AB01F02CFD2C4608F02B
:1050C000C7F9FFF741BBFDF7B7F804460028BBD18D
:1050D0007379002BB8D0FEF791FFFFF735BB2C603A
:1050E000FFF732BB7379002B3FF42EAB06F038F993
:1050F000D6287FF629ABFFF795FAFFF725BB737922
:10510000002B3FF421AB06F02BF95F283FF61CABD8
:10511000F1E77579002D3FF417AB05F0CBFF00F0F8
:10512000EDFA30B14FF0804320229A614FF4807243
:105130009A6106F08FF895287FF606AB06F08AF89C
:1051400000F13C039BB2962B28BF9623DBB28DF86F
:1051500010308DF811308DF81230FA2202233620EB
:105160000499FFF72DFA2C46FFF7EEBA7579002D5A
:105170003FF4EAAA06F06EF81E283FF6E5AA0024DE
:10518000002320461A461946013404F01FF9442C26
:10519000F6D106F05FF800F13C039BB2962B28BFD6
:1051A0009623DBB28DF810308DF811308DF8123067
:1051B000FA22022342200499FFF702FA2C46FFF755
:1051C000C3BA7379002B3FF43FAF00210E20FFF7E5
:1051D0009DFAFF234E4C8DF810308DF811308DF86C
:1051E0001230FA2203230F200499FFF7E9F92078FF
:1051F00000F013FC022808D1002000F0C7FB0020BB
:1052000000F0E5FF0024FFF79FBA207800F005FCCE
:105210000328F7D1F0E77379002B3FF415AF002195
:105220000F20FFF773FAFF23394C8DF810308DF8FB
:1052300011308DF81230FA2203230E200499FFF763
:10524000BFF9207800F0E9FB02280AD0207800F0AE
:10525000E4FB032805D0022000F098FB002000F0BA
:10526000B6FF0024FFF770BA7379002B3FF46CAAE5
:1052700005F086FF1D287FF467AA1F2005F07CFF3C
:105280000024FFF761BA224D287800F0C6FB0228FF
:1052900011D1204B1B78DA067FF556AAFCF7CCFF1C
:1052A00000287FF451AA7579E3205DB100F090FAEF
:1052B0002C46FFF749BA287800F0AFFB03287FF4AB
:1052C00043AAE6E700F09AFAFFF73EBA287800F022
:1052D000A4FB03287FF438AAFFF7DCBA00F08EFAAB
:1052E000FFF732BA084B0C4A1B78002413F00E0368
:1052F00018BF737903F001031370FFF725BA00BFDD
:10530000F01E0020F11E0020A4490020D41E002021
:105310000E1F0020C04900202C400020F8B50025B9
:105320002E461D4C237873B1606807F0F8FFA36820
:10533000984212D308F03EF8E36860604BB96369A5
:1053400026706660C3B90135632D04F11804E9D1F4
:10535000F8BD013BE360002BF1D0E368207C13F043
:10536000010311D0FF28677CA17CE37C07D11A469A
:10537000384604F063F9E6E7E8B29847E3E70A46FF
:10538000394604F023F8DEE7FF281A4602D1194611
:105390001846EEE71946F4E7584000207FB500F0C4
:1053A000ADF9A0B1042200210DF10900FBF7E4F9E9
:1053B000002204AB04928DF814200093DD22052313
:1053C0008DF8082019460F2002AA02F029FD0022BC
:1053D0000B4B1A7001F0E8FB03F0C0FF094801F025
:1053E000AAFBFFF754F940B107F0E4FFFDF71AF804
:1053F00007B05DF804EBFEF771BB07B05DF804FB86
:10540000970C0020C0490020F7B505F023FF00F1FC
:105410003C04A4B2962C28BF9624654BE4B21E78B7
:10542000A6B1002496238DF804408DF806308DF83F
:105430000540019803F0E4F9C0F30742C0F30721E7
:10544000C0B204F0FBF8204603B0F0BD594D286807
:1054500040B107F064FF40F6B833984202D9FFF735
:105460009DFF2E6007F03EFD800705D500232146F5
:105470001A46022003F0AAFF4F4D287800F0CDFA1B
:1054800002280ED0287800F0C8FA032809D04B4B28
:105490001B78D90605D5002321461A46012003F0C2
:1054A00095FF474DFEF7B4FF2B7863B9454E306842
:1054B00007F035FFB0F5FA6F16D901232B7007F00E
:1054C00079FF306010E0404B1B786BB9FCF7B4FEFD
:1054D00038B9FEF7F1FFFFF717F807F06BFF394B0C
:1054E00018602B78002BE1D0384FFFF717FFBB78FF
:1054F000DA0609D51625002328461A462146013525
:1055000003F064FF232DF6D1314B186810B9002643
:10551000002513E007F003FFB0F5FA6FF7D22D4B2B
:105520002D4A1B781278003B18BF01239A4221D0E4
:10553000FDF7B0F9B0FA80F501266D0907F03AFFE2
:105540004FF44873B0FBF3F202FB1300A6B9B0F5B9
:10555000C87F0BD2002321461A46162003F036FFDF
:1055600000231A4621461D2003F030FFFCF79AFE67
:10557000012069E70126CBE765B1B0F5C87FF5D218
:10558000650800232A462146162003F01FFF00234A
:105590002A46E7E7BB78DB06E8D464082B462246B8
:1055A0002946162003F012FF2B4622462946DAE749
:1055B000F21E0020CC1E00200E1F0020C04900203B
:1055C000970C0020C01E0020D51E0020A4490020FA
:1055D000E41E0020DC1E0020C81E002038B51C463A
:1055E0000B780D46CC2B41D006D8AA2B15D0BB2B5F
:1055F00033D0552B09D038BDF02B3ED0F12B43D002
:10560000DD2BF8D1FFF7CAFE04E000228978687824
:10561000FDF78AF800232370EDE7214B1B7813F088
:105620000E0F0DD004224FF480614FF080400AF03D
:10563000B3FD04224FF400714FF080400AF0ACFD3E
:10564000002323706B78174A003B18BF0123012009
:105650001370BDE83840FDF725BB4FF400124FF042
:1056600080439A614FF080729A61D3E720224FF015
:1056700080439A614FF48072F6E7094B49789A7833
:1056800061F304129A70C5E707F094FE064B6A783E
:105690001860064B1A70064B1B786370BAE700BFA0
:1056A000A4490020E81E0020E41E0020DC1E00208B
:1056B000C81E002008B5104B00209A78197802F017
:1056C0000702C1F34201FCF711FF41F2883009F0F3
:1056D0009AFA00F013F805F0BDFD4FF0804328B1B1
:1056E00020229A614FF480729A6108BD4FF4001233
:1056F0009A614FF08072F7E7A449002010B5054C7D
:10570000002220464FF400710AF046FD2069C0F3E4
:10571000402010BD0004004003280DD80B290BD8F1
:10572000082A09D86C2301EBC10103FB0011034BCC
:105730000A4433F812007047012070478C120108A8
:10574000032808D839B9054B82F0010202EB40006A
:1057500033F8100070470120704700BF7C12010829
:10576000A0F58073B3F5F85F10B526D210F4805F12
:1057700000F4807300F4007400F4806100F40062AF
:105780000DD0002B0CBF002010200CB140F02000E9
:1057900009B140F040000AB140F0800010BD181E71
:1057A00018BF01200CB140F0020009B140F0040024
:1057B000002AF3D040F00800F0E70020EEE710B533
:1057C0000C46FFF7CDFF2346BDE810401847000008
:1057D000A0F1E003072B10B5044600D940B92046DC
:1057E0000449FFF7ECFFE0B2BDE8104000F08AB9D1
:1057F0000149F6E7555C00087D60000810B50446D5
:10580000C0B200F0C7F9A4F1E003072B00D92CB90E
:1058100003492046BDE81040FFF7D1BF0149F8E732
:10582000675C00088F600008012070470120704706
:1058300008B5FFF7FBFF08BD012070470120704746
:105840007047704708B5FFF7FCFF08BD012070479F
:105850007047704713B502AB03E903000F4B1B7889
:10586000B3B99DF8053073B16AB100F063FD044629
:105870000146009800F01CFD2046009902B0BDE8EA
:10588000104001F0DBBB009800F034FD0446F3E764
:10589000009800F04FFD0099F0E700BF0D1F0020B9
:1058A000034610B400885C880A4640EA04409988A0
:1058B00010BCFFF7CFBF10B504460121FFF7F0FF82
:1058C0002146FFF7B1FF30B101212046FFF7E8FF85
:1058D0002146FFF7ADFF00F0010010BD38B50021F3
:1058E0000446FFF7DDFF05462146FFF7A9FF2146E5
:1058F0002846FFF7A7FF38BD38B501210446FFF75A
:10590000CFFF21460546FFF797FFB8B3214628464B
:10591000FEF712FF90B32146284607F069F868B3F6
:105920002146284606F072FF40B32146284606F07D
:1059300093FA18B32146284606F068FAF0B12146DA
:10594000284602F049FEC8B12146284602F08EFEE4
:10595000A0B12146284606F0A7FF78B12146284687
:1059600001F0B4FC50B12146284601F0BFFC28B13B
:1059700021462846BDE8384001F0D4BC002038BD9F
:10598000012303FA00F0C0B200F0F3BB10B50446E7
:105990000120A040C0B201F0CCF82046BDE8104084
:1059A000FFF7EEBF0120704708B5FFF7FBFF08BD0A
:1059B00010B5044600F08CFB2046FFF747FF204659
:1059C000FFF7F2FF10BD08B50120FFF7F1FFBDE8BA
:1059D000084007F03DBD08B50020FFF7E9FFBDE82E
:1059E000084007F05BBD08B5FFF732FFFEF76BF923
:1059F00005F048FA00F033F8BDE80840012005F052
:105A000011BB08B500F030F8002005F00BFBFFF7E4
:105A100020FFBDE80840FEF718B9034600091CBF87
:105A2000034604209A081EBF13460230C0B25B082A
:105A30001CBF0130C0B2704701207047704738B5B5
:105A40000546FFF7F9FF044610B12846FFF7F6FFB9
:105A5000204638BD704708B5FFF7F1FF08BD08B50F
:105A60000020FFF7F8FF08BD08B507F025FAFFF79B
:105A7000F2FF08BD10B507F01FFA074B04461A786D
:105A8000824207D0187007F095FC044B186020463E
:105A9000FFF7E1FF10BD00BF0C1F0020081F002012
:105AA0001FB56C4684E803009DF805300BB100F08B
:105AB00013FF0023ADF80E3094E80300ADF80C108E
:105AC000C9B2029002AC29B994E8030000F05EFE6E
:105AD00004B010BD2046FFF7EEFE0028F4D1F7E732
:105AE0000379012B02D1008800F044BC704708B54F
:105AF00029B106F047FBBDE8084006F017BC06F0E8
:105B00009FFBF8E710B50446002840D0031FDBB226
:105B1000A02B0ED807F06AFA20B1204607F0F8FA59
:105B200000F072FF204607F0D5FABDE8104000F003
:105B30006BBF00F12003DBB2072B07D800F007048E
:105B40000120A040C0B200F0A1FEEEE700F15B032F
:105B5000DBB2022B05D8BDE81040243880B207F034
:105B6000E7B900F15803DBB21A2B06D8BDE81040A4
:105B7000074A32F8130007F0F7B93334E4B2122CB5
:105B800005D806F0FFFABDE8104006F0CFBB10BD07
:105B9000EC15010808B50346A0B3021FD2B2A02A33
:105BA00005D807F0B5FABDE8084000F02DBF00F1B8
:105BB0002002D2B2072A07D800F00703012098403C
:105BC000C0B200F06BFEEEE700F15B02D2B2022A37
:105BD00004D8BDE80840002007F0AAB900F1580237
:105BE000D2B21A2A04D8BDE80840002007F0BCB998
:105BF0003333DBB2122B05D806F022FBBDE8084098
:105C000006F094BB08BD000038B50C460546FFF70A
:105C100079FF9CB140F2E73009494FF47A72A4FB56
:105C2000014120184FF0000341F10001FAF7DEFABC
:105C300008F0E9FF2846FFF7ADFF38BD0120F7E780
:105C4000A086010008B539280CBF50210021FFF7BC
:105C5000DBFF08BD08B528B100F018FEBDE808401C
:105C600000F0D2BE08BD08B528B100F017FEBDE8AF
:105C7000084000F0C9BE08BD2DE9F047877981468C
:105C80000C46457900F0F2FD3F09064608B32E4662
:105C9000FDB1C4F3072303F0F002402A0CD0E1B2B7
:105CA00001F12002D2B2072A26D903F0E003202B0B
:105CB00002D1012920D90FB3A04B5E7816F004065B
:105CC00007D0022000F0DCFE00F0D0FD80F00106DD
:105CD000F6B2C4F3033ABAF10B0F3ED8DFE81AF07C
:105CE0001000100049004900A300BA003D003D002B
:105CF000BF001D01300130010026EAE73E46E8E71B
:105D0000C4F30723C4F3032713F0F00F18BF3F01B8
:105D1000E4B285B157B104F12003DBB2072B38465A
:105D200000D92CB900F0B2FD00F06EFE204640E034
:105D300000F0C2FDF8E72046FFF72CFF6FB104F139
:105D40002003DBB2072B384600D914B900F0A6FDBA
:105D500001E000F0B9FD00F057FEAAF1080ABAF11F
:105D6000030F00F2428107F0A7F8BDE8F047FFF704
:105D700072BEC4F3072303F0F003C4F30328202BFF
:105D8000E4B218BF4FEA08182CB1012C34D0002D12
:105D90003CD0DFB1CAE7694B5B785A0714D45DB1D8
:105DA000B8F1000F04D0404600F070FD00F02CFE6A
:105DB0000020FFF7A7FED0E72846FFF7EBFEB8F17B
:105DC000000FCAD04046C1E755B11FB94046FFF7A2
:105DD00041FFC2E7012FC0D1404600F09DFDBCE766
:105DE000002FBAD14046FFF73EFF404600F0A2FD2B
:105DF000404600F07DFDB0E715B1052FADD8E5E7D1
:105E0000042FAAD84046FFF72EFFA6E7002FF9D0AF
:105E1000392C0CBF4FF4FA50012008F0F4FE204654
:105E2000FFF7B8FE99E714F4406FC4F3812307D05D
:105E3000012B92D165B1C4F3090007F095F88CE706
:105E400025B1C4F3090007F073F886E72846FAE79E
:105E50002846F2E72946E0B2FFF749FE7DE714F451
:105E6000407F29D1002D7FF478AFC4F34210800029
:105E7000C2B204F00F0014F0100300FA02F0C5B231
:105E80001EBF0F209040C043C4F3812418BFC3B28B
:105E9000022C43EA050009D0032C0AD0012C02D0C1
:105EA00000F072F959E700F067F956E700F074F96D
:105EB00053E700F05EF950E7C4F301220DB312F08E
:105EC000010F3FF44AAFC4F342108000C2B204F0A5
:105ED0000F0014F0100300FA02F0C5B21EBF0F202D
:105EE0009040C043C4F3812418BFC3B2022C43EADC
:105EF00005000CD0032C0DD0012C05D000F098F932
:105F00002BE712F0020FDCE700F08AF925E700F03A
:105F100097F922E700F04EF91FE7E7B2C4F3032434
:105F200025B1204600F05AF9384650E73846FFF7C9
:105F30009AFE204600F05EF90FE700BFC04900203E
:105F40005FFA84F8A8F1F003042B39D8DFE803F0F6
:105F500003220E151E003DB1042F3FF6FEAEC4F322
:105F6000042000F051F9F8E6052FF6E7C4F3042009
:105F7000002DDFD100F032F9EFE625B1C4F30420A3
:105F800000F025F9E9E600F01FF9E6E6224B5B7820
:105F90005B0704D4C4F30420002DCBD0EAE72DB175
:105FA0000321C4F3042000F049FDD6E6012000F0EF
:105FB00067FD012F7FF6D1AE022000F061FDCCE637
:105FC0002DB10FB14046F4E6C4F30420D2E74FB13F
:105FD000B8F1390F0CBF4FF4FA50012008F013FE4E
:105FE00040461DE7C4F30420A4E79EB100F036FC50
:105FF00010F001000ED189F8050000F029FC00F036
:10600000EDF8484600F01CF800F022FCBDE8F0472F
:1060100000F0F0B8BDE8F087C049002038B501882D
:106020000446407900F0B2F9054600F011F900F09D
:106030009FF829462046BDE83840FFF71DBE000006
:10604000037910B50446B3B1FFF756FC68B900F008
:106050000DFC80B1637973B1074B5B785B070AD5A0
:10606000BDE81040022000F00BBD2046FFF7D6FF30
:106070002046FFF733FC10BDC049002008B528B109
:1060800000F01AFCBDE8084000F0BEBC08BD08B531
:1060900028B100F019FCBDE8084000F0B5BC08BD0F
:1060A00008B5002006F044FF002006F05DFF00F078
:1060B00013FC00F0A9FC06F055F9BDE8084006F015
:1060C00035B908B507F042F8BDE80840FFF7E8BF6A
:1060D00008B500F0EBFBBDE80840FFF7F2BFC0F3E6
:1060E0000333062BC2B213D094BF0E33063303F032
:1060F0000F03012B10D8F02A10D004D8E72A8CBF48
:10610000002001207047F42A14BF002001207047AE
:10611000E72A03D9F12AF7E70020704701207047EA
:1061200008B50346007930B1188800F023F9BDE8BE
:106130000840FFF7D4BF08BD82B002AB03E90300FB
:1061400002B0704782B002AB03E9030002B07047AF
:10615000704708B5FFF7FCFF08BD704708B5FFF7AB
:10616000FCFFFFF7F6FF014B187008BD0E1F002063
:106170007047FFF7F3BF0000024B1B781843FFF78F
:10618000EDBF00BF0E1F0020024B1B781840FFF729
:10619000E5BF00BF0E1F0020024B1B785840FFF7E1
:1061A000DDBF00BF0E1F0020704708B5FFF7FCFFE2
:1061B00008BD704708B5FFF7FCFFFFF7F6FF014B7E
:1061C000187008BD121F00200020FFF7F3BF012345
:1061D00003FA00F0C0B2FFF7EDBF0000012303FA9D
:1061E00000F0034B1B781843C0B2FFF7E3BF00BFBA
:1061F000121F00200123034A8340107820EA030085
:10620000FFF7D8BF121F0020012303FA00F0034B51
:106210001B785840C0B2FFF7CDBF00BF121F00204F
:10622000024B1B781843FFF7C5BF00BF121F0020A9
:10623000024B1B781840FFF7BDBF00BF121F0020A4
:10624000024B1B785840FFF7B5BF00BF121F00205C
:10625000704701F00703C90830B501EB4101012483
:106260000139114400229C40E4B211F8015F20FA88
:1062700002F343F300036B40234001326B40032AD7
:106280000B70F2D130BD002210B500F00704C00839
:1062900000EB4000014410468B5CE34003F0010337
:1062A000934001321843032AC0B2F5D110BD00005B
:1062B00017B40C46ADF80400C1B2C0F307200B2898
:1062C0000AD808290ED801EBC001084A014420462B
:1062D00003B010BCFFF7BDBF031DDBB2012B01D81B
:1062E000034AF4E703B010BC704700BF131F00203F
:1062F0000F1F002082B0ADF80400C3B2C0F3072026
:106300000B2808D8082B0DD803EBC0030749184405
:1063100002B0FFF7B8BF0430C0B2012802D8184657
:106320000349F5E7002002B0704700BF131F0020AB
:106330000F1F002073B507240C4BADF804001E7826
:106340000B4B1B781E4346FA04F3DB07E5B205D47A
:10635000013CF8D20025284602B070BD28460199BC
:1063600000F08BFE80B20128F2D0F4E7121F00206B
:106370000E1F002007B5ADF804000198FFF7DAFF03
:10638000019903B05DF804EB00F077BE13B5104B34
:10639000ADF804101B782BB1019802B0BDE8104095
:1063A000FFF7E8BF70B10198FFF7C4FF044601464C
:1063B0000198FFF77DFF2046019902B0BDE810402B
:1063C00000F05BBE0198FFF795FF0446F3E700BFBE
:1063D0000D1F002010B5012404FA01F104FA02F2A5
:1063E0000A43D1B202408A4204FA03F406BF2043B2
:1063F000C0B2A04310BD000008B513460A460146CE
:1064000003480078FFF7E6FFBDE80840FFF7D2BE7B
:10641000121F0020F8B50C4B0C4E1C780C4D337835
:10642000A34200D1F8BD05EBC40335F834005F8802
:106430009A88D98840EA074042EA01410134FFF7CF
:1064400081FE04F00704EAE7871F0020861F002072
:10645000461F0020064B10B418885C889A88D9889B
:1064600040EA044042EA014110BCFFF76BBE00BFA6
:106470003E1F00201A4AF8B5937913F0F00F0AD1A5
:10648000537943B1174B18491B780D7816885788F4
:10649000164CAB4200D1F8BD04EBC3010879D0B172
:1064A00034F83300B04216D14879A0B94888C01BEF
:1064B00080B2C7280FD80120937960F30713937136
:1064C0008B7960F307138B710548FFF7B9FDBDE8C1
:1064D000F840FFF79FBF013303F00703D9E700BF80
:1064E0003E1F0020871F0020861F0020461F00201F
:1064F000F0B50D4B0D4C1B7826780D4CB34201D1F5
:106500000020F0BD04EBC3056F788F4206D114F86C
:106510003370874202D16D79954203D1013303F084
:106520000703EBE70120ECE7871F0020861F002010
:10653000461F00202DE9FF47E8460446924D0622FB
:1065400001464046FAF726F82B7967792279C3B9D4
:10655000AAB18FB12046FFF7E3FD064660B10822DD
:1065600021462846FAF716F82846FFF7B9FAFFF74A
:1065700081FFFFF76FFF4CE02046FFF761FD01262A
:1065800047E0B4F802906B886E79A9EB03039BB2E5
:10659000002E00F0B280C72B00F28A80002A38D08B
:1065A000AB79298813F0F00F228850D191420FD196
:1065B000002F40F0E380012262F30713AB71FFF775
:1065C00049FF2846FFF73CFDAB79A371002620E088
:1065D000002F40F0D38025783A4628466178FFF7AF
:1065E00087FF2846FFF784FF05460028EED1009874
:1065F000FFF7C0FEC0F30332032AC3B20DD8012A4D
:1066000015D910F4706F17D0A27912F0F00F13D1D2
:106610002E46304604B0BDE8F087063202F00F0285
:10662000012A0ED92046FFF70BFD3546F0E710F49E
:10663000706F01D0002BEBD02033DBB2072BE7D9F2
:10664000F0E7EF2BE4D90F33DBB2022BF7E79142EF
:106650000AD14FB92046A371FFF7F2FC0822214668
:106660002846F9F797FF84E72046FFF759FD0028F1
:1066700082D0002F80D0AB791F2B0FD92A8802A897
:10668000ADF808202A79ADF80A908DF80C20002288
:106690008DF80E308DF80D20FFF7D2FC0822214630
:1066A0003948F9F777FFFFF7E5FEFFF7D3FE66E716
:1066B000AB7913F0F00A0ED198E80300FFF73CFD28
:1066C0002846FFF7BDFC082251462846FAF754F841
:1066D000FFF7C0FE7AE7002A9BD0298822889142E2
:1066E000C2D1002FC0D12046A371FFF7A9FC082218
:1066F00039462846FAF740F88BE7C72B34D8002AEA
:106700003FF43DAF3E46002F3FF436AF2A88238842
:106710009A421CD1AB79DA0713D413F0F00210D0EF
:10672000F02AA37106D0DBB2C3F30312013262F385
:106730000713A3712046FFF783FC08222146124865
:106740008FE7082221461048F9F724FF61E7204629
:10675000FFF7E6FC0028A1D1AB79204643F0010306
:10676000AB71FFF76DFC54E798E80300FFF7E4FC1A
:10677000082231462846F9F7FFFFFAE6AB7943F0E5
:106780000103AB7122E700BF3E1F0020F0B585B0CA
:106790006C4684E803002046FFF7CCFE284F0646EF
:1067A000284D68B19DF804301BB194E80300FFF751
:1067B000C9FC254C28783B78834226D105B0F0BD32
:1067C0009DF8042002AB94E8030083E80300002A4C
:1067D000EFD038782A78441C04F0070494420AD099
:1067E0001946194B082203EBC000F9F7D3FE3C70A1
:1067F000FFF710FEDDE7FFF76BFC08223146134878
:106800003E702E70F9F7B8FFD3E704EBC000FFF736
:1068100091FE0028D2D02B7834F8330004EBC30368
:106820005E889A88D98840EA064042EA0141FFF72B
:1068300089FC2B78013303F007032B70BAE700BF04
:10684000861F0020871F0020461F00203E1F0020BB
:10685000014B1878C0087047D81F0020024B1878E9
:1068600000F00700704700BFD81F0020034B1878C6
:1068700010F0070018BF0120704700BFD81F00208C
:10688000014B1878704700BFDB1F0020024B1A78BD
:1068900010431870704700BFDB1F0020024A1378B6
:1068A00023EA000313707047DB1F00200022014B16
:1068B0001A707047DB1F0020024B1A7810431870C3
:1068C000704700BFDC1F0020024A137823EA000350
:1068D00013707047DC1F00200022014B1A707047B4
:1068E000DC1F0020704708B5FFF7FCFF08BD000063
:1068F00008B5054A1378034204D023EA000010705B
:10690000FFF7F1FF08BD00BFD91F0020704708B591
:10691000FFF7FCFF08BD000008B505490B7830EA19
:10692000030C03D003430B70FFF7F1FF08BD00BF5A
:10693000DA1F002008B5054A1378034204D023EA81
:1069400000001070FFF7E3FF08BD00BFDA1F002052
:1069500008B5044B1A781AB100201870FFF7D7FF5A
:1069600008BD00BFDA1F002010B5084B1C78084B8B
:106970001B781C43074B1B782BB11C4306F012FB02
:1069800008B1FFF7E5FF204610BD00BFDB1F002068
:10699000DC1F0020DA1F002038B50B4C2568FFF7FC
:1069A000E3FF28702468082220460849F9F7BEFD55
:1069B00048B1214608220548F9F7ECFD2046BDE81C
:1069C000384006F093BA38BDD00D0020D01F00200B
:1069D00038B50B4C2568FFF7C7FF68702468202284
:1069E00020460849F9F7A2FD48B121462022054872
:1069F000F9F7D0FD2046BDE8384006F081BA38BD31
:106A0000D40D0020B01F002008B506F047FA40B1B1
:106A1000064B93F90030002B03DABDE80840FFF77E
:106A2000D7BFBDE80840FFF7B7BF00BFC04900208F
:106A3000704708B5FFF7FCFF08BD0000094A10B514
:106A4000527852070AD5084C41EAC0012170FFF77D
:106A5000C5FB2078C008FFF7ECFF10BDBDE8104073
:106A6000FFF7BCBBC0490020D81F0020002008B59C
:106A7000024B1870FFF7DDFF08BD00BFD81F0020D4
:106A800008B50A4A137823EA0000107042070CD1B7
:106A900098420AD0064B5B785B0706D5C008FFF723
:106AA000A9FBBDE80840FFF7E1BF08BDD81F0020E3
:106AB000C04900200246094808B54378C3F3800165
:106AC000914209D062F38203437000F036F8BDE8CA
:106AD00008400220FFF7D4BF08BD00BFC049002016
:106AE000044B5878C0F3800080F0010000F00100F2
:106AF000FFF7E0BFC04900200120FFF7DBBF002007
:106B0000FFF7D8BF704708B5002000F06AFCFFF718
:106B1000F9FF08BD00F032BC08B500F020FC18B148
:106B2000BDE8084005F00EBF08BD00F032BC00F023
:106B30003BBC00F03CBC00F03EBC00F043BC00F0AD
:106B400045BC00F047BC00F049BC00F04ABC00F076
:106B50004CBC00F04EBC000007B500F0FDFB00F09F
:106B600008FC002368468DF8003000F019FC012075
:106B70000B4B187000F01BFC0A4B01A81B88ADF8EA
:106B8000043000F01FFC02F0E9FBFBF789FB05F085
:106B90000AFFFFF7B8FF02F0D5FB03B05DF804FB76
:106BA0000E1F00204E0F0108FFF7D6BF73B506F089
:106BB00037FC0B4D04462B8883420ED00026ADF8DF
:106BC000006006F02DFCADF80460ADF8020002ABE9
:106BD00013E90300FEF764FF2C8002B070BD00BF14
:106BE000F01F0020014B186800F060BBE41F00207C
:106BF000014B1868704700BFE81F002008B500F07F
:106C000045FB024B1860024B186008BDE41F0020D2
:106C1000E81F0020014B1868704700BFE01F0020EC
:106C200008B500F033FB024B1860024B186008BD3A
:106C3000E41F0020E01F0020014B1868704700BFD0
:106C4000EC1F0020074B91421860074B196038BFBA
:106C50001146064B1A60064B81422CBF1960186022
:106C6000704700BFE81F0020E01F0020EC1F00203D
:106C7000E41F00207047704708B5FFF7FCFF08BD10
:106C8000704708B5FFF7FCFFFFF7F6FF08BD704738
:106C9000704708B5FFF7FCFFFCF720FF08BD012097
:106CA0007047000008B5054800F0CCFB01F0B6F9CC
:106CB000FFF7E0FFBDE80840FFF7E3BFC972000837
:106CC000FEF71CBD7047704708B5FFF7FBFFFDF7E7
:106CD0000DFAFFF7F8FF08BD08B5FFF71DFF08B96B
:106CE000FFF762FF0848FFF720FF0848FFF723FF80
:106CF00004F022FEFFF71BFFFFF73BFA044B187866
:106D0000BDE80840FFF751BAF21F0020C04900203B
:106D1000121F002008B506F04BFB00F0A3FA05F0A7
:106D200056FE00F07DFD04F097FB00F093FCFFF7AA
:106D3000D3FF06F0B1F8FEF78DFE04F045F904F03C
:106D4000FFFD00F07FFDBDE80840FFF7A2BF70B572
:106D500004460D46164602F02BFD324629462046D3
:106D6000BDE8704006F0C6BA08B5FEF7C7FC18B11A
:106D7000BDE8084006F091B808BD00002DE9F04FCD
:106D800085B0FFF78CFF88B9FFF710FFFFF7ECFF26
:106D900004F078F804F00AFC08B1FFF741FF05F0B1
:106DA00009FB05B0BDE8F04FFEF764BEDFF8C88010
:106DB00000F0A2FC46460024E0B236F8025B00F088
:106DC00051FB0B2C54D0854204F10104F4D02B4B21
:106DD0001B789B0701D500F04BFBFFF771FF0027E5
:106DE00001905FFA87F9484600F03CFB38F8026BE7
:106DF0000446B04236D04FF0000A01254640B6B2F4
:106E00002E4224D0019B2C4214BF4FF0010B4FF0B7
:106E1000000BBBB15146484606F060FA90B98DF8B8
:106E200008A08DF8099006F0FBFA4FF00103ADF8C9
:106E30000A008DF80C308DF80DB002AB93E803001A
:106E4000FEF72EFE5A4651464846FFF780FF0AF1EC
:106E500001035FFA83FA6D00BAF1090FADB2CFD129
:106E600028F8024C01370C2FBBD1FFF7C7FE8DE786
:106E70008542ACD188E700BFA8490020F21F00205E
:106E800038B500F005F9B0F5A44F044643D2B0F58B
:106E9000A04F80F0AC80DF2816D8CC2800F28A8082
:106EA000A7280AD8A42878D8012804D0031F9BB2A9
:106EB000A12B28BF0024204638BDA0F1A8039BB217
:106EC0001A2B6FD90024F6E7B0F5804F19D2B0F530
:106ED000005F80F0A080E728EDD9A0F580739BB219
:106EE000B3F5F85FEED2C0F3072000F057F905467E
:106EF000E0B200F0CDF82D0205F4F8550543ACB230
:106F0000D9E7C0B200F0C4F804F47064044344F458
:106F10002044A4B2CFE7B0F5A54F21D245F25F23BC
:106F2000984251D845F23F2398420ED845F21F238C
:106F3000984242D80124C0F3850300F00300844046
:106F400044EA431444F40D44E3E70124C0F382030C
:106F500000F00300844044EA431444F40C44D8E7AE
:106F600045F2BF2398420AD845F29F23984200F089
:106F70001F0034D84AF2F40444EA00249BE7A0F549
:106F8000A543403B9BB21F2B9CD8040204F4F85449
:106F900044F4204444F0F0048DE7A0F1240444F4C8
:106FA0008044B6E7244B5834E4B233F8144044F438
:106FB000884480E740F4A044ABE74AF2F10300F0D4
:106FC0001F0443EA042476E70124C0F3820300F09F
:106FD0000300844044EA431444F40A4499E700F06F
:106FE000DDF8040204F4F85444F4005463E700F0BC
:106FF0001F0000F0D3F8C30648BF0001C4F34314D8
:107000004FEA04244CBF00F0F00000B2204340F4EB
:10701000104084B24FE7C0F3042000F0BFF80546EB
:10702000E0B200F035F82D0205F4F85545EA000409
:1070300044F400546DE700BF2216010882B0ADF899
:107040000410CBB2C1F307210B2905D8082B11D8A6
:107050001A4602B004F08BBDFD2905D153B90122B7
:10706000194602B004F090BDFC2903D113B91A46A9
:107070001946F6E7002002B0704707B5ADF80410D6
:107080000199FFF7DBFF03B05DF804EBFFF7F8BEF3
:10709000E72850D8DF2807D8312865D00ED829280E
:1070A00058D02A2867D07047A0F1E003072B42D8B8
:1070B000DFE803F01541242933413D42392804D04B
:1070C000822802D0352840D07047334B1A78920777
:1070D0005CD15B7813F0080F18BF292070472E4A47
:1070E0001378D9074ED4527812F0010F23D013F041
:1070F000100F08BFE32018BF00207047264B1B78F5
:1071000013F0040FF2E7244A137859073CD452785D
:10711000D2073BD413F0100FEDE71F4B5A789107BD
:1071200009D51B7813F0100F08BFE720E3E71A4BCF
:107130001B781A07F6D47047174A1378190727D413
:1071400052789107E6D5E4207047134B1B7813F073
:10715000200FC1E7104B1A7892061BD45B7813F00E
:10716000080F18BF392070470B4B1B7813F0400FE6
:1071700018BF2A207047084B1B7813F0400F18BF28
:107180003120704739207047E2207047E020704777
:10719000E62070473520CEE7C049002010B5304CBE
:1071A00021784B0713D500F01402A2F1040C00F073
:1071B0001803DCF1000242EB0C02A3F1080CDCF135
:1071C000000343EB0C039A4218BF80F00C000B073E
:1071D00013D500F01402A2F1140C00F01803DCF136
:1071E000000242EB0C02A3F1180CDCF1000343EBAC
:1071F0000C039A4218BF80F00C006478E30713D5A3
:1072000000F0110202F1FF3C00F01803DCF1000273
:1072100042EB0C02A3F1080CDCF1000343EB0C037E
:107220009A4218BF80F00900A30711D500F011029F
:1072300000F01803A2F111046242A3F1180C62419C
:10724000DCF1000343EB0C039A4218BF80F0090005
:10725000CA0603D5030748BF00F0E70010BD00BF12
:10726000C04900200022014B1A607047C449002029
:1072700010B50446FEF742FA20B906F09BF8024B1F
:10728000241A1C6010BD00BFC449002008B5FEF7D9
:1072900035FA18B1BDE8084006F08CB806F08AF857
:1072A000014B1B68184408BDC449002010B50446B2
:1072B000FEF724FA20B12046BDE8104006F02FB8B2
:1072C000FFF7E4FF001B10BD00207047A0F5A543A9
:1072D000603B1F2B10B507D84C791CB900F01F007C
:1072E000FEF754FB204610BD0124FBE708B503461A
:1072F0004879A8B147F65B4293420ED047F65C420C
:10730000934206D047F65A42934205D1FFF7F4FB69
:1073100001E0FFF7E5FB002008BDFFF7F0FBFAE70F
:107320000120F9E708B50346487998B147F60142CC
:1073300093420CD047F60342934206D0B3F5F84F80
:1073400002D1FEF740FB002008BDFFF7E3FBFEF78C
:1073500042FBF8E70120F7E7002000F061BE08B526
:10736000002000F0D8FD4FF6E363C31A584258419D
:1073700008BD4FF6E361002000F034BE08B50020E0
:1073800000F04EFEBDE808404FF6FF71002000F00F
:1073900029BE10B50446022000F0AEFD207010BDDD
:1073A0000178022000F010BE032000F0A5BD0146C8
:1073B000032000F009BE10B50446042000F0ABFD28
:1073C000208010BD0188042000F00CBE0822172187
:1073D00000F028BE0822172100F0DCBD0F2000F0CD
:1073E000A9BD01460F2000F00BBE01460E2000F0A3
:1073F000EBBD08B5132000F09DFDA0F55D7358426C
:10740000584108BD70B50E4605461446FFF7A1FB6E
:10741000014680B13444B4F55D7F88BF40F29934B1
:1074200006F1250198BF2534641A2246284600F04B
:10743000F9FD204670BD22462846F9F79DF9F8E788
:1074400000207047014B1860704700BFD80D002026
:10745000704708B5FFF7FCFF08BD704708B5FFF798
:10746000FCFF08BD014B33F810007047E2490020D3
:1074700070474FF4346007F0FDB900BF00BF00BF94
:1074800000BF00BF00BF00BF00BF00BF00BF00BF04
:1074900000BF00BF00BF00BF00BF00BF00BF00BFF4
:1074A00000BF00BF00BF00BF00BF704708B5FFF7B7
:1074B000E0FF08BD704708B5FFF7FCFF08BD0000FE
:1074C0007FB5FEF71BF91E4D04461E4A60B300232C
:1074D000107801A905EB400001930293039300F09B
:1074E000C5F9194E80B1194B0C22187801A905EB8A
:1074F0004000F9F71BF80123337060B90024FFF74F
:10750000ADFF204604B070BD3378002BF6D001905B
:107510000290039030700D4B0C22187801A905EBF6
:107520004000F9F737F8EAE7084B1178187805EBCF
:10753000410105EB400000F0FBF9FFF7BCFFE0E77D
:10754000E2490020FA490020F31F0020C84900202A
:1075500008B5302383F31188012100F00F0399400F
:10756000202220F00F0008F017FE002383F311887B
:1075700008BD000038B509240B4D55F8040B421C1A
:1075800001D0FFF7E5FF013C14F0FF04F5D106241C
:10759000064D55F8040B431C01D0FFF7D9FF013C01
:1075A00014F0FF04F5D138BDDC0D0020000E0020E2
:1075B0002DE9F843DFF89480174658F82130054646
:1075C0005A1C0E4640D0302282F31188012223F04B
:1075D0000F0903F00F0302FA03F42146484624047E
:1075E00008F0DAFDC9F81840002484F31188FFF789
:1075F00044FF6FEA070C1648AA1E0A3550F8041B10
:1076000032F8023FB1F1FF3F1AD021F00F0EDEF841
:1076100010E001F00F012EFA01F1C90710D4012486
:107620003B4313809542E9D158F82600431C01D012
:10763000FFF78EFF21463046BDE8F843FFF736BF1F
:107640000CEA03031380EDE7BDE8F883DC0D0020AE
:10765000000E0020F0B591B000F0DCF8F0B91F4C3E
:1076600001AD0FCC0FC594E8030085E803001C4E64
:1076700001AF0FCF0FC695E80300083407AD86E8C9
:1076800003000FCC0FC50FCC0FC52668154C2E601C
:1076900007AD0FCD0FC40FCD0FC4266000F0BAF8B0
:1076A000002814BF002306230F4A13700F4AC3F1AA
:1076B00006031370FFF75EFF182200210C48F9F74C
:1076C0005BF8182200210B48F9F756F800F04CF847
:1076D00011B0BDE8F040FFF7BCBE00BF500F01087D
:1076E000000E0020DC0D0020FA490020C8490020CF
:1076F000E2490020CA49002030B587B01822002195
:107700006846F9F739F8002501242246E9B26846AF
:107710000135FFF74DFF6400092DA4B2F5D1182201
:1077200069460E48F8F702FF002814BF0124002420
:1077300004D0182269460948F8F72CFF084B224666
:107740001978084B054803EB410100F00FF8044697
:10775000FFF7B6FE2043C0B207B030BDCA490020D3
:10776000FA490020E2490020704700002DE9F0416D
:1077700006460D461446134F42B101233B7005F0F7
:1077800019FE114B18600020BDE8F08197F80080C9
:10779000B8F1000FF7D00C4B186805F0C0FD0028B9
:1077A000F1D00C2231462846F8F7C0FE28B10C2251
:1077B00031462846F8F7EEFE4446002320463B704B
:1077C000E2E700BFF41F0020F81F002010B5074CAF
:1077D00000224FF40071204608F0DEFC4FF41650F2
:1077E00007F048F82069C0F3402010BD00040040B5
:1077F00038B5C82406F0C8FF054648B9013C4FF427
:107800007A70A4B207F0FFF9002CF3D106F0B0FFB4
:10781000284638BD014B5878704700BFFF1F002035
:1078200010B5FFF7E5FF064C2070FFF7CFFF607043
:10783000FDF764FF18B1BDE8104000F045B810BD79
:10784000FF1F002008B5FDF759FF18B9BDE8084033
:1078500000F03CB808BD0000034B187809288CBF25
:1078600000200120704700BFFE1F002070B5144D9E
:1078700004462B780E46092B16D82046314600F0D8
:1078800055F80446C8B92B78FF2B1CBF01332B7069
:107890002B78092B94BF0124002403D905F0C0FDE7
:1078A000084B1880204670BD064B188805F030FD47
:1078B000B0F5FA7FE1D20024F4E700232B70F1E762
:1078C000FE1F0020FC1F002005F056BE05F040BE44
:1078D000F8B504461E46BDF8187062B10C23434348
:1078E000104DE85C1D44904238BF02466B880E483C
:1078F0001844F8F74FFE204605F040FE054670B1EB
:107900006FB10C20074900FB04110A79CB880649A6
:10791000BA4228BF3A4630461944F8F73BFE28469B
:10792000F8BD00BF180E00200420002000F0CEB9E2
:1079300000F008BA054B1A68054B92F83A1083F824
:10794000901092F83B2083F8AC207047581601083D
:10795000180E002003F054BE114B70B51C680321B3
:1079600004F1390003F0EDFF94F83830834215D16B
:1079700094F939200F2A11DC0C210A4B01FB023348
:107980009D685DB1AC4694F83B2094F83A0004F150
:107990005C0304F13C01BDE87040604770BD00BF6E
:1079A00058160108180E00202DE9F04390461D4698
:1079B0000022012385B000930E46DDE90C971146A5
:1079C0000DF10F03FFF784FF044650B3D8F8000011
:1079D00005F0A5FC63281CD90022BBB21146009318
:1079E00030462B46FFF774FF39460446484603F0FD
:1079F000A8FF9DF80F30834214BF002404F0010457
:107A00001CB105F0D7FCC8F80000204605B0BDE861
:107A1000F0833946484603F094FF9DF80F308342C7
:107A2000DAD13A4649462846F8F7B4FDEDE70000BA
:107A30001E4B2DE9F0411E68082386B006F11B0895
:107A40000193042103201A4ACDF8008004ABFFF70C
:107A5000ABFF054620B1174FB27E3B789A4215D155
:107A6000284606B0BDE8F0819DF80F109DF80E0085
:107A700003F038FD044650B9002305201A46194684
:107A80000093FFF725FF2040C5B20BE000244046DD
:107A90000DF10F020DF10E0103F00AFD0028E3D1F4
:107AA000002CE9D1B37E3B70DAE700BF581601081D
:107AB000A82000208020002070B50C260E4B86B038
:107AC0001B680D4602330093012100200B4A0196EA
:107AD0000DEB0603FFF768FF044628B1324608485D
:107AE0000DEB0601F8F756FD0C2228460449F8F77D
:107AF00051FD204606B070BD58160108A020002098
:107B00008C200020F7B5044608680D4617461E462F
:107B100005F005FC632800D87FB1002320463146DC
:107B2000BDF820200093FFF7D3FE044610B105F006
:107B300041FC2860204603B0F0BD0124FAE72DE99E
:107B4000F0411446069F05460E463A461946204621
:107B5000F8F7ECFC021E234631462846BDE8F0410A
:107B600018BF0122FFF7CEBF7FB5FFF741F80390A2
:107B7000FFF750F80490FFF75FF80C22064B0590D2
:107B80001B68009205492C336A440A20FFF7D7FF8F
:107B900007B05DF804FB00BF581601089C200020C8
:107BA00007B50C21054B02461B6800910E330449B2
:107BB0000220FFF7C4FF03B05DF804FB581601086C
:107BC000A42000201FB505F077F90122074B8DF89E
:107BD0000F001B68009206492A330DF10F0209209D
:107BE000FFF7ADFF05B05DF804FB00BF58160108B4
:107BF000B020002037B501240E4B07201D680E4B26
:107C000095F828101A7800948A1A18BF01220B4997
:107C1000FFF778FF58B10A4B95F829101A78082019
:107C20008A1A18BF012207490094FFF76BFF03B0BF
:107C300030BD00BF58160108121F00208820002008
:107C40000E1F00208420002030B50E4D85B028681E
:107C500005F065FB632812D9FFF718FB00230230FB
:107C6000039004220620009303A9FFF731FE044687
:107C700010B105F09FFB2860204605B030BD0124FF
:107C8000FAE700BFAC2000202DE9F04706460F467A
:107C90009046FFF7E1FD002814BF4FF00A094FF0AE
:107CA0000109012539463046C04710B901354D4517
:107CB00001DDBDE8F087044605FB05FA4FF470705E
:107CC000013406F0D7FD5445F8D1EBE738B5164A34
:107CD00004460D46FFF7D8FF20B329462046134A35
:107CE000FFF7D2FFF0B129462046114AFFF7CCFF3B
:107CF000C0B1294620460F4AFFF7C6FF90B129467A
:107D000020460D4AFFF7C0FF60B1294620460B4AC6
:107D1000FFF7BAFF30B129462046BDE83840084A8F
:107D2000FFF7B2BF002038BDB97A0008A17B000878
:107D3000317A0008497C0008F57B0008C57B000803
:107D4000697B000870B50E46054607F099FF294B80
:107D50000C221C683146A31C1846F8F71BFC0C21AA
:107D600003F0EFFD264606F80E0B07F08FFF07F035
:107D700087FF0C223146284604F11B05F8F70AFC60
:107D800007F084FF07F07CFF284603F031FC082150
:107D9000284603F0D6FDA07607F078FF07F070FFC5
:107DA000154B606A1A68904202D01860FFF760FABB
:107DB00007F06CFF07F064FF94F828200F4B1A704F
:107DC00094F829200E4B1A7007F060FF07F058FF57
:107DD00094F82A0005F06AF807F058FF07F050FF02
:107DE00004F12C0007C8FEF72DFFBDE8704007F036
:107DF0004DBF00BF5816010898200020121F002018
:107E00000E1F00200E2808DD0C22044B02FB003060
:107E10003C2343805C238160C3807047180E0020A0
:107E2000F0B587B00E4617461D468DF80F00FFF7D8
:107E300013FD10B9002007B0F0BD9DF90F300E2BD7
:107E4000F8DD202EF6D8202DF4D8002403210DF1E2
:107E500015008DF815308DF814408DF816608DF8EA
:107E6000175003F06EFD154B8DF8140083F89060E9
:107E700083F8AC50042223460B20009405A9FFF799
:107E800027FD0028D6D02346324639460C200094E0
:107E9000FFF71EFD0028CDD0234601220D200094BF
:107EA0000DF10F01FFF714FD0028C3D02246214633
:107EB0000C9B00950E20FFF70BFDBCE7180E002071
:107EC000FEF75CBF08B505F038FA05F0CDFFFEF708
:107ED000E9FE05F0CBFFFEF71DFF05F0D5FF05F02D
:107EE000D9FFFFF7EDFF05F0D7FF05F097FF03F08F
:107EF000DDFDFEF7E9FEF2E7002307B501460122AA
:107F00000DF107008DF8073000F08CF89DF80700A0
:107F100003B05DF804FB002307B5014602220DF112
:107F20000600ADF8063000F07DF8BDF8060003B09D
:107F30005DF804FB07B50422002301460DEB0200A7
:107F4000019300F06FF8019803B05DF804FB07B5EA
:107F500001228DF8071001460DF1070000F067F8C7
:107F600003B05DF804FB07B50222ADF80610014628
:107F70000DF1060000F05BF803B05DF804FB07B5F7
:107F80000422019101460DEB020000F050F803B00D
:107F90005DF804FBF8B505461446D31D23F007032E
:107FA00000AFADEB030D68460E4600F03BF82246ED
:107FB00069462846F8F7BAFA20B1224631462846E3
:107FC00000F035F8BD46F8BD38B50C460546FFF75C
:107FD00093FFA04205D021462846BDE83840FFF770
:107FE000B6BF38BD38B50C460546FFF794FFA04232
:107FF00005D021462846BDE83840FFF7B4BF38BD5C
:1080000038B50C460546FFF795FFA04205D021463E
:108010002846BDE83840FFF7B2BF38BD00F014B9BC
:1080200000F038B80B460146184600F04DB80B4634
:108030000146184600F09CB808B5064B4FF4805234
:1080400018460021F8F798FB41F2080200F580532A
:108050001A6008BDB820002010B5054C23792BB953
:1080600000F06BF908B10120207110BD0220FCE77F
:10807000B830002010B5064C237933B100F067F911
:1080800010B100230120237110BD0220FCE700BFC6
:10809000B830002038B5FFF7DFFF044618B9FFF706
:1080A000E9FF204638BD00F04AF90546FFF7C4FF56
:1080B000012C06D1FFF7DEFF00280CBF002505F0DC
:1080C00001052C46EDE7000008B50346084699185F
:1080D000B1F5805F05D804491944F8F75BFA01202F
:1080E00008BD0020FCE700BFB82000200000000011
:1080F00038B500F024F9044608B3FFF7ADFF4FF49C
:10810000007205461249002000F03EF970B10EA33E
:10811000D3E900234FF480510D4803F060F9024683
:108120000B464FF4805000F061F950B90024012D46
:1081300001D1FFF79FFF41F20802064B1A6020466B
:1081400038BD0224F3E700BF25232284E49CF2CB50
:10815000B8200020B8300020044B1B68B3F5005F46
:1081600001D3FFF7C5BF0120704700BFB830002022
:108170008318B3F5805F2DE9F34705460F46164691
:108180001AD8304C00EB040841463846F8F7CEF9CF
:10819000002854D0324639464046F8F7FBF9FFF73D
:1081A0005BFF814630B104F580583EB9FFF7D4FF3C
:1081B000044639E0FFF75EFF00243CE0052EB2469E
:1081C00028BF4FF0050A052200210DF10300F8F742
:1081D000D3FAC5F3024343EACA03524639468DF83F
:1081E00000300DF103002B0A8DF801308DF802509C
:1081F000F8F7D0F9DDE90023D8F8000000F0F6F830
:10820000044688B1D8F800300833C8F80030FFF7CA
:10821000A3FF0128044604D1A6EB0A06554457449F
:10822000C3E7022818BF0024B9F1010F03D1FFF7FB
:1082300021FF0028C0D0204602B0BDE8F08701240D
:10824000F9E700BFB82000207FB5FFF7F5FE00F08A
:108250006FF8044610B9FFF7EFFE5BE04FF40072D1
:108260000020314900F075F82F4D044610B9FFF792
:10827000E3FEF0E72AA3D3E900234FF48051284618
:1082800003F0ADF806460C464FF4805002A900F00A
:1082900078F8DDE902239C4208BF964201D0FFF73F
:1082A000CBFE41F208046946204600F06AF8034616
:1082B00040B3DDE9000350EA030220D010F0C00F04
:1082C000CDE9020304F10804C1B2C0F3811318D14F
:1082D0000A0400F47F46C0F3074002F4E022304372
:1082E0001043CA0800EBD101B1F5805F0AD80DF147
:1082F0000B012844F8F74EF9B4F5005FD3D1012300
:1083000000E00023094A14603BB9FFF7F1FE044680
:108310000028A0D0204604B070BDFFF71DFFF6E78F
:1083200025232284E49CF2CBB8200020B830002022
:1083300008B500F0DDF8012008BD0120704708B540
:10834000002000F0D7F8B0FA80F0400908BD012005
:10835000704738B5D5002A460C4600F0E8F818B941
:1083600021462544A94203D1B0FA80F0400938BD26
:10837000D1E90023D243DB4341F8082B41F8043C08
:10838000F0E70122FFF7E5BF2DE9F04706468846F2
:1083900015460027C0B0202DA94628BF4FF0200960
:1083A0004FEAC90A5246684608EBC701F8F7F2F8E7
:1083B00000246B464C450DD152466946304600F0CC
:1083C000D4F888B92D1B56442744E4D1012040B08D
:1083D000BDE8F087D3E90001C043C94343F8080B67
:1083E00043F8041C0134E5E70020F0E707B5CDE9C8
:1083F000002369460122FFF7C7FF03B05DF804FBC5
:10840000002208231146014805F00CBA0C08004070
:1084100008B5FFF7F5FF30B1062005F013FA05F0B7
:1084200049FA002008BD4FF0FF30FBE7F7B51F46C3
:108430008DF807100B0A090C064615468DF8040046
:108440008DF806308DF80510FFF7DAFFE8B104214A
:108450000DEB010005F01AFA044648B945B1022EA9
:108460000BD0032E0ED12846B9B205F019FA0446F6
:1084700005F020FA204603B0F0BD2846B9B205F059
:1084800005FAF4E74FF0FF34F2E74FF0FF34F1E77D
:1084900010B5FFF7B5FF88B1052005F0D3F905F059
:1084A000E3F9044605F006FA002C05DB14F0010F91
:1084B00014BF6FF003040024204610BD4FF0FF34BA
:1084C000FAE710B5044604F075FF4FF47A7303FB26
:1084D000040404F06FFFA04204D2FFF7D9FF031D8C
:1084E000F7D010BD6FF00100FBE70120FFF7E9BFF7
:1084F00005F01AB900F58033B3F5002F10B5044626
:1085000012D283B283B9FFF7F0FF78B9FFF780FF8B
:1085100060B9034602462146D820FFF787FF28B9F5
:10852000BDE81040FFF7E1BF4FF0FF3010BD2DE96F
:10853000F04107460D461646FFF7D7FF0446804632
:1085400038B1324600212846F8F716F92046BDE832
:10855000F08133462A4639460320FFF767FF044679
:108560000028F3D032464146EDE72DE9F0410646BA
:108570000F46154675B9FFF7B8FF044638B9FFF73F
:108580003FFF30B3042005F05DF905F093F9204674
:10859000BDE8F0815FFA86F8C8F58078A84528BF65
:1085A000A846FFF7A2FF04460028F0D1FFF730FFEE
:1085B00004460028EBD143463A4631460220FFF7F5
:1085C00035FF04460028E2D147444644A5EB0805A0
:1085D000D0E74FF0FF34DAE738B54C790546002C88
:1085E00042D0FEF74DF900F02203A5F5F040203807
:1085F0000A280AD8DFE800F0060B0F14181D212600
:108600002A2F330002F041FD0024204638BD23B15B
:1086100002F0DEFDF8E7002BFAD002F0C5FDF3E72B
:1086200023B102F039FEEFE7002BFAD002F022FE70
:10863000EAE723B102F058FEE6E7002BFAD002F099
:108640003FFEE1E723B102F077FEDDE7002BFAD031
:1086500002F05EFED8E723B102F0A2FED4E7002BC1
:10866000FAD002F08FFECFE70124CEE738B54D797E
:108670000446A5B9FEF704F900F02203A4F5F04082
:1086800040380E2849D8DFE800F0080C0F12161BFE
:108690001F24282D31363A3F430002F00BFD2846B7
:1086A00038BD02F01FFDFAE702F0EFFCF7E723B157
:1086B00002F08EFDF3E7002BFAD002F075FDEEE735
:1086C00023B102F0E9FDEAE7002BFAD002F0D2FD77
:1086D000E5E723B102F008FEE1E7002BFAD002F053
:1086E000EFFDDCE723B102F027FED8E7002BFAD03C
:1086F00002F00EFED3E723B102F052FECFE7002BCB
:10870000FAD002F03FFECAE723B102F066FEC6E7E8
:10871000002BFAD002F05EFEC1E70125BFE70000A2
:1087200030B510F47F4F85B00190C0F30725C0F33A
:10873000074217D109B1314B9A5C8DF80C208DF8A6
:108740000D208DF80E2000209DF80C3063F30700FB
:108750009DF80D3063F30F209DF80E3063F3174042
:1087600005B030BD9DF8044061B3244B9A5C0620EF
:10877000FF236043591BB0FBF3F06FF054034343F6
:1087800003EB440303EB4303DBB203FB05F4C3F148
:10879000FF036B4324121B12C4F1FF04C3F1FF0358
:1087A000514354435343C1F30721C4F30724C3F394
:1087B0000723D2B206281CD8DFE800F006080F1203
:1087C000161B060092B2D2E714461A468DF80C40EA
:1087D0008DF80D208DF80E10B5E70C461946F5E71B
:1087E00023460C461146F0E710461C460A46014651
:1087F000ECE7234614460A46F0E700BF7816010866
:10880000012184B004B0FFF78BBF012830B501D837
:10881000C0B230BDB0F5F75F88BFFF224FF0010452
:108820009EBF42090832D2B2A3185910C3F34705BC
:10883000C3F34F035B439BB2834205D96A1ED2B296
:108840009442F1D9601EE3E7FF2902D06C1CE4B228
:10885000F6E70846DDE70000074B188800EB4022EA
:1088600000EB820000F55850193080B2188000EB00
:108870001020C0B2704700BFE80E002008B50146C6
:10888000FFF7EAFF4843C0F3072008BD10F040039C
:1088900016BFC2430246D2B210B502F00F0103B1B7
:1088A0000131094CC2F3011204EB42035B785943D6
:1088B00014F81230020603EB2113DBB244BF5B4213
:1088C000DBB283F0800010BD5C1601081FB5C0F359
:1088D000074401905008FFF7D9FFA0F180035BB275
:1088E000002BBCBFC0F1800043B200205B00DBB2B4
:1088F00004FB03331B128DF80630019BDAB262F3DE
:108900000700C3F3072262F30F20C3F3074363F3A7
:10891000174004B010BD0000144B84B003EB4103BA
:10892000E521019093F86C30C0F307204B43C2EB74
:1089300013231C33002BB8BF5B42A0EBC3031BB255
:1089400023EAE37300FB033300201B128DF805308C
:10895000019BDAB262F30700C3F3072262F30F2030
:10896000C3F3074363F3174004B07047980C00202B
:10897000144B84B003EB4103E521019093F86C3074
:10898000C0F307404B43C2EB13231C33002BB8BF8B
:108990005B42A0EBC3031BB223EAE37300FB033388
:1089A00000201B128DF80630019BDAB262F307003B
:1089B000C3F3072262F30F20C3F3074363F31740A7
:1089C00004B07047980C002084B0019000208DF80E
:1089D0000420019BDAB262F30700C3F3072262F3BB
:1089E0000F20C3F3074363F3174004B07047000040
:1089F00084B001900B4800EB410090F86C300020EF
:108A00009B1A8DF80430019BDAB262F30700C3F3BE
:108A1000072262F30F20C3F3074363F3174004B048
:108A2000704700BF980C002084B001900B4800EB09
:108A3000410090F86D3000209B1A8DF80430019BA6
:108A4000DAB262F30700C3F3072262F30F20C3F325
:108A5000074363F3174004B0704700BF980C002031
:108A600030B5134B85B03431019003EB4104657987
:108A700003EB4103A5F1200464B21B79002CBCBFB9
:108A8000C5F1200464B29A1A2244C0B210448DF891
:108A900004000020019BDAB262F30700C3F307224F
:108AA00062F30F20C3F3074363F3174005B030BDF3
:108AB000980C002084B0019000209DF8102003EB5A
:108AC000430302EB53038DF80430019BDAB262F3E7
:108AD0000700C3F3072262F30F20C3F3074363F3D6
:108AE000174004B070471FB592B2019048B20028F9
:108AF00002FB02F2BCBF494248B2C0F1380000FBA1
:108B0000002080B21C46FFF780FE00EB40000444CA
:108B100000208DF80440019BDAB262F30700C3F332
:108B2000072262F30F20C3F3074363F3174004B037
:108B300010BD000084B0019003F13400104B03EB32
:108B4000400358791B792038703B4B4302FB0032BD
:108B500000209DF80410002AB8BF7F3201EBE2121A
:108B60008DF80420019BDAB262F30700C3F30722F9
:108B700062F30F20C3F3074363F3174004B0704759
:108B8000980C002084B0019003F13400104B03EBEB
:108B9000400358791B792038703B4B4302FB00326D
:108BA00000209DF80410002AB8BF3F3201EBA2124A
:108BB0008DF80420019BDAB262F30700C3F30722A9
:108BC00062F30F20C3F3074363F3174004B0704709
:108BD000980C002030B5174C85B03433019004EB6D
:108BE000430425796379A5F1700464B2203B002C1D
:108BF00002FB03F3BCBFC5F1700464B2C4F13802D8
:108C000001FB023212EB4202C0B248BF7F3200EBDE
:108C1000E21200208DF80420019BDAB262F3070013
:108C2000C3F3072262F30F20C3F3074363F3174034
:108C300005B030BD980C002001F13403114984B017
:108C4000019001EB430148790B792028A3EB000345
:108C50004FF0000003EB4303DBB28CBFD2189A1A2B
:108C6000D2B28DF80420019BDAB262F30700C3F39D
:108C7000072262F30F20C3F3074363F3174004B0E6
:108C8000704700BF980C00201FB5C4B20190500877
:108C9000FFF7FCFDA0F180035BB2002BBCBFC0F16D
:108CA000800043B20D205B00DBB24343002004EBA5
:108CB00013238DF80430019BDAB262F30700C3F38B
:108CC000072262F30F20C3F3074363F3174004B096
:108CD00010BD000030B50D4685B00190C4B21046FD
:108CE000FFF7D4FD124901EB450191F86C200244D5
:108CF0000D20D2B2A2F180035BB2002BBCBFC2F147
:108D0000800253B25B00DBB24343002004EB132329
:108D10008DF80430019BDAB262F30700C3F3072237
:108D200062F30F20C3F3074363F3174005B030BD70
:108D3000980C0020114B84B0019003EB410393F891
:108D40006C10C0B28B1A5BB2002BBCBF521A53B26C
:108D50001922DBB2534300EB13208DF804000020EE
:108D6000019BDAB262F30700C3F3072262F30F201C
:108D7000C3F3074363F3174004B07047980C002017
:108D8000FF2928BFFF21C94384B00190C9B2C0F3B5
:108D9000074000FB0111002009128DF80610019B0D
:108DA000DAB262F30700C3F3072262F30F20C3F3C2
:108DB000074363F3174004B07047FF2928BFFF2122
:108DC000C94384B0C9B2019001EB8111C0B200EB7C
:108DD000112100208DF80410019BDAB262F3070024
:108DE000C3F3072262F30F20C3F3074363F3174073
:108DF00004B0704784B003EB8302BDF810300190DB
:108E000013449BB2FF2B28BFFF23DB43C0F3074073
:108E1000DBB20344FF2B28BFFF2300208DF8063070
:108E2000019BDAB262F30700C3F3072262F30F205B
:108E3000C3F3074363F3174004B0704700291FB51D
:108E4000B8BF4942002AB8BF524209B2090112B262
:108E5000FF294FEA0212A8BFFF21FF2AA8BFFF2265
:108E6000BDF8184009B21C4412B2A4B29142D4BF5A
:108E70006418A418A3B2FF2B28BFFF23DB43019083
:108E8000DBB2C0F307400344FF2B28BFFF230020C1
:108E90008DF80630019BDAB262F30700C3F30722B4
:108EA00062F30F20C3F3074363F3174004B010BD10
:108EB0001FB5482B0190C0F3074030D8BDF81840CB
:108EC000E31A9BB2FF2B28BFFF23083189B2102978
:108ED00005D902F1080189B2112928BFFF23DB431C
:108EE000DBB20344002AB8BF0332FF2B28BFFF23A5
:108EF00000200C498DF80630497801EBA2028DF86C
:108F00000420019BDAB262F30700C3F3072262F385
:108F10000F20C3F3074363F3174004B010BDFF23D2
:108F2000D3E700BF004A002084B0BDF81020C0F392
:108F30000741D31A9BB2FF2B28BFFF23DBB2DA43D2
:108F4000D2B21144FF2928BFFF2101900344002021
:108F50008DF804308DF80610019BDAB262F3070039
:108F6000C3F3072262F30F20C3F3074363F31740F1
:108F700004B0704784B0BDF810200190D31A9BB2A2
:108F8000FF2B28BFFF23DB43C0F30740DBB20344C2
:108F9000FF2B28BFFF2300208DF80630019BDAB29B
:108FA00062F30700C3F3072262F30F20C3F3074302
:108FB00063F3174004B070477FB5164E1546735CD7
:108FC0000190C0F3074413B9FFF746FC7054705C7E
:108FD00028444008FFF75AFCA0F180035BB2002B45
:108FE000BCBFC0F1800043B200205B00DBB204FBD9
:108FF00003331B128DF80630019BDAB262F30700CF
:10900000C3F3072262F30F20C3F3074363F3174050
:1090100004B070BD583200201FB5184B0190C0F34A
:10902000074401EB81011868154BC1EB811108441D
:109030001979C90800FB0100C0F30720FFF726FCDF
:10904000A0F180035BB2002BBCBFC0F1800043B233
:1090500000205B00DBB204FB03331B128DF80630EB
:10906000019BDAB262F30700C3F3072262F30F2019
:10907000C3F3074363F3174004B010BD084A002050
:10908000004A0020024B1A7810431870704700BF46
:10909000C230002010B5044620B90029ACBF002022
:1090A000802010BD80EAE073A3EBE0731BB20029BF
:1090B00003EB0102A7BFCB1A5B015B1A5201ABBFE6
:1090C00093FBF2F392FBF3F3C3F12003C3F16003CC
:1090D0005BB2D8B2002CBCBF4042C0B2E1E730B5B1
:1090E000C0F3072585B0EB1A01901046DCB2FFF7FC
:1090F000D1FFC0EB801300EB830300201C44E3B2DC
:1091000005FB03331B128DF80530019BDAB262F3C5
:109110000700C3F3072262F30F20C3F3074363F38F
:10912000174005B030BD30B5C0F3074585B0EB1A28
:1091300001901046DCB2FFF7ADFFC0EB801300EBEF
:10914000830300201C44E3B205FB03331B128DF89C
:109150000630019BDAB262F30700C3F3072262F321
:109160000F20C3F3074363F3174005B030BD30B59C
:1091700085B09DF82040C0F30725019010461C1BC8
:10918000FFF788FF2C44E4B2241A0020E3B205FB69
:1091900003331B128DF80530019BDAB262F307002E
:1091A000C3F3072262F30F20C3F3074363F31740AF
:1091B00005B030BD30B585B09DF82040C0F30745FF
:1091C000019010461C1BFFF765FF2C44E4B2241AE3
:1091D0000020E3B205FB03331B128DF80630019B20
:1091E000DAB262F30700C3F3072262F30F20C3F37E
:1091F000074363F3174005B030BD1FB5019010461B
:109200001C46FFF747FF20448DF804000020019B17
:10921000DAB262F30700C3F3072262F30F20C3F34D
:10922000074363F3174004B010BD1FB59DF8184005
:10923000019010461C1BFFF72DFFE4B2241A0020FA
:109240008DF80440019BDAB262F30700C3F30722F2
:1092500062F30F20C3F3074363F3174004B010BD5C
:1092600084B004B0FFF7CCBA2DE9F74FDFF8CCA0FB
:1092700000EBC0080AEB08035B5C0746FF2B0E46B9
:109280002BD000252E4A90444FF0000B05EBC5046F
:1092900003F134090AEB04010AEB4909144411F8FB
:1092A00001EBBEF1FF0F0ED0E8B2874218D15FFA92
:1092B0008BF0864214D118F806002030FF2828BF12
:1092C000FF2008F806000BF1010BBBF1090F04F1B8
:1092D0000104E4D101350C2DD6D103B0BDE8F08FE7
:1092E0000EF1340E0AEB4E0E9EF8040099F804C0FD
:1092F0009EF805E0ACEB000C99F805000191A0EB9D
:109300000E0080B240430CFB0C0080B20093FFF7CC
:109310007CFA2828009B0199094AD4D894F800C007
:10932000C0F12800C0B2102894BF84440CF1100C86
:109330006046FF2828BFFF202070C4E7980C00205B
:10934000C430002008B50348FDF7FBFB0022024BA8
:109350001A7008BD004A0020C230002010B5094C28
:10936000352320460322084900F8013BF7F712F99C
:109370004FF67F732046A380FDF7E3FB0022034BEB
:109380001A7010BD004A00208C0F0108C230002066
:109390000020704770B504460E461546FFF7F8FFEB
:1093A000054B04EBC4041C44A35DFF2B1EBF2B54D0
:1093B0000130C0B270BD00BF980C0020014BDB68CB
:1093C000184700BF6816010870470000F7B50C4643
:1093D00015461E46FFF7F8FF00280ADB064F214618
:1093E0007C6833462A46A446019403B0BDE8F040A9
:1093F000604703B0F0BD00BF68160108F7B51F4B0A
:109400000546034493F8F430194234D01C4E1D4BEA
:1094100034791B88E40804FB0333711C1C120322FB
:109420006846F7F7B7F8E0B2FFF730FAA0F180042A
:1094300064B2002CBCBFC0F1800044B21F2077781A
:10944000F678FFF71BFA6400E4B206FB0444074415
:1094500024128DF800708DF802400098FFF700FF8D
:10946000C0F30743C0F30722C1B2284603B0BDE8EA
:10947000F040FFF7ABBF03B0F0BD00BF980C002079
:10948000004A0020084A0020F7B51F4B0546034458
:1094900093F8F430194234D01C4E1D4B34791B889C
:1094A000E40804FB0333711C1C1203226846F7F71F
:1094B00071F8E0B2FFF7EAF9A0F1800464B2002C81
:1094C000BCBFC0F1800044B21F20B778F678FFF728
:1094D000D5F96400E4B206FB0444074424128DF875
:1094E00001708DF802400098FFF7BAFEC0F3074301
:1094F000C0F30722C1B2284603B0BDE8F040FFF731
:1095000065BF03B0F0BD00BF980C0020004A0020EA
:10951000084A002073B51B4B0446034493F8F4300B
:1095200019422DD0184E194B35791B88ED0805FBD3
:109530000333711C1D1203226846F7F72BF8E8B2BB
:10954000FFF7A4F9A0F180035BB2002BBCBFC0F110
:10955000800043B2F6785B00DBB206FB03331B12DC
:109560008DF802300098FFF77BFEC0F30743C0F38D
:109570000722C1B2204602B0BDE87040FFF726BF07
:1095800002B070BD980C0020004A0020084A00205C
:1095900013B5124B0446034493F8F43019421BD020
:1095A000FFF75AF98DF800008020FFF767F90C4BA0
:1095B0007F30DB788DF801008DF802300098FFF7DE
:1095C0004FFEC0F30743C0F30722C1B2204602B0EA
:1095D000BDE81040FFF7FABE02B010BD980C0020A5
:1095E000004A002037B5134B0446034493F8F43087
:1095F00019421DD0104D0322691C6846F6F7CAFFB8
:1096000003206D78FFF73AF96FF01F0303FB005555
:109610008DF800500098FFF723FEC0F30743C0F316
:109620000722C1B2204603B0BDE83040FFF7CEBEEE
:1096300003B030BD980C0020004A0020014B9B680D
:10964000184700BF681601082DE9F04F524B87B04C
:10965000DC78524E04EB44034FEAA30B9B080293C1
:10966000FF23B3FBF4F3019383785BB1002211462F
:109670001046FFF7E3FF6C2200214948F7F77CF81A
:10968000002333700025474FDFF814A13B780133E6
:109690003B70D0464FF0000932785FFA89F31A43E5
:1096A00063D10393F7F7ECF83F4B9842039B5CDCE4
:1096B0008AF800402946184604AAFFF76BFE98B1C5
:1096C00098F80020029B9DF810009A425CD9A2EB0A
:1096D0000B030BFB03F3A4EB0B0293FBF2F3224609
:1096E000DBB21946FFF772FE09F10109B9F10C0F5F
:1096F00008F10908D0D10135EDB2092D0AF1010AAE
:10970000C7D13B78019A934204BF00233B70337862
:109710000133DBB21C2B3DD900233370234E0B23C6
:109720003546671E3046294609220B2B04D190F896
:1097300000C0644508BF077011F809CC013AA44580
:1097400024BF01F8097C0C7012F0FF0201F1010145
:1097500000F10100E9D1013B13F0FF03A5F1090578
:10976000E0D1002007B0BDE8F08F98F80020002A73
:10977000A0D094429ED939780198814204BF02F169
:10978000FF3288F8002095E76243B2FBFBF200232A
:10979000D2B2A6E73370E4E7004A0020C3300020CD
:1097A000C4300020C030002054555505273100201A
:1097B0002DE9F04F85B006460F461546FBF79EFF94
:1097C0008046002852D0002D53D03946304602AA98
:1097D000FFF7E0FD0446DFF8D49099F80030234409
:1097E000082B23DDC4F1080A611C5246494409F1E3
:1097F0000100F6F7CFFE04F109015246494409F190
:109800000900F6F7C7FE09EB44014FEA4A02193195
:1098100009F11900F6F7BEFE04F111015246494460
:1098200009F11100F6F7B6FE89F800A0002299F8B8
:1098300000C011469146DFF874E00DF1080BD0B27C
:1098400000EB0C03DBB28442019314D86444E4B20D
:1098500009B1164B1C704DB1154B1B7803F0FC037E
:10986000802B03D139463046FFF7FEFC05B0BDE83A
:10987000F08F2C46AFE7019B1BF801AB0EEB03000A
:109880000C4B0AF1340103EB41010B794979437028
:10989000019B41720C330EEB4303414680F811A04B
:1098A00083F8019083F802900132C8E73331002039
:1098B000004A0020980C00200C4B1B68C3F3812346
:1098C000022B0CD0032B0ED0012B4FF0000203D043
:1098D00011461420FFF7B2BE14211046FAE700210A
:1098E00014220846F6E71422F2E700BF084A0020D7
:1098F000012070470120704708B5FFF7FBFF08BD46
:1099000008B5FFF7F5FFFFF7F7FF08BDC0EBC00094
:1099100043000020DBB203F10E02D2B2442A63F30B
:109920000700134628BF442382B063F30F2002B020
:10993000704700002DE9F04F074689B0007802918A
:10994000FFF7E4FFDFF8BC802F4A98F80450C4B258
:109950006B081588C0F3072B03FB05552B4BC5F38C
:10996000072503EB440603F1F409E3B29B4507D84E
:10997000BBF1430F8CBF0020012009B0BDE8F08F80
:1099800014F809207B781A4238D096F86D2096F8A2
:109990006C10203A92B202FB02F070391FFA81FA81
:1099A0000AFB0A0080B20392FEF72FFF98F801C06D
:1099B000034698F8020098F803E0039A4CEA002066
:1099C00012B20FFA8AF1DDF808C040EA0E400095A5
:1099D000E047C0F307238DF81C00C0F307408DF863
:1099E0001D308DF81E000798FFF73AFCC0F30743BF
:1099F000C0F30722C1B22046FFF7E8FC023601346B
:109A0000B3E700BF004A0020084A0020980C00205D
:109A10000149FFF78FBF00BF6F9100080149FFF7B1
:109A200089BF00BFB59100080149FFF783BF00BFA0
:109A3000B58A00080149FFF77DBF00BF2B920008DF
:109A40002DE9F04F074685B00078FFF75FFF8A46A3
:109A5000DFF89880264A98F80450C4B26B0815883D
:109A6000C0F3072B03FB0555224BC5F3072503EB7A
:109A7000440603F1F409E3B29B4507D8BBF1430F59
:109A80008CBF0020012005B0BDE8F08F14F809203C
:109A90007B781A4226D098F8023098F8010098F89E
:109AA00003C096F86D2096F86C1040EA0320203A27
:109AB00070392B4640EA0C40D047C0F307238DF89D
:109AC0000C00C0F307408DF80D308DF80E000398A0
:109AD000FFF7C6FBC0F30743C0F30722C1B220461D
:109AE000FFF774FC02360134C5E700BF004A0020CE
:109AF000084A0020980C00200149FFF7A1BF00BFD1
:109B0000DF9000080149FFF79BBF00BF27910008C5
:109B10000149FFF795BF00BFE78A00080149FFF739
:109B20008FBF00BFFB9100082DE9FF470646007874
:109B3000FFF7ECFE88461F4F1F4B3D791B88AD0891
:109B400002355D43DFF874A0C0F30729C5F307258C
:109B5000C4B2E1B2894507D8B9F1430F8CBF0020E8
:109B6000012004B0BDE8F08714F80A2073781A4287
:109B70001DD0B8787B782A4643EA0023F87843EA78
:109B80000040C047C0F307238DF80C00C0F3074026
:109B90008DF80D308DF80E000398FFF761FBC0F3D0
:109BA0000743C0F30722C1B22046FFF70FFC013480
:109BB000CFE700BF004A0020084A00208C0D00209B
:109BC0000149FFF7B1BF00BFCD8800080149FFF789
:109BD000ABBF00BF198900080149FFF7A5BF00BF4F
:109BE000718900080149FFF79FBF00BFC9890008BC
:109BF0000149FFF799BF00BFF18900080149FFF74C
:109C000093BF00BF298A00080149FFF78DBF00BF3D
:109C1000618A00080149FFF787BF00BF898C0008EF
:109C20000149FFF781BF00BFD58C00080149FFF74C
:109C30007BBF00BF358D0008837810B5044623B183
:109C4000442200210448F6F797FD2046BDE8104065
:109C50000249FFF769BF00BF58320020B98F0008E2
:109C60000149FFF761BF00BF199000082DE9F04FCF
:109C7000814689B000780391FFF748FEDFF8A8A07D
:109C80002A4A9AF80440C6B2A3081488C0F30725EC
:109C900003FB0444C4F3072404F14000C0B2FEF700
:109CA000F5FDA0F180072046FEF7F0FDDFF880B05B
:109CB000A0F180087FB24FFA88F8F3B29D4206D82F
:109CC000432D8CBF0020012009B0BDE8F08F16F8AD
:109CD0000B1099F80120114224D09AF802209AF82A
:109CE00001009AF803C040EA02203946424640EAA1
:109CF0000C400094DDF80CC0E047C0F307238DF85A
:109D00001C00C0F307408DF81D308DF81E00079829
:109D1000FFF7A6FAC0F30743C0F30722C1B23046EB
:109D2000FFF754FB0136C8E7004A0020084A00202C
:109D30008C0D00200149FFF799BF00BF358B00084B
:109D40000149FFF793BF00BF858B00080149FFF76A
:109D50008DBF00BFD58B00082DE9F04F334D07466E
:109D600085B00078FFF7D2FD2E794FF6FF730136EC
:109D7000FF2E28BFFF268846B3FBF6F6DFF8B0B00B
:109D8000DFF8B0A0C0F30729C4B2E0B2814507D81C
:109D9000B9F1430F8CBF0020012005B0BDE8F08F62
:109DA00014F80B207B781A422ED09AF80030224902
:109DB000013B5BB21A0629D532462B79A878591C8B
:109DC000FF290B4628BFFF2303FB02226B78C2F357
:109DD0000F2143EA0023E87843EA0040C047C0F37C
:109DE00007238DF80C00C0F307408DF80D308DF877
:109DF0000E000398FFF734FAC0F30743C0F30722BD
:109E0000C1B22046FFF7E2FA0134BEE75A5C824253
:109E10000AD103F10C020AEB420292F801C09278D7
:109E20004CEA0222B242C8D3013BC3E7004A0020F9
:109E30008C0D00200C4A00201D4A00200149FFF72C
:109E40008BBF00BF818D00080149FFF785BF00BFB0
:109E5000BB8D00082DE9F04F82468DB00878049242
:109E6000FFF754FD8B46414BC5B21B78C0F3072961
:109E700003933F4B03EB4507F4330593EBB299454E
:109E800007D8B9F1430F8CBF002001200DB0BDE809
:109E9000F08F059BEA5C9BF801301A4221D0D04636
:109EA0000024032233490AA8F6F774FB2F4B0AF16A
:109EB00001061E44039A5FFA88F39A4214D82E4B87
:109EC000D87800FB044424128DF82A400A98FFF742
:109ED000C7F9C0F30743C0F30722C1B22846FFF712
:109EE00075FA01350237C9E716F8013B97F86C108F
:109EF00097F86D20C91AF37989B2D21A92B202FB8F
:109F000002F001FB010080B207920691FEF77DFC92
:109F1000194B164A93F804E008F10C030EF1010EF8
:109F2000BEF1FF0F28BF4FF0FF0E02EB430393F883
:109F300001C09B78079A4CEA032C0EFB0CCC0699C7
:109F4000CCF30F238DF82A400093049C034612B2F1
:109F50000A9809B2A047C0F307238DF828008DF8AE
:109F60002930C0F3074408F10108A3E70C4A002098
:109F7000980C0020014A0020004A0020044B0146B2
:109F80001B78044A013B23EAE373D8B2FFF762BFB0
:109F90000C4A0020F58D00080146024A0020FFF718
:109FA00059BF00BFF58D0008044B01461B78044AD9
:109FB000013B23EAE373D8B2FFF74CBF0C4A002001
:109FC0003D8E00080146024A0020FFF743BF00BF54
:109FD0003D8E0008044B01461B78044A013B23EAEE
:109FE000E373D8B2FFF736BF0C4A0020B18E0008E9
:109FF0000146024A0020FFF72DBF00BFB18E0008C6
:10A00000044B01461B78044A013B23EAE373D8B2B0
:10A01000FFF720BF0C4A0020298F00080146024AA2
:10A020000020FFF717BF00BF298F0008044B01462F
:10A030001B78044A013B23EAE373D8B2FFF70ABF57
:10A040000C4A0020758F00080146024A0020FFF7E5
:10A0500001BF00BF758F0008F7B506460078FFF70F
:10A0600055FC184AC5B25378C0F307249078164FB0
:10A0700043EA0023D07843EA0040FFF7F1F8C0F349
:10A0800007238DF80530C0F307438DF804008DF8E1
:10A090000630EBB29C4205D8432C8CBF0020012037
:10A0A00003B0F0BDEA5D73781A4208D028469DF8E7
:10A0B00006309DF805209DF80410FFF787F901355B
:10A0C000E7E700BF004A00208C0D00202DE9FF418A
:10A0D00006460078FFF71AFCDFF89C80032208F19F
:10A0E0000101C4B2C0F3072501A8F6F753FA01989D
:10A0F00098F80170FFF7B4F8C0F307238DF8093022
:10A1000098F804308DF808001F448DF80470C0F3EF
:10A1100007408DF80A000198FFF7A2F8C0F3072363
:10A120008DF80D30154FC0F307438DF80C008DF8F6
:10A130000E30E3B29D4206D8432D8CBF0020012093
:10A1400004B0BDE8F081E35D7278134211D0DB0703
:10A15000204643BF9DF80E309DF80D209DF80C1051
:10A160009DF80A305CBF9DF809209DF80810FFF7A4
:10A170002DF90134DDE700BF004A00208C0D0020DE
:10A180002DE9FF4707460078FFF7C0FBDFF86C803A
:10A190000322C4B2C0F3072508F1010102A8F6F7B3
:10A1A000F9F998F80460DFF858900136B608A9F17B
:10A1B000870AE3B29D4206D8432D8CBF00200120C0
:10A1C00004B0BDE8F08714F809207B781A4213D058
:10A1D0001AF814301A0998F8013002FB06338DF88A
:10A1E00008300298FFF73CF8C0F30743C0F307229A
:10A1F000C1B22046FFF7EAF80134DAE7004A00204E
:10A200008C0D00202DE9FF4707460078FFF77EFB05
:10A21000DFF870800322C4B2C0F3072508F1010102
:10A2200002A8F6F7B7F998F80460DFF85C900136F9
:10A23000B608A9F1880AE3B29D4206D8432D8CBF27
:10A240000020012004B0BDE8F08714F809207B78D5
:10A250001A4214D01AF8143006FB03F298F80130B1
:10A2600003EB52138DF808300298FEF7F9FFC0F3A4
:10A270000743C0F30722C1B22046FFF7A7F8013415
:10A28000D9E700BF004A00208C0D00202DE9F04FD7
:10A29000074685B00078FFF739FB0A23354E88461C
:10A2A0003579DFF8D4A0B5FBF3F5344B02351B88C4
:10A2B000EDB25D43C0F30729C5F30725C4B2AAF187
:10A2C000870BE1B2894507D8B9F1430F8CBF002055
:10A2D000012005B0BDE8F08F14F80A207B781A42FF
:10A2E00029D01BF81430B078202B73782A4643EA23
:10A2F0000023F07843EA00401FD9C047C0F307238A
:10A300008DF80800C0F307408DF809308DF80A0079
:10A310000298FEF7A5FFC0F30722C0F307418DF8AE
:10A3200005208DF806108DF80400C3B2D2B2C9B270
:10A330002046FFF74BF80134C3E7C047C0F30723BB
:10A340008DF80C00C0F307408DF80D308DF80E002D
:10A350000398FEF785FFC0F30722C0F307438DF88B
:10A3600005208DF806308DF80400DBB2D2B2C1B200
:10A37000DEE700BF004A00208C0D0020084A0020C4
:10A380000149FFF783BF00BF398C0008F7B5037898
:10A390000546C3B91E4B1B791033FF2B28BFFF2383
:10A3A0001A461C4B1B8802FB03330A22C3F30F23FC
:10A3B000B3FBF2F102FB11339BB223B94420FEF749
:10A3C0005DFA154B18802878FFF7A0FA0446AB78A1
:10A3D000C6B2C4F3072493B90F4F3888864210D809
:10A3E000A0420ED26978C0B2FFF7FCF845233B804B
:10A3F00007E030466978FFF7F5F80136F6B2A64275
:10A40000F7D3432C8CBF0020012003B0F0BD00BF68
:10A41000004A0020084A0020DA0E0020F7B5037831
:10A420000546CBB91E4B1B791033FF2B28BFFF23EA
:10A430001A461C4B1B8802FB03330522C3F30F2370
:10A44000B3FBF2F202EB82029B1A9BB223B94420C7
:10A45000FEF714FA144B18802878FFF757FA0446D1
:10A46000AB78C6B2C4F3072493B90F4F388886423D
:10A4700010D8A0420ED26978C0B2FFF789F8452300
:10A480003B8007E030466978FFF782F80136F6B284
:10A49000A642F7D3432C8CBF0020012003B0F0BDAF
:10A4A000004A0020084A0020D80E00202DE9F04F75
:10A4B000804687B00078FFF729FAC3B2009398F876
:10A4C0000230C0F307264BB1002211461046FFF7B9
:10A4D000B5F86C2200213C48F6F74EF998F80030A8
:10A4E0006BB93A4C208802F013FF18288CBF012268
:10A4F0000022374B1A7002D902F092FF208000250B
:10A50000DFF8D0B02C46A94603E0B9F10D0F54D8BE
:10A510000024314905EBC50A01EB0A031A1901921F
:10A520001B5D009A934240D3B3423ED20B4493F852
:10A53000F42098F8013009F101091A425FFA89F90B
:10A5400033D0214B9BF803209A441AF80470A7F1EA
:10A55000550323EAE373C3F1AA038DF810309BF887
:10A5600002308DF8113007F1AA03FF2B28BFFF231B
:10A5700003EB43030233DBB202FB03331B128DF800
:10A5800012300498FEF76CFEC0F30743C0F30722B5
:10A59000C1B201980078FEF719FF0D4B1B7823B16B
:10A5A000013F27EAE7770AF804700134E4B2092C86
:10A5B000AFD10135EDB20C2DA7D1432E8CBF0020B9
:10A5C000012007B0BDE8F08FC430002030310020FA
:10A5D000C1300020004A0020980C0020F7B5037815
:10A5E0000546CBB91E4B1B790533FF2B28BFFF2334
:10A5F0001A461C4B1B8802FB03330522C3F30F23AF
:10A60000B3FBF2F202EB82029B1A9BB223B9442005
:10A61000FEF734F9144B18802878FFF777F90446D1
:10A62000AB78C6B2C4F3072493B90F4F388886427B
:10A6300010D8A0420ED26978C0B2FEF76BFF452356
:10A640003B8007E030466978FEF764FF0136F6B2DA
:10A65000A642F7D3432C8CBF0020012003B0F0BDED
:10A66000004A0020084A0020E00E0020F7B50378D9
:10A670000546CBB91E4B1B790533FF2B28BFFF23A3
:10A680001A461C4B1B8802FB03330522C3F30F231E
:10A69000B3FBF2F202EB82029B1A9BB223B9442075
:10A6A000FEF7ECF8144B18802878FFF72FF90446D2
:10A6B000AB78C6B2C4F3072493B90F4F38888642EB
:10A6C00010D8A0420ED26978C0B2FEF7DDFE452355
:10A6D0003B8007E030466978FEF7D6FE0136F6B2D9
:10A6E000A642F7D3432C8CBF0020012003B0F0BD5D
:10A6F000004A0020084A0020DE0E0020F7B503784B
:10A700000546CBB91E4B1B790533FF2B28BFFF2312
:10A710001A461C4B1B8802FB03330522C3F30F238D
:10A72000B3FBF2F202EB82029B1A9BB223B94420E4
:10A73000FEF7A4F8144B18802878FFF7E7F80446D2
:10A74000AB78C6B2C4F3072493B90F4F388886425A
:10A7500010D8A0420ED26978C0B2FEF74FFE452352
:10A760003B8007E030466978FEF748FE0136F6B2D6
:10A77000A642F7D3432C8CBF0020012003B0F0BDCC
:10A78000004A0020084A0020DC0E002007B50078AF
:10A79000FFF7BCF8C0F3072043288CBF002001203E
:10A7A00003B05DF804FB13B50078FFF7AFF8C0F312
:10A7B00007242146C0B2F7F7B3FC432C8CBF00201E
:10A7C000012002B010BD00002DE9F04F764B8BB098
:10A7D0001B78764D834200904FD1754A2B781278C2
:10A7E00003F003039B1A18BF0123724C6278A37015
:10A7F0006B799A4205D00022114610466370FEF72D
:10A800001DFF009B342B3AD8013B332B51D8DFE896
:10A8100013F059005E00620066006A006E0072006C
:10A8200076007A007E00820086008A008E00920008
:10A8300096009A009E00A200A600AA00AE00B200F8
:10A84000B600BA00BE00C200C600D50040010B022F
:10A85000B902BD02C102C502C902CD02D102D502B0
:10A86000D902DD02E102E502E902ED02F102F502A0
:10A87000F902FD020103050309030123B5E7009B6B
:10A88000FF2B00F0D38200244A4B1A7801321A7051
:10A89000002C40F0D0820221474A9B781170002B97
:10A8A00040F0C982009B002B40F0C5820323137047
:10A8B000C1E2A478002CE7D0002211461046FEF732
:10A8C000BDFEE0E73B48FFF7C7FB0446DCE739483D
:10A8D000FFF7FCFBF9E73748FFF752FCF5E735488F
:10A8E000FFF790FCF1E73348FFF76AF9EDE73148ED
:10A8F000FFF76CF9E9E72F48FFF76EF9E5E72D4818
:10A90000FFF7FAF8E1E72B48FFF7FCF8DDE7294805
:10A91000FFF77EF8D9E72748FFF780F8D5E7254805
:10A92000FFF760F9D1E72348FFF762F9CDE7214847
:10A93000FFF764F9C9E71F48FFF766F9C5E71D4847
:10A94000FFF772F8C1E71B48FFF7E2F8BDE71948C7
:10A95000FFF7E4F8B9E71748FFF76CF8B5E71548D3
:10A96000FFF7E8F9B1E71348FFF7EAF9ADE7114857
:10A97000FFF7ECF9A9E70F48FFF702FDA5E70D483F
:10A98000FFF704FDA1E70B48FFF748FD9DE70948E5
:10A99000FFF740F999E70748FFF742F995E70548BF
:10A9A000FFF744F991E700BFE50E0020004A0020C0
:10A9B000E60E0020E20E0020E70E0020237833B9D7
:10A9C000A37823B14420FDF759FF904B18702078ED
:10A9D000FEF79CFFDFF83882DFF83892D8F80020C5
:10A9E000D9F80030ADF81C009A42C0F307263FD2D8
:10A9F000864F9DF81C303A78934226D8964224D947
:10AA0000854B134493F8F42063781A421DD0FDF768
:10AA100023FF820731D500238DF820308DF82130B7
:10AA20008DF822300898FEF71BFCC0F30722C0F314
:10AA300007438DF824008DF825208DF82630C1B20B
:10AA4000DBB23878D2B2FEF7C1FC432E10D94420D5
:10AA5000FDF714FF4FF4E0622979D9F8003001FBCB
:10AA6000022203F50063A3EB12233870C8F800300C
:10AA7000432E8CBF0024012406E7FDF7EDFE8DF880
:10AA800020008020FDF7FAFE7F30EB788DF8210062
:10AA9000C6E7DFF88891DFF87CA1D9F80020DAF862
:10AAA00000309A423FF6EFAEA3785D4EB3B100227C
:10AAB000002711461046FEF7C1FDB046BB46FDF724
:10AAC000CBFE830724D588F800B088F801B088F859
:10AAD00002B00137442F08F10308F0D12078FEF7C7
:10AAE00015FFADF82000C0F30727C0B200EB400807
:10AAF000DFF830B1B044C3B29F4228D8432F94BF8F
:10AB0000012400247FF6C0AE4FF00008013F3BE077
:10AB1000FDF7A2FE8DF824008020FDF7AFFEEB7854
:10AB20007F3007EB47028DF826308DF82500B318EB
:10AB3000099802920193FEF793FB029A019BB0548D
:10AB4000C0F30722C0F307405A709870C1E710F8AD
:10AB50000B2063781A4209D098F8023098F8012047
:10AB600098F800100190FEF731FC019808F10308F5
:10AB70000130C0E701EB4100013101EB410103224B
:10AB800031443044F5F706FD5FFA88F1B94208F127
:10AB90000108EFDBFDF760FE10F0020F4FEA4708F7
:10ABA00017D000234744F219F355537093702B7953
:10ABB00040F6B8321033FF2B28BFFF2303EB0313FB
:10ABC0001B12B2FBF3F3DAF800201344C9F800308B
:10ABD0005AE6FDF741FE8DF824008020FDF74EFE79
:10ABE000EB787F308DF826308DF825000998FEF738
:10ABF00037FB4744F05506EB0708C0F30723C0F3C3
:10AC0000074088F8013088F80200D0E73231002090
:10AC1000A8320020084A0020980C0020B032002002
:10AC20008C3100208C0D0020A3784BB100221146FE
:10AC30001046FEF703FD302200218048F5F79CFD09
:10AC40002078FEF763FE7E4BADF820001A687D4B3E
:10AC5000C0F307241B689A4240F28F809DF8203091
:10AC6000A87802936B784FF0000843EA0023E87855
:10AC7000754F43EA0040FEF7F3FAC0F307238DF85F
:10AC80002400C0F307408DF825308DF826006B4E68
:10AC9000049706EB8803059307F108030393002349
:10ACA0000193059B13F8015B0593002D67D09DF878
:10ACB00024A09DF825B09DF82650049B13F8010BA5
:10ACC0000493039B13F801990393029B83420ED8CC
:10ACD00084420CD95C4B034493F8F4205B4B5B78C3
:10ACE0001A4204D02B465A465146FEF76FFB029B90
:10ACF0004B450FD84C450DD9534B4B4493F8F4209A
:10AD0000524B5B781A4205D02B465A46514648466C
:10AD1000FEF75CFB019B0133042B0193C1D108F1C9
:10AD20000108B8F10C0F07F10907B0D1432C24D961
:10AD3000002503223046711CF5F7A2FCFDF78CFDBF
:10AD400010F0030F0CBF0123002301350C2DF3700D
:10AD500006F10406EDD13E4B40F6B8321B791033B4
:10AD6000FF2B28BFFF2303EB03131B12B2FBF3F3EC
:10AD7000334A12681344334A1360432C79E6AB46D6
:10AD8000AA469AE73148FFF791FB9EE52F48FEF768
:10AD90005BFC9AE52D48FFF751F896E52B48FFF745
:10ADA00053F892E52948FFF7E9F88EE52748FFF7C1
:10ADB000F3F88AE52548FFF7F7F886E52348FFF71B
:10ADC00001F982E52148FFF705F97EE51F48FFF705
:10ADD0000FF97AE51D48FFF713F976E51B48FFF7F1
:10ADE0001DF972E51948FFF721F96EE51748FFF7DD
:10ADF0002BF96AE51548FEF71FFF66E51348FFF7D4
:10AE0000EDFB62E51148FFF731FC5EE50F48FFF707
:10AE100075FC5AE50D48FEF723FF56E50B48FFF792
:10AE2000B5FC52E50948FFF7BEFC4EE5FEF744FDD0
:10AE30000222084B1A700BB0BDE8F08F5C31002085
:10AE4000084A0020AC320020980C0020E20E0020BE
:10AE5000004A0020E70E00200120704737B5007837
:10AE60000138C0B2FEF752FDC0F30724C5B2214637
:10AE70002846FFF7F1FF21462846FAF7C5FA03B046
:10AE800030BD00002DE9F041424C2068FCF70EFA7D
:10AE90000546FCF7FBF92060002406463E48A44620
:10AEA00090F800E0C5F57F477146FF37E3B29E4555
:10AEB0000FD8BCF1000F00D00170384CDFF8E080F3
:10AEC000257898F80070032D36D8DFE805F01A379A
:10AED000465204F10C0200EB4202537892F80280D1
:10AEE000013443EA08239F4229BF5B1901F1FF3176
:10AEF0005370C3F307233ABF4FF0010CC9B29370EC
:10AF0000D4E70022274B24491A70274B29222748CF
:10AF10001E60F5F73FFB264B1B784BB9FBF762FE33
:10AF2000244B984204D8244B1B789A0718BF9D08DD
:10AF3000012388F800502370BDE8F0813846FFF700
:10AF400043FC002FF8D02378022B01D1FEF7D8FC68
:10AF5000BDE8F0411348FFF781BF184B184A1F7036
:10AF6000154B1B78C3F301031370FEF727FA032375
:10AF7000E1E7144D2B7823B10F48FBF7E2FD0023E6
:10AF80002B70094B1868FCF791F90F28D4D90023CE
:10AF9000D1E700BFA032002033310020E70E0020AF
:10AFA0009C320020E20E0020084A00200C4A0020BB
:10AFB000A4320020C0D40100004A0020E50E002089
:10AFC000E60E0020C230002070B50024104B114D59
:10AFD0001B68984710481022FF2100F8194BF5F71D
:10AFE000CBFB0E481022FF2100F8194BF5F7C4FBEC
:10AFF00001230B4E28463370FBF7A1FD2B783470EC
:10B0000013F0FC0F03D1BDE87040FEF7A7B970BD87
:10B0100068160108004A00200C4A00203331002045
:10B02000C230002070B504460A4E88B135787DB92B
:10B030002846FFF7C9FB084B084A1D70084B1B78D0
:10B04000C3F301031370FEF7B9F90322054B1A701D
:10B05000347070BDA4320020E50E0020E60E002002
:10B06000004A0020E70E0020044A137883F0010311
:10B0700013700022024B1A70FEF704B8004A002039
:10B08000E70E00200020FFF7EFBF0120FFF7ECBF25
:10B09000064A137813F0030304BF05490B7001211E
:10B0A000137861F301031370704700BF004A00205A
:10B0B000E70E002008B5FFF7EBFFBDE808400120D0
:10B0C000FDF7E0BF054B1A7892071EBF0021044A26
:10B0D00011701A786FF301021A707047004A00204D
:10B0E000E70E002008B5FFF7EDFFBDE8084001209E
:10B0F000FDF7C8BF024B187800F00300704700BF8F
:10B10000004A002010B40B4C0246237808469907E9
:10B110000ED04AB9012262F3870300222370064B46
:10B120001A7010BCFDF7AEBF342A88BF3422F2E794
:10B1300010BC7047004A0020E70E00200021FFF7F6
:10B14000E1BF000038B5FFF7BDFF0123084C094DF2
:10B1500020462B70FBF7F3FC002320782B7083072D
:10B1600004D0BDE838408008FFF7E8BF38BD00BF15
:10B17000004A0020C23000200121FFF7C3BF0000B9
:10B18000014B187880087047004A0020054B0146A3
:10B190001B789B080133352B34BF18460120FFF77D
:10B1A000B1BF00BF004A00200120FFF7EFBF000041
:10B1B000064B01461B78C3F38503013B13F0FF03E5
:10B1C00014BF18463420FFF79DBF00BF004A00207F
:10B1D0000120FFF7EDBF000030B4084C05461846CB
:10B1E00023789B0708D0962A28BF96226570A17005
:10B1F000E27030BCFDF746BF30BC7047004A00200B
:10B200000023FFF7E9BF0123FFF7E6BF07B50322DD
:10B21000094901A8F5F7BEF900209DF8043063F351
:10B2200007009DF8053063F30F209DF8063063F3A7
:10B23000174003B05DF804FB014A0020014B587829
:10B24000704700BF004A0020014B9878704700BF4C
:10B25000004A0020014BD878704700BF004A002008
:10B26000034903464878CA7808308978FFF7B4BFA5
:10B27000004A00200120FFF7F3BF0000054910B489
:10B280004C780346083CCA78A0B2897810BCFFF716
:10B29000A3BF00BF004A00200120FFF7EFBF00005E
:10B2A00010B4064C0346A178E2781031FF2928BF7C
:10B2B000FF216078C9B210BCFFF78EBF004A0020A2
:10B2C0000120FFF7EDBF000010B4064C0346A17843
:10B2D000E278103921EAE1716078C9B210BCFFF759
:10B2E0007BBF00BF004A00200120FFF7EDBF000038
:10B2F00010B4064C0346E278A1781E32FF2A28BF1C
:10B30000FF226078D2B210BCFFF766BF004A00206F
:10B310000120FFF7EDBF000010B4064C0346E278B1
:10B32000A1781E3A22EAE2726078D2B210BCFFF72E
:10B3300053BF00BF004A00200120FFF7EDBF00000F
:10B34000024B18710020FDF79DBE00BF004A00208F
:10B35000024B18710120FDF795BE00BF004A002086
:10B36000014B1879704700BF004A0020044A137946
:10B370002833FF2B28BFFF231371FDF783BE00BFC7
:10B38000004A00200120FFF7F1BF0000034A1379B3
:10B39000283B23EAE3731371FDF774BE004A0020D3
:10B3A0000120FFF7F3BF0000084A5379FF2B08D0B4
:10B3B0004BB9012383F001030549CB5C5371FDF7C1
:10B3C00061BE0023F6E70023F6E700BF004A002035
:10B3D000641601080120FFF7E7BFFFF7FBBFF0B5D8
:10B3E00045180446194610460026AC4200D3F0BD6D
:10B3F00014F8012B4FEA011C424093184FEA021E39
:10B4000041EB01004CEA127C13EB0E0340EB0C0005
:10B410004FEA421E9B184FEA411C41EB00004CEAE8
:10B42000D26C13EB0E0340EB0C004FEAC21E4FEA46
:10B43000C11C17024CEA526C13EB0E034FEA0121B8
:10B4400040EB0C0041EA1261DA1940EB010139448A
:10B45000B018CAE7FAF752B908B508220021034824
:10B46000F5F78AF9BDE8084000F036B9B43200209B
:10B470008378C078013303F003031B1A5842584104
:10B48000704710B50446FFF7F3FF78B9A37801F0D1
:10B490007F01E01841EAC21101710120013303F07C
:10B4A0000303A37023780133237010BD0020FCE751
:10B4B00010B5C37884789C4211D003441B79C3F340
:10B4C000C014C3F306030B701470C378013303F088
:10B4D0000303C370437801334370012010BD002083
:10B4E000FCE700000A4601460148FFF7CABF00BF5B
:10B4F000B43200200A4601460148FFF7D9BF00BF19
:10B50000B432002070B50025FC2686B00DF107018D
:10B510000DF10600FFF7EEFF044610B9284606B00D
:10B5200070BD9DF806309DF807208DF8083062B395
:10B53000FD238DF8093001F073FF4FF48173ADF8EE
:10B540000A00ADF80C30DDE90201FAF7A9FA64202F
:10B5500003F059FB9DF806309DF807208DF8103058
:10B56000E2B1FD238DF8113001F05AFF0223ADF84E
:10B570001200ADF8143006AB13E90300FAF790FAA5
:10B58000642003F040FB2546C0E78DF8096001F018
:10B5900047FF40F20313ADF80A00D2E78DF81160BF
:10B5A00001F03EFF0323ADF81200E2E710B5FFF70C
:10B5B00051FF044610B1FFF7A5FF04460A4B1A7865
:10B5C00032B100221A70094B9A78DA701A785A70E0
:10B5D00000F0E6F8FFF73EFF18B1FFF793FF0443D2
:10B5E000E4B2204610BD00BFBC320020B4320020BF
:10B5F00008B508220149F4F7CDFF08BDB432002098
:10B600000122014B1A707047BC3200204FF41650D3
:10B6100003F030B969B1084B53F82000431C0AD03D
:10B62000012100F00F032022994020F00F0004F0C8
:10B63000B3BD024BF0E77047C4320020C032002097
:10B6400079B1094B53F820305A1C1FBF23F00F0269
:10B65000106903F00F03D84014BF00F00100002070
:10B660007047024BEEE700BFC4320020C03200201A
:10B67000704700002DE9F0410025154F3B78ECB2F2
:10B68000A3420CD8FFF7C2FF0026DFF848803B78C2
:10B69000F5B2AB420DD8FFF7EBFFBDE8F08100211A
:10B6A0002046FFF7B7FF01212046FFF7B3FF013522
:10B6B000E4E700212846FFF7C3FF0121044628469E
:10B6C000FFF7BEFF44EA400408F805400136DEE714
:10B6D000C8320020BE32002010B5FCF79BF80022D3
:10B6E0000D4B0E4C1A70FCF795F880F0010020709D
:10B6F000FCF790F8FCF78EF818B1BDE81040FFF7A2
:10B70000B9BF2378002BF8D0054B064A1A60064BC8
:10B71000013A1A60F1E700BFC9320020C8320020A8
:10B72000C032002007040040C432002070B541EA56
:10B730004203174A0446115CDBB201F00300834266
:10B7400024D043EA8103DBB21355124A124E157816
:10B75000124A03F00F03D35C325D254413445BB2FD
:10B76000012BEDB2335503DD00212846FFF7BAFE69
:10B770003357013303DA01212846FFF7B3FE33576D
:10B78000002B03F00103B8BF5B42335570BD00BF0F
:10B79000BE320020C9320020BD32002078170108D7
:10B7A000F8B500250A4F3B78ECB2A34200D8F8BDAB
:10B7B00000212046FFF744FF012106462046FFF7FF
:10B7C0003FFF314602462046FFF7B0FF0135EAE76A
:10B7D000C8320020C1F10301490040FA01F30222FE
:10B7E00013F0010F14BF0E23082302FA01F10142E6
:10B7F0001ABFA3F12000C0B243F0800070470000E0
:10B8000010B50A4C40F282224FF40041084804F07F
:10B81000C3FC204603F04CFF2046064903F0D2FE4D
:10B820002046BDE8104003F0E9BE00BF144F0020E1
:10B83000000400408817010830B5044D00EB4000BB
:10B840002C186270A370295430BD00BF354A002007
:10B8500070B5134605460E4600242046324629465A
:10B860000134FFF7E9FF442CF7D170BD2DE9F84F03
:10B8700008271D4D1D4C002695F800B095F801A035
:10B8800095F80290A4F1080831465846FFF7A2FF48
:10B890000136042E08F8010BF6D10026A4F10408A5
:10B8A00031465046FFF796FF0136042E08F8010B8B
:10B8B000F6D1A046002631464846FFF78BFF0136F9
:10B8C000042E08F8010BF6D10C37B7F54E7F05F1C1
:10B8D000030504F10C04CED14FF46971BDE8F84FB3
:10B8E000034A044803F0A5BE354A0020D6320020A2
:10B8F000CA320020144F0020FBF70CB908B5FBF743
:10B9000089FF002814BF01200720FBF7ABFD00F0E2
:10B91000010008BD08B5FBF7EFFEC82003F073F97E
:10B92000FBF7EAFEFFF7EAFF28B1FFF7E5FFBDE806
:10B93000084001F08DBD08BD08B5FFF7EBFF08BD5D
:10B94000704703460144FF20994200D1704713F825
:10B95000012B5040082210F0800F4FEA400018BF22
:10B9600080F03100013AC0B2F5D1EDE72DE9F8439E
:10B97000154698460246002838D0B9B3B5B3ABB3E4
:10B98000034600241F4613F8100B60BB8446184E74
:10B9900096F800E00EF10104E4B23470C4B1002363
:10B9A0004FEA031912F80990A14511D001338B42D7
:10B9B000F6D1BCF1000F00D034703C7001F0FAFCFD
:10B9C000089B05447D603078C7F80880FB6006E07E
:10B9D000631CA6454FF0010CDBB202D13370BDE809
:10B9E000F8831C46DAE701348C42CBD10020F6E71D
:10B9F000F036002030B568B181B18AB10024034629
:10BA000010F8105B954206D1002201201A705A608E
:10BA10009A60DA6030BD0134A142F0D10020F9E72C
:10BA20001046F7E72DE9F041154604460E4601F0B1
:10BA3000C1FC2B680746C31A002B03DD28600025D4
:10BA4000B54201D1BDE8F08194F80080B8F1000F53
:10BA50000DD06068C31B002B09DCA368E168984720
:10BA60002378434503D128B16368034463600135FB
:10BA70001034E5E720706060A060E060F7E7000048
:10BA800007B50B460092082102460348FFF76EFFF8
:10BA900003B05DF804FB00BF7036002002460821A9
:10BAA0000148FFF7A7BF00BF703600200821024AF7
:10BAB0000248FFF7B7BF00BFF43600207036002001
:10BAC00013B50446012100680DF1070200F046F9A4
:10BAD00023689DF807000133236002B010BD0820E1
:10BAE000704700F097B800F0B2B800F0CCB800F0A2
:10BAF000E9B82DE9F84300F08BF800250026ECB2F8
:10BB000012E05FFA87F94A4641462046F9F704FEFB
:10BB1000013703464A464146204600F098F8092F6F
:10BB2000EFD101360C2E03D000275FFA86F8E8E744
:10BB3000012200212046F9F703FE012203460021DD
:10BB4000204600F0BFF8002220461146F9F7F8FD24
:10BB50000022034611462046013500F0B3F8082DB7
:10BB6000CCD1BDE8F88300F0C9B800F0DFB80728F1
:10BB700010B406D80B2904D8082A02D810BC00F04B
:10BB800049B8002010BC7047072802D809B900F056
:10BB90007AB8002070471020704708B500F0DBF835
:10BBA00080B208BD00F0DAB800F0F8B808B500F0CF
:10BBB00030F8BDE8084000F00CB900000F2873B55C
:10BBC000044613D800F0C7F8012101AA013800F09B
:10BBD000C5F89DF804504DB900F0BDF806463CB9D3
:10BBE00022460A4801A9019500F04CFD02B070BD43
:10BBF000B542FBD00121284601AA00F0AFF89DF81C
:10BC000004300BB9013CE4B20135E8E7C1BA0008E1
:10BC100070477047072838B517D80B2915D8082A58
:10BC200013D81225520005FB0122D82505FB00255B
:10BC300005F29D30FCF760F9040205F29E30FCF736
:10BC40005BF9A4B2204380B238BD0020FCE707288E
:10BC500038B51D4616D80B2914D8082A12D8122434
:10BC6000520004FB0122D82404FB0024190A04F228
:10BC70009D30FCF7A9F9E9B204F29E30BDE83840E6
:10BC8000FCF7A2B938BD072870B5164618D8B9B95F
:10BC9000002A4FEA800000F65D2514BF0020022034
:10BCA0002844FCF729F9002E4FEA002414BF012094
:10BCB00003202844FCF720F9A4B2204380B270BDD1
:10BCC0000020FCE7072870B516461D4615D8A1B917
:10BCD0008000002A00F65D2414BF00200220190A0B
:10BCE0002044FCF771F9002E14BF01200320E9B2B3
:10BCF0002044BDE87040FCF767B970BDF8B5144644
:10BD0000002700F29D355618B44200D1F8BD6FF4FB
:10BD10006773EB18B3F5D86F06D22846FCF7ECF83A
:10BD2000207001350134EFE72770FAE770B514464B
:10BD300000F29D355618B44200D170BD6FF46773A0
:10BD4000EB18B3F5D86F03D228462178FCF73CF9FD
:10BD500001340135EFE740F2835070472DE9F04799
:10BD600000F67D2806460F461446454640F28259A5
:10BD70004FF0000AA5EB08039BB2BB4201D3BDE81C
:10BD8000F08733444B4506D82846FCF7B5F82070B9
:10BD900001350134EEE784F800A0F9E72DE9F84316
:10BDA00000F67D2806460F461446454640F2825965
:10BDB000A5EB08039BB2BB4201D3BDE8F883334433
:10BDC0004B4503D828462178FCF7FEF801340135AD
:10BDD000EEE70023F0B55A2440F2835640F67D2565
:10BDE00085B0CDE9003302930393013C01D105B046
:10BDF000F0BD102E374628BF102729463A46684620
:10BE0000FCF7C8F83D44F61BEFE7000047F6164381
:10BE1000984210B50C461BD1FAF732FD62790D4BF2
:10BE200072B100F0AA00002815BF012200223520BF
:10BE300029201A7001F04EF9FAF7E6FD002010BD36
:10BE40001B78002B14BF3520292001F061F9F3E79E
:10BE50000120F4E7F836002010B5044648790028A0
:10BE600000F01081A4F5E044A3B2222B34D8864818
:10BE7000013CFAF760FE212C23D8DFE814F07100B2
:10BE8000F1007D003400390082003E0087009600FA
:10BE90004D00E80052009B005700A000CE005C005F
:10BEA000A500D7006300AC00B60043008C0048003A
:10BEB00091006A00B100C300E200E6002E007700A6
:10BEC000FA00714A137843F0010313706E48FAF7D1
:10BED00034FEFAF7FDF8002010BD6B4A537843F0AA
:10BEE00008035370F2E7684A137843F00203ECE763
:10BEF000654A137843F00403E7E7634A137843F095
:10BF00000803E2E7604A537843F00103E9E75E4A39
:10BF1000537843F00203E4E75B4A137843F01003DD
:10BF2000D3E7594A137843F02003CEE7564A1378F3
:10BF300043F04003C9E7FAF7CBF8534A137843F0CC
:10BF40008003C2E7504A137823F00C0343F00C033C
:10BF5000BBE74D4A537823F0030343F00303C0E7E4
:10BF6000494B1A786FF300021A70AFE7464B5A78C4
:10BF70006FF3C3025A70A9E7434B1A786FF341027B
:10BF8000F2E7414B1A786FF38202EDE73E4B1A78E5
:10BF90006FF3C302E8E73C4B5A786FF30002E9E71E
:10BFA000394B5A786FF34102E4E7374B1A786FF355
:10BFB0000412D9E7344B1A786FF34512D4E7324BA9
:10BFC0001A786FF38612CFE7FAF782F82E4B1A78B9
:10BFD0006FF3C712C8E72C4A137823F00C0374E7F9
:10BFE000294A537823F003037BE727490B78C3F3EF
:10BFF000800282F00102D2B262F3820362F3C303D1
:10C000000B7063E720494B78DA4302F0010262F3D8
:10C01000000362F341034B7058E71B490B78C3F3ED
:10C02000801282F0010262F38613E9E7FAF750F812
:10C0300015490B78C3F3C01282F0010262F3C713F3
:10C04000DEE70120FAF783FD40E70020FAE70E491A
:10C050000B78C3F3001282F0010262F30413CFE7FE
:10C0600009490B78C3F3000282F0010262F3000376
:10C07000C6E705494B78C3F3C00282F0010262F3C0
:10C08000C303C8E7012027E7C049002000EB4003B5
:10C09000C3EB031300EB830003B2002B07DAB3F109
:10C0A000800001D503F17F0040F30720704703F1C2
:10C0B0008000F9E7164B1B78D90707D5154B187880
:10C0C00040007F281FD800B3C0B270479A0703D53D
:10C0D000104B18788000F4E75B0703D50D4B1878F8
:10C0E000C000EEE70C4B1B785BB10C4A0949127893
:10C0F00008789342F4D25843C000B0FBF2F080B20B
:10C10000DFE70820E0E77F2070470120704700BF8D
:10C1100004370020EC0E002005370020ED0E002033
:10C12000144B1B78D90705D5134B18788008F8B144
:10C13000C0B270479A0703D50F4B18784008F6E74E
:10C140005B0705D50C4B18787F28F0D97F20704706
:10C150000A4B1B7853B10A4A074912780878934270
:10C1600036BF584380B2B0FBF2F0EDE70120DFE7C5
:10C170000120704704370020F00E00200637002011
:10C18000F10E0020CD2808B505D1FFF793FF4042FE
:10C19000294BD87008BDCE2802D1FFF78BFFF7E7F7
:10C1A000CF2805D1FFF786FF4042234B9870F1E777
:10C1B000D02802D1FFF77EFFF7E7D92804D1FFF797
:10C1C000AFFF1D4B1871E5E7DA2803D1FFF7A8FF91
:10C1D0004042F6E7DB2805D1FFF7A2FF4042164BAD
:10C1E0005871D7E7DC2802D1FFF79AFFF7E700F193
:10C1F0002F03DBB2072B08D801230F4AD13803FAEB
:10C2000000F0537818435070C4E7DD2805D10B4A7D
:10C21000137843F001031370BCE7DE2804D1074A0A
:10C22000137843F00203F6E7DF28B3D1034A13780B
:10C2300043F00403EFE700BFFE3600200437002080
:10C24000364BCD2893F902200AD193F90310002927
:10C250000CDA0021D97052B90021314A117006E080
:10C26000CE280DD193F903100029F2DC72B11A79AE
:10C270005B7913435AB2002B4FD12A4B1A70704787
:10C28000CF2806D1002AF1DA00229A7093F9032010
:10C29000E1E7D02802D1002AF6DCE7E7D92893F9B4
:10C2A000041004D10029E1DD00211971DEE7DA284C
:10C2B00002D10029DADAF7E7DB2893F9051004D177
:10C2C0000029D3DA00215971D0E7DC2802D10029F6
:10C2D000F8DCCBE700F12F01C9B2072907D801210B
:10C2E000D1388140587820EA01005870BEE7DD2837
:10C2F00005D10D48017821F001010170B6E7DE2873
:10C3000004D10948017821F00201F6E7DF28ADD118
:10C310000548017821F00401EFE77047FE36002060
:10C3200005370020063700200437002008B501F04B
:10C3300077F8094BDA7899780A431CBF074A1080CE
:10C340001A795B7913431CBF054B18800248BDE87E
:10C35000084000F0E1BD00BFFE360020FA360020A4
:10C36000FC360020062208B500210548F4F704FA3F
:10C370000023044A1370044A1370044A137008BD62
:10C38000FE36002005370020063700200437002045
:10C3900090F902305BB990F9033043B990F9043059
:10C3A0002BB990F90500003818BF01207047012013
:10C3B0007047000037B5594C062221466846F4F70D
:10C3C000E9F800239DF80220A370E37023716371E4
:10C3D0009DF8033013430AD0514B188800F098FFA2
:10C3E00050490B783BB3504A127890422CDC9DF8B0
:10C3F00004209DF8053013430BD04C4B188800F0F7
:10C4000087FF4B490B78002B4ED04A4A1278904256
:10C4100053DC6946414800F0B5FE18B93F48FFF7C4
:10C42000B7FF08B1FFF782FF062269463B48F4F7E1
:10C43000B1F803B030BD0A253F4A12786A439042F2
:10C44000D5DD01330B7001E0FF2BFAD19DF90250CD
:10C450003DB1FFF72FFE002DCCBF0123FF23584332
:10C46000A0709DF903503DB1FFF724FE002DCCBF15
:10C470000123FF235843E07094F902000028B6D04E
:10C4800094F90320002AB2D0FFF700FE30B1A0706B
:10C490001046FFF7FBFD20B1E070A8E70123A37071
:10C4A000F6E70123E370A2E70A25244A12786A43DB
:10C4B0009042AEDD01330B7001E0FF2BFAD19DF904
:10C4C00004503DB1FFF72CFE002DCCBF0123FF230C
:10C4D000584320719DF905503DB1FFF721FE002D15
:10C4E000CCBF0123FF235843607194F90400002856
:10C4F0008FD094F90520002A8BD0FFF7C7FD30B10B
:10C5000020711046FFF7C2FD20B1607181E7012361
:10C510002371F6E7012363717BE700BFFE3600203D
:10C52000FA36002005370020EB0E0020FC360020F4
:10C5300006370020EF0E0020EA0E0020EE0E00204D
:10C540004B4B4C4A2DE9F04113F80080C308D55CF1
:10C55000494A00F00700D65C484A0541D75C0641CD
:10C5600015F0010547FA00F00C4606F0010600F050
:10C57000010711D0E120F9F7C5FA002C6AD0404834
:10C580004FF47A72A4FB00030021002300F2E7308D
:10C59000F3F72CFE02F037FB8EB1E620F9F7B2FA82
:10C5A000002C59D036484FF47A72A4FB00030021C6
:10C5B000002300F2E730F3F719FE02F024FB2146D6
:10C5C0004046F9F721FB002C48D02D484FF47A72F1
:10C5D000A4FB00030021002300F2E730F3F706FE7E
:10C5E00002F011FB86B1E620F9F7D4FAC4B324486F
:10C5F0004FF47A72A4FB00030021002300F2E7301D
:10C60000F3F7F4FD02F0FFFA85B1E120F9F7C2FA81
:10C6100044B31B484FF47A72A4FB000300210023AB
:10C6200000F2E730F3F7E2FD02F0EDFAF7B12C206B
:10C63000F9F708FBC4B112484FF47A72A4FB000466
:10C640000023002100F2E730F3F7D0FDBDE8F04110
:10C6500002F0D9BA01209DE70120AEE70120BFE733
:10C660000120CFE70120DFE70120EFE7BDE8F081FF
:10C67000BC1701083C1801089C170108AC170108F9
:10C68000A08601002DE9F84F304C0546A2FB0403BB
:10C690000E46174600234FF47A72002100F2E7306D
:10C6A000F3F7A4FDA04681463046A84788B101288B
:10C6B00047D13046A847012804460CD13046A84748
:10C6C000F9F7C0FA002F3AD0484602F09CFA002C45
:10C6D000EAD1BDE8F88F022804D13046A847F9F71F
:10C6E00011FAEFE7032804D13046A847F9F752FAC8
:10C6F000E8E70428E6D13046A8474FF0000B04468F
:10C700004FF00A0A124BE15C11F004010ED1BBF1AB
:10C71000000F12D040F2E7304FF47A720023CBFBC7
:10C720000801F3F763FD02F06EFACBE73046A84745
:10C73000303C0AFB0B4B0446E4E70120F3E7012001
:10C74000C3E73946FFF7FCFEAEE700BFA086010055
:10C75000910F0108F8B5144642791D469DF81870EE
:10C76000284B92B11C7000F05BFE274B188004F13F
:10C770002003DBB2072B44D8012004F00704A040BB
:10C78000C0B2BDE8F840F9F765BA1E78A6422ED1CE
:10C790001D4B188800F0BCFDC72828D8AE4205F113
:10C7A000200415D006F12003DBB2072B06D80120A8
:10C7B00006F00706B040C0B2F9F755FAE3B2072B0E
:10C7C00006D8012005F007039840C0B2F9F742FAF5
:10C7D0003846E4B2F9F736FA072C12D8012005F0F2
:10C7E0000705A840C0B2BDE8F840F9F73CBA04F12B
:10C7F0002003DBB2072B04D8012004F00704A0407B
:10C80000F0E7F8BD07370020083700200346A3F5FE
:10C81000F843183B07B50846062B3BD8DFE803F082
:10C82000171E0410252C330026230093E12347F61E
:10C830001A411A46FFF78EFF002003B05DF804FB93
:10C8400027230093E52347F61B411A46F2E72623E8
:10C85000E022009347F61841E123EBE72723E42287
:10C86000009347F61941E523E4E72623E2220093EB
:10C8700047F61C41E123DDE72723E622009347F634
:10C880001D41E523D6E72823E522009347F61E4104
:10C890000123CFE7487918B10022024B1A70CCE788
:10C8A0000120CAE70737002047F67743984270B562
:10C8B00006D047F67843984229D00124204670BD1F
:10C8C0004C7994B100F02CF8F9F788FC00F028F8C6
:10C8D000044600F02BF8054600F02EF829460246E3
:10C8E0002046F9F789FD0024E8E700F019F8F9F788
:10C8F00081FC00F015F8054600F018F8064600F037
:10C900001BF8314602462846F9F776FDD6E74C7902
:10C9100014B100F00BF8D7E700F008F8E7E70000E3
:10C92000014B1878704700BFF30E0020014B1878B8
:10C93000704700BFF40E0020014B1878704700BF0D
:10C94000F20E002007B50DF107020DF106010DF101
:10C95000050000F05EFA9DF80530262B0CD19DF8FD
:10C960000630092B08D19DF80700A0F115035842A5
:10C97000584103B05DF804FB0020FAE720B115220E
:10C980000921262000F05CBAFF2211461046F9E783
:10C990007047704710B50446FFF7FBFF2046BDE81F
:10C9A000104000F067BA08B500F032FA0020FFF737
:10C9B000E5FF0020FFF7EEFFFFF79BF8FFF7F6F823
:10C9C000BDE8084015220921262000F039BA08B533
:10C9D000FFF7DEFF00F048FAFFF7DBFFFFF7B2FFDB
:10C9E00018B9BDE80840FFF7DEBF08BDFEF74ABB37
:10C9F00008B50346487940B1A3F5EE427F2A03D833
:10CA0000D8B2FFF7DBF8002008BD0120FCE70000EA
:10CA10002123054820210370002343701D238370C8
:10CA20000423C370F6F71ABA014B002022230548ED
:10CA30002021037001234370002383700623C370F9
:10CA4000F6F70CBA014B0020232304482021037081
:10CA5000002343708370C370F6F700BA014B0020C7
:10CA6000F8B547788678BB19442B07DDFD230F48BE
:10CA700043702021BDE8F840F6F7F0B9092E07D839
:10CA80000025C41CEBB29E4204F1030403D8F8BD98
:10CA9000FE230648ECE7781914F8013C14F8022C40
:10CAA00014F8031CFCF792FC0135EBE7014B002066
:10CAB00008B50020FEF742FBFEF704FBFEF7E8FA9C
:10CAC000BDE808403320FEF739BB000027230348A8
:10CAD0002021037044234370F6F7C0B9014B0020B6
:10CAE000282303482021037002234370F6F7B6B9C8
:10CAF000014B0020FF23037070470020704710B5E2
:10CB000003780446013B032B0BD8DFE803F0020B4C
:10CB10001215FEF79FFB9623C0EB0020B0FBF3F04D
:10CB2000607010BDFEF7E6FA0028F9D0FEF728FB8A
:10CB3000F6E7FEF715FCF3E7FEF780FB6070FEF703
:10CB400083FBA070EDE738B503780446013B032B67
:10CB50002CD8DFE803F002111E23FEF76FFB054619
:10CB6000FEF772FB9723627801465A43A8B2120A75
:10CB7000BDE83840FEF744BB43781BB9BDE83840F8
:10CB8000FEF7A0BAFEF784FA6078BDE83840FEF7F9
:10CB9000D5BA4078BDE83840FEF7D2BB45788478F6
:10CBA000FEF758FB214602462846E1E738BD03461A
:10CBB00010F8022B082A05D0092A05D0072A05D12A
:10CBC000FFF7C1BFFFF79BBFFCF7BCBBFF221A708A
:10CBD000704708B54378032B03D1BDE80840FFF741
:10CBE000E6BFFFF787FF08BD70B504460D46FFF7A7
:10CBF00084FF002840F00B812378013B272B00F2B3
:10CC00008380DFE813F028004B007C0096009C0036
:10CC1000A800AB00AB00AB0081008100B000B40005
:10CC2000BA00C500D000D300D600E100EC00F5004A
:10CC300081008100810081008100810081008100EC
:10CC40008100810081003200350038003B003F0048
:10CC5000420045004800002363700D23A37029465D
:10CC60002046BDE87040F6F7F9B8FFF7D1FEF6E7C9
:10CC7000FFF7DCFEF3E7FFF7E7FEF0E72046FFF7FC
:10CC8000EFFEECE7FFF714FFE9E7FEF75BFAE6E7F4
:10CC9000FFF71CFFE3E7FFF723FFE0E76378013BC3
:10CCA000052B31D8DFE803F0030D101F302500F00D
:10CCB00081FB030EA370030CE370030A2371607100
:10CCC000CDE700F0D1F8F4E7002322461946A67814
:10CCD000F0180B28C3D801330E2BD170117102F15B
:10CCE0000202F5D1BBE70023A370E37023716371E7
:10CCF000B5E70023A370E37023710823F7E7637897
:10CD0000022B04D0052B10D0FF232370A7E7E37874
:10CD1000A07840EA0320237940EA0340637940EA9F
:10CD2000036000BAFFF736FE99E7A078FFF75EFED2
:10CD300095E7E278A1786078FEF7D3FEBDE76279E7
:10CD40002379A17843EA02235BBAE27860789BB248
:10CD5000FEF7C9FE83E7FEF7CCFE80E729462046B2
:10CD6000FFF737FF7BE7FEF716FF607077E7FEF708
:10CD700014FF030A6370A07071E76078A378E1780C
:10CD800040EA032040BA221D80B2FEF70BFF66E79F
:10CD90006078A378E17840EA032040BA221D80B28F
:10CDA000FEF702FF5BE7FEF701FF58E7FEF797FE8D
:10CDB000DBE76078A378E17840EA032040BA221DDF
:10CDC00080B2FEF7D0FE4AE76078A378E17840EAC7
:10CDD000032040BA221D80B2FEF7C7FE3FE7E2788B
:10CDE000A178003A18BF01226078FEF77EFE64E762
:10CDF00062792379A17843EA0223E2785BBA003AA8
:10CE000018BF012260789BB2FEF771FE27E770BD64
:10CE1000704770B50D461446064620B140F2993071
:10CE2000FBF76AF8307025B140F29A30FBF764F8EE
:10CE3000287024B140F29B30FBF75EF8207070BD83
:10CE400038B50D461446014640F29930FBF7BCF860
:10CE5000294640F29A30FBF7B7F82146BDE8384042
:10CE600040F29B30FBF7B0B808B54FF46770FBF7A2
:10CE700043F808BDC1B24FF46770FBF7A5B80000D6
:10CE8000014B1860704700BF0C370020014B186839
:10CE9000704700BF0C3700207047704708B500F09E
:10CEA000F1F9431E5842584108BD0000014B18706B
:10CEB000704700BF1437002010B5F8F71FFC10B9F9
:10CEC000064B187810BD064B18680028FAD0006889
:10CED0000028F7D0BDE81040004700BF14370020FD
:10CEE0000C37002008B5FFF7E7FF08BD034B1B68B0
:10CEF00013B15B6803B11847704700BF0C370020BF
:10CF0000044A126822B1926812B1062101701047DA
:10CF1000704700BF0C370020044A126822B1D26863
:10CF200012B1022101701047704700BF0C3700207A
:10CF30000B4B07B51A8882420FD01880094B1B682B
:10CF40005BB11B694BB103228DF80500000A8DF817
:10CF500006008DF8042001A8984703B05DF804FB93
:10CF6000123700200C3700200C4B07B51A8882427C
:10CF700010D018800A4B1B6863B11B6953B104229F
:10CF80008DF80500000A8DF806008DF804200DEBE1
:10CF90000200984703B05DF804FB00BF1037002083
:10CFA0000C3700200E4B10B51C680234FFF776FFDB
:10CFB00068B10C4B93F90030002B08DA0A4B1C685F
:10CFC0001E230234002023449C4202D110BD0623BC
:10CFD000F8E714F8012B002AF6D00130C0B2F3E7CD
:10CFE000D00D0020C0490020D40D002010B504460B
:10CFF00018B3FFF753FFB0B1124B93F90030002B79
:10D0000011DAEF2C4FEAD40217D80F4B04F00704C3
:10D010001B6813449A78012303FA04F4224214BFD4
:10D020001846002010BD094B1B689A1C083312F8E3
:10D03000011BA14203D09A42F9D10020F2E701205E
:10D04000F0E700BFC0490020D40D0020D00D002023
:10D050004FF0FF32002330B5841C14F8015B8D4281
:10D060000ED0B2F1FF3F02D1002D08BF1A460133A6
:10D07000DDB2062D5BB2F0D1531C01D0104481709B
:10D0800030BD002210B5831C083013F8014B8C42D0
:10D0900008BF03F8012C8342F7D110BDEF294FEAF6
:10D0A000D10308D81844012301F0070103FA01F164
:10D0B0008378194381707047EF294FEAD10308D86C
:10D0C0001844012301F007018B40817821EA030114
:10D0D0008170704710B50446FFF7E0FE214650B15D
:10D0E000084B93F90030002B05DABDE81040064BE1
:10D0F0001868FFF7D3BF054BBDE810401868FFF76D
:10D10000A7BF00BFC0490020D40D0020D00D0020D3
:10D1100010B50446FFF7C2FE214650B1084B93F903
:10D120000030002B05DABDE81040064B1868FFF709
:10D13000C3BF054BBDE810401868FFF7A2BF00BF92
:10D14000C0490020D40D0020D00D002008B5FFF705
:10D15000A5FE68B1084B93F90030002B08DA1E22B7
:10D16000064B18680021BDE808400230F3F704BB05
:10D17000034B06221868F5E7C0490020D40D0020B3
:10D18000D00D002042784B789A421DD190F90230A0
:10D190001BB191F902209A4216D190F903301BB1CC
:10D1A00091F903209A420FD190F905301BB191F902
:10D1B00005209A4208D190F9040030B191F9043069
:10D1C000181A18BF012070470120704782B002B0C2
:10D1D000704707B50190FFF7F9FF03B05DF804FB56
:10D1E00007B500284FF0040214BF022301230649AB
:10D1F0000DEB0200CB70F3F7CDF90198FFF7E9FFD3
:10D2000003B05DF804FB00BFF50E002007B5042253
:10D21000032306490DEB0200CB70F3F7BBF901982D
:10D22000FFF7D7FF03B05DF804FB00BFF50E002049
:10D23000FFF7D6BF07B50422012306490DEB020014
:10D24000CB70F3F7A7F90198FFF7C3FF03B05DF8C0
:10D2500004FB00BFF50E0020FFF7ECBF07B5003858
:10D2600018BF01200422064988700DEB0200F3F775
:10D2700091F90198FFF7ADFF03B05DF804FB00BF23
:10D28000F50E0020014B9878704700BFF50E002086
:10D2900007B50422054948700DEB0200F3F77AF94F
:10D2A0000198FFF796FF03B05DF804FBF50E002030
:10D2B000014B5878704700BFF50E002007B50422D7
:10D2C000054908700DEB0200F3F764F90198FFF7C8
:10D2D00080FF03B05DF804FBF50E0020044B33F82B
:10D2E000102001238B401A4214BF012000207047F8
:10D2F0001637002042B90123044A8B4032F810103F
:10D3000021EA030122F81010704700BF16370020F1
:10D3100010B5044600F084F8001B80B210BD10B5B3
:10D32000044600F047F8001B10BD10B5044610225B
:10D330000021F3F721FA204610BD08B501F0D8FD11
:10D34000BDE8084001F058BA08B5F8F74CFBBDE855
:10D35000084040F2A46001F056BC08B5F9F7A6FAFF
:10D36000F9F7BAFAFFF7F2FEFEF7FCFF0020FFF72D
:10D37000DFFD0020FFF7F8FDBDE80840F8F741BBEE
:10D38000302383F31188064BDA69064B1A600023B9
:10D39000054A1360054A136083F31188704700BF84
:10D3A000404B002038370020303700203437002031
:10D3B000FFF7E6BF70B501F045FA124D124B134965
:10D3C000DC692B680A68E41AA242114A0AD9A3F55B
:10D3D0008333E03B2B6015680E4B04F583342B44FC
:10D3E000E034136016680C604FF47A7501F033FA7C
:10D3F000002109480023E4FB0501084AF2F7F6FE84
:10D40000304470BD38370020404B002030370020BA
:10D410003437002088598F029F860100A0860100C2
:10D4200008B5FFF7C7FF80B208BD0000BFF34F8FFC
:10D430000549064BCA6802F4E0621343CB60BFF3B0
:10D440004F8F00BFFDE700BF00ED00E00400FA05CC
:10D4500008B5024A024B1A60FFF7E8FFEFBEADDEE7
:10D46000FC6F00200A4A08B552F8041C094B994287
:10D470000CD1002342F8043C83F31488064B1A684D
:10D4800082F3088862B65B689847FEE708BD00BF74
:10D4900000700020EFBEADDE00E0FF1F08B5FFF713
:10D4A000C5FF000083B5284D284E002301210DF152
:10D4B00007008DF8073000F0FFF898B19DF80730AD
:10D4C0000F2B0FD802F0DCFB9DF80740012184F000
:10D4D00010030DF107008DF8073000F0C9F820B9EE
:10D4E00002F0D4FB00F09AF8DEE70C236343E95C1A
:10D4F000EA1861B90C236343E81887687FB90C23E5
:10D5000003FB0454217999B902F0C0FBCDE753889D
:10D510003068184400F0BEF80028EBD1E0E7EA5C80
:10D520003168C38840880B4401441046B847E6E799
:10D53000E3883068184400F09BF8044602F0A6FB2C
:10D54000002CB2D1CEE700BF180E002058160108FB
:10D5500007B500F0C9F80023FF2200934FF49A6149
:10D56000034B044801F01CFB03B05DF804FB00BF53
:10D57000A5D400084037002000F0C6B873B50446B3
:10D5800000F04CF8E0B20F288DF806003FD802F00A
:10D5900077FB01210DF106009DF8066000F068F8A8
:10D5A00028B9002402F072FB204602B070BDFF23B0
:10D5B00001210DF107008DF8073000F06BF80446EB
:10D5C0000028EED09DF806309DF8072083F0100368
:10D5D0009A42E6D10C2373430E4DE95CEA1869B90F
:10D5E0000C2303FB065529790029DBD00A4AEB8876
:10D5F0001068184400F04EF80446D3E75388064AF2
:10D600001068184400F034F80028E9D1C9E7002474
:10D61000CAE700BF180E00205816010873B5302461
:10D6200084F31188114D00262B685B69003B18BFFD
:10D6300001238DF8073086F311889DF807300BB968
:10D6400002B070BD84F3118828680C3001F036FEFA
:10D6500086F311889DF8073084F311882B685B6985
:10D66000003B18BF01238DF80730E4E7040F0020CA
:10D6700070B50646064B0C4618680A4603683146E4
:10D68000DD694FF4FA63A847031B5842584170BD47
:10D69000040F002070B50646064B0C4618680A4673
:10D6A000036831461D6A4FF4FA63A847031B5842CA
:10D6B000584170BD040F002038B5064B0C461B685E
:10D6C0001A6895680A4601461846A847031B58423F
:10D6D000584138BD040F002008B5F6F7A9F908BD78
:10D6E00008B5F6F7A5F908BD10B5054C2046FFF7BB
:10D6F000F7FF20680349BDE8104001F023BF00BFD9
:10D70000040F0020FC0E002010B5054C2046FFF74A
:10D71000E3FF20680349BDE8104001F013BF00BFDC
:10D72000040F0020FC0E0020184B10B51C785CBBC9
:10D73000012208211A701648224602F02DFD2246C9
:10D740002021134802F028FD22461021104802F043
:10D7500023FD4FF47A7001F056FA41F68222082137
:10D760000B4802F019FD40F282222021084802F005
:10D7700013FD40F282221021054802F00DFD0548FC
:10D7800001F02EFF044B1C7010BD00BF103C0020A8
:10D7900000040040E04E0020283C002010B5044664
:10D7A0001C4801F085FF1C48037823B1194801F09B
:10D7B00082FF002010BD21684B1CF7D0E288002AB0
:10D7C000F4D0164B92001A826279032A05D8DFE85A
:10D7D00002F0021A1D1F0022DA600124047021F0F9
:10D7E0000F0001F00F019960224604FA01F1586020
:10D7F00002F0D2FC0949074801F0E4FE054801F0B7
:10D80000FDFE2046D6E74FF48002E5E78022E3E7FD
:10D81000034AE1E7E04E0020283C0020143C0020B1
:10D82000800040001FB5ADF80A300123019001A827
:10D830008DF808108DF809200393FFF7AFFF05B0AE
:10D840005DF804FB1FB501218DF807000DF10F03F2
:10D8500004480DF1070201F0F8FE9DF80F0005B035
:10D860005DF804FBE04E0020002307B501210648C7
:10D870000DF107028DF8073001F009FF9DF8070050
:10D8800003B05DF804FB00BFE04E002008B502467F
:10D89000024801F0EBFE002008BD00BFE04E002072
:10D8A00008B50246024801F0F2FE002008BD00BFA4
:10D8B000E04E002010B5084C23783BB1074801F03A
:10D8C000ABFE064801F08CFE002323700348BDE840
:10D8D000104001F0F0BE00BF283C0020E04E0020C8
:10D8E0000E4B10B51A78BAB901220D4C1A7020608F
:10D8F00040F282324FF480610A4802F04DFC4FF44E
:10D900000061084840F2823202F046FC2146BDE840
:10D910001040054801F016BE10BD00BF293C002094
:10D92000080F002000080040284C00204FF0FF3175
:10D9300008B5024801F0E6FCC0B208BD344C002036
:10D940000A464FF0FF330146014801F080BD00BF99
:10D95000584C002008B5034801F019FE80F0010082
:10D96000C0B208BD284C002070B590F84420044691
:10D9700002F07F03212B51D112F0800F90F8453037
:10D980001DD0022B17D0032B05D0012B17D1BDE8DA
:10D99000704000F065BD90F8483090F8495053EA67
:10D9A00005253BD1FFF76EFC334B25641870012031
:10D9B000A363E06370BDBDE8704000F08BBE0A2B2E
:10D9C00023D00B2B12D0092B28D194F8483094F88F
:10D9D000491043EA012323F00203FBB9274BA36359
:10D9E0000223E363264B01202364E3E794F84830E5
:10D9F00094F8492053EA022303D194F84600FFF734
:10DA00002DFC0023A363E363EDE794F84700FFF7E1
:10DA100055FC2046BDE8704000F084BE02F09F0235
:10DA2000812A18D194F84530062B14D194F8492056
:10DA3000616894F848304D6843EA0223204694F820
:10DA4000472094F84610A84770B14368A363036861
:10DA5000E3630023C7E703260A4DD5F89C302BB9B2
:10DA6000013E05F1A805F8D10020A3E7204698471C
:10DA70000028F5D09EE700BF343C0020383C002051
:10DA8000CDDA000874110020F8B50F4C00222346AF
:10DA900043F8042F90F84B7090F8496090F8465086
:10DAA00090F84A2090F8481090F8470042EA072280
:10DAB00041EA062145EA002000F020FA2060606873
:10DAC000002818BF2046F8BD2C3C0020034693F8E0
:10DAD0004A2093F84B30074942EA0323022B087887
:10DAE00004D1012801D0062802D14878FFF7D0BB25
:10DAF000704700BF383C002010B5064A064C11782C
:10DB000024784B1C03F00F039C421EBF034C137080
:10DB1000605410BD314B0020324B0020214B0020BF
:10DB2000084608B5052935D8DFE801F02034032080
:10DB30002035302383F31188214800F016FB21485B
:10DB400000F013FB204800F010FB204800F01DFB04
:10DB5000002383F311881E4B1B7813B10520FFF7B8
:10DB6000CBFF0220BDE80840FFF7C6BFFFF7C4FFA8
:10DB7000302383F31188124800F0D0FA114800F0E6
:10DB8000CDFA114800F0CAFA104800F0DBFA002381
:10DB900083F3118808BD302383F31188084800F00F
:10DBA000DEFA084800F0DBFA074800F0D8FA074828
:10DBB00000F0D8FA002383F311880520D2E700BFD4
:10DBC000741100201C120020C41200206C130020CD
:10DBD000353C0020102208B500210448F2F7CCFDA6
:10DBE0000023034A1370034A137008BD214B002021
:10DBF000314B0020324B002070B52A4D2A4C0021B9
:10DC000028782378294E984233D101B1207070BD15
:10DC100001222370264B1A70264B93F84F10081ED2
:10DC200018BF0120FFF7F2FAE9E700222370204B2A
:10DC30001A70FFF792FB1F4B93F84F10081E18BF86
:10DC40000120FFF7F5FADAE723701A4B93F84F102B
:10DC5000081E18BF0120FFF7C3FAD0E70021237088
:10DC60000846F8E72370FFF7E5FA0120FFF7F6FA18
:10DC7000C5E71A46B25C0133012103F00F03052A00
:10DC8000C1D80FF2080C5CF822F000BF65DC000878
:10DC900007DC000849DC00085DDC000811DC000836
:10DCA0002BDC0008314B0020324B0020214B0020A0
:10DCB000353C0020484F002070B50546184C2046E2
:10DCC00000F0A6F904F1A806204600F0D1F930468C
:10DCD00000F09EF904F5A874304600F0C9F920461A
:10DCE00000F096F920460F4C00F0C2F9204600F0F3
:10DCF000ABF9204600F0CCF9284602F017F9284687
:10DD000001F016FD41F2883000F07DFF28460649FB
:10DD100001F0FBFC2846BDE8704002F0E5B800BF0A
:10DD2000741100206C1300204C1801082DE9F041FB
:10DD300004461E4D02F0FAF8204601F0F9FC05F108
:10DD4000A808284600F0B3F9194E05F5A877404613
:10DD500000F0ADF9384600F0AAF9304600F0CAF9F3
:10DD600041F2883000F04FFF284600F051F9284674
:10DD700000F07EF9404600F04BF9404600F078F99B
:10DD8000384600F045F9384600F072F9304600F0A8
:10DD90005BF9304600F07CF92046064901F0B5FCFD
:10DDA0002046BDE8F04102F09FB800BF741100208A
:10DDB0006C1300204C18010837B50023A825054C2A
:10DDC000009305FB004042F2107300F055FA03B0D7
:10DDD00030BD00BF7411002010B50446FFF752FAA1
:10DDE0002146BDE8104008220120FFF7E5BF0146AB
:10DDF00020220020FFF7E0BF014606220020FFF7A7
:10DE0000DBBF014603220020FFF7D6BF20290A46C8
:10DE100003D101460220FFF7CFBF704710B5084C71
:10DE200088B0002320226946204600F092FA08B903
:10DE300008B010BD20216846FEF7D6FEF1E700BF0E
:10DE40006C130020FFF70EBB7047704708B5FFF753
:10DE5000F9FF01F0BDFEFFF7F7FF08BD08B501F0BF
:10DE6000D3FEFFF7F2FF08BDFFF7F6B908B5FFF7DD
:10DE7000B1FE0448FFF720FFBDE8084041F28830BA
:10DE800000F0C1BE484F00200148FEF7F9BF00BFB7
:10DE9000100F0020FFF7B0BE00F094BB30B5144B5C
:10DEA00085B01C7814BB012268461A70FFF73DFA52
:10DEB0002346104A104C04A901EB630111F8100C21
:10DEC00002EB43010509655D00F00F008D70002530
:10DED000205CCD70591C023302EB4101202B88706D
:10DEE000CD70E8D1422313700323537005B030BDC9
:10DEF0007E3C00203A3C00202A1A010810B51C463E
:10DF0000030A032B0FD007D8012B30D0022B07D1E7
:10DF10005B20184A226010BD212B19D0222B1ED065
:10DF200000200246F6E7C0B20328F9D8DFE800F087
:10DF30000205080B0420104AECE712200F4AE9E71B
:10DF400010200F4AE6E7FFF7A9FF0E4A1078E1E735
:10DF50000229E5D80C4B092053F82120DAE70229E1
:10DF6000DED80A4B53F82120094B585CD2E7122027
:10DF7000084ACFE777180108281901082C19010869
:10DF8000401901083A3C00205C1801086818010893
:10DF900074180108D218010813B5446BD4F888200E
:10DFA0001378042B13D1012394F88C1012898B4021
:10DFB00013420CD1204601A901F07AF8024630B193
:10DFC000019B94F88C10D4F8880001F02DFC02B06D
:10DFD00010BD10B5026F04461378042B13D1012332
:10DFE00090F8741052898B4013420CD100F0B5FFA9
:10DFF000024640B1E36994F87410206F043BBDE819
:10E00000104001F0FFBB10BD406BFFF7E2BF000006
:10E010001FB500F15C03C36490F8843013B100F1C4
:10E0200070030365074B01210193D0F89030D0F8BD
:10E03000982000930290D0F8943001F016F805B0C3
:10E040005DF804FB99DF00081FB500F15C03036570
:10E05000064B01210193836FD0F88020009302903A
:10E06000C36F00F058FF05B05DF804FB09E000083D
:10E07000302383F31188D0F8883090F88C2003EB9C
:10E0800082039861002380F8A03083F311887047E1
:10E09000302383F3118890F87430026F093342F80B
:10E0A0002300002380F8843083F31188704710B573
:10E0B0003023044683F3118890F88C20D0F8883000
:10E0C000053203EB820300225A6001236FF0010145
:10E0D000037200F0D8FD204600F0DEFFD4F8A43033
:10E0E00013B1DA681868904700F0D0FC002383F37E
:10E0F000118810BD10B53023044683F31188012325
:10E100006FF00101037200F0BEFD204600F01AFF1F
:10E1100000F0BCFC002383F3118810BD012310B56F
:10E12000044603726FF0010100F0ADFD204600F0DF
:10E13000B3FFD4F8A43023B1BDE81040DA68186802
:10E14000104710BD012310B5044603726FF00101A2
:10E1500000F099FD2046BDE8104000F0F3BE00231A
:10E160000372704700230372704710B5044690F89D
:10E170008C1000F13802D0F8880001F003FB204633
:10E1800000F08AFF0023237210BD10B5044600F092
:10E19000D9FE002320462372BDE81040FFF719BFC7
:10E1A00000EB8103F7B59C6905460E4684B3302326
:10E1B00083F311880023226984F8A03063699A42AE
:10E1C00001D1E368B3B905EB8603DB685B691B68C3
:10E1D00083B1D4F8A43053B101A9204600F068FF00
:10E1E000D4F8A43001469F68019A1868B8472046C1
:10E1F00000F06CFF204601A900F05AFF024648B12A
:10E20000019B3146284601F00FFB002383F3118860
:10E2100003B0F0BD05EB8603DB681A68022AF4D16F
:10E220005A691268002AF0D01B8A013B1340ECD1D6
:10E2300005F14402E5E701F1090210B550F822406A
:10E24000CCB1302282F3118800EB8103DB689B693B
:10E250005B6853B1236F94F87420204603EB82036C
:10E26000DB689B69596800F082FE2046FFF7B1FE2B
:10E27000002383F3118810BD2DE9F84F1E46044694
:10E280000F46924630239DF8285083F31188D0F82A
:10E2900088301B78042B05D0002585F3118828468B
:10E2A000BDE8F88F90F8A03023B101364FF0FF366B
:10E2B00018BF0026002383F311884FF030094FF078
:10E2C0000108334652463946204600F03AFF82455F
:10E2D0001CD989F3118894F8A0304FF0000B002866
:10E2E00008BF43F001036FF0010184F8A03020461D
:10E2F00084F8088000F0C7FC204600F0CDFE84F8CA
:10E3000008B000F0C3FB8BF31188DAE7002DC6D10B
:10E31000204600F05BFF0125C1E7302383F311881D
:10E32000026943699A4210D1C36883B10123D0F8CE
:10E33000882090F88C1012898B4013420CBF01206A
:10E340000020002383F3118870470020F9E7184666
:10E35000F7E738B514460546302282F31188026F7C
:10E360001278042A03D0002080F3118838BD90F879
:10E37000842022B101334FF0FF3318BF0023002265
:10E3800082F311882246284600F02CFEB0FA80F372
:10E390005B0985F88430231A58425841E6E70000AB
:10E3A000006810B440B1054C8264E469083040F85C
:10E3B000044C10BCF2F7EEB810BC7047404B002084
:10E3C0000168134631B18A6C03F108009A64083180
:10E3D000F2F7E0B8704710B50446006840B1826CAF
:10E3E00000210830F2F7C8F9002223681A605A6049
:10E3F00010BD000010B40C78082C0BD850F8240085
:10E4000040B1054C8264E469083040F8044C10BC0B
:10E41000F2F7C0B810BC7047404B002008291346E3
:10E4200009D850F8211031B18A6C03F108009A64C0
:10E430000831F2F7AFB8704770B50026051F00F13C
:10E44000200455F8040F38B1826C00210830F2F72F
:10E4500093F92B681E605E60A542F2D170BD00008A
:10E4600038B590F848300446022B1CD890F8461076
:10E47000082918D80D4AD25C022A14D8A8200C4BBF
:10E4800000FB0233D3F8A40060B10A4D43682A466A
:10E490000068984705F10803A363AB6C0120E363B0
:10E4A0000023236438BD0020FCE700BF701100206A
:10E4B00074110020B03E0020036843B19100196040
:10E4C00003490B78002A18BF43F001030B70704713
:10E4D000FC3E0020006810B10068C0F38700704760
:10E4E000036870B50BB9002070BD302383F3118829
:10E4F000036800211C685B6881F31188002CF2D04E
:10E500004FF47A76074A0848D569084AED1AE5FBC0
:10E5100006010023F1F76AFE84428CBF002001202F
:10E52000E2E700BF404B00209F860100A08601006B
:10E530004B1E072B0BD850F8213043B191001960C6
:10E5400003490B78002A18BF43F001030B70704792
:10E55000FC3E0020082906D850F8210020B10068B0
:10E56000C0F387007047002070470000082970B58D
:10E5700001D9002070BD50F82130002BF9D0302394
:10E5800083F3118850F8213000211C685B6881F307
:10E590001188002CEDD04FF47A76074A0748D569E8
:10E5A000074AED1AE5FB06010023F1F71FFE84423E
:10E5B0008CBF00200120DDE7404B00209F8601003A
:10E5C000A0860100404B2DE9F74F1B78002B47D068
:10E5D00000242546DFF8F4803D4E08F1080AD6F8FD
:10E5E000A4B0BBF1000F34D0002C3CD10127302364
:10E5F00083F31188F9B2DBF81430DBF800000191E5
:10E6000098474FF00009002818BF45F0010589F32D
:10E6100011882F48FFF781FEC0B1DBF8183001994F
:10E62000DBF80000984788B1302383F31188274A2C
:10E63000DBF804300199DBF80000984789F3118872
:10E6400051464846D8F84820FFF7B6FB0137092F56
:10E65000CDD10134032C06F1A806C0D11A4B1D7090
:10E6600003B0BDE8F08F302787F311880021DBF875
:10E670001430DBF8000098474FF00009002818BF5D
:10E6800045F0010589F311883046FFF746FE002862
:10E69000DFD04946DBF81830DBF800009847002847
:10E6A000D7D087F31188094A4946DBF80430DBF8F4
:10E6B0000000984789F311885146D8F84820E0B205
:10E6C000FFF77AFBC5E700BFFC3E0020643E002058
:10E6D0007411002010B590F848300446022B19D868
:10E6E00090F84610082915D80B4AD25C022A11D896
:10E6F000A8200A4B00FB0233D3F8A40048B14369B9
:10E7000000689847064B1870A36301200023E0635C
:10E71000236410BD0020FCE770110020741100205C
:10E72000603E002010B590F848300446022B19D8FE
:10E7300090F84610082915D80B4AD25C022A11D845
:10E74000A8200A4B00FB0233D3F8A40048B10369A8
:10E7500094F847200068984700230120A363E363EF
:10E76000236410BD0020FCE770110020741100200C
:10E7700010B5044C204601F0D9FB2046BDE81040FE
:10E7800000F0D6BF484F0020024B1878031F5842B4
:10E7900058417047484F002070477047FEE700001F
:10E7A00070B50825134C606823680146A268043BD5
:10E7B0008A4219D8D31C1B1AC11E23F003038A42B4
:10E7C00038BF00231844E368C11EDA1C121A22F075
:10E7D0000302994288BF00220021F1F7CDFF013DDD
:10E7E00004F11004DFD170BD53F8046F41F8046BDD
:10E7F000DEE700BF3C1A010838B501230025074CAD
:10E800002370656000F044FB0549064800F04CF9B0
:10E810000223237085F3118838BD00BF384B0020D8
:10E82000C01A0108404B002072B60322024BD86583
:10E83000024B1A70FEE700BF404B0020384B00200F
:10E8400000F054B8EFF3118020B9EFF305833022C4
:10E8500082F31188704710B530B9EFF30584C4F323
:10E86000080414B180F3118810BD00F00FF984F38F
:10E870001188F9E7034A516853685B1A9842FBD83C
:10E88000704700BF001000E010B50A4C23699A6879
:10E8900091420CD85A6881600360426010609A68A7
:10E8A0005860511A99604FF0FF33A36110BD1B6887
:10E8B000891AECE7404B00200361002310B410BC20
:10E8C000C2604361FFF7E0BF036881689A680A4449
:10E8D0009A60426813605A6000234FF0FF32036071
:10E8E000014B9A61704700BF404B002070B5124D3C
:10E8F0002A46EB690133EB6152F8103F934206D090
:10E9000030269A68013A9A602C69A36803B170BDF9
:10E91000226861680A605160236083F31188204691
:10E92000E3682169984786F3118861690029EBD073
:10E930002046FFF7A9FFE7E7404B0020002382684D
:10E94000037503691B6899689142FBD25A6803609A
:10E950004260106058607047002382680375036945
:10E960001B6899689142FBD85A6803604260106046
:10E970005860704708B50846302383F311880A7D34
:10E980000023052A06D8DFE802F00B050503120E66
:10E99000826913604FF0FF338361FFF7CFFF0023DD
:10E9A00083F3118808BD82699368013393604268DC
:10E9B000036813605A60EDE7FFF7C0BF054BD968E5
:10E9C00008751868026853601A6001220275D860E1
:10E9D000F1F7F6BB404B002030B50C4B0446DD6828
:10E9E0004B1C87B00FD02B466846094AFFF764FFDF
:10E9F0002046FFF7E3FF009B13B16846FFF764FF73
:10EA0000A86907B030BDFFF7D9FFF9E7404B0020F8
:10EA100075E9000838B50C4D8161EB6881689A682A
:10EA20000446914203D8BDE83840FFF787BF184637
:10EA3000FFF792FF0123014623752046EC60BDE8F5
:10EA40003840F1F7BDBB00BF404B0020044B1A68B3
:10EA5000DB6890689B68984294BF00200120704753
:10EA6000404B0020084B10B51C68D86822685360E2
:10EA70001A6001222275DC60FFF76EFF0146204616
:10EA8000BDE81040F1F79CBB404B0020044B1A68D6
:10EA9000DB6892689B689A4201D9FFF7E3BF704731
:10EAA000404B002030BFFDE770B5002504461A4BEF
:10EAB00086B05860856201630E4600F0A3F904F148
:10EAC0001003236163614FF0FF33A361134BE561D2
:10EAD000D9692B460A462046C4E9082304F13401CB
:10EAE00080230F4A24606460A560E562E56500F05C
:10EAF0001DF801230B4AE0600375009272686846B6
:10EB00000192B268CDE90223074BCDE9043500F04C
:10EB10003FF806B070BD00BF384B0020404B0020CE
:10EB2000CC1A0108D11A0108A5EA000802228B605C
:10EB30004B62002308618A8208460B62CB617047F2
:10EB40008368C168A3F14C0243F81C2C026943F8A6
:10EB50004C2C42690C4843F8482C0C4A43F8180CDA
:10EB600043F82C2C022203F8142C002243F8201C1A
:10EB700003F8132C43F8041C43F8082C43F80C2C1E
:10EB8000A3F12800704700BF404B0020D1010008CE
:10EB900008B5FFF7D5FFBDE80840FFF70DBF00003F
:10EBA00038B5302484F311882839441844F8243CBB
:10EBB000049B002544F8203C0A4BA4F1240144F8AE
:10EBC000043C0223A382084BE16020462946A26050
:10EBD000236162622562E561FFF71CFF85F31188FE
:10EBE000204638BDD1010008404B0020024BDB68B5
:10EBF00098610F20FFF7E2BE404B0020302383F3E3
:10EC00001188FFF7F3BF08B50146302383F311885D
:10EC10000820FFF7E1FE002383F3118808BD000000
:10EC2000054BDB6821B1036098610320FFF7D4BE78
:10EC30004FF0FF30704700BF404B00200346006894
:10EC400020B100221A608161FFF7B6BE7047000054
:10EC5000064BDB6839B1426818605A601360436044
:10EC60000420FFF7B9BE4FF0FF307047404B002043
:10EC700003460068834205D002681A6053608161D0
:10EC8000FFF79ABE704738B504460D4620688442A7
:10EC900000D138BD036823605C608561FFF78CFE9E
:10ECA000F4E7034610B51B68984203D09C688A6855
:10ECB0009442F8D25A680B604A601160596010BDE6
:10ECC00000230060406083607047000038B58168B1
:10ECD000164B0446DD6891B92B6A8560C3602862D3
:10ECE00038BD8B600B7D7BB1062B14D10B684A6855
:10ECF000886913605A60FFF7D4FF8B699968AB6825
:10ED00008A689A42EDD306E04A680B6808461360A9
:10ED10005A60FFF751FE20462946FFF7C2FFAC615B
:10ED20000620BDE83840FFF749BE00BF404B002039
:10ED300008B5302383F31188FFF7C8FF002383F35E
:10ED4000118808BD154A0346D16810B5302282F3F8
:10ED50001188C26800680A6298421BD0486A82B96A
:10ED60008860186802681A605360026A9860DA6006
:10ED70000362FFF721FEFFF789FE002383F311886A
:10ED800010BD1468A24203D0A468A04238BF204638
:10ED9000D268E4E700238360EFE700BF404B002028
:10EDA000C3691943037DC1610A2B03D183691942E9
:10EDB00005D170470B2B06D183698B4303D1002308
:10EDC0008361FFF7F9BD704770B506460D460468CC
:10EDD000B44200D170BDE3682B43E36015B12369F1
:10EDE0001D4203D0A1686068FFF7DAFF2468EFE7EF
:10EDF000EFF30983203383F30988002383F3118819
:10EE000070470000302080F3118862B60C4B0D4A29
:10EE1000D96821F4E0610904090C0A43DA60D3F8E7
:10EE2000FC20094942F08072C3F8FC200A6842F0D5
:10EE300001020A602022DA7783F82200704700BFBF
:10EE400000ED00E00003FA05001000E0302310B5EB
:10EE500083F311880B4B5B6813F400630FD0EFF35F
:10EE600009844FF08073203CE36184F30988FFF745
:10EE7000EDFD10B1044BA36110BD044BFBE783F320
:10EE80001188F9E700ED00E0E3010008E601000861
:10EE9000024B034A1A60034A5A607047A04B002095
:10EEA000A04F002000700020F0B50B4D0446D5E9BE
:10EEB0000067BB1B9A420CD8731E0B441A4449428C
:10EEC00002EA01000444A74203D3A64201D82C6001
:10EED000F0BD0020FCE700BFA04B002008B53023A8
:10EEE00083F31188FFF7E0FF002383F3118808BD47
:10EEF00008B500F043FF01F041F900F000FB00F01D
:10EF000055FB00F0F4FBFEF7A9FFBDE8084000F058
:10EF100000B801F09BB90172002130B5039C0433A5
:10EF200003FB0425C361049B00600363059B4060F1
:10EF3000C160426102618561046242628162C162B4
:10EF4000436330BD0022416AC26041610161826257
:10EF50006FF00101C262FFF796BE036942699342F6
:10EF600001D1C2680AB9181D7047002070470369B3
:10EF70001960C26800210132C260C269134482690B
:10EF80000361934224BF436A0361FFF771BE38B542
:10EF900004460D46E3683BB162690020131D126808
:10EFA000A3621344E36207E0237A33B9294620467B
:10EFB000FFF74EFE0028EDDA38BD6FF00100FBE7E9
:10EFC000C368C269013BC3604369134482694361FA
:10EFD000934224BF436A436100238362036B03B1FE
:10EFE000184770472DE9F84F04460E46904699465B
:10EFF0004FF0300A8AF311880025AB46A76A4FB953
:10F0000049462046FFF7C3FF20B187F31188284601
:10F01000BDE8F88FE76AA16A7A1AA8EB050797425C
:10F0200028BF1746402F16D930464022F1F7B2FAD2
:10F03000A36A40364033A3624035A26AE36A9A422B
:10F0400002D32046FFF7BCFF8BF311884545DED283
:10F050008AF31188D2E730463A46F1F79BFAA36A61
:10F060003E443B44A3623D44E7E710B5029C0433B1
:10F070000172C36103FB042100238362C362039B0B
:10F0800000600363049B4060C4604261026181616F
:10F0900004624262436310BD026A6FF00101C26004
:10F0A000426A4261026100228262C262FFF7EBBDE6
:10F0B000034640691A69824201D1DB681BB950F8E6
:10F0C000043B0B60704700231846FAE7C368C26927
:10F0D0000133C36043690021134482694361934251
:10F0E00024BF436A4361FFF7C3BD38B504460D46EC
:10F0F000E3683BB1236900201A1DA262E269134450
:10F10000E36207E0237A33B929462046FFF7A0FDE2
:10F110000028EDDA38BD6FF00100FBE703691960E4
:10F12000C268013AC260C2691344826903619342B2
:10F1300024BF436A036100238362036B03B1184752
:10F1400070472DE9F84F04460E46904699464FF019
:10F15000300A8AF311880025AB46A76A4FB94946A1
:10F160002046FFF7C2FF20B187F311882846BDE88B
:10F17000F88FE76AA06A3A1AA8EB0507974228BFFA
:10F180001746402F18D931464022F1F703FAA36AF7
:10F1900040364033A3624035A26AE36A9A4204D300
:10F1A000E16920460439FFF7B9FF8BF31188454523
:10F1B000DCD28AF31188D0E731463A46F1F7EAF912
:10F1C000A36A3E443B44A3623D44E5E7302208B5D0
:10F1D00082F31188816A29B103690439C91A01D0FF
:10F1E000FFF79CFF002383F3118808BDF8B515468F
:10F1F00082680B46AA428169066938BF8568761A1B
:10F20000B54204460BD218462A46F1F7C3F9A36962
:10F210002B44A361A36828465B1BA360F8BD0CD9EF
:10F2200018463246F1F7B6F9AF1B3A46E16830446A
:10F23000F1F7B0F9E3683B44EBE718462A46F1F7EB
:10F24000A9F9E368E5E72DE9F0410446154683682E
:10F250002769934238BF856840690E463F1ABD4210
:10F260000BD22A46F1F796F963692B446361A368D0
:10F2700028465B1BA360BDE8F0810CD93A46A5EB9C
:10F280000708F1F787F94246E068F119F1F782F9CA
:10F29000E3684344EAE72A46F1F77CF9E368E5E7E7
:10F2A00010B50024C361029BC160816141611144BA
:10F2B0000060406084600161036210BDC2686FF04D
:10F2C00001018261426100228260FFF7DCBC08B567
:10F2D00082694369934201D1826882B982680132AE
:10F2E00082605A1C426119700369426900219A4286
:10F2F00024BFC3684361FFF7BBFC002008BD4FF08B
:10F30000FF30FBE770B5302304460D4683F31188C8
:10F31000A668A6B1A368A269013BA360531CA361C0
:10F3200015782269934224BFE368A361E3690BB1B6
:10F3300020469847002383F31188284607E0294692
:10F340002046FFF785FC0028E2DA86F3118870BDBD
:10F350002DE9F74F04460E4617469846D0F81C9004
:10F360004FF0300A8AF311884FF0000B154665B153
:10F370002A4631462046FFF739FF034660B9414629
:10F380002046FFF765FC0028F1D0002383F31188A5
:10F39000781B03B0BDE8F08FB9F1000F03D00190E6
:10F3A0002046C847019B8BF31188ED1A1E448AF34F
:10F3B0001188DCE7C361009BC16081614161114438
:10F3C000006040608260016103627047F8B50446E6
:10F3D0000D461646302383F31188A768A7B1A368AA
:10F3E000013BA36063695A1C62611D7023696269F5
:10F3F0009A4224BFE3686361E3690BB120469847F2
:10F40000002080F3118807E031462046FFF720FCFA
:10F410000028E2DA87F31188F8BD8369426910B5E4
:10F420009A4201D182687AB98268002101328260F1
:10F430005A1C82611C7803699A4224BFC3688361A5
:10F44000FFF716FC204610BD4FF0FF30FBE72DE91B
:10F45000F74F04460E4617469846D0F81C904FF0DA
:10F46000300A8AF311884FF0000B154665B12A4621
:10F4700031462046FFF7E7FE034660B94146204685
:10F48000FFF7E6FB0028F1D0002383F31188781BF7
:10F4900003B0BDE8F08FB9F1000F03D00190204612
:10F4A000C847019B8BF31188ED1A1E448AF311881B
:10F4B000DCE70C30FFF74CBF4FF0FF330C30FFF7A9
:10F4C00047BF3030FFF7C3BF4FF0FF333030FFF797
:10F4D000BEBF0C30FFF716BF4FF0FF310C30FFF707
:10F4E00011BF3030FFF772BF4FF0FF323030FFF7FF
:10F4F0006DBF012914BF6FF013000020704700F0AA
:10F5000055BF000037B5154602460B460C49044668
:10F5100042F8041B4260012200F154010272009083
:10F5200080220C30FFF7BCFE2B468022009404F1B1
:10F53000D40104F13000FFF73DFF03B030BD00BF40
:10F54000D81A010810B53023044683F3118800F05F
:10F550004DFF02230020237280F3118810BD38B5BF
:10F56000436904460D461BB904210844FFF72CFCEF
:10F57000294604F10C00FFF7AAFE002806DA201D38
:10F580004FF40061BDE83840FFF71EBC38BD3023A2
:10F5900083F311880023406983F31188B0FA80F067
:10F5A000400970474FF0FF31FFF73ABB01F008B850
:10F5B0000123037000230C3040F8083C40F8043C61
:10F5C000FFF77EBB10B53023044683F311884160FA
:10F5D00001F00CF802230020237080F3118810BD85
:10F5E00010B53023044683F3118801F073F800232B
:10F5F00001226360227083F3118810BD302383F3EE
:10F600001188436899685A684FF480338B4093613E
:10F61000002383F311887047302383F311884368F4
:10F6200099685A6801238B409361002383F3118802
:10F63000704710B5302484F311880324047001F05E
:10F640008CF8002383F3118810BD38B504463025AB
:10F6500085F31188032504F8085B01F067F820465C
:10F66000FFF7A0FF002383F3118838BD10B53023C6
:10F67000044683F31188032304F8083B01F06DF876
:10F680002046FFF78FFF002383F3118810BD10B5CC
:10F690003023044683F31188032304F8083B01F068
:10F6A00074F82046FFF77EFF002383F3118810BD16
:10F6B0000C30FFF73DBB0C30FFF744BB10B50446E0
:10F6C000002101F01DFC0021204601F00BFC6368C5
:10F6D0001B6813B1062120469847A36823F0011345
:10F6E000A3600023E363062384F8343010BD01F0E7
:10F6F0006DBA012303700023C36183620362C36296
:10F700004362036343608360704738B50446302327
:10F7100083F3118800254160C560056145618561FD
:10F7200001F05AFA0223237085F31188284638BD68
:10F7300070B53023044683F3118801F065FA25463D
:10F7400000260123666005F80C3B1C3455F8043B89
:10F750007BB1586920B16FF001010C30FFF76EFAF0
:10F7600055F8043C986920B16FF001010C30FFF7A7
:10F7700065FAA54245F8046CE8D1FFF787F986F3EE
:10F78000118870BD70B500EB8103054650690E46C7
:10F790001446DA6018B114220021F0F7EDFFA069D9
:10F7A00018B114220021F0F7E7FF31462846BDE8E2
:10F7B000704001F047BAF8B504460027836800F1AD
:10F7C000100503F00113836000F11C0655F8043B9B
:10F7D0007BB1586920B16FF001010C30FFF72EFAB0
:10F7E00055F8043C986920B16FF001010C30FFF727
:10F7F00025FAB54245F8047CE8D12046BDE8F8403A
:10F8000001F0ACBAF0B4012500EB8104E46847894B
:10F81000A4698D403D43458123600023A26063605D
:10F82000E360F0BC01F00CBBF0B4012500EB8104F7
:10F83000E468078964698D403D43058123600023A6
:10F84000A2606360E360F0BC01F01ABB2DE9F041F7
:10F850000223002504464FF030080370C564C563D9
:10F86000856000F10C0600F11C0756F8043BABB1B3
:10F8700088F3118856F8043C586920B16FF00101F3
:10F880000C30FFF7DBF956F8043C986920B16FF0B3
:10F8900001010C30FFF7D2F985F31188BE4246F81A
:10F8A000045CE2D1204684F8345001F039FA6368F0
:10F8B0001B6823B12046BDE8F04100211847BDE890
:10F8C000F081F8B503780446052B29D080F8503034
:10F8D0000523037043681B680BB104219847002679
:10F8E0003027A66004F10C051C3455F8043BABB17D
:10F8F00087F3118855F8043C586920B16FF0010175
:10F900000C30FFF79BF955F8043C986920B16FF073
:10F9100001010C30FFF792F986F31188A542E4D17A
:10F92000F8BD0178052906D190F85020436802708F
:10F930001B6803B11847704770B590F8343004461F
:10F940003BB1836823F0011383600023C36380F815
:10F9500034300021204604F1440201F055FA636876
:10F960009B684BB994F8443013F060052BD02046C7
:10F97000BDE87040FFF7A2BE204698470028F1D0AE
:10F9800094F84B2094F84A3043EA0223E26B9A42FF
:10F9900088BFE36394F94430E16B002B80F202816D
:10F9A000002900F0F780092384F83430302383F3F2
:10F9B000118800212046E36BA26BFFF735FF00237F
:10F9C00083F3118870BD94F8452003F07F0343EA68
:10F9D000022340F20232934200F0C98021D8B3F5ED
:10F9E000807F4CD00DD8012B43D0022B00F09780A4
:10F9F000002BBCD104F14C02A2630222E263236417
:10FA0000BEE7B3F5817F00F09F80B3F5407FAED1B4
:10FA100094F84630012BAAD1B4F84C3043F00203DD
:10FA200036E0B3F5006F51D01BD8B3F5A06F35D0D9
:10FA3000A3F5C063012B9AD894F84920616894F823
:10FA400048304E6843EA0223204694F8462094F852
:10FA50004710B04700288AD04368A3630368E36374
:10FA60001AE0B3F5106F36D040F6024293427FF4AD
:10FA70007EAF544BA3630223E3630023BFE794F8F4
:10FA80004630012B7FF473AFB4F84C3023F00203FF
:10FA9000A4F84C30A563E563256471E7B4F84430FD
:10FAA000B3F5A06F0ED194F84630204684F84E305E
:10FAB00001F0C0F863681B6813B101212046984724
:10FAC000032323700023A363E36398E704F14F0348
:10FAD000A3630123C3E72378042B10D1302383F3DE
:10FAE00011882046FFF767FE85F3118803216368BC
:10FAF00084F84F5021701B680BB12046984794F84A
:10FB00004630002BDED084F84F3004232370636826
:10FB10001B68002BD6D0022120469847D2E794F8E4
:10FB2000483020461D0603F00F010AD501F050F9B8
:10FB3000012804D002287FF41AAF234B9AE7234B05
:10FB400098E701F029F9F3E794F84630002B7FF4A9
:10FB50000EAF94F8483013F00F01B3D01A062046C8
:10FB600002D501F0E5F9ADE701F0D6F9AAE794F87E
:10FB70004630002B7FF4FBAE94F8483013F00F01B1
:10FB8000A0D01B06204602D501F0BAF99AE701F091
:10FB9000A9F997E71423204684F83430BDE8704073
:10FBA00001F042B961B1152384F83430302383F376
:10FBB000118800212046E36BA26BFFF723FEFEE6CF
:10FBC0000B23E8E7041B0108001B0108021B0108C6
:10FBD00008B500F0D5F80B4B9A6C42F020029A64FD
:10FBE0009A6C9A6C42F040029A649A6C9A6C42F059
:10FBF00080029A649A6C9A6C42F480729A649B6C4C
:10FC000008BD00BF000C014070470020704716235C
:10FC100003604FF0FF307047184670470020704770
:10FC200008B51346002158221846F0F7A5FD4FF4F9
:10FC300000524260002008BD0120704710B500222C
:10FC4000044608460121FFF749F918B90C234FF083
:10FC5000FF30236010BD000008B50248FEF7E4FD48
:10FC6000F0F75CFC061B010808B50248FEF7DCFD56
:10FC7000F0F754FC0B1B010801207047704700008F
:10FC80000148FFF755B800BFF41300200148FFF703
:10FC900059B800BFF41300200122090100F16043AC
:10FCA00003F56143C9B283F8001300F01F039A40C3
:10FCB00043099B0003F1604303F56143C3F88021CE
:10FCC0001A607047012200F01F039A4043099B000D
:10FCD00003F1604303F56143C3F88020C3F880213A
:10FCE000002300F1604000F5614080F80033704768
:10FCF000090100F16040C9B200F56D40017670471E
:10FD000017498A68022A12D0032A26D0154B1649B1
:10FD1000012A08BF0B46124A926902F07F020132A3
:10FD200052080132B3FBF2F3104A13607047104AD5
:10FD30000B68526F49686FEA921201290CBF0A4999
:10FD40000C4902F0030203324A4303F01F0301335C
:10FD50005B080133B2FBF3F3DDE7074BDBE700BFE2
:10FD6000000C014000127A00006CDC020414002038
:10FD7000000401400048E801001BB700FFF7C0BFC6
:10FD800013B50C20032440F2BE71314B314A9C6202
:10FD9000D862C2F8941000219962D9629C62D8623C
:10FDA0008020C3F81C0CD3F81C0CC3F81C0C009169
:10FDB00001914FF40141C3F8481C4FF6FC71A3F5C3
:10FDC000744319630F2119600223136501234BF655
:10FDD0008031D364936D03F001030193009B0133E1
:10FDE0000093019B13B9009B8B42F3D1019B03B994
:10FDF000FEE7194B19498024C3F800140021A3F52C
:10FE0000884399611C62196A012019622021586097
:10FE1000196019681960196801431960546790677F
:10FE2000D16F0329FCD102229A6001220021DA60FD
:10FE3000074A9162D1629A6C42F400429A649A6CC9
:10FE4000DA6C42F40062DA64DB6C02B010BD00BF11
:10FE50000000014000040140005001401300000375
:10FE6000134B834223D1134B02201A6C124942F4E4
:10FE700080721A641A6C42F002021A64D3F8882065
:10FE800042F00202C3F88820D3F8882022F0020250
:10FE9000C3F8882001225A63DA670864DA66082208
:10FEA0005A615A695A615A6942F001025A617047AF
:10FEB000484F0020000C0140004C0140084B834299
:10FEC0000CD1084B5A6902F008025A6100225A61AB
:10FED000DA66DA671A6C22F002021A64704700BF11
:10FEE000484F0020000C01400F4A936C43F400433C
:10FEF00043F0200393644FF080436FF4C0521A63C1
:10FF00004FF07072DA624FF020721A6000225A606D
:10FF10009A60DA604FF44C325A62012203F5A03342
:10FF20005A700722DA727047000C01400E4A6FF4D3
:10FF30008051936C43F4004343F0200393644FF0EB
:10FF400080436FF4C0521A6300221A609A60DA602C
:10FF500019634FF0807119604FF4805159605A62F3
:10FF60004FF080529A617047000C014010B5074C69
:10FF70006369DB0704D5064A13680BB150689847DC
:10FF800001236361BDE81040FEF760BF0018004028
:10FF9000A84B002010B5074C63699B0704D5064A9F
:10FFA00093680BB1D068984702236361BDE81040A5
:10FFB000FEF74CBF00180040A84B002010B5074CBE
:10FFC00063695B0704D5064A13690BB1506998470A
:10FFD00004236361BDE81040FEF738BF00180040FD
:10FFE000A84B002010B5074C63691B0704D5064ACF
:10FFF00093690BB1D069984708236361BDE810404D
:020000040801F1
:10000000FEF724BF00180040A84B002010B5074C95
:100010006369DB0604D5064A136A0BB1506A984738
:1000200010236361BDE81040FEF710BF00180040C8
:10003000A84B0020164B10B55C69A30604D5154AE1
:10004000936A0BB1D06A9847600604D5114A136BC6
:100050000BB1506B9847210604D50E4A936B0BB138
:10006000D06B9847E20504D50A4A136C0BB1506C6B
:100070009847A30504D5074A936C0BB1D06C9847F9
:10008000BDE810404FF47872014B5A61FEF7DEBEB6
:1000900000180040A84B00201A4B10B55C6962059F
:1000A00004D5194A136D0BB1506D9847230504D53B
:1000B000154A936D0BB1D06D9847E00404D5124AF0
:1000C000136E0BB1506E9847A10404D50E4A936E7F
:1000D0000BB1D06E9847620404D50B4A136F0BB175
:1000E000506F9847230404D5074A936F0BB1D06F24
:1000F0009847BDE810404FF47C42024B5A61FEF72E
:10010000A5BE00BF00180040A84B0020062108B57E
:100110000846FFF7C1FD06210720FFF7BDFD0621B8
:100120000820FFF7B9FD06210920FFF7B5FD0621DC
:100130000A20FFF7B1FD06211020FFF7ADFDBDE855
:10014000084006212120FFF7A7BD08B50620FFF7CC
:10015000B9FD0720FFF7B6FD0820FFF7B3FD092022
:10016000FFF7B0FD0A20FFF7ADFD1020FFF7AAFD55
:10017000BDE808402120FFF7A5BD00000023194677
:10018000044A0133102B1160516002F10802F8D1CA
:10019000704700BFA84B0020C9434FF0553301639F
:1001A00002F003015943016042F380014160C2F350
:1001B000C10159438160C2F341115943C160C2F387
:1001C000C1214B43C3624FF01133C2F3C3125A43F0
:1001D00002624262704700001A4B70B59C6C0F2699
:1001E00044F4C0649C649B6C012301F003048B40C5
:1001F00021F0030101F1804101F5A0518D68A400B7
:10020000C0F38320A04006FA04F425EA040528433D
:100210008860D8430C4912F0010F8C6814BF1C434E
:1002200004408C6012F0020FCA6814BF1A430240E7
:10023000CA60054A536111680B4313605368034059
:10024000536070BD000C0140001800404FF0E023E7
:1002500040F2BF325A6100229A61072208210B2026
:100260001A61FFF745BD08B5302383F31188FEF707
:10027000E7FA002383F3118808BD08B5FFF7F3FF01
:10028000BDE80840FEF7E2BD024A536843F00203AE
:100290005360704700380040024A536843F002033D
:1002A0005360704700840040F8B5D0F854610546AB
:1002B0007369D806DCB20AD5302383F311884FF472
:1002C0008061281DFEF780FD002383F31188302311
:1002D00083F311882F1D14F00F032FD183F311889E
:1002E0007368980714D5A10612D5302383F31188BB
:1002F000E818FFF792F8002841DA0821281DFEF7D8
:1003000063FD736823F002037360002383F3118895
:1003100073689A0711D563060FD5302383F31188CC
:100320006A6CAB6C9A4205D1AB6B1BB11021281DD6
:10033000FEF74AFD002383F31188F8BD14F0020F85
:1003400014BF4FF480710021620748BF41F02001C3
:10035000230748BF41F0400114F00104384618BF9C
:1003600041F08001FEF730FD33682CB195F858114B
:1003700028461940FFF7F3F87469E4B2ABE7306040
:10038000C3E7000008B50348FFF78EFFBDE808404B
:10039000FEF75CBD844D002008B50348FFF784FFDD
:1003A000BDE80840FEF752BD284C002010B5094CAE
:1003B00000212046084AFFF7A5F8084B0021C4F8A1
:1003C0005431074C074A2046FFF79CF8064BC4F807
:1003D000543110BD844D00208902010800380040CE
:1003E000284C0020990201080084004038B5374DA0
:1003F000037A002918BF0D46012B044635D1344B32
:10040000984217D1334B0A219A6C1E2042F4804245
:100410009A649A6CD3F8902042F48042C3F89020FA
:10042000D3F8902022F48042C3F89020D3F8903083
:10043000FFF732FC284B9C4217D1264B0821DA6C7F
:10044000202042F00802DA64DA6CD3F8942042F0FB
:100450000802C3F89420D3F8942022F00802C3F8CD
:100460009420D3F89430FFF717FCD4F85431E9798D
:100470001A6902F050020A4329681A614A0802F117
:10048000B76202F55842B2FBF1F202F00F01C3F875
:10049000C0108021D960C2F3071119600021C2F396
:1004A00007325A60D96068792A790243A8790243F1
:1004B000DA600122C3F89C10C3F898205A6842F011
:1004C00005025A60FF2384F8583138BD101B01081B
:1004D000844D0020000C0140284C002070B50446DB
:1004E000C5692E6BC26A6B6A9A4234BFC36A6B6A73
:1004F000013B30D2E36A002B39D1EB620223237037
:1005000063681B680BB120469847302383F311883A
:10051000002104F10800FEF791FB002383F311880A
:10052000F30717D5286A228E666AE36A616AD31ACE
:100530003344121A934228BF134699424FF6FF7173
:1005400038BF636A013B1BD2636A1BB9EB6A23F0B5
:100550000103EB6270BD296EE26A013AE262A26AAF
:10056000002AC5D01170A26A0132A262C0E7E26A15
:10057000EB699A429EBFE36A03F1FF33EB61CFE779
:10058000626A013A6262226A0AB92966DAE712F8F7
:10059000010B28662262D5E708B50348FFF79EFFE6
:1005A000BDE80840FEF752BCE04E002008B5034805
:1005B000FFF794FFBDE80840FEF748BC144F002049
:1005C00010B5064C2046FEF7F3FF054BE361054CE2
:1005D0002046FEF7EDFF044BE36110BDE04E002026
:1005E00000300040144F00200090004010B5037808
:1005F0000446012B45D1344B98421FD1334B0A217D
:100600009A6C1A2042F480529A649A6CD3F8902023
:1006100042F48052C3F89020D3F8902022F4805204
:10062000C3F89020D3F89030FFF736FB6268E36997
:10063000128A5A611A6942F001021A61244B9C42E3
:100640001FD1224B0921DA6C1B2042F01002DA6420
:10065000DA6CD3F8942042F01002C3F89420D3F857
:10066000942022F01002C3F89420D3F89430FFF7BE
:1006700013FB6268E369128A5A611A6942F0010247
:100680001A616168E269CB8989890B4343F00703EA
:100690009BB21360238E4BB90123936191699942F8
:1006A0000DD10133B3F5807FF7D123860023936109
:1006B000D361D36A23F0FF03D362936C10BD012B87
:1006C00008BF0023F1E700BFE04E0020000C01400E
:1006D000144F002010B503780446022B1FD10022CE
:1006E000C3699A60DA6A22F0FF02DA629B6C0C4BF3
:1006F000984208D11A20FFF7E5FA0A4B9A6C22F4C7
:1007000080529A649B6C084B9C4208D11B20FFF7D7
:10071000D9FA044BDA6C22F01002DA64DB6C10BDFB
:10072000E04E0020000C0140144F002010B50C4694
:1007300091B18362038E4162C1625908A14228BF10
:100740002146C369026299610139D961DA6A42F0CE
:100750001102DA6201229A6010BD10B50C4699B1FF
:1007600000238362038E4162C1625908A14228BFFF
:100770002146C369026299610139D961DA6A42F09E
:100780001102DA6201229A6010BD10B50C4699B1CF
:1007900000230362038E4162C1625908A14228BF4F
:1007A0002146C369826299610139D961DA6A42F0EE
:1007B0001102DA6201229A6010BD000010B590F8B3
:1007C00034300446B3B1063BDAB20F2A11D80F2BEE
:1007D0000FD8DFE803F00F0E0E080F0F0E0E0E0EEF
:1007E0000E0E0E0E0F0F036C03B19847002384F812
:1007F000343010BD00216022064B99735A749973EE
:100800005A7463681B6813B1062120469847062373
:10081000EDE700BF0040014090F8342010B5152AE4
:1008200004460CD8012393400C4A134208D19B0282
:1008300005D5036C03B19847002384F8343010BD0C
:1008400000216022064B99735A7499735A74436855
:100850001B680BB1062198470623EEE7410E1000F6
:10086000004001400146F8B5284C861C04EB860385
:100870005F682748BB698173027DD20739D5254A55
:100880009D68817390F817E002EB810C827D42EA4B
:100890000E22A81885422DD1986810449860586897
:1008A000104458601868801A1860188A013880B29D
:1008B00018827B8A934200D808BB012303FA01F215
:1008C000638923EA0203638104EB86035B68DB68C8
:1008D0000BB10E489847302383F3118804EB86044C
:1008E0006368986941680C30FEF7A8F9002383F328
:1008F0001188F8BD9CF800E005F801EBCAE7044A4E
:10090000137D03F0FE031375F3E700BF484F00208B
:100910000040014020400140F8B5214C871C04EB09
:1009200087035E680146726950681568A84219D34A
:10093000012303FA01F2238923EA02032381B36826
:100940000BB120469847302383F3118804EB8704CA
:100950006368002158690C30FEF770F9002383F3B7
:10096000118817E00F4B9973136918445060281AC7
:10097000DED0348A844228BF044690681461034460
:100980000948936000EB81001C44A34203D101227B
:10099000044B5A74F8BD13F8012B0270F5E700BF41
:1009A000484F002000400140204001402DE9F04127
:1009B000844B9B799C07DFB202D58348FEF7B1FFD9
:1009C000780702D58048FEF741FF390713D57E4CE2
:1009D0006368DB6823B97B4AD37A03F0F703D372E9
:1009E0002378052B02D17848FEF79BFF6368DB680C
:1009F0000BB175489847734B9A781D7902F0FF0642
:100A0000EDB252B9002D3AD1FB0702D56E48FEF780
:100A100058FFBDE8F041FEF719BAF20720D50022D1
:100A2000694CE0689A7393F811C01CF0040F5FFAE8
:100A30008CF11CBF5A7484F83420CB0605D5802273
:100A4000604B5A74002384F8343094F834300BB17E
:100A5000062B24D1CC0703D5436800215A48984778
:100A6000B20702D50120FFF757FF730702D5022016
:100A7000FFF752FF340702D50320FFF74DFFA80709
:100A800002D50120FFF7EEFE690702D50220FFF72D
:100A9000E9FE2A07B8D50320FFF7E4FEB4E7092BE7
:100AA0004CD1DFF820C19CF81130DAB213F0020308
:100AB000D6D102F01102112AD2D042698CF80E3040
:100AC00051681369D2F800E019445160BEEB01018E
:100AD000B0F8108016D0414528BF41469468116196
:100AE000234493605A18934207D1038A99422CBF3A
:100AF00002210A218CF81110B2E713F8014B8CF88F
:100B00002040F0E7434504D10A238CF811301161ED
:100B1000A6E7238923F00103238183680BB12A48C8
:100B20009847302383F311880021E36858690C301B
:100B3000FEF784F8002383F3118891E7152B8FD1FA
:100B4000DFF880E09EF81130D90789D5002283694B
:100B5000D3F808C08EF80E209EF81620D1B2624459
:100B6000944527D19A680A449A605A680A445A60A0
:100B70001A68521A1A601A8A013A92B21A82438A81
:100B80008B424FF000010F4B997300D8BAB948223D
:100B90005A74638923F001036381E368DB6813B14E
:100BA000002109489847302383F31188E368986946
:100BB0004168BCE79EF820800CF8018BD0E740220A
:100BC0005A744DE700400140484F00200148FEF7AD
:100BD00090BD00BF484F002010B50478012C0ED105
:100BE000074AC260FFF73CF90022064B0D21DA727A
:100BF000DC715A720E20BDE81040FFF74DB810BDF1
:100C0000181B01080040014010B503780446012B71
:100C10000CD00E20FFF756F80022054B2046DA7262
:100C2000DA715A72BDE81040FFF748B910BD00BF35
:100C30000040014090F84E20014B1A70704700BFF1
:100C40000040014000EB8100344BC26801F00F010D
:100C500010B59973106800F00300002956D00228DF
:100C60002CD003282AD0012827D153690BB99369C6
:100C70001BB3E020294B9874108AC0F3C700187486
:100C8000402058740820587458740120DC7900FA08
:100C900001F149B241EA0400C0B2D871C0205875D0
:100CA000528AC2F3C702DA7480221A7510221A75AA
:100CB0001A755A7A1143C9B2597210BD506980B180
:100CC00000209874108AC0F3C7001874402058742C
:100CD0000820587458740120DC7988402043C0B241
:100CE000D8719369002BE8D000200C4B5875528ABC
:100CF000C2F3C702DA7480221A7510221A751A75A7
:100D00000122587A02FA01F10143D4E70028D4D134
:100D1000DA7942F00102DA71CFE700BF004001400A
:100D2000002208B50B4BDA715A724268D2681AB1C8
:100D3000DA7A42F00802DA72074B0021C360FFF74B
:100D400081FF0122034B5A70DA7A42F00102DA7213
:100D500008BD00BF00400140181B010870B50D4BD5
:100D60000021DA79402602F00102DA71082401221A
:100D70008025102059729A730132D2B2042A9974D4
:100D80005E745C745C7459751D7518751875F2D1B4
:100D900070BD00BF004001400C4B01F00F029A7380
:100DA00041B95A7C52070ED4D87910F0010018BF0F
:100DB00002207047187D10F0200004D15B7A1341A7
:100DC00013F0010FF3E70120704700BF004001401E
:100DD0000C4B01F00F029A7341B95A7C52070ED4A2
:100DE000D87910F0010018BF02207047587C10F02D
:100DF000100004D1DB79134113F0010FF3E7012058
:100E0000704700BF0040014001F00F03054901EBAE
:100E1000830102F10803087802F8010B9342FAD12A
:100E2000704700BF204001404822044B01F00F01F1
:100E300099735A74002380F83430704700400140A1
:100E400010B501F00F0400EB8101CB6899690A68C5
:100E500072B1588A1318013BB3FBF0F39BB20B82BB
:100E6000064B9C7334B11A7D02F0FE021A7510BD58
:100E70000123F4E740225A74F9E700BF0040014023
:100E800000EB810311F00F0170B508BF4025DC684D
:100E900008BF124B626904BF99735D74238A156899
:100EA0000F4CAB4228BF2B461361926804EB8104C0
:100EB000D518AA4205D1094A917331B1012353745F
:100EC00070BD12F8016B2670F3E7517CC168098A86
:100ED0008B422CBF02230A23F1E700BF00400140F0
:100EE00020400140054B01F00F01997311B1202200
:100EF0001A75704760225A74704700BF0040014065
:100F0000044B01F00F01997311B110225A7470470C
:100F10006022FBE700400140044B01F00F01997390
:100F200011B180221A757047597470470040014012
:100F3000044B01F00F01997311B140225A747047AC
:080F40005974704700400140A4
:100F4800000000B400B4801400000040010000401C
:100F58000200004003000040040000400D0800406B
:100F68000C0400400D0400400E0400400608004038
:100F7800070800400808004009080040040800402D
:100F88000508004000FF9600002020202020202097
:100F98002020282828282820202020202020202021
:100FA8002020202020202020208810101010101031
:100FB800101010101010101010040404040404047D
:100FC8000404041010101010101041414141414117
:100FD80001010101010101010101010101010101F9
:100FE8000101010110101010101042424242424209
:100FF80002020202020202020202020202020202C9
:101008000202020210101010200000000000000070
:1010180000000000000000000000000000000000C8
:1010280000000000000000000000000000000000B8
:1010380000000000000000000000000000000000A8
:101048000000000000000000000000000000000098
:101058000000000000000000000000000000000088
:101068000000000000000000000000000000000078
:101078000000000000000000000000000000000068
:10108800000000000000000000000000040C002028
:101098000000000000000000000000000000000048
:1010A8000000000000000000000000000000000038
:1010B8000000000000000000000000000000000028
:1010C8000000000000000000000000000000000018
:1010D8000000000000000000000000000000000008
:1010E80000000000000000000000000000000000F8
:1010F8001B1A191817161D1E1F2000000000FF00DC
:10110800FF55FFAAFF2BFFBFFF6A0101000800403F
:1011180001080040020800400308004006000040A3
:101128000A0400400B040040FFFFFFFFFFFFFFFF22
:101138000C0400400D0400400E0400400608004066
:10114800070800400808004009080040040800405B
:1011580005080040610D0A00450050004F004D0091
:1011680041004B0045005200000032002E003400C0
:101178004700200044006F006E0067006C006500A7
:10118800000053706C697436352D310053706C69EA
:101198007436352D320053706C697436352D330032
:1011A80053706C69743635204254340053706C693E
:1011B80074363520425435000008004001080040CC
:1011C8000208004003080040060000400A040040EE
:1011D8000B040040FFFFFFFFFFFFFFFF0C04004070
:1011E8000D0400400E0400400608004007080040B7
:1011F80008080040090800400408004005080040AD
:101208000948032181620C21C162084890F8100343
:10121800074900F00F000A68824200D008600020E9
:10122800401C2328FCDB70470000014000F0FF1F32
:10123800040401400748032181620C21C162064869
:10124800016801F00F01082901D90821016000BFD8
:1012580000BF704700000140040401400000004046
:10126800010000400200004003000040040000406C
:101278000D080040A900AA00A900AA00A900AA0018
:10128800A900AA0000000000000000000000000003
:1012980000000000000035001E001F002000210093
:1012A80022002300000000002B0014001A00080090
:1012B80015001700000000000000390004001600A7
:1012C800070009000A00000000000000E1001D00FE
:1012D8001B00060019000500000000000000E000E7
:1012E800E300E200000000002C0000000000000005
:1012F80000000000000000000000000000000000E6
:10130800000024002500260027002D002E000000E4
:101318002A00A8001C0018000C00120013002F005F
:10132800300031004C000B000D000E000F003300A0
:101338003400000028004B00110010003600370070
:1013480038000000E50052004E0000002C000000AC
:10135800E6002152E400500051004F000000000058
:10136800000000000000000000000000000029004C
:101378003A003B003C003D003E003F0000000000FA
:101388004378007E017E027E037E17000000000085
:101398000000390004000252070009000A0000009A
:1013A80000000000E1001D00427806001900057EDB
:1013B800000000000000067E0B70E2000000000044
:1013C800077E000000000000000000000000000090
:1013D8000000000000000000000040004100420042
:1013E8004300440045000000037CA8001C001800CE
:1013F8000C001200130046784578310049000B00B4
:101408000D000E000F0048784778000028004A00B9
:10141800137010003600370038000000E5004978E6
:101428004D0000002C000000E6000000E4004C78AD
:101438004A784B780000000000000000000000001F
:1014480000000000000035001E001F0020002100E1
:1014580022002300000000002B0014001A000800DE
:1014680015001700000000000000390004001600F5
:10147800070009000A00000000000000E1001D004C
:101488001B00060019000500000000000000E00035
:10149800E200E300000000002C0000000000000053
:1014A8000000000000000000000000000000000034
:1014B800000024002500260027002D002E00000033
:1014C8002A00A8001C0018000C00120013002F00AE
:1014D800300031004C000B000D000E000F003300EF
:1014E8003400000028004B001100100036003700BF
:1014F80038000000E50052004E0000002C000000FB
:10150800E7002352E400500051004F0000000000A3
:10151800000000000000000000000000000029009A
:101528003A003B003C003D003E003F000000000048
:101538004378007E017E027E037E170000000000D3
:101548000000390000521600070009000A000000D8
:1015580000000000E1001D00427806001900057E29
:10156800000000000000067EE200E300000000002A
:10157800077E0000000000000000000000000000DE
:101588000000000000000000000040004100420090
:101598004300440045000000037CA8001C0018001C
:1015A8000C001200130046784578310049000B0002
:1015B8000D000E000F0048784778000028004A0008
:1015C800137010003600370038000000E500497835
:1015D8004D0000002C000000E700E600E4004C7815
:1015E8004A784B78E200E900EA00B500B600B70097
:1015F800CD008301CC008A019201940121022302CB
:1016080024022502260227022A02B300B4006F0032
:1016180070009F01CB019F02A002E200E900EA00EE
:10162800B500B600B700CD008301CC008A01920155
:1016380094012102230224022502260227022A02FB
:10164800B300B4006F0070009F01CB019F02A0029D
:1016580004200020003131295A1B750AFF000000C0
:1016680001B8000839B8000851B800086DB800087A
:10167800000101010101010101010202020202024D
:101688000202020303030303030303040404040420
:1016980004040505050505060606060607070707E7
:1016A8000708080808090909090A0A0A0B0B0B0C9C
:1016B8000C0C0D0D0D0E0E0E0F0F0F101011111139
:1016C80012121313141415151616171718181919BA
:1016D8001A1A1B1B1C1D1D1E1E1F2020212222231F
:1016E8002424252626272829292A2B2C2D2D2E2F60
:1016F80030313232333435363738393A3B3C3D3E77
:101708003F404142434445464748494A4C4D4E4F65
:1017180050515354555658595A5B5D5E5F61626427
:10172800656668696B6C6D6F7072737577787A7BB4
:101738007D7E8082838587888A8C8E8F919395960B
:10174800989A9C9EA0A2A3A5A7A9ABADAFB1B3B52B
:10175800B7BABCBEC0C2C4C6C9CBCDCFD1D4D6D807
:10176800DBDDDFE2E4E7E9EBEEF0F3F5F8FAFDFFA5
:1017780000FF0100010000FFFF0000010001FF0061
:1017880000000000000400400F00000000000000FE
:101798002000000000000000000000000000000021
:1017A8000000000000000000000000000000000031
:1017B8000000000000000000000000002A2B2800A4
:1017C80000000000000000000000000000000029E8
:1017D800000000002C1E3420212224342627252E28
:1017E800362D3738271E1F20212223242526333360
:1017F800362E37381F0405060708090A0B0C0D0E8C
:101808000F101112131415161718191A1B1C1D2F57
:101818003130232D350405060708090A0B0C0D0E77
:101828000F101112131415161718191A1B1C1D2F37
:101838003130354C000000007E0F00D4FFFFFFC799
:101848000000007821DB000889DA000869D900085F
:101858000000000089180108A2180108C218010830
:10186800E418010852190108741901084422B6093C
:10187800025B00030100A0FA090400000103010152
:101888000009211101000122440007058103080015
:1018980001090401000203000000092111010001EF
:1018A8002222000705820320000107050203200009
:1018B80001090402000103000000092111010001CF
:1018C80022B6000705830320000112010002000070
:1018D80000402D34C6E43000010203010501090669
:1018E800A101050719E029E71500250195087501EB
:1018F80081029501750881010507190029FF150066
:1019080026FF0095067508810005081901290515A7
:10191800002501950575019102950175039101C096
:10192800040309041203450050004F004D00410014
:101938004B004500520000001003530070006C007B
:10194800690074003600350000000660FF0961A1D7
:10195800010962150026FF009520750881020963B8
:10196800150026FF00952075089102C0050109029F
:10197800A10185020901A10005091901290815001D
:101988002501950875018102050109300931158184
:10199800257F95027508810609381581257F9501EF
:1019A80075088106050C0A38021581257F95017591
:1019B800088106C0C005010980A101850319012A13
:1019C800B700150126B700950175108100C0050CF8
:1019D8000901A101850419012AA002150126A00206
:1019E800950175108100C005010906A1018506054C
:1019F8000719E029E71500250195087501810205F9
:101A080007190029EF1500250195F07501810205D8
:101A1800081901290595057501910295017503912C
:101A280001C03031323334353637383941424344D6
:101A380045460000142401089C4F00209C4F0020BC
:101A48009C4F002014240108000000000000000042
:101A5800000000001424010800000000000000003D
:101A6800000000001424010800000000000000002D
:101A7800000000001424010800000000000000001D
:101A8800000000001424010800000000000000000D
:101A980000000000142401080000000000000000FD
:101AA80000000000142401080000000000000000ED
:101AB8000000000063300000BC1A0108003F00204D
:101AC800104000206D61696E0069646C650000005B
:101AD80000000000C9F40008B9F40008E9F400089F
:101AE800D9F40008E3F40008D3F40008C3F40008AC
:101AF800B3F40008F3F40008000001000000657862
:101B08006974006B696C6C000096000003000000AB
:101B18000000000039F90008BD070108190801088C
:101B2800400040001040002010400020010000004C
:101B3800244000205245454E54206D616C6C6F6303
:101B48002073756363656564656400002E2E2F2E0F
:101B58002E2F2E2E2F2E2E2F2E2E2F2E2E2F2E2E98
:101B68002F2E2E2F6E65776C69622F6C6962632F3A
:101B78007374646C69622F72616E642E6300000076
:101B88002C2066756E6374696F6E3A200000000041
:101B9800617373657274696F6E20222573222066E3
:101BA80061696C65643A2066696C65202225732238
:101BB8002C206C696E65202564257325730A000046
:101BC800232D302B20000000686C4C0065666745AB
:101BD80046470000303132333435363738394142E0
:101BE800434445460000000030313233343536373F
:0C1BF8003839616263646566000000001B
:081C040040E6FE7F0100000034
:101C0C00040C002000000000D8100108B8100108D6
:101C1C009810010800000000000000000000000007
:101C2C0000000000000000000000000000000000A8
:101C3C000000000000000000000000000000000098
:101C4C000000000000000000000000000000000088
:101C5C000000000000000000000000000000000078
:101C6C00000000000000FF00092700088927000879
:101C7C0051290008D12700082D2800080000000079
:101C8C0001000000C0270900000000640E080201DA
:101C9C000101010101010001FFFFFFFFFFFFFFFF39
:101CAC00FF1C1B1A19181716FFFF1011121314150D
:101CBC00FFFFFF020F0E0D0C0BFFFFFF03060708C3
:101CCC00090AFFFFFF040105FFFF00FFFFFFFFFFF5
:101CDC00FFFFFFFFFFFFFF1D1E1F202122FF23FF21
:101CEC002C2B2A2928272625242D2E2F303132FF64
:101CFC0033343C3B3A3938FF373635FF3DFF3E3FF6
:101D0C0040414243414013400520093002402440E9
:101D1C001F302D303B30483056304F20412034207E
:101D2C002620182003101510221030103E104C10D5
:101D3C0053004500370029001C000E000000600015
:101D4C006E007C008A009800A500BA00D210BE106C
:101D5C00AC109F1091108310751067105A105D20F5
:101D6C006B20792086209420A220B820D220D2305B
:101D7C00C130AE309B308D308030723064306B406F
:101D8C0086409440A240B040BF40D24004040404BA
:101D9C0004040404040404040404040404040404F7
:101DAC0004040404040404040404040404040404E7
:101DBC0004040404040404040404040404040404D7
:101DCC0004040404040404040404040404040404C7
:101DDC00881F0020901F002041740008000800405C
:101DEC0001080040020800400308004006000040C3
:101DFC000A0400400B040040FFFFFFFFFFFFFFFF42
:101E0C0000000040010000400200004003000040C0
:101E1C00040000400D08004000000000010000001C
:101E2C0000000000000000000C0002000000000098
:101E3C000C000E000000000000000000000000007C
:101E4C0001001A00000000000000000008001B0048
:101E5C0000000000000000000000000055790008A0
:101E6C000400240000000000000000000100280015
:101E7C00000000000000000001002900000000002C
:101E8C000000000001002A0000000000000000001B
:101E9C000C002C00000000000000000004003800C2
:101EAC00000000003579000820003C000000000014
:101EBC000000000001003900000000005979000802
:101ECC000000000020005C0000000000000000008A
:101EDC0000000000000000004500450045004500E2
:101EEC00450000FF00FFFF03390501140A1E0150D5
:101EFC0008280301020000010000000000C20100DC
:101F0C0003000000844D0020009600000300000038
:101F1C00B1D20008D9DD0008EFDD0008F9DD0008BA
:101F2C0003DE00080DDE00080000000000000000C9
:101F3C000200000000000000000000000000000093
:101F4C000000000000000000000000000000000085
:101F5C000000000000000000000000000000000075
:101F6C000000000000000000000000000000000065
:101F7C00060000000000000000000000030000004C
:101F8C000000000000000000000000000000000045
:101F9C000000000000000000000000000000000035
:101FAC000000000000000000000000000000000025
:101FBC000000000000000000000000000300000012
:101FCC000000000000000000000000000000000005
:101FDC0000000000000000000000000000000000F5
:101FEC0000000000000000000000000000000000E5
:101FFC0000000000000000000000000000000000D5
:10200C00000000000000000020000000C00F0020B5
:10201C000C100020C1E30008A1E30008D7E300087E
:10202C00B9E40008D5E40008E1E400080000000071
:10203C000000000004000000000000000000000090
:10204C000000000000000000000000000000000084
:10205C000000000000000000000000000000000074
:10206C000000000000000000000000000000000064
:10207C000000000003000000000000000000000051
:10208C00060000000000000000000000000000003E
:10209C000000000000000000000000000000000034
:1020AC000000000000000000000000000000000024
:1020BC000000000000000000000000000000000014
:1020CC00200000000000000000000000280F00208D
:1020DC00740F00202C10002000000000781000204D
:1020EC000000000000000000C41000201DE40008E7
:1020FC00F5E3000839E4000831E5000855E500086F
:10210C006DE5000800000000000000000000000069
:10211C0000000000000000000000000000000000B3
:10212C0000000000000000000000000000000000A3
:10213C000000000000000000000000000000000093
:10214C00000000000000000000000000080000007B
:10215C000411002050110020C1E30008A1E3000885
:10216C00D7E30008B9E40008D5E40008E1E400086E
:10217C000102000000000000000000000000000050
:10218C000000000000000000000000000000000043
:10219C000000000000000000000000000000000033
:1021AC000000000000000000000000000300000020
:1021BC0000000000A1E10008000000002000000069
:1021CC000000000000000000020000000000000001
:1021DC0000000000000000000000000000000000F3
:1021EC0000000000000000000000000000000000E3
:1021FC00000000000000000000000000484F00201C
:10220C00030000000400000020000000D03D00206E
:10221C000000000000000000E8100020000000009A
:10222C0000000000000000000000000000000000A2
:10223C000000000000000000000000000000000092
:10224C000000000000000000000000000000000082
:10225C00000000000300000000000000A1E10008E5
:10226C00000000000800000000000000000000005A
:10227C000200000000000000000000000000000050
:10228C000000000000000000000000000000000042
:10229C000000000000000000000000000000000032
:1022AC0000000000484F0020010000000400000066
:1022BC0008000000803C002000000000000000002E
:1022CC00541100200000000000000000000000007D
:1022DC0000000000000000000000000000000000F2
:1022EC0000000000000000000000000000000000E2
:1022FC0000000000000000000000000003000000CF
:10230C0000000000A1E1000837E2000820002000D6
:10231C0000000000000000000200000000000000AF
:10232C0000000000000000000000000000000000A1
:10233C000000000000000000000000000000000091
:10234C00000000000000000001000000484F0020C9
:10235C00020000000400000020000000B03C00203F
:10236C000000000000000000101000200000000021
:10237C000000000000000000000000000000000051
:10238C000000000000000000000000000000000041
:10239C000000000000000000000000000000000031
:1023AC000000000000000000000000000000000021
:1023BC000000000000000000000000000000000011
:1023CC000000000000000000000000000000000001
:1023DC00000000000000000000000000484F00203A
:1023EC00020000000400000020000000403D00201E
:1023FC0000000000F4130020F41300200000000083
:08240C000000000000D8B80533
:04000005080001B935
:00000001FF
