:020000040800F2
:1000000000040020B9010008BB010008BB01000882
:10001000BB010008BB010008BB010008BB010008D0
:10002000BB010008BB010008BB01000845F0000847
:10003000BB010008BB010008BB010008CF04010898
:10004000BB010008BB010008BB010008BB010008A0
:10005000BB010008BB010008C1010108E90101085A
:10006000110201083902010861020108BB01000800
:10007000BB010008BB010008010C0108BB0100081E
:1000800089020108BB010008BB010008BB01000890
:10009000BB010008BB010008BB010008BB01000850
:1000A000BB010008BB010008ED07010801080108B9
:1000B000BB010008BB010008D9050108BB0100080D
:1000C000ED050108ED020108BB010008BB010008B5
:1000D000BB010008BB010008BB010008BB01000810
:1000E00072B6264880F30888254880F30988254899
:1000F00025490860022080F31488BFF36F8F0EF04B
:1001000075FC0DF0CDFF4FF0553020491B4A914250
:100110003CBF41F8040BFAE71D49194A91423CBF24
:1001200041F8040BFAE71B491B4A1C4B9A423EBF9D
:1001300051F8040B42F8040BF8E700201849194A5B
:1001400091423CBF41F8040BFAE70EF053FC0EF06D
:100150004EFC154C154DAC4203DA54F8041B88478D
:10016000F9E707F0DDFF124C124DAC4203DA54F808
:10017000041B8847F9E70EF03BBC00000004002098
:10018000000C00200000000808ED00E00000002046
:1001900000040020601E0108000C00200C14002048
:1001A00010140020A44F0020E0000008E000000828
:1001B000E0000008E000000892E700F000F8FEE729
:1001C0002DE9F04FC1F80CD0C3689D46BDE8F08F13
:1001D000002383F311882846A04700200EF038FE44
:1001E000FEE70EF069FD00DFFEE7000053B94AB9F3
:1001F000002908BF00281CBF4FF0FF314FF0FF302F
:1002000000F08AB9ADF1080C6DE904CE00F01AF8DF
:10021000DDF804E0DDE9022304B07047430803F091
:100220005533C01A830803F0333300F033301844D9
:1002300000EB101000F00F3000EB002000EB00404E
:10024000000E70472DE9F047089E0D46044688468B
:10025000002B4DD18A42944668D9B2FA82F252B14B
:1002600001FA02F3C2F1200120FA01F10CFA02FCBA
:1002700041EA030894404FEA1C41B8FBF1F71FFA2A
:100280008CFE01FB178807FB0EF0230C43EA0843A2
:1002900098420AD91CEB030307F1FF3580F01E8159
:1002A000984240F21B81023F63441B1AB3FBF1F0FA
:1002B00001FB103300FB0EFEA4B244EA0344A64542
:1002C0000AD91CEB040400F1FF3380F00981A64534
:1002D00040F20681644402380021A4EB0E0440EA97
:1002E00007401EB10023D440C6E90043BDE8F087B3
:1002F0008B4208D9002E00F0EE800021C6E90005EF
:100300000846BDE8F087B3FA83F100294AD1AB4231
:1003100002D3824200F2FC80841A65EB03030120C1
:100320009846002EE2D0C6E90048DFE702B9FFDEBA
:10033000B2FA82F2002A40F09180A1EB0C00012178
:100340004FEA1C471FFA8CFEB0FBF7F307FB1300C4
:10035000250C45EA00450EFB03F0A84208D91CEB2A
:10036000050503F1FF3802D2A84200F2CE804346D1
:100370002D1AB5FBF7F007FB10550EFB00FEA4B2DB
:1003800044EA0544A64508D91CEB040400F1FF35F6
:1003900002D2A64500F2B6802846A4EB0E0440EA3D
:1003A00003409EE7C1F120078B4022FA07FC4CEA8C
:1003B000030C25FA07FA4FEA1C49BAFBF9F820FAB0
:1003C00007F309FB18AA8D401FFA8CFE1D4300FAA3
:1003D00001F308FB0EF02C0C44EA0A44A04202FA96
:1003E00001F20BD91CEB040408F1FF3A80F088807D
:1003F000A04240F28580A8F102086444241AB4FBAC
:10040000F9F009FB104400FB0EFEADB245EA0444CE
:10041000A64508D91CEB040400F1FF356CD2A645B3
:100420006AD90238644440EA0840A0FB0295A4EB74
:100430000E04AC42C846AE4656D353D0002E69D007
:10044000B3EB080264EB0E0422FA01F304FA07F797
:100450001F43CC40C6E90074002147E70CFA02FCB8
:10046000C2F1200125FA01F34FEA1C4720FA01F1FD
:1004700095400D43B3FBF7F107FB11331FFA8CFED8
:10048000280C40EA034001FB0EF3834204FA02F415
:1004900008D91CEB000001F1FF382FD283422DD97F
:1004A00002396044C01AB0FBF7F307FB1300ADB28A
:1004B00045EA004503FB0EF0A84208D91CEB0505F0
:1004C00003F1FF3816D2A84214D9023B6544281A1A
:1004D00043EA014138E73146304607E72F46E4E674
:1004E0001846F9E64B45A9D2B9EB020865EB0C0EAC
:1004F0000138A3E74346EAE7284694E74146D1E7B7
:10050000D0467BE76444023847E7023B65442FE767
:10051000084606E73146E9E6704700BF062008B501
:1005200000F08AFA01200FF0C1FC00BF032A10B5C9
:1005300016D940EA010C1CF0030F04460B4622D1E9
:1005400019462046D1F800E0D0F800C00433F44545
:1005500004F1040417D1043A032A20461946EFD8BF
:10056000541EA2B100F1FF3C013901E0C3180CD0C8
:100570001CF801EF11F8012FA4EB0C039645F5D000
:10058000AEEB020010BD541EECE7184610BD10463D
:1005900010BD00BF844641EA000313F0030349D1B4
:1005A000403A23D30B6803604B6843608B688360D9
:1005B000CB68C3600B6903614B6943618B698361DD
:1005C000CB69C3610B6A03624B6A43628B6A8362C5
:1005D000CB6AC3620B6B03634B6B43638B6B8363AD
:1005E000CB6BC36340304031403ADBD230320BD367
:1005F0000B6803604B6843608B688360CB68C360A3
:1006000010301031103AF3D20C3205D351F8043BBC
:1006100040F8043B043AF9D2043208D0D2071CBF98
:1006200011F8013B00F8013B01D30B8803806046C1
:10063000704700BF082A13D38B07B1D010F0030313
:10064000AED0C3F10403D21ADB071CBF11F8013B83
:1006500000F8013BA4D331F8023B20F8023B9FE7AE
:10066000043AD9D3013A11F8013B00F8013BF9D221
:100670000B7803704B7843708B78837060467047BB
:1006800088420DD98B1883420AD900EB020CBAB10B
:10069000624613F801CD994202F801CDF9D17047B5
:1006A0000F2A0ED8034602F1FF3C4AB10CF1010CAF
:1006B000013B8C4411F8012B614503F8012FF9D15E
:1006C000704740EA01039B074FD1A2F1100370B5B8
:1006D00001F1200C23F00F0501F1100E00F11004C0
:1006E000AC441B095EF8105C0EF1100E44F8105C6F
:1006F0005EF81C5C103444F81C5C5EF8185C44F82E
:10070000185C5EF8145CE64544F8145CEAD10133E9
:1007100012F00C0F01EB031102F00F0400EB0313B6
:1007200027D08E46043C24F003064FEA940C1E4466
:100730001C1F5EF8045B44F8045FB442F9D10CF16D
:10074000010402F0030203EB840301EB840102F1D4
:10075000FF3C4AB10CF1010C013B8C4411F8012B18
:10076000614503F8012FF9D170BD034602F1FF3C4A
:100770009CE72246EBE700BF830730B548D0541E04
:10078000002A3FD00346CAB201E0013C3AD303F845
:10079000012B9D07F9D1032C2DD9CDB245EA0525B2
:1007A0000F2C45EA054536D9A4F1100222F00F0CB2
:1007B00003F1200EE6444FEA121C03F1100242E955
:1007C000045542E9025510327245F8D10CF101028C
:1007D00014F00C0F03EB021204F00F0C13D0ACF169
:1007E000040323F003030433134442F8045B9342ED
:1007F000FBD10CF003042CB1CAB21C4403F8012B4A
:100800009C42FBD130BD64461346002CF4D1F9E77D
:1008100003461446BFE71A46A446E0E738B5124B34
:1008200004461D68AA6B1AB10023C2E9044338BD0F
:10083000182000F02DFA0246A86378B100210B239E
:1008400001209381C2E90401084B0949094DC2E91D
:10085000011300231560C2E9044338BD4221064B51
:10086000064800F0CDF900BF000C0020ECDE0500CA
:1008700034126DE60E33CDAB901D0108A81D0108A2
:1008800038B5194B1C68A26B8AB1136917495469B2
:1008900003FB01F1164800FB0411A3FB00300133F8
:1008A00041EB0001C2E9043121F0004038BD1820BD
:1008B00000F0EEF90246A06388B1012400250B2365
:1008C0000A480C49C2E90445116001460A4D0B4C27
:1008D00093810B4BC2E90154C2E9043138BD4E216A
:1008E000084B094800F08CF9000C00202DF45158F9
:1008F0002D7F954C0E33CDAB34126DE6ECDE05004A
:100900002E7F954C901D0108A81D010838B5446C38
:100910000CB1002038BD8021054600F02FFA0246B8
:10092000686430B1031F7C3243F8044F9342FBD11B
:10093000EFE74FF0FF3038BD1F29F8B5054608D85E
:10094000466C0C4617464EB156F8240046F8247003
:10095000F8BD16234FF0FF302B60F8BD802100F06A
:100960000DFA0646686440B10021031F00F17C05C2
:1009700043F8041F9D42FBD1E6E74FF0FF30F8BD7E
:100980001F2938B5054620D8426C0C466AB152F88A
:10099000213053B1012B16D0591C10D00025204610
:1009A00042F824509847284638BD284600F0F8F809
:1009B000224601462846BDE8384000F0DDB816233F
:1009C00001202B6038BD002038BD16234FF0FF30CA
:1009D0002B6038BD1F292BD8426C38B50C46054614
:1009E00082B152F8243002EB84024BB1591C1AD068
:1009F000012B16D00025204615609847284638BDA3
:100A0000012038BD802100F0B9F90246686460B168
:100A10000020131F02F17C0143F8040F9942FBD11F
:100A2000DFE7032038BD022038BD4FF0FF3038BD6E
:100A30004FF0FF30704700BF38B5144B1F281D68BA
:100A40001FD86A6C044662B152F820304BB1012BBA
:100A500015D0591C0FD0002542F820509847284641
:100A600038BD284600F09CF8224601462846BDE8DD
:100A7000384000F081B8162301202B6038BD0020DB
:100A800038BD16234FF0FF302B6038BD000C00201E
:100A9000124B1F2870B51E6808D80D46716C0446AD
:100AA00049B151F8240041F8245070BD16234FF08D
:100AB000FF30336070BD8021304600F05FF90146A1
:100AC000706440B10022031F00F17C0C43F8042F36
:100AD0006345FBD1E5E74FF0FF3070BD000C00200F
:100AE00038B50B4B1D686C6C0CB1002038BD8021F3
:100AF000284600F043F9686438B1031F00F17C0216
:100B000043F8044F9342FBD1EFE74FF0FF3038BD7D
:100B1000000C002038B5174B1F281D6827D86A6CB9
:100B2000044682B152F8243002EB84024BB1591CC6
:100B30001BD0012B17D0002520461560984728466A
:100B400038BD012038BD8021284600F017F9024643
:100B5000686460B10020131F02F17C0143F8040FA8
:100B60008B42FBD1DEE7032038BD022038BD4FF0B9
:100B7000FF3038BD000C002070B50026074D04463C
:100B8000084611462E600FF099F9431C00D070BD45
:100B90002B68002BFBD0236070BD00BF1814002011
:100BA0000FF094B920F0030110F00300C0F1000031
:100BB00051F8043B00F1040C4FEACC0C6FF000023A
:100BC0001CBF22FA0CF213434FF0010C4CEA0C2C20
:100BD0004CEA0C4CA3EB0C0222EA030212EACC1200
:100BE00004BF51F8043B0430F4D0C2F1000102EA22
:100BF0000102B2FA82F2C2F11F0200EBD20070478A
:100C0000144600B51A460A4B0D461B6885B0DE68CF
:100C100003464CB1074901913046074902940095BB
:100C200000F022F8FFF77AFC04490C46F3E700BF16
:100C3000000C0020DC1D0108EC1D0108E81D010866
:100C400008B513460022FFF7DBFF00BF0CB400B568
:100C500083B004AB53F8042B019300F025F903B0E3
:100C60005DF804EB02B070470EB400B5074A82B0DD
:100C700003AB0146106853F8042B019300F014F9FC
:100C800002B05DF804EB03B0704700BF000C002019
:100C9000024B0146186800F071B800BF000C00203C
:100CA000024B0146186800F003B800BF000C00209A
:100CB000002952D038B551F8043C0C1F002BB8BFA6
:100CC000E418054601F0AEF92B4A1368002B45D015
:100CD000A3420CD921686018834228D0636028465B
:100CE0001460BDE8384001F09FB9A3420FD81A46FE
:100CF0005B68002BF9D11168501884421DD034D3A1
:100D0000636054602846BDE8384001F08DB9116831
:100D10005018A04215D028D8216860188342EFD11E
:100D200018685B680144C4E900135460EAE7186876
:100D30005B680144C4E90013D1E7236819441160DA
:100D4000E0E720680144501883421160DAD1D3E90A
:100D500000030144C2E90013D4E7704728466360EA
:100D60001460BDE8384001F05FB90C2328462B60C1
:100D7000BDE8384001F058B910140020F8B5CD1C7A
:100D800025F0030508350C2D38BF0C25002D06462F
:100D900023DBA94221D8264F01F044F93A6822B357
:100DA000144603E063682246FBB11C4623685B1BC4
:100DB000F8D40B2B15D8636894420CBF3B6053608A
:100DC000304601F031F904F10B00231D20F007003B
:100DD000C21A01D01B1AA350F8BD0C2300203360A7
:100DE000F8BD23601C442560EAE77968D1B1294643
:100DF00030460FF04DF8431C01460CD0C41C24F0C3
:100E00000304A04205D03046611A0FF041F80130CA
:100E100001D02560D4E70C233046336001F004F99B
:100E20000020F8BD30460FF033F87860DFE700BFF0
:100E3000101400209368013B002B936005DAD2F870
:100E400018C0634507DB0A2905D01368581C1060D9
:100E500008461970704700F069BB00BF9BB1F8B538
:100E6000134406460F46541E5D1E01E0AC4208D0F6
:100E70003A46304614F8011FFFF7DCFF431CF5D15A
:100E8000F8BD0020F8BD0020704700BF936810B582
:100E9000144613B91846536010BD00F031FE00230C
:100EA000C4E9013310BD00BF2DE9F04F0E46924654
:100EB0001C4607469FB018B18369002B00F0A8803C
:100EC000954B9E4200F0AA80944B9E4200F0B58064
:100ED000934B9E4208BFFE68B389180740F1A38078
:100EE0003369002B00F09F80002320220B933023D6
:100EF0009AF80010059401258A4C8DF831208DF860
:100F0000323000297DD0D1460B4604E019F8013F6C
:100F1000002B00F09480252BF8D1B9EB0A0B40F0A0
:100F2000918099F80030002B6BD000234FF0FF32F6
:100F300009F10109CDE90723069309938DF85B3088
:100F40001C9304E0001B05FA00F018430690CA4603
:100F50000522204619F8011B01F01CF8069B002809
:100F6000F0D1D90644BF20228DF85B201A0748BF74
:100F70002B229AF8001048BF8DF85B202A2972D1E5
:100F8000059A1168043200290592C0F2A0800991E7
:100F90009AF801100AF1010A2E2976D0DFF888911B
:100FA0000322484600F0F6FF48B14022069BA0EB22
:100FB000090002FA00F003430AF1010A06931AF845
:100FC000011B062259488DF8301000F0E3FF00287D
:100FD00000F08380564B002B6CD005A9009132465F
:100FE0003846544B06A9AFF300800390039B0133AE
:100FF00007D00B9B039A9AF8001013440B93002917
:1010000081D1B3895B0615D40B981FB0BDE8F08F72
:1010100000F056FD404B9E427FF456AF7E68B38988
:1010200018073FF55DAF3146384600F0E1FA002879
:101030003FF45AAF4FF0FF30E7E7BE684CE7B9EB3B
:101040000A0BDED0D046CAF1010A03E0934538D935
:1010500018F8011F32463846FFF7ECFE01300AEB64
:101060000802F3D1CDE7A1F13002092A94D8099BF7
:101070001AF8011F03EB830302EB4303A1F13002D3
:10108000092AF5D92E29099388D19AF801102A291D
:101090002DD1059B0AF102001A680433002A05933A
:1010A000B8BF4FF0FF339AF8021007928246B8BFDC
:1010B000079373E7059B073323F007030833059372
:1010C00097E70B9A99F800305A440B922BE7494264
:1010D00043F00203099106935AE705A900913246AD
:1010E0003846144B06A900F0CBF803907EE70023A6
:1010F000A1F13002092A0AF1010A07933FF64EAF27
:101100001AF8011F03EB830302EB4303A1F1300242
:10111000092AF5D9079341E72C1301080C1301089C
:10112000EC1201081C1E0108241E0108281E0108DB
:10113000000000005D0E00088C4600B58646134690
:10114000034A714610685DF804EB6246FFF7ACBED7
:10115000000C00202DE9F04791461E460A698B6875
:101160000C469A42B8BF1A46C9F8002091F843309D
:101170000546DDF8208013B10132C9F8002022684D
:1011800091065DD5D9F800300233C9F800302268E5
:1011900012F0060F11461ED1E168CB1A002BD8BF02
:1011A000114618DD002704F1190A06E0D9F80030CD
:1011B000E268A2EB030CBC450CDD0123524631462C
:1011C0002846C047013007F10107EFD14FF0FF304B
:1011D000BDE8F087216894F84330003B18BF012335
:1011E0008A060AD53021E21882F8431094F8451097
:1011F0005A1C2244023382F843103146284604F137
:101200004302C0470130E1D0236803F00603042BFA
:101210001DD0A3682269934225DD00279B1A1F4435
:1012200004F11A09002401E0BC421CDA01234A46F9
:1012300031462846C047013004F10104F4D1C5E726
:1012400012F0060F12D0003B18BF0123D5E7D9F8E2
:101250000030E1682269C91AA36821EAE177934264
:10126000DCDC0029DCDC0020BDE8F087E168D9F88F
:101270000030CB1A002BD8BF114693DCABE700BF80
:101280002DE9F04317460A7E85B00C46064698467F
:101290000C9D01F1430C002A33D0A2F15803D9B2BE
:1012A000202967D8202B65D8DFE813F0DD00640023
:1012B000640064006400640064006400640064000E
:1012C0006400A3006E0064006400640064006E00AB
:1012D000640064006400640021007F00BF006400BB
:1012E0006400AE0064007F0064006400E4002368D2
:1012F0001A0640F102812B686269191D29601B687A
:101300001A600023E14623613B4621463046CDF872
:10131000008003AAFFF71EFF013020D04A4639465D
:1013200030462369C047013019D02368E0689B0725
:10133000039919D5431A002B16DD002504F119096C
:1013400004E0E0680399431AAB420DDD01234A46ED
:1013500039463046C047013005F10105F1D14FF063
:10136000FF3005B0BDE8F0838842B8BF084605B03D
:10137000BDE8F083012384F8422004F1420923618F
:10138000002384F84330BFE72368190602D45A06C5
:1013900000F1BF8029680A68043129601146002ADB
:1013A0006ADB0A25DFF87CE110E02368180640F1CB
:1013B0009A802B68191D296019686F2A0CBF0825AF
:1013C0000A25DFF860E1002384F843306268002AD0
:1013D000A2607DDB236823F004032360002959D138
:1013E000002A77D1E146082D63D0ACEB09032361D5
:1013F0008AE701222B6804F14209196804332B6043
:1014000084F842102261BBE72B6800211A1D2A6074
:10141000D3F800906268484600F0BCFD00287FD0F9
:10142000A0EB090060602061AAE7236843F0200375
:1014300023607822DFF8F0E084F845202A68111D47
:101440002960190642D45D0640D51188D80744BFEB
:1014500043F020032360002943D12368102523F0A3
:1014600020032360AFE75823DFF8B8E084F8453065
:101470002368E3E72368DCE72D2284F843206268D1
:101480004942002AA26002DB23F0040323600A25FC
:10149000DFF890E0E146B1FBF5F30A4605FB1310D7
:1014A00019461EF80030AA4209F8013DF3D2082D72
:1014B0009BD12368D90798D5626823699A4294DC46
:1014C000302309F1FF3989F800308EE71168BDE754
:1014D0000029DFD19EF8003004F1420984F842303F
:1014E00081E710256FE713F0400F2B6803F104012B
:1014F00029600CBF196819885FE713F0400F2B684B
:10150000626903F1040129601B6814BF1A801A6024
:10151000F7E62A68B2F9001004322A600A463EE76C
:10152000606880E7301E0108441E0108F8B50646D1
:101530000D46144608B1836943B3254B9C422AD01B
:10154000244B9C4229D0244B9C4208BFF468A269DA
:10155000A389A2601A0722D5236903B322686169AF
:10156000D31AEDB299422F4629DD0133A168013922
:10157000A160511C2160157062699A4216D0A3893E
:10158000DB0701D50A2D11D03846F8BD00F098FAD6
:101590000F4B9C42D4D17468D9E7B468D7E7214691
:1015A000304600F025F838B92369D7E721463046A0
:1015B00000F024F90028E7D04FF0FF37E4E7214698
:1015C000304600F01BF90028F6D101232268CDE750
:1015D0002C1301080C130108EC12010803460A46FB
:1015E000024908681946FFF7A1BF00BF000C0020A0
:1015F0003C4B70B51D6806460C460DB1AB69E3B1B6
:10160000394B9C421FD0394B9C424DD0384B9C42A9
:1016100008BFEC68B4F90C3018079AB219D52169E3
:1016200011B312F001002FD000256069A56040427F
:10163000A06100292ED0002070BD284600F040FA9D
:10164000294B9C42DFD16C68B4F90C3018079AB270
:10165000E5D4D1063ED5520728D4216943F00803CA
:10166000A3819AB20029DCD102F42070B0F5007F8A
:10167000D7D02146304600F0FFFBB4F90C30216989
:101680009AB212F00100CFD1950758BF6069A060EF
:101690000029D0D1120658BF0846CDD543F04003EB
:1016A0004FF0FF30A38170BDAC68B3E7616B51B1FF
:1016B00004F14402914204D03046FFF7F9FAB4F93C
:1016C0000C30002262630022216923F02403C4E964
:1016D0000012C3E7092243F0400332604FF0FF30AD
:1016E000A38170BD000C00202C1301080C1301080D
:1016F000EC120108F8B58B890C46190707463BD454
:101700006268002A55DDE66A002E50D000223D684E
:101710003A6013F4805250D101233846216AB04711
:10172000421C5CD0A389E66A5B0705D56368C01AD2
:10173000636B0BB1236CC01A0246216A0023384642
:10174000B047411C3BD13B68002B38D01D2B01D04A
:10175000162B4BD100232269C4E90023616B3D6045
:1017600029B304F14403994202D03846FFF7A0FAA6
:10177000002318466363F8BD2669C6B19A0718BFEF
:101780000023256808BF63692660AD1BA3600CE0D9
:101790002B463246D4F828C03846216AE047B0F1DB
:1017A000000CA5EB0C05664412DD002DF0DC0020DA
:1017B000F8BD226C002AA6DCF9E7606DB4E70022D0
:1017C000236962602360A389DB04C7D56065C5E730
:1017D000A3894FF0FF3043F04003A381F8BD3B687D
:1017E000002B9FD01D2B06D0162B04D0A38943F0CD
:1017F0004003A381F8BD00203D60F8BD38B50B69FA
:10180000BBB10C46054608B18369B3B10D4B9C4290
:1018100011D00D4B9C4213D00C4B9C4208BFEC687E
:10182000B4F90C302BB121462846BDE83840FFF70B
:1018300061BF002038BD6C68F2E700F041F9E5E7D0
:10184000AC68EDE72C1301080C130108EC12010839
:1018500038B540B303690446E3B1174B1D680DB1B9
:10186000AB69CBB1154B9C420FD0154B9C4221D09C
:10187000144B9C4208BFEC68B4F90C3053B12146BC
:101880002846BDE83840FFF735BF6C68B4F90C3026
:10189000002BF4D1002038BD284600F011F9074B89
:1018A0009C42E2D1F1E7084B08491868BDE838408E
:1018B00000F0BEBAAC68DFE7000C00202C13010872
:1018C0000C130108EC120108E8120108FD170008CA
:1018D00000207047014900F0ABBA00BFFD170008B7
:1018E00000207047682270B54D1E02FB05F50E46BC
:1018F00005F17401FFF742FA044640B100210C30B3
:10190000C4E9016005F168022160FEF735FF204659
:1019100070BD00BF274B2DE9F0411E680746B36933
:1019200053B34FF004084836D6E90134013B04D5DF
:101930001EE05A1C04F168041AD0B4F90C50013BA3
:10194000002DF6D11C4B08222946C4E90055C4E9F4
:101950000253C4E904556566A56104F15C00FEF715
:101960000BFFC4E90D55C4E912552046BDE8F081CE
:1019700035682DB12E46D7E7304600F01FF8D0E786
:101980004FF4D6713846FFF7F9F9044668B105609F
:1019900029460546C0F804800C304FF4D072A06090
:1019A000FEF7EAFE34602E46BEE70C2330603B6053
:1019B000DBE700BFE81201080100FFFF0023334A04
:1019C0002DE9F0471268C0E912339042036508BF61
:1019D00001232F4908BF836181620546FFF79AFF03
:1019E000034628466B60FFF795FFA8602846002451
:1019F000FFF790FF04236E68DFF898A0DFF8989057
:101A0000DFF89880264FE8600822F3602146C6E997
:101A10000044C6E904447466B460B46106F15C0035
:101A2000FEF7AAFE1F4BC6E9086AC6E90A983763A3
:101A3000AE680822F3602146C6E90044C6E90444C2
:101A40007466B460B46106F15C00FEF795FE164B57
:101A5000C6E9086AC6E90A983763EE682146F3606A
:101A60000822C6E90044C6E904447466B460B4615F
:101A700006F15C00FEF780FE0123C6E9086AC6E9AC
:101A80000B87C6F82890AB61BDE8F087E812010823
:101A9000D51800087D200008A5200008E5200008D2
:101AA000052100080900010012000200024B034951
:101AB000186800F0BDB900BFE8120108FD17000862
:101AC000836903B97AE77047704700BF704700BF6A
:101AD000704700BF704700BF024B0349186800F011
:101AE00087B900BF000C0020D1180008024B034941
:101AF000186800F07DB900BF000C0020E118000854
:101B00009368002B00F0B7802DE9F04FB1F90C304D
:101B10000C4619078046174683B098B225D523692D
:101B20001BB310F002033D682DD04FF0000B5E4652
:101B3000DFF8B8A2002E00F08B80564533465A4697
:101B400028BF53464046216AD4F828C0E047002801
:101B500040F38780BB6883441B1A361ABB60002B96
:101B6000E8D1002003B0BDE8F08F21464046FFF7E2
:101B70003FFD002840F03681B4F90C303D6898B242
:101B800010F00203D1D110F0010976D14E46002E9B
:101B90005AD08205D4F808B040F1B580B3455A4612
:101BA00000F2CD8010F4906F00F0CB8023682169A3
:101BB000A3EB010B636903EB430A0AEBDA7A0BF13F
:101BC00001034FEA6A0A33445345524684BF9A469A
:101BD0005246430540F1EA8011464046FFF7CEF8F1
:101BE000002800F0F9805A4621690190FEF7D2FCE6
:101BF000A289019B22F4906242F08002A28103EB51
:101C00000B0023613246AAEB0B03B346C4F814A0C1
:101C1000A3602060B246002649460192FEF730FDDF
:101C2000A3682168019AA3EB0B030A44A360226016
:101C3000B868D144A0EB0A00B860002891D0B4F98C
:101C40000C0080B2002EA4D1D5E9009608359EE79D
:101C5000D5E900B608356DE721464046FFF7CEFDD1
:101C600080B3B4F90C304FF0FF3043F04003A38150
:101C700003B0BDE8F08F002070471E46AA46994683
:101C800018461D4656B3002832D04A4620682169BE
:101C9000B24228BF32468842636904D9A16803EB87
:101CA000010B5A4574DC934265DC2A464046216AA2
:101CB000D4F828C0E047B0F1000BD2DDB9EB0B0936
:101CC000CAD00120BB685D44A3EB0B03A6EB0B0657
:101CD000BB60002B3FF445AF002ED4D10AF10803BE
:101CE00053F8046C9A4653F8085C0833002EF7D07A
:101CF00032460A21284600F04DF9002869D001300B
:101D0000A0EB0509C1E72068236998421BD86369E5
:101D1000B34218D86FF0004CB44528BFB4469CFBC2
:101D2000F3FC4A4603FB0CF34046216AD4F828C072
:101D3000E047B0F1000A94DDA6EB0A0678E7B34667
:101D40003246206866E7B345DA4628BFB2464946C0
:101D50005246FEF795FCA3682268A3EB0A0352449F
:101D6000A3602260002BE7D121464046FFF746FDE5
:101D70000028E1D075E7294693460192FEF780FCE2
:101D8000A368019A9B1AA36023681A44226095E70E
:101D900029465A46FEF774FC236821465B444046B8
:101DA0002360FFF72BFD002888D05AE7404600F05B
:101DB0003DF9034600287FF422AF40462169FEF733
:101DC00077FF0C22B4F90C30C8F8002023F0800310
:101DD00049E7721C914659E70C22B4F90C30C8F857
:101DE000002040E74FF0FF30BCE600BF00FCFF7F63
:101DF0002DE9F0410026884600F14807D7E9015453
:101E0000013D0ED4A389013D012B06D9B4F90E3052
:101E1000013302D02046C04706436B1C04F168041E
:101E2000F0D13F68002FE9D13046BDE8F08100BF16
:101E30002DE9F8434FF000090746884600F14806AF
:101E4000D6E90154013D10D4A389013D012B08D9E5
:101E5000B4F90E30013304D021463846C04749EA70
:101E600000096B1C04F16804EED13668002EE7D13E
:101E70004846BDE8F88300BFF0B58B890C4699074A
:101E800097B007D5012204F14703C4E90432236067
:101E900017B0F0BDB4F90E10054600292DDB6A46D7
:101EA0000DF0E8FF002827DB019E4FF4806706F461
:101EB0007046A6F50056B6FA86F6394628467609E3
:101EC000FEF75CFF30B3A3891A4A43F08003AA628D
:101ED000C4E90407A3812060002ED9D02846B4F9B4
:101EE0000E100DF0D3FF0028D2D0A38923F00303F6
:101EF00043F00103A381CBE7A38913F0800F14BF44
:101F000040274FF48067284639460026FEF736FF03
:101F10000028D8D1B4F90C309A05B9D4012123F0A6
:101F2000030304F1470243F00203C4E90421A3813F
:101F30002260ADE7D518000870B50C46B1F90E1057
:101F4000164600291D4696B013DB6A460DF092FF37
:101F500000280EDB01994FF4806301F47041A1F574
:101F60000051B1FA81F1002049092960336016B0AF
:101F700070BD0022B4F90C302A601B0604D5402342
:101F80000020336016B070BD4FF4806300203360D2
:101F900016B070BD5FFA81FC810710D00346511E58
:101FA0002AB90AE09A0718460AD0013905D318461B
:101FB00013F8012B6245F5D1704700207047114698
:101FC00003290CD80029F8D00346014401E08B42D4
:101FD000F3D0184613F8012B6245F8D1ECE702461E
:101FE00010B54CEA0C2444EA044410460368043259
:101FF0006340A3F1013E2EEA030313F0803F04D1B6
:10200000043903291046F0D851B10346014401E0D8
:102010008B4205D0184613F8012B6245F8D110BD4C
:10202000002010BD704700BF704700BFF8B51446D0
:10203000F9B1CAB106460D4600F068F8A04202D3D5
:102040002F463846F8BD21463046FEF797FE074634
:102050000028F6D022462946FEF79CFA304629464B
:10206000FEF726FE3846F8BD2746FEF721FE384625
:10207000F8BD1146BDE8F840FEF780BE10B50C462D
:10208000B1F90E100DF0EDFE002803DB636D034483
:10209000636510BDA38923F48053A38110BD00BFE5
:1020A000002070472DE9F0410C46B1F90C101F4695
:1020B000CB05054616460BD421F48051A1813B4641
:1020C00032462846B4F90E10BDE8F0410DF0CEBE00
:1020D000B4F90E10022300220DF0CAFEB4F90C1060
:1020E000EAE700BF10B50C46B1F90E100DF0C0FEC6
:1020F000A389421C0EBF23F4805343F480536065D0
:10210000A38110BDB1F90E100DF0A9BE51F8040C59
:102110000028A0F10400BCBF0B58C018704700BFD6
:102120002DE9F74304460D4609F0C0F900274FF0AA
:1021300012092D4EDFF8B4807080E0B2854250D98C
:1021400000232B4A0FE01CF801EBBEF1FF0F01D07A
:1021500070451BD001310929F5D10133DBB20C2BBD
:1021600002F109023BD094460021ECE7012A07D195
:10217000012B05D173888DF800708DF8017016E081
:102180008DF801308DF80010738810E0D8F8002029
:102190002AB309FB032333F81120110AD3B2120A20
:1021A000E4D1002BECD18DF800308DF801308DF8A2
:1021B0000230009806F050FCC0F307238DF80400AD
:1021C000C0F307408DF805308DF806009DF8063005
:1021D00020469DF805209DF8041007F023FA0134ED
:1021E000ABE703B0BDE8F083640C00201C140020B2
:1021F0009A0C0020032805D8D82202FB00F10248DF
:1022000005F02EBA704700BF20140020074B084A83
:1022100010B51A600023074C2370607009F046F96E
:1022200060806078BDE81040FFF7E4BF1C14002018
:1022300020140020640C0020024B1878431E5842E2
:1022400058417047640C0020F0B5124B18780128F3
:102250001DD1114B1B68A3B112244A7804FB023331
:102260000A780E4933F812500E4631F8027BC4B298
:10227000AF4207D104F0070136F81110012023F80E
:102280001210F0BD01300928EFD10021F6E700203F
:10229000F7E700BF640C00201C140020581301084D
:1022A000704700002DE9F0431F4B85B01B784BB3FE
:1022B000002201AC1146104607F0ECFA0025A046BA
:1022C0000A27DFF868900A2249464046FEF762F97D
:1022D00000F086FE0378EAB2B3FBF7F3934200D82E
:1022E000EAB900F07DFE03782678312B0DD9002362
:1022F000962219463046013507F094F90A2D04F16B
:102300000104E0D105B0BDE8F08300F069FE037878
:102310001D2B4FF00003EBD81A469621EAE7002365
:1023200020781A461946E6E7344000204C1301088D
:10233000F8B50D4616460446364F002845D00BF03A
:1023400063F9354B38601A69570402D51A691104CC
:1023500042D41A69520402D41B691F043ED42E4A87
:102360001169C1F38033490405D5136913F4004F93
:1023700014BF002302232A78511E042930D9062ACB
:1023800030D0002A0CBF03200020244A14B9117851
:10239000994202D11C1A18BF0124022B137023D0BA
:1023A000032B2AD0012B31D102232B7094B100F0E2
:1023B00071FA0022314600F0B7F90BF025F9184BFD
:1023C00018600BF0F4F8012005E038680BF0D1F844
:1023D0003228B4D80020F8BD0323CCE70123CAE794
:1023E0000120D2E70220D0E703232B70002CF1D08C
:1023F00000F050FA00220621DDE701232B70002CAB
:10240000E8D000F047FA00221146D4E7002CE1D0D2
:10241000D3E700BF0015002000080040FC14002096
:10242000F8140020014B1860704700BFF81400201A
:1024300070B503F091FA0446B8B100F0CDFD284D17
:1024400002782B789A4206D000F0C6FD002203786D
:102450002B70244B1A6000F0BFFD0378022B16D0BE
:10246000032B04D00BB91F4A1360204670BD1D4DCD
:102470002E689EB90BF0C8F8286000F00BFA0546EC
:1024800000F008FA32460146284601F0EDFE154DEF
:102490002868C0B90BF0B8F82860E6E730460BF0C2
:1024A00068F847F22F539842F1D90BF0ADF8286045
:1024B000112000F051FF44F620600CF0CEFC01200A
:1024C00000F0F0FBE3E70BF054F8074B9842CCD94F
:1024D0000BF09AF82860012000F0E4FBC5E700BF8C
:1024E000FD140020F8140020DF93040013B58DF8CC
:1024F00007100DF10701FFF71BFF044608B9FFF7AE
:1025000097FF204602B010BD2DE9F04103F024FAF8
:10251000002828D020224FF4804158480DF066FF53
:1025200000BF00BF00BF00BF00BF00BF00BF00BFB3
:1025300000BF00BF00BF00BF00BF00BF00BF00BFA3
:1025400000BF00BF00BF00BF00BF00BF00BF00BF93
:10255000302383F3118803220E2148480DF066FFD3
:10256000002383F3118803F0F7F9002828D02022F4
:102570004FF4004141480DF039FF00BF00BF00BFDC
:1025800000BF00BF00BF00BF00BF00BF00BF00BF53
:1025900000BF00BF00BF00BF00BF00BF00BF00BF43
:1025A00000BF00BF00BF00BF00BF302383F311880E
:1025B00003220F2131480DF039FF002383F31188E6
:1025C0002F4B1B7873B309244FF001082D4E56F89A
:1025D000041B4A1C0BD021F00F0701F00F0108FA71
:1025E00001F50122294638460DF000FFBD61013C8E
:1025F00014F0FF04EBD14FF00108234E56F8041BF2
:102600004B1C0BD021F00F0701F00F0108FA01F568
:102610000122294638460DF0E9FEBD610134E4B2DD
:10262000092CEBD1002280214FF080400DF0DEFE1E
:1026300000BF00BF00BF00BF00BF00BF00BF00BFA2
:1026400000BF00BF00BF00BF00BF00BF00BF00BF92
:1026500000BF00BF00BF00BF00BF00BF00BF00BF82
:10266000302383F31188012207214FF080400DF0C1
:10267000DDFE002383F31188BDE8F08100080040EF
:10268000F01E0020681301088C130108072805D0EC
:102690000E38012804D8072000F0E4BA0320FBE735
:1026A0007047000008B503F057F938B14FF0804388
:1026B0004FF400129A614FF000729A61074B1B7839
:1026C0005BB1112000F048FE44F620600CF0C5FB21
:1026D000BDE80840022000F0C5BA08BDF01E002089
:1026E00010B5084C237863B100F0C2FA0338012812
:1026F0009DBF0023032023700220BDE8104000F09E
:10270000A3BA10BDF01E002008B500F065FC0378E8
:10271000022B03D100F068FC007808BD0020FCE724
:1027200000F04ABC70470000F8B50C461546064656
:10273000F8B921BB134F3B78A34200D13DB100F063
:102740004BFC0323037000F04FFC002303703C702C
:1027500004F082FB2946204600F09AFE2A462146D4
:10276000304601F081FD2A4621463046FFF7DAFF68
:10277000F8BD0029DED1012000F00EFADAE70220D0
:10278000FAE700BF1A15002037B5044600F024FC14
:102790000378012B0DD00025CDE9005500F01CFC7D
:1027A0000378022B07D0094B2A4619780846FFF711
:1027B000BBFF03B030BD24B1082221466846FDF7B7
:1027C000E9FE684600F026FDF3E700BF1A15002079
:1027D00037B5044600F000FC0378012B0ED000252D
:1027E00000958DF8045000F0F7FB0378022B07D01A
:1027F0000D4B2A4619780846FFF796FF03B030BD07
:1028000074B163788DF80030A3788DF80130E378E7
:102810008DF8023063798DF8033023798DF8043018
:10282000684600F05BFDE9E71A15002037B504465D
:1028300000F0D2FB0378012B0DD00025ADF8065037
:1028400000F0CAFB0378022B07D0114B2A461978F7
:102850000846FFF769FF03B030BD002CFBD063785A
:10286000A27843EA0223ADF80630813B022B09D857
:1028700001220DF1060002FA03F3ADF8063000F074
:1028800011FDE8E70DF1060000F0F6FCE3E700BFFC
:102890001A150020014B1878704700BF1A15002048
:1028A00038B5154C00252378032B22D8DFE803F038
:1028B000020B131B0A2311488370C5700AF056FCE3
:1028C0000123237038BDF6230C48C37085700AF0CD
:1028D0004DFC0223F5E7F62308488370C5700AF023
:1028E00045FC0323EDE70A2304488570C3700AF012
:1028F0003DFC2570E6E700BF041500200C15002004
:102900007047000010B5FFF7FBFF00F079FA00F008
:1029100075FB01F049FA00F05BF9012803D1BDE82D
:10292000104000F05BB900F089F968B9074C2068E5
:1029300004F0EAFD40F6B733984205D900F00EFEE8
:1029400010B104F0D1FD206010BD00BF08150020BB
:102950002DE9F04F00258FB08146CDE90255049551
:10296000ADF8145000F038FB0378012B0AD000F0CA
:1029700033FB0378022B08D05C4B2A4619780846B3
:10298000FFF7D2FE0FB0BDE8F08FB9F1000F00F0F5
:10299000A4804FF01E082022494606A8FDF7FAFD44
:1029A000534F9DF819300DF11A063B7016F8010BC4
:1029B000FDF734FC08F1FF34054414F0FF08EDB2D4
:1029C000F4D14C4E4FF0060BB2461AF8013B9BB3C4
:1029D00000242246D3B29D420BD81AF8013CA342F0
:1029E00018BF0AF8018C22E001331E2B04D11C46CB
:1029F00007E000230DF11A0111F8010BDCB20028E9
:102A0000F2D004F138036B4413F81E0C019203F06A
:102A100032F940EAC404E4B2214606A80AF076FC82
:102A20001AF8013C019AA34202F10102D2D10BF142
:102A3000FF3B1BF0FF0BC8D14946202206A8FDF73B
:102A4000A9FD4FF000084FF001095FFA88F39D429D
:102A50000FD800F095FA002845D125480AF070FB00
:102A600002A800F0F0FB8DE701331E2B04D11C46B9
:102A700007E000230DF11A0212F8011BDCB2002955
:102A8000F2D004F138036B4413F81E0C03F0F3F892
:102A900040EAC404E4B2214606A80AF037FC3246F4
:102AA000002312F8011BA14202D021B93B449C70C3
:102AB00008F10108C9E70133062BF2D16F2CF7D8D2
:102AC0000EAB03EBD40313F8301C04F0070409FA2F
:102AD00004F40C4303F8304CEAE708224946044862
:102AE000FDF74AFEB5E7FFF70DFFB2E71A15002024
:102AF000121500201415002070B5044660B10AF0CC
:102B0000EFFA0D4B834215D018460AF0E3FABDE800
:102B1000704001200AF0CCBC00F05EFA0378022B72
:102B200008D1054D20466B6898472046AB68BDE844
:102B30007040184770BD00BF680C002038B50446CF
:102B400088B10AF0CDFA114C84421ED00122104BFC
:102B50001A7001F05BF80F480BF012FA2046BDE83E
:102B600038400AF0B7BA0B4B1B78042B05D1074D40
:102B70006B6898472046AB68984706480CF002FF00
:102B800004480DF0FDFA01F049F838BD140F00209B
:102B90003D3C0020504F002010B50C4B04461A78E5
:102BA000824204D00128187002D0022807D010BD3C
:102BB0000020FFF7A1FF2046FFF7C0FFF7E7002046
:102BC000FFF7BCFF0120FFF797FFF0E7800C002024
:102BD000014B1878704700BF800C002010B5FFF73C
:102BE00059FE0E4CB0B90E4B1B78052B12D1236841
:102BF00013B904F079FC2060206804F085FC41F6EC
:102C00005733984208D9002301202360BDE81040C3
:102C100000F048B80023236010BD00BF1C15002041
:102C2000504F002008B5044B186804F06DFCC7280D
:102C300094BF0020012008BD24150020014B187806
:102C4000704700BF20150020014B1870704700BF6F
:102C50002015002008B504F047FC014B186008BDA2
:102C600024150020014B1870704700BF2815002064
:102C7000014B1878704700BF28150020302310B58D
:102C800083F3118800F0A0FC002484F3118872B64D
:102C900000F052FE00F094FD04F09AFD84F31188D8
:102CA00062B610BD014B1870704700BF2915002097
:102CB00010B5074C237828B11BB1FFF7CBFF0323D6
:102CC000237010BD002BFCD10122024B1A70F8E7D3
:102CD0002015002029150020F8B50F4B0F4E1F6856
:102CE00001F00BF8054618B9002434702046F8BDF1
:102CF000FFF7D0FD18B90A4B1B78042BF4D03478B9
:102D00001CB100232C463370F0E7002FEED004F006
:102D100097F8B842EAD3F4E7840C00202915002084
:102D2000504F002008B500F0EFFF18B1BDE8084093
:102D3000FFF778BF08BD0120704708B5FFF7FBFF1C
:102D400018B1BDE80840FFF76DBF08BD70B5FFF7CB
:102D5000A1FD044668B9084E3578012D09D100F06F
:102D600055FF30460BF00CF9224621462846FFF766
:102D7000DBFC012070BD00BF504F002008B5FFF7FD
:102D8000E5FF18B1BDE80840FFF74CBF08BD70472C
:102D900008B508F0DBFA003818BF0120044B1870A2
:102DA00008F0BCFA0AF0FAFBFFF7F1FF08BD00BF1C
:102DB0002A150020002310B5074C2370FFF772FC82
:102DC000FFF75CFF2378054A022B18BF032313701B
:102DD000FFF786FC10BD00BF28150020201500203D
:102DE00008B5064B1B780BB108F07EFA0AF0DFFB42
:102DF00002F08EFDBDE8084004F02EB82A15002030
:102E000010B5154C2378032B1BD8DFE803F0020A1A
:102E1000131BFFF761FFA0B1FFF71CFF0123237015
:102E20000FE0FFF77FFF60B1FFF7B2FFFFF712FF80
:102E30000223F4E7FFF781FF18B1FFF70BFFFFF75D
:102E4000B9FF10BDFFF79AFF0028FAD0FFF7C8FFBF
:102E5000FFF700FF0023E2E720150020202938B506
:102E600005460C4610D1FFF7B3FE012806D12246D5
:102E70002946BDE8384002200BF0C8B82146284654
:102E8000BDE8384000F0E0BA38BD09F0D7BF000017
:102E9000054A064B06495A60116051609A60DA6033
:102EA000002219611A707047101D0020FC1C0020C0
:102EB0002B1500202DE9F041174C0E466768A568D8
:102EC00007F59C784545E36804D19F4206D1002070
:102ED000BDE8F08105F108029342F7E70F49226946
:102EE00001F2CF739B1A312B98BF2161322EEED89D
:102EF0002369014632461846FDF74CFB034645451B
:102F0000334428606B6018BF08354FF0010023611F
:102F10000CBFA760A560DBE7FC1C00202B15002080
:102F2000074A10B5D3689268934207D0D3E90014DA
:102F3000641A2246FDF72EFB204610BD0024FBE755
:102F4000FC1C0020074BDA6899688A4208D059684F
:102F500001F59C70824201D1D96070470832DA6075
:102F6000704700BFFC1C0020014B1878704700BF61
:102F7000FC1C0020014B1870704700BFFC1C002097
:102F8000034BD8689B68C01A18BF0120704700BF68
:102F9000FC1C00200246002330B50C1812F8015B1F
:102FA0002B44A242DBB2F9D1435430BD012070471B
:102FB00008B5FFF7FBFF08BD08B54FF4E1300AF094
:102FC000B9FDFFF765FFBDE8084024220021014854
:102FD000FDF7D2BB551E002000487047880C00202A
:102FE000004870478B0C002000487047890C002077
:102FF00018B111B189B20AF0CDBD704773B5FFF7B2
:10300000B3FF03280FD8DFE800F040022D3B774BD9
:10301000186804F079FA0A2805D900220220744BB6
:103020001A70FFF7A7FF734D734C0AF0BDFD00281F
:1030300056D00AF0A5FD2A68012A38D0022A3ED0CF
:10304000002A5BD161282FD85F2804D8A0F15A0349
:10305000DBB2032BE9D8012302222B60674B2070DF
:103060001A70E2E7624A13780133DBB2282B02D8E8
:1030700013700020D5E700231370FFF763FFF8E714
:10308000FFF760FF0020FFF775FF5D48FFF748FF7F
:1030900001460028C7D05A48FFF7AAFF04F024FAD7
:1030A000524B18600120BCE7AF28BED1D3E7022302
:1030B000524A2B6013786070013B1370B5E7237898
:1030C000612B0FD163780D2B18D10A2816D1FFF789
:1030D0004BFF012802D10320FFF74CFF00232B6098
:1030E00002B070BDAF2B09D16378602B06D10323EA
:1030F0002B60424BA0700130187096E73F49531C7B
:103100002B600B78A054013BDBB20B70002B8CD1F1
:10311000194639488A421FD1A25C9A4230D1032213
:10312000384901A8FDF736FA032101A80AF032FD5B
:1031300020462978FFF73CFF0028D1D02378602B68
:1031400010D8592B1CD95A3B062B19D8DFE803F0AD
:103150001B1F3F431818470010F8016B013133441F
:10316000DBB2D7E7AF2B0BD1A678202E08D12649AA
:1031700032462648FDF70EFA31462448FFF785FE11
:1031800000232B6051E76278214B5A70F8E763788F
:10319000313B052BF4D801A252F823F0B5310008D9
:1031A000BD310008C33100088131000881310008B9
:1031B000C93100080122164B1A70E1E70222144BB4
:1031C000FAE70322124BF7E70422114BF4E7627887
:1031D0000F4BDA70D4E762780D4B9A70D0E76078C5
:1031E000431E58425841FFF763FDC9E7C01E002047
:1031F000BD1E0020501E0020991E0020541E0020DD
:10320000551E0020B01301089C1E0020791E0020CE
:10321000880C00201FB5002301930293ADF80C30F9
:10322000A123082201460DF105008DF80430FDF7B9
:10323000B1F901A80921FFF7ADFE0A21FFF73AFE17
:1032400005B05DF804FB1FB50023CDE90033029300
:103250000393A2230E2201460DF101008DF80030E8
:10326000FDF798F968460F21FFF794FE1021FFF74C
:1032700021FE05B05DF804FB002307B50193A323ED
:10328000022201460DF105008DF80430FDF782F9A8
:1032900001A80321FFF77EFE0421FFF70BFE03B018
:1032A0005DF804FB37B5022504462A460A4901A801
:1032B000FDF770F900238DF80630A4238DF8043053
:1032C0002378294601A88DF80530FFF763FE032116
:1032D000FFF7F0FD03B030BD9C110108002307B5D6
:1032E0000093ADF804308DF80630A823052201467E
:1032F0000DF101008DF80030FDF74CF9684606210C
:10330000FFF748FE0721FFF7D5FD03B05DF804FB8A
:1033100030B50021054687B0112201A80091FDF7C4
:103320002BFA2846FDF73EFCC4B2122C11D8A92373
:10333000224629460DF102008DF800308DF801403B
:10334000FDF728F9A11C6846FFF724FE1521FFF7B9
:10335000B1FD07B030BD000037B5022504462A464E
:103360000A4901A8FDF716F900238DF80630A623B7
:10337000294601A88DF804308DF80540FFF70AFEB4
:103380000321FFF797FD03B030BD00BF9C1101087A
:1033900030B50C4600218FB005462D2202A80191C0
:1033A000FDF7EAF92E2C11D8AB23224629460DF160
:1033B00006008DF804308DF80540FDF7EBF8A11CF0
:1033C00001A8FFF7E7FDE11CFFF774FD0FB030BD6A
:1033D00030B50C4600218FB005462D2202A8019180
:1033E000FDF7CAF92E2C11D8AC23224629460DF13F
:1033F00006008DF804308DF80540FDF7CBF8A11CD0
:1034000001A8FFF7C7FDE11CFFF754FD0FB030BD69
:103410001FB5002304220293ADF80C30AD2340EA1F
:10342000014001900DEB02010DF109008DF808300B
:10343000FDF7B0F802A80521FFF7ACFD0621FFF764
:1034400039FD05B05DF804FB30B50C4600218BB0AA
:103450000546202202A80191FDF78EF9202C14D1F7
:10346000AF238DF804306123224629460DF1070071
:103470008DF805308DF80640FDF78CF8232101A862
:10348000FFF788FD2421FFF715FD0BB030BD0000CC
:1034900010B50C46062851D8DFE800F004212C3581
:1034A0003E4709001120BDE81040FFF755BF30200E
:1034B000FFF752FF002C41D012212148FFF768FF8F
:1034C00018212048FFF784FF43F22D404EF2C641F9
:1034D000FFF79EFF5220FFF73FFF5120E3E7312027
:1034E000FFF73AFF54B35220FFF736FF1648FFF7B5
:1034F0000FFFF2E73220FFF72FFFFCB15220FFF75A
:103500002BFF1248F3E73320FFF726FFB4B1522018
:10351000FFF722FF0E48EAE73420FFF71DFF6CB1EA
:103520005220FFF719FF0B48E1E73520FFF714FFA2
:1035300024B15220FFF710FF0748D8E710BD00BFA5
:10354000B4130108C6130108DE130108E8130108CB
:10355000F2130108FC1301080814010808B5FFF76D
:103560000FFD20B95320FFF7F7FE012008BD002012
:10357000FCE7000010B5C4B20B2C03D0122C0ED007
:10358000012000E00220FFF76DFB2046FFF77EF8E8
:103590000CF005FF4FF0FF32024B5A6110BD0420C2
:1035A000F1E700BF001800400023054A0549C2E9C1
:1035B00000130133102B02F10802F8D1704700BF4D
:1035C000B04B0020753500082DE9F041FFF7ECFF06
:1035D00002F0C2F9002800F0938009254FF001089D
:1035E000724E56F8041B481C0CD021F00F0701F056
:1035F0000F0108FA01F421460522384624040CF094
:10360000F5FEBC61013D15F0FF05EAD10624012657
:103610003027674D55F8040B411C2ED000F00F01E8
:10362000202206FA01F120F00F000CF0DFFE00BFAF
:1036300000BF00BF00BF00BF00BF00BF00BF00BF92
:1036400000BF00BF00BF00BF00BF00BF00BF00BF82
:1036500000BF00BF00BF00BF00BF00BF00BF87F3B7
:10366000118855F8040C022200F00F0120F00F0021
:103670000CF0DCFE002383F31188013C14F0FF04FE
:10368000C8D100224FF480614FF080400CF0AEFEB4
:1036900000BF00BF00BF00BF00BF00BF00BF00BF32
:1036A00000BF00BF00BF00BF00BF00BF00BF00BF22
:1036B00000BF00BF00BF00BF00BF00BF00BF00BF12
:1036C000302585F3118803220A214FF080400CF049
:1036D000ADFE002484F3118885F3118801220C21AA
:1036E0004FF080400CF0A2FE84F3118806212320C5
:1036F0000CF0FCFBFEF708FFBDE8F0410CF030BE1B
:1037000009254FF001082B4E56F8041B4A1C0CD01B
:1037100021F00F0701F00F0108FA01F421460522FC
:10372000384624040CF062FEBC61013D15F0FF0533
:10373000EAD10624012630271F4D55F8040B431CFF
:103740002ED000F00F01202206FA01F120F00F0028
:103750000CF04CFE00BF00BF00BF00BF00BF00BFA9
:1037600000BF00BF00BF00BF00BF00BF00BF00BF61
:1037700000BF00BF00BF00BF00BF00BF00BF00BF51
:1037800000BF00BF87F3118855F8040C022200F037
:103790000F0120F00F000CF049FE002383F3118885
:1037A000013C14F0FF04C8D16BE700BF14140108FA
:1037B000B814010838140108B81401087047000053
:1037C00008B50AF06DFC03222B4B2C499A620C229F
:1037D000DA62D1F890202A4822F01802C1F890202D
:1037E00000229A62DA62D3F8402C03F5406342F477
:1037F00080721A641A6C4FF4006142F002021A647B
:1038000001225A63DA67DA6608225A615A695A61F4
:103810005A6942F001025A619A6C42F4C0629A6499
:103820009A6C9A6C42F480429A649A6CDA6C42F018
:103830000802DA64DA6C9A6C42F480529A649A6CE8
:10384000DA6C42F01002DA6440F28232DB6C0CF087
:10385000CDFD40F282324FF400714FF080400CF009
:10386000C5FD40F282324FF480614FF080400CF091
:10387000BDFDFFF7A3FF08BD0000014000040140AB
:10388000000800404FF0E02210B500210124136928
:1038900023F001031361224B224A5A6100228B005C
:1038A00003F1604303F56143D3F80001D040C00742
:1038B00048BF04FA02F002F1010248BFC3F88001D8
:1038C000202AF1D101310829E8D1174C636843F06F
:1038D00000736360154B1A6802F009021A601A68D7
:1038E00042F46C3242F004021A6040F2B3321A62BF
:1038F0000F4B43F001039847236943F0040323610E
:1039000030BF0C4B43F0010398474FF0E02223698E
:1039100023F004032361136943F00103136110BD15
:1039200000180040FFFF070000ED00E0000001402C
:10393000901401085C140108FFF7A4BF08B507F054
:10394000B5FD1E3080B2962828BF9620C0B208BDB3
:103950000B8807B5A3F5FC43032B1ED8DFE803F063
:1039600002213B55364A012013789278C3F3420373
:1039700002F007020DF107018DF80730FEF7D8FCC1
:103980009DF80730042B02D013F0FD0F05D1FEF790
:1039900081FF01221146FEF7C7FE002003B05DF84B
:1039A00004FB274A012013789278C3F3420302F004
:1039B00007020DF107018DF80730FEF7B9FC9DF8FD
:1039C0000730042B02D013F0FD0FE6D1FEF762FFA3
:1039D00001220221DFE71A4A012013789278C3F30B
:1039E000420302F007020DF107018DF80730FEF7E0
:1039F0009FFC9DF80730042B02D013F0FD0FCCD1B3
:103A0000FEF748FF01220321C5E70D4A0120137884
:103A10009278C3F3420302F007020DF107018DF81B
:103A20000730FEF785FC9DF80730DA1E012A01D920
:103A3000002BB2D1FEF72EFF01220621ABE700BF1B
:103A4000AC49002008B540F282324FF400714FF0CB
:103A500080400CF0CBFCBDE8084040F282324FF4CD
:103A600080614FF080400CF0C1BC000010B50A4CE2
:103A7000238803F00E0363F0FE032380A37823F072
:103A80000F0343F00103A370FEF70AFC2068BDE8B2
:103A9000104003F088B900BFAC490020002310B5E6
:103AA00086B08DF80C3004938DF8143055238DF8C2
:103AB0000830052304AC8DF809008DF80A108DF844
:103AC0000B201946009402AA0F2004F0D7FA06B082
:103AD00010BD000008B503F064F9044B186018B974
:103AE000BDE80840FFF7C2BF08BD00BFAC490020D9
:103AF00008B5FFF7EFFF09F087FD3C4B186001F0B8
:103B00002BFF0122202100285CD04FF080400CF0D8
:103B10006DFC07F0CBFC18B14FF0804320229A6176
:103B200001224FF480714FF080400CF05FFC07F0F1
:103B3000BDFC20B14FF080434FF480729A61202287
:103B40004FF480412A480CF051FC20224FF40041F0
:103B500027480CF04BFC4FF40033264801228361C8
:103B600002210CF043FC002280214FF080400CF039
:103B70003DFC4FF4004120224FF080400CF036FC19
:103B8000FEF7CEFD09F040FD1B4B186003F0ADF9C8
:103B90001A4B18780009FEF739FB07F063FC184B45
:103BA000C0F307221870C0F307405A709870FFF7EF
:103BB00017FA144B027814491A700F20BDE8084018
:103BC00004F04EBA4FF080400CF010FC01224FF48C
:103BD00080714FF080400CF009FC07F067FC002872
:103BE000ADD04FF0804320229A61A5E7E81E002067
:103BF0000008004000040040F41E0020AC490020F2
:103C0000A8490020384000204D5800084FF40032E9
:103C1000014B9A61704700BF000400400222014B33
:103C20009A617047000400407FB5FFF70BFF042244
:103C300000210DF10900FCF79FFD002204AB049266
:103C40008DF814200093CC2205238DF80820194606
:103C500002AA0F2004F012FA07B05DF804FB10B5B9
:103C600001F07AFE70B107F021FC18B14FF08043EB
:103C700020229A6107F01AFC20B14FF080434FF4E4
:103C800080729A61FEF706FE0446FEF703FE0022EC
:103C900001462046FEF748FDFFF7C6FF09F0B4FCD9
:103CA000BDE81040FEF7BEBB7FB5042200210DF138
:103CB0000900FCF761FD002204AB04928DF814208A
:103CC0000093BB2205238DF80820194602AA0F2075
:103CD00004F0D4F907B05DF804FB08B501F03CFE30
:103CE00038B14FF080434FF400129A614FF0807268
:103CF0009A61BDE80840FFF7D7BF08B5FEF7CAFDD7
:103D0000003818BF012008BD10B586B001F024FEB0
:103D100048B30023ADF80A308DF80C3004938DF8C9
:103D20001430AA238DF808301A4B04AA1B780F20F0
:103D30008DF8093005230092194602AA04F09EF975
:103D4000154B1B7813F00E0F0DD004224FF4806139
:103D50004FF080400CF04AFB04224FF400714FF00A
:103D600080400CF043FBFEF795FD78B90B4B1B78B8
:103D700063B90B4C2378012B08D00222094B204653
:103D80009A610CF0FDF920460BF0FCFD012006B015
:103D900010BD00BFF01E0020AC490020D01E002046
:103DA000504F00200004004038B5144D144C2868D2
:103DB000C8B109F0DEFB632815D97020FFF7CCFAF3
:103DC0005520FFF7C9FA5720FFF7C6FA00222178DD
:103DD00011F00E0F0CBF01201046C1F34201FEF797
:103DE000A3FC00232B60A27821780020BDE8384096
:103DF00002F00702C1F34201FEF778BBF41E002077
:103E0000AC490020554B37B51880A0F5FC400C4656
:103E1000032800F2A080DFE800F002355778504A0E
:103E2000012013789278C3F3420302F007020DF1E8
:103E300007018DF80730FEF77BFA9DF80730042B59
:103E400002D013F0FD0F1AD16579464C002D7DD0BC
:103E5000FEF720FD012805D0FEF71CFD0022012100
:103E6000FEF762FC237833B940F6B8303B4A3E494E
:103E700007F032FF207009F0C7FBFEF7D3FA0020ED
:103E800003B030BD364A012013789278C3F3420361
:103E900002F007020DF107018DF80730FEF748FA2E
:103EA0009DF80730042B02D013F0FD0FE7D16579A0
:103EB0002C4C002D4AD0FEF7EDFC0228D2D0FEF7A4
:103EC000E9FC00220221CBE7254A012013789278F1
:103ED000C3F3420302F007020DF107018DF807302A
:103EE000FEF726FA9DF80730042B02D013F0FD0FE1
:103EF000C5D165791B4C4DB3FEF7CCFC0328B1D07E
:103F0000FEF7C8FC00220321AAE7154A0120137816
:103F10009278C3F3420302F007020DF107018DF816
:103F20000730FEF705FA9DF80730DA1E012A01D99D
:103F3000002BA4D165790B4C45B1FEF7ABFC0628EC
:103F400090D0FEF7A7FC0022062189E7207807F031
:103F5000D1FE25708FE7012092E700BFDE1E002012
:103F6000AC490020FB1E0020513900082DE9F0412A
:103F700004460D4601F090FD0646A0B3244B1A7886
:103F80003AB16A792AB10022114610461A7005F03A
:103F900081FCFFF721F80378022B03D109F034FBF1
:103FA000FEF740FA45F223239C4207D047F643032D
:103FB0009C4218D045F221239C4217D195F80580E8
:103FC000B8F1000F0FD1FEF737F9074658B1114E7F
:103FD00033782BB12946204686F80080FEF734F965
:103FE000012333703E463046BDE8F081FEF724F9E8
:103FF0000028F8D0A4F5A443203B1F2BF3D96B79FC
:10400000002BF0D029462046FEF71EF90026EAE7ED
:10401000FA1E00205840002013B507F0DDF90128F2
:10402000374C0CD107F01EFAC0F3072310F0FF0045
:104030008DF8053013D1DBB2C3B10323237023788D
:104040000133DBB20B2B237020D10023237007F048
:104050005DF923782B4AD05C07F0BAF922E0782882
:1040600010D005D8282809D0502809D00923E5E721
:10407000A02809D0C828F9D10823DFE70423DDE709
:104080000523DBE70623D9E70723D7E70A2BDED191
:1040900007F0E8F9FF21C0F30742002007F0DFF93D
:1040A00007F04CF907F0DEF92378C0F30742092B3B
:1040B00024D8DFE803F01D2323050C0F1215181B6D
:1040C000FF21002002B0BDE8104007F0C8B9FF2171
:1040D0002820F7E7FF215020F4E7FF217820F1E7BF
:1040E000FF21A020EEE7FF21C820EBE70021E8E751
:1040F000FF2002B0BDE8104007F056BAC820F8E72C
:10410000F11E00208C0C002030B587B0FEF7C2FBFA
:1041100020B93C4B1B780BB1FEF7C2FBFEF7F2FB5C
:104120004FF080431B69384CC3F3C013237001F078
:1041300013FC20B3354D286809F01BFAB0F57A7FDF
:104140001DD309F061FA0023ADF80A308DF80C3068
:1041500004938DF81430F1238DF80830237804AAE5
:104160008DF8093005232860194600920F2002AA15
:1041700003F084FF18B109F047FA254B18604FF09F
:1041800080431B69234AC3F3C0331370227882B380
:10419000002B14BF662464241F4D286858BB09F007
:1041A00033FA28602046FFF7D7F85320FFF7D4F8FA
:1041B00001F0D2FBC0B1194C206809F0DAF9B0F572
:1041C000FA6F11D909F020FA2060FEF709FF144DAB
:1041D00003782B70FEF75EFB0446FEF75BFB2A7844
:1041E00001462046FFF75AFC07B0BDE8304002F018
:1041F00098BE6524D0E709F0BCF9B0F57A7FCED837
:10420000D6E700BF35400020D01E0020E41E00206D
:10421000E81E0020C41E0020D81E0020E01E002042
:104220003840002073B5154606461C46019109F03A
:10423000EBF9084B03221860074B64001E60074B24
:1042400001A91D60064B07481C60FCF7A3F902B0EA
:1042500070BD00BF081F0020FC1E0020001F0020B2
:104260000C1F0020051F0020F7B55E4B5E4D0E466B
:104270002F7814461A70FEF70DFBC7F342078742EA
:1042800013D0FEF707FB2B7800F0070060F3430321
:104290002B7003F00E032BB103289EBFAB7860F3A5
:1042A0000203AB70286802F07EFD711E052900F242
:1042B0009780DFE801F0031F374F677FFF237CB152
:1042C00000228DF806308DF804208DF8052001239A
:1042D000C8221120019903B0BDE8F040FFF7A2BF4A
:1042E0008DF806304FF4FA7201238DF804408DF8F2
:1042F0000540EEE7FF235CB100228DF806308DF813
:1043000004208DF805200123C82212200199E2E73C
:104310008DF806304FF4FA7201238DF804408DF8C1
:104320000540F2E7FF235CB100228DF806308DF8DE
:1043300004208DF805200123C82213200199CAE723
:104340008DF806304FF4FA7201238DF804408DF891
:104350000540F2E7FF235CB100228DF806308DF8AE
:1043600004208DF805200123C82229200199B2E7F5
:104370008DF806304FF4FA7201238DF804408DF861
:104380000540F2E7FF235CB100228DF806308DF87E
:1043900004208DF805200123C8222A2001999AE7DC
:1043A0008DF806304FF4FA7201238DF804408DF831
:1043B0000540F2E7FF238DF804304CB10023C822FA
:1043C0008DF805308DF8063001231420019982E71D
:1043D00001234FF4FA728DF805408DF80640F4E79A
:1043E00003B0F0BD041F0020AC49002010B5FEF75B
:1043F000F3FD0378022B0CD0FEF74CFA0446FEF7CF
:1044000049FA064B01461A782046FFF72DFF012096
:1044100010BD01F057FC0020FAE700BF041F002088
:1044200070B5164C2068D0B109F0A3F8144B154DA7
:104430001B68984208D2144B18682B6813F00103CC
:1044400013D11A46194614E009F0DEF82B682060F3
:1044500033B900232360FFF7C9FF0028EBD170BDFB
:10446000013B2B60002BE6D1F3E708498B784A78B3
:104470000978BDE8704005F0D5B800BF081F0020DE
:10448000001F00200C1F0020FC1E0020051F002024
:10449000F7B50C4C1D46237806461746019173B9B3
:1044A0000123237009F0B0F86D006060032201A9B8
:1044B00004F11100A760E5602674FCF76BF803B007
:1044C000F0BD00BF3C40002010B5124C237803B370
:1044D000606809F04EF8A36898420FD309F094F889
:1044E000E368606033B900232370636000231A46D9
:1044F000194609E0013BE360002BF4D0E368DB07D9
:10450000F4D5E37CA27C617C207CBDE8104005F002
:1045100089B810BD3C40002037B5FFF70FFA0446BC
:1045200001F01AFA002852D02A4B1D78FDB12A4B0F
:104530001D782A4B85B10025224629461D60284654
:104540002B4605F06FF82B46224629463D2003B046
:10455000BDE8304005F066B82A4621461D60284671
:104560002B4605F05FF82B462A462146EEE7FEF77C
:1045700037FD0378052B28D88DF804408DF80550B9
:104580008DF80650012347F230523F200199FFF782
:104590007FFFFEF725FD0378CBB9104C236813B9D4
:1045A00009F032F82060206888B108F0E2FF4EF68A
:1045B000602398420BD9002301202360084B187018
:1045C00003B0BDE83040FEF76DBB044B1D6003B087
:1045D00030BD00BFD01E0020C41E0020CC1E002015
:1045E000F01E00202DE9F34106461D461820002349
:1045F0001746134A019100FB03F111F802808C1851
:10460000B8F1000F17D10123237008F0FDFF6D00F2
:1046100060600322A760E560267401A904F111001F
:10462000FBF7B8FFFF2E0ABF064BC4F81480636186
:1046300002B0BDE8F0810133632BDCD1F8E700BFA5
:1046400060400020D94600081FB500248DF80040C6
:104650008DF801408DF8024000990123FA2236209E
:10466000FFF7C0FF8DF804408DF805408DF8064037
:1046700001990123FA224220FFF7B4FF8DF8084088
:104680008DF809408DF80A4002990123FA2243204F
:10469000FFF7A8FF0123FA2241208DF80C408DF886
:1046A0000D408DF80E40039904B0BDE81040FFF7AF
:1046B00099BF102307B58DF804308DF805308DF8BB
:1046C0000630FA220323FF200199FFF78BFF012018
:1046D00003B05DF804FB00001822144B82B002FB0B
:1046E0000030437C6E2B10D1827CE2B9C27CD2B9FF
:1046F0008DF804308DF805208DF806200123FA226C
:10470000FF20019902B0FFF76DBF63B9837C6E2B68
:1047100009D1C37C3BB98DF804308DF805306F2387
:104720008DF80630EAE702B0704700BF6040002015
:10473000094A0023114610B5147C844206D1182280
:1047400053430022C818C260CA5410BD0133632B02
:1047500002F11802F0D1F8E760400020F0B587B010
:1047600005460E46FFF702FC18B90024204607B0A4
:10477000F0BD31462846FFF745FB04460028F4D03B
:10478000452D7FD81D2DF1D91E3D272DEED801A333
:1047900053F825F0654E0008AD4E0008F54E0008B0
:1047A000494F0008A54F0008F14F00083950000894
:1047B00089500008E5500008355100086D47000891
:1047C00025520008815200086D4700086D47000817
:1047D00085510008D55100086D4700086D47000855
:1047E0006D4700086D4700086D4700086D470008D9
:1047F000535200086D4700086D4700086D470008D8
:104800006D4700085F490008CF4900083F4A00088B
:10481000AF4A00081F4B0008A34B0008154C0008C6
:10482000874C0008E54C00082D4D0008894D000814
:10483000E74D0008A5F5FC45053D022D00F28185F8
:10484000DFE815F08B0649059806A5F5F045433DD0
:10485000092D8BD801A353F825F000BFDF540008C1
:104860006D4700086D4700086D4700086D47000858
:104870006D470008A5530008F15300086153000874
:104880007B53000847F64C039D424BD847F6420342
:104890009D42DAD8B5F5A44F00F0CE851FD8E32DA0
:1048A00000F02C86E72D7FF461AFAB4D287801F046
:1048B000E2F9022840F04586A84B1B78DB067FF51D
:1048C00055AFFDF7B9FC00287FF450AF7579E720AC
:1048D000002D00F03E8601F0A9F82C4646E745F28F
:1048E00002239D4200F0D28547F213039D427FF4DC
:1048F0003DAFFDF7A1FC002840F0EF847579002D55
:104900003FF434AF00236E228DF810308DF8112063
:104910008DF81230FA220123FF200499FFF762FE7E
:104920002C4623E747F607639D423FF61FAF47F645
:1049300003639D423FF67EAFB5F5F84F00F0F68475
:1049400047F603439D427FF411AF7479844D002CE8
:1049500000F0038508F058FE0024286006E7814B2C
:104960007D4D9B782878DF0615D501F084F9022863
:1049700005D1747954B9AF2001F06EF8F6E62878C5
:1049800001F079F903287FF4F1AEF2E7AF2001F0EE
:104990004DF80024EAE601F06EF902283FF4E6AE95
:1049A000287801F068F903283FF4E0AE6E4B1B78DD
:1049B00013F00A0F3FF4DAAE7379B2201BB101F0A5
:1049C00035F80024D2E601F047F80024CEE6654B26
:1049D000614D9B78287813F0100715D001F04BF942
:1049E000022805D1747954B9AA2001F035F8BDE642
:1049F000287801F040F903287FF4B8AEF2E7AA2046
:104A000001F014F80024B1E601F035F902283FF472
:104A1000ADAE287801F02FF903283FF4A7AE524B32
:104A20001B7813F00A0F3FF4A1AE7479BE201CB1BD
:104A300000F0FCFF3C4699E601F00EF896E6494B83
:104A4000454D9B78287813F0100715D001F013F925
:104A5000022805D1747954B9A92000F0FDFF85E63C
:104A6000287801F008F903287FF480AEF2E7A92046
:104A700000F0DCFF002479E601F0FDF802283FF4A5
:104A800075AE287801F0F7F803283FF46FAE364B87
:104A90001B7813F00A0F3FF469AE7479BD201CB186
:104AA00000F0C4FF3C4661E600F0D6FF5EE62D4B09
:104AB000294D9B782878D90615D501F0DCF8022815
:104AC00005D1747954B9A82000F0C6FF4EE62878C5
:104AD00001F0D1F803287FF449AEF2E7A82000F0F6
:104AE000A5FF002442E601F0C6F802283FF43EAEDE
:104AF000287801F0C0F803283FF438AE1A4B1B7831
:104B000013F00A0F3FF432AE7379B1201BB100F0FD
:104B10008DFF00242AE600F09FFF002426E6114BBB
:104B20000D4D9B78287813F010071FD001F0A3F8E3
:104B3000022805D1747954B9AD2000F08DFF15E637
:104B4000287801F098F803287FF410AEF2E7AD2042
:104B500000F06CFF002409E6161F0020C849002061
:104B6000D41E0020AC4900201A1F002001F083F859
:104B700002283FF4FBAD287801F07DF803283FF4CC
:104B8000F5ADA54B1B7813F00A0F3FF4EFAD747928
:104B900068201CB100F04AFF3C46E7E500F05CFFEE
:104BA000E4E59E4B9E4D9B78287813F0100716D0B5
:104BB00001F061F8022806D173795BB9AC2000F0EE
:104BC0004BFF0024D2E5287801F055F803287FF444
:104BD000CDADF1E7AC2000F029FF0024C6E501F0DF
:104BE0004AF802283FF4C2AD287801F044F80328BF
:104BF0003FF4BCAD884B1B7813F00A0F3FF4B6AD01
:104C0000747969201CB100F011FF3C46AEE500F05C
:104C100023FFABE5814B824D9B78287813F010077A
:104C200016D001F028F8022806D173795BB9AE20BE
:104C300000F012FF002499E5287801F01CF8032801
:104C40007FF494ADF1E7AE2000F0F0FE00248DE596
:104C500001F011F802283FF489AD287801F00BF833
:104C600003283FF483AD6C4B1B7813F00A0F3FF41D
:104C70007DAD74796A201CB100F0D8FE3C4675E524
:104C800000F0EAFE72E5654B654D9B782878DA0600
:104C900016D500F0F0FF022806D173795BB9AB207E
:104CA00000F0DAFE002461E5287800F0E4FF032834
:104CB0007FF45CADF1E7AB2000F0B8FE002455E5D1
:104CC00000F0D9FF02283FF451AD287800F0D3FF5F
:104CD00003283FF44BAD504B1B7813F00A0F3FF401
:104CE00045AD69E74D4B4E4D9B782878DB060BD5DB
:104CF00000F0C1FF02283FF407AF287800F0BBFFA7
:104D000003287FF433ADFFE600F0B5FF02283FF43F
:104D10002DAD287800F0AFFF03283FF427AD3E4BC0
:104D20001B7813F00A0F3FF421AD7EE73B4B3C4D5F
:104D30009B782878DF0615D500F09DFF022805D165
:104D4000747954B9B52000F087FE0FE5287800F09B
:104D500092FF03287FF40AADF2E7B52000F066FE6B
:104D6000002403E500F087FF02283FF4FFAC287819
:104D700000F081FF03283FF4F9AC274B1B7813F0B8
:104D80000A0F3FF4F3AC88E7244B254D9B78287835
:104D900013F010070BD000F06EFF02283FF40CAEAA
:104DA000287800F068FF03287FF4E0AC04E600F008
:104DB00062FF02283FF4DAAC287800F05CFF032899
:104DC0003FF4D4AC144B1B7813F00A0F3FF4CEAC75
:104DD000747940F229301CB100F028FE3C46C5E44D
:104DE00000F03AFEC2E40D4B0D4D9B78287813F08D
:104DF00010071CD000F03FFF022805D174798CB950
:104E0000B42000F029FEB1E4287800F034FF032834
:104E10007FF4ACACF2E700BF1A1F0020AC490020C1
:104E2000161F0020B42000F001FE00249EE400F0D4
:104E300022FF02283FF49AAC287800F01CFF0328D8
:104E40003FF494ACA44B1B7813F00A0F3FF48EACE4
:104E50007479A6201CB100F0E9FD3C4686E400F020
:104E6000FBFD83E49D4B9B78DD067FF57FAC9C4C7E
:104E7000207800F000FF02280ED0207800F0FBFE22
:104E8000032809D074793A201CB100F069FF00248E
:104E90006CE400F0ADFF69E47479BE201CB100F051
:104EA0005FFF002462E400F0A3FF5FE48B4B9B787C
:104EB000D8067FF55BAC8A4C207800F0DCFE022837
:104EC0000ED0207800F0D7FE032809D074793B205B
:104ED0001CB100F045FF002448E400F089FF45E4E0
:104EE0007479BD201CB100F03BFF00243EE400F0CB
:104EF0007FFF3BE4794B9B78D9067FF537AC784C44
:104F0000207800F0B8FE02280ED0207800F0B3FE22
:104F1000032809D074793C201CB100F021FF002443
:104F200024E400F065FF21E47479E32034B100F05B
:104F300017FF2B2000F014FF002417E400F058FFA7
:104F40002B2000F055FF11E4644B9B78DA067FF5C7
:104F50000DAC634C207800F08EFE022810D0207833
:104F600000F089FE03280BD074793D2024B100F0B5
:104F7000F7FE0024FFF7FABB00F03AFFFFF7F6BB9D
:104F80007479E3203CB100F0EBFE082000F0E8FE6D
:104F90000024FFF7EBBB00F02BFF082000F028FFF8
:104FA000FFF7E4BB4D4B9B78DB067FF5DFAB4C4C4A
:104FB000207800F060FE022810D0207800F05BFE20
:104FC00003280BD074793E2024B100F0C9FE0024E0
:104FD000FFF7CCBB00F00CFFFFF7C8BB737913B928
:104FE0000024FFF7C3BB06F0D3FA0024FFF7BEBBD3
:104FF0003A4B9B78DF067FF5B9AB394C207800F04F
:105000003AFE022810D0207800F035FE03280BD09D
:1050100074793F2024B100F0A3FE0024FFF7A6BB63
:1050200000F0E6FEFFF7A2BB7379002BD8D006F0A4
:105030009BFA0024FFF79ABB284B9B78DD067FF58F
:1050400095AB274C207800F016FE022810D020786F
:1050500000F011FE03280BD07479402024B100F039
:105060007FFE0024FFF782BB00F0C2FEFFF77EBB8D
:105070007479AC2024B100F073FE0024FFF776BBF6
:1050800000F0B6FEFFF772BB144B9B78D8067FF595
:105090006DAB134C207800F0EEFD022810D0207884
:1050A00000F0E9FD03280BD07479412024B100F011
:1050B00057FE0024FFF75ABB00F09AFEFFF756BBDD
:1050C0007479AE2024B100F04BFE0024FFF74EBBF4
:1050D00000F08EFEFFF74ABB1A1F0020AC490020EB
:1050E000161F0020AA4B9B78D9067FF53FABA94C31
:1050F000207800F0C0FD022810D0207800F0BBFD21
:1051000003280BD07479422024B100F029FE00243A
:10511000FFF72CBB00F06CFEFFF728BB7479AB20C7
:1051200024B100F01DFE0024FFF720BB00F060FE5C
:10513000FFF71CBB964B9B78DA067FF517AB954CB7
:10514000207800F098FD022810D0207800F093FD20
:1051500003280BD07479432024B100F001FE002411
:10516000FFF704BB00F044FEFFF700BB7479A820F2
:1051700024B100F0F5FD0024FFF7F8BA00F038FE86
:10518000FFF7F4BA824B9B78DB067FF5EFAA814CE0
:10519000207800F070FD022810D0207800F06BFD20
:1051A00003280BD07479442024B100F0D9FD0024E9
:1051B000FFF7DCBA00F01CFEFFF7D8BA7479AA201A
:1051C00024B100F0CDFD0024FFF7D0BA00F010FEAE
:1051D000FFF7CCBA6E4B9B78DF067FF5C7AA6D4C04
:1051E000207800F048FD022810D0207800F043FD20
:1051F00003280BD07479452024B100F0B1FD0024C0
:10520000FFF7B4BA00F0F4FDFFF7B0BA7479A92043
:1052100024B100F0A5FD0024FFF7A8BA00F0E8FDD6
:10522000FFF7A4BA5A4B9B78DD067FF59FAA5A4B2D
:105230001B7813F00A057FF499AA7479352024B1FC
:1052400000F08EFD2C46FFF791BA00F0D1FDFFF77C
:105250008DBA4F4B9B78D8067FF588AA4E4B1B78AA
:1052600013F00A057FF482AA7479292024B100F092
:1052700077FD2C46FFF77ABA00F0BAFDFFF776BA51
:105280007579D5B101F02AFC81067FF56FAA01225C
:10529000424B434C1A7001F021FC00F020002070BA
:1052A00001F02AFC462000F0C1FB01F0DBFC207875
:1052B00001F01AFC0024FFF759BA384B1A78002A7B
:1052C0003FF454AA46201D702C4600F0C5FB01F0A7
:1052D000C9FCFFF74BBA737913B90024FFF746BA3C
:1052E0002B4D0024AB7883F01002C2F3001262F35E
:1052F0000413AB70286801F056FDF0238DF80830D8
:10530000AB7804AAC3F300138DF80930052300928B
:10531000194602AA0F20ADF80A408DF80C400494FB
:105320008DF8144002F0AAFEFFF720BA7579002D1F
:105330003FF41CAA01F01CFD2C4608F0B3F9FFF75E
:1053400015BAFCF779FF04460028C6D17379002B03
:10535000C3D0FEF761FEFFF709BA2C60FFF706BA6B
:105360007379002B3FF402AA06F026F9D6287FF6BF
:10537000FDA9FFF769F9FFF7F9B97379002B3FF43D
:10538000F5A906F019F95F283FF6F0A9F1E700BF8B
:10539000AC490020161F00201A1F0020F81E002014
:1053A000F91E00207579002D3FF4E0A905F0AEFF4D
:1053B00000F0D2FA30B14FF0804320229A614FF4CE
:1053C00080729A6106F072F895287FF6CFA9FEF7F1
:1053D000B5FA8DF810008DF811008DF81200022337
:1053E000FA2236200499FFF7FDF82C46FFF7BEB9E4
:1053F0007579002D3FF4BAA906F058F81E283FF63B
:10540000B5A90024002320461A461946013404F0A9
:1054100009F9442CF6D1FEF791FA8DF810008DF8B9
:1054200011008DF812000223FA2242200499FFF79E
:10543000D9F82C46FFF79AB97379002B3FF44DAF9A
:1054400000210E20FFF774F9FF234C4C8DF810302B
:105450008DF811308DF81230FA2203230F200499B1
:10546000FFF7C0F8207800F006FC022808D10020E1
:1054700000F0BAFB002000F0D8FF0024FFF776B957
:10548000207800F0F8FB0328F7D1F0E77379002BC0
:105490003FF423AF00210F20FFF74AF9FF23374CD9
:1054A0008DF810308DF811308DF81230FA22032368
:1054B0000E200499FFF796F8207800F0DCFB022814
:1054C0000AD0207800F0D7FB032805D0022000F096
:1054D0008BFB002000F0A9FF0024FFF747B9737988
:1054E000002B3FF443A905F077FF1D287FF43EA968
:1054F0001F2005F06DFF0024FFF738B91F4D2878F5
:1055000000F0B9FB022811D11D4B1B78DA067FF59C
:105510002DA9FCF791FE00287FF428A97579E320D6
:105520005DB100F083FA2C46FFF720B9287800F02F
:10553000A2FB03287FF41AA9E6E700F08DFAFFF733
:1055400015B9287800F097FB03287FF40FA9FFF71F
:10555000B3B900F081FAFFF709B90A4B0A4A1B7880
:10556000002413F00E0318BF737903F001031370C6
:10557000FFF7FCB80024FFF7F9B800BF161F0020A2
:10558000C8490020AC49002034400020F8B500256F
:105590002E461D4C237873B1606807F0EAFFA368BC
:1055A000984212D308F030F8E36860604BB9636941
:1055B00026706660C3B90135632D04F11804E9D182
:1055C000F8BD013BE360002BF1D0E368207C13F0D1
:1055D000010311D0FF28677CA17CE37C07D11A4628
:1055E000384604F057F9E6E7E8B29847E3E70A4699
:1055F000394604F017F8DEE7FF281A4602D11946AB
:105600001846EEE71946F4E7604000207FB500F049
:10561000A3F9A0B1042200210DF10900FBF7ACF8B9
:10562000002204AB04928DF814200093DD220523A0
:105630008DF8082019460F2002AA02F01FFD002253
:105640000B4B1A7001F0DEFB03F0B4FF094801F0C8
:10565000A0FBFFF72EF840B107F0D6FFFCF7E2FE03
:1056600007B05DF804EBFEF743BA07B05DF804FB42
:10567000970C0020C849002073B5FEF75FF9674B0F
:1056800004461E78A6B1002496238DF804408DF8B8
:1056900006308DF80540019803F0DEF9C0F30742AB
:1056A000C0F30721C0B204F0F5F8204602B070BD87
:1056B0005B4D286840B107F05CFF40F6B833984274
:1056C00002D9FFF7A3FF2E6007F036FD810705D54D
:1056D000002321461A46022003F0A4FF514D2878EA
:1056E00000F0C9FA02280ED0287800F0C4FA032886
:1056F00009D04D4B1B78DA0605D5002321461A4602
:10570000012003F08FFF494DFEF78AFE2B7863B925
:10571000474E306807F02DFFB0F5FA6F16D9012318
:105720002B7007F071FF306010E0424B1B786BB9B3
:10573000FCF782FD38B9FEF7C7FEFEF7EDFE07F075
:1057400063FF3B4B18602B78002BE1D0FFF71EFF67
:10575000394B9B78DB0609D51625002328461A46C7
:105760002146013503F05EFF232DF6D1334B186837
:1057700030B107F0FEFEB0F5FA6F2CBF002001201B
:105780002F4E304D327880F00103FF2A2DD1337037
:105790002B78FF2B32D032789A422FD02A4B1868C0
:1057A00007F0E7FEB0F5166F2CBF0025012507F0C6
:1057B0002BFF4FF44873B0FBF3F2367802FB130073
:1057C000F6B975B1B0F5C87F0BD2334622463146E3
:1057D000042003F027FF334622463146402003F0E1
:1057E00021FFFCF75FFD012060E79A42D0D03370C3
:1057F0002A7007F009FF144B1860C9E70025D6E7A7
:1058000015B1B0F5C87FECD2002321461A4604201A
:1058100003F008FF002321461A46DFE7FA1E0020A6
:10582000D41E0020161F0020C8490020970C00201D
:10583000C81E0020DC1E0020AC490020E81E00200D
:10584000990C0020980C0020EC1E002038B51C4656
:105850000B780D46CC2B41D006D8AA2B15D0BB2BEC
:1058600033D0552B09D038BDF02B3ED0F12B43D08F
:10587000DD2BF8D1FFF7CAFE04E0002289786878B2
:10588000FCF752FF00232370EDE71E4B1B7813F04B
:105890000E0F0DD004224FF480614FF080400AF0CB
:1058A000A5FD04224FF400714FF080400AF09EFDE8
:1058B000002323706B78144A003B18BF012301209A
:1058C0001370BDE83840FDF7EDB94FF400124FF00A
:1058D00080439A614FF080729A61D3E720224FF0A3
:1058E00080439A614FF48072F6E7064B49789A78C4
:1058F00061F304129A70C5E707F086FE034B186047
:10590000C0E700BFAC490020F01E0020E81E0020C8
:1059100008B5104B00209A78197802F00702C1F3FD
:105920004201FCF7E3FD41F2883009F096FA00F0FD
:1059300013F805F0BBFD4FF0804328B120229A6197
:105940004FF480729A6108BD4FF400129A614FF0D3
:105950008072F7E7AC49002010B5054C00222046C4
:105960004FF400710AF042FD2069C0F3402010BDE1
:105970000004004003280DD80B290BD8082A09D8A9
:105980006C2301EBC10103FB0011034B0A4433F804
:105990001200704701207047E0140108032808D85E
:1059A00039B9054B82F0010202EB400033F81000D8
:1059B00070470120704700BFD0140108A0F5807324
:1059C000B3F5F85F10B526D210F4805F00F4807351
:1059D00000F4007400F4806100F400620DD0002B2C
:1059E0000CBF002010200CB140F0200009B140F0A5
:1059F00040000AB140F0800010BD181E18BF012001
:105A00000CB140F0020009B140F00400002AF3D0CC
:105A100040F00800F0E70020EEE710B50C46FFF775
:105A2000CDFF2346BDE8104018470000A0F1E00379
:105A3000072B10B5044600D940B920460449FFF7AA
:105A4000ECFFE0B2BDE8104000F08AB90149F6E78A
:105A5000B15E0008D962000810B50446C0B200F07B
:105A6000C7F9A4F1E003072B00D92CB9034920465C
:105A7000BDE81040FFF7D1BF0149F8E7C35E000859
:105A8000EB620008012070470120704708B5FFF75E
:105A9000FBFF08BD01207047012070477047704729
:105AA00008B5FFF7FCFF08BD01207047704770473D
:105AB00013B502AB03E903000F4B1B78B3B99DF894
:105AC000053073B16AB100F063FD044601460098E9
:105AD00000F01CFD2046009902B0BDE8104001F026
:105AE000DBBB009800F034FD0446F3E7009800F0BB
:105AF0004FFD0099F0E700BF151F0020034610B4CA
:105B000000885C880A4640EA0440998810BCFFF788
:105B1000CFBF10B504460121FFF7F0FF2146FFF784
:105B2000B1FF30B101212046FFF7E8FF2146FFF722
:105B3000ADFF00F0010010BD38B500210446FFF7AD
:105B4000DDFF05462146FFF7A9FF21462846FFF75E
:105B5000A7FF38BD38B501210446FFF7CFFF214626
:105B60000546FFF797FFB8B321462846FEF7F6FD36
:105B700090B32146284607F066F868B321462846C8
:105B800006F070FF40B32146284606F091FA18B39C
:105B90002146284606F066FAF0B12146284602F072
:105BA00047FEC8B12146284602F08CFEA0B121462E
:105BB000284606F0A5FF78B12146284601F0B4FC3E
:105BC00050B12146284601F0BFFC28B121462846A5
:105BD000BDE8384001F0D4BC002038BD012303FAF1
:105BE00000F0C0B200F0F3BB10B504460120A040A5
:105BF000C0B201F0CCF82046BDE81040FFF7EEBF80
:105C00000120704708B5FFF7FBFF08BD10B504463B
:105C100000F08CFB2046FFF747FF2046FFF7F2FF1E
:105C200010BD08B50120FFF7F1FFBDE8084007F0FF
:105C300039BD08B50020FFF7E9FFBDE8084007F0CF
:105C400057BD08B5FFF732FFFEF747F805F046FAF3
:105C500000F033F8BDE80840012005F00FBB08B59F
:105C600000F030F8002005F009FBFFF720FFBDE849
:105C70000840FDF7F4BF034600091CBF034604209B
:105C80009A081EBF13460230C0B25B081CBF013029
:105C9000C0B2704701207047704738B50546FFF71E
:105CA000F9FF044610B12846FFF7F6FF204638BD3D
:105CB000704708B5FFF7F1FF08BD08B50020FFF7F2
:105CC000F8FF08BD08B507F021FAFFF7F2FF08BD9D
:105CD00010B507F01BFA074B04461A78824207D02A
:105CE000187007F091FC044B18602046FFF7E1FFA5
:105CF00010BD00BF141F0020101F00201FB56C46F0
:105D000084E803009DF805300BB100F013FF002379
:105D1000ADF80E3094E80300ADF80C10C9B2029053
:105D200002AC29B994E8030000F05EFE04B010BD97
:105D30002046FFF7EEFE0028F4D1F7E70379012BA8
:105D400002D1008800F044BC704708B529B106F0C4
:105D500045FBBDE8084006F015BC06F09DFBF8E7E2
:105D600010B50446002840D0031FDBB2A02B0ED88C
:105D700007F066FA20B1204607F0F4FA00F072FF4F
:105D8000204607F0D1FABDE8104000F06BBF00F1EB
:105D90002003DBB2072B07D800F007040120A04046
:105DA000C0B200F0A1FEEEE700F15B03DBB2022B14
:105DB00005D8BDE81040243880B207F0E3B900F1FF
:105DC0005803DBB21A2B06D8BDE81040074A32F858
:105DD000130007F0F3B93334E4B2122C05D806F0FF
:105DE000FDFABDE8104006F0CDBB10BD401801081B
:105DF00008B50346A0B3021FD2B2A02A05D807F007
:105E0000B1FABDE8084000F02DBF00F12002D2B287
:105E1000072A07D800F0070301209840C0B200F01D
:105E20006BFEEEE700F15B02D2B2022A04D8BDE8B5
:105E30000840002007F0A6B900F15802D2B21A2A91
:105E400004D8BDE80840002007F0B8B93333DBB20E
:105E5000122B05D806F020FBBDE8084006F092BBE7
:105E600008BD000038B50C460546FFF779FF9CB128
:105E700040F2E73009494FF47A72A4FB014120183F
:105E80004FF0000341F10001FAF7B0F908F0E5FF27
:105E90002846FFF7ADFF38BD0120F7E7A0860100D7
:105EA00008B539280CBF50210021FFF7DBFF08BDE2
:105EB00008B528B100F018FEBDE8084000F0D2BED9
:105EC00008BD08B528B100F017FEBDE8084000F095
:105ED000C9BE08BD2DE9F047877981460C46457952
:105EE00000F0F2FD3F09064608B32E46FDB1C4F3AB
:105EF000072303F0F002402A0CD0E1B201F12002A6
:105F0000D2B2072A26D903F0E003202B02D10129BF
:105F100020D90FB3A04B5E7816F0040607D00220FC
:105F200000F0DCFE00F0D0FD80F00106F6B2C4F314
:105F3000033ABAF10B0F3ED8DFE81AF01000100058
:105F400049004900A300BA003D003D00BF001D010B
:105F5000300130010026EAE73E46E8E7C4F30723B4
:105F6000C4F3032713F0F00F18BF3F01E4B285B16B
:105F700057B104F12003DBB2072B384600D92CB906
:105F800000F0B2FD00F06EFE204640E000F0C2FDE1
:105F9000F8E72046FFF72CFF6FB104F12003DBB2D6
:105FA000072B384600D914B900F0A6FD01E000F037
:105FB000B9FD00F057FEAAF1080ABAF1030F00F28A
:105FC000428107F0A3F8BDE8F047FFF772BEC4F3C3
:105FD000072303F0F003C4F30328202BE4B218BF17
:105FE0004FEA08182CB1012C34D0002D3CD0DFB181
:105FF000CAE7694B5B785A0714D45DB1B8F1000F5A
:1060000004D0404600F070FD00F02CFE0020FFF7A9
:10601000A7FED0E72846FFF7EBFEB8F1000FCAD085
:106020004046C1E755B11FB94046FFF741FFC2E7FF
:10603000012FC0D1404600F09DFDBCE7002FBAD132
:106040004046FFF73EFF404600F0A2FD404600F00C
:106050007DFDB0E715B1052FADD8E5E7042FAAD82F
:106060004046FFF72EFFA6E7002FF9D0392C0CBFD2
:106070004FF4FA50012008F0F0FE2046FFF7B8FE7A
:1060800099E714F4406FC4F3812307D0012B92D118
:1060900065B1C4F3090007F091F88CE725B1C4F3AA
:1060A000090007F06FF886E72846FAE72846F2E786
:1060B0002946E0B2FFF749FE7DE714F4407F29D17D
:1060C000002D7FF478AFC4F342108000C2B204F018
:1060D0000F0014F0100300FA02F0C5B21EBF0F202B
:1060E0009040C043C4F3812418BFC3B2022C43EADA
:1060F000050009D0032C0AD0012C02D000F072F95F
:1061000059E700F067F956E700F074F953E700F03B
:106110005EF950E7C4F301220DB312F0010F3FF412
:106120004AAFC4F342108000C2B204F00F0014F072
:10613000100300FA02F0C5B21EBF0F209040C0430A
:10614000C4F3812418BFC3B2022C43EA05000CD06B
:10615000032C0DD0012C05D000F098F92BE712F09C
:10616000020FDCE700F08AF925E700F097F922E753
:1061700000F04EF91FE7E7B2C4F3032425B120462F
:1061800000F05AF9384650E73846FFF79AFE2046A5
:1061900000F05EF90FE700BFC84900205FFA84F8FD
:1061A000A8F1F003042B39D8DFE803F003220E1521
:1061B0001E003DB1042F3FF6FEAEC4F3042000F0F4
:1061C00051F9F8E6052FF6E7C4F30420002DDFD1DE
:1061D00000F032F9EFE625B1C4F3042000F025F910
:1061E000E9E600F01FF9E6E6224B5B785B0704D492
:1061F000C4F30420002DCBD0EAE72DB10321C4F372
:10620000042000F049FDD6E6012000F067FD012FD3
:106210007FF6D1AE022000F061FDCCE62DB10FB1CA
:106220004046F4E6C4F30420D2E74FB1B8F1390F89
:106230000CBF4FF4FA50012008F00FFE40461DE756
:10624000C4F30420A4E79EB100F036FC10F0010076
:106250000ED189F8050000F029FC00F0EDF8484661
:1062600000F01CF800F022FCBDE8F04700F0F0B8A8
:10627000BDE8F087C849002038B501880446407958
:1062800000F0B2F9054600F011F900F09FF8294638
:106290002046BDE83840FFF71DBE0000037910B569
:1062A0000446B3B1FFF756FC68B900F00DFC80B1AD
:1062B000637973B1074B5B785B070AD5BDE8104083
:1062C000022000F00BBD2046FFF7D6FF2046FFF767
:1062D00033FC10BDC849002008B528B100F01AFCF5
:1062E000BDE8084000F0BEBC08BD08B528B100F00C
:1062F00019FCBDE8084000F0B5BC08BD08B5002099
:1063000006F040FF002006F059FF00F013FC00F0FB
:10631000A9FC06F053F9BDE8084006F033B908B50A
:1063200007F03EF8BDE80840FFF7E8BF08B500F009
:10633000EBFBBDE80840FFF7F2BFC0F30333062BC9
:10634000C2B213D094BF0E33063303F00F03012BF8
:1063500010D8F02A10D004D8E72A8CBF00200120E2
:106360007047F42A14BF002001207047E72A03D9A0
:10637000F12AF7E7002070470120704708B503466F
:10638000007930B1188800F023F9BDE80840FFF724
:10639000D4BF08BD82B002AB03E9030002B070476E
:1063A00082B002AB03E9030002B07047704708B542
:1063B000FFF7FCFF08BD704708B5FFF7FCFFFFF7CC
:1063C000F6FF014B187008BD161F00207047FFF73D
:1063D000F3BF0000024B1B781843FFF7EDBF00BF6F
:1063E000161F0020024B1B781840FFF7E5BF00BFC7
:1063F000161F0020024B1B785840FFF7DDBF00BF7F
:10640000161F0020704708B5FFF7FCFF08BD704756
:1064100008B5FFF7FCFFFFF7F6FF014B187008BD4A
:106420001A1F00200020FFF7F3BF012303FA00F03A
:10643000C0B2FFF7EDBF0000012303FA00F0034BE9
:106440001B781843C0B2FFF7E3BF00BF1A1F00203C
:106450000123034A8340107820EA0300FFF7D8BFE6
:106460001A1F0020012303FA00F0034B1B78584049
:10647000C0B2FFF7CDBF00BF1A1F0020024B1B7830
:106480001843FFF7C5BF00BF1A1F0020024B1B783F
:106490001840FFF7BDBF00BF1A1F0020024B1B783A
:1064A0005840FFF7B5BF00BF1A1F0020704701F02A
:1064B0000703C90830B501EB41010124013911443A
:1064C00000229C40E4B211F8015F20FA02F343F38A
:1064D00000036B40234001326B40032A0B70F2D162
:1064E00030BD002210B500F00704C00800EB4000EA
:1064F000014410468B5CE34003F0010393400132FA
:106500001843032AC0B2F5D110BD000017B40C46E1
:10651000ADF80400C1B2C0F307200B280AD808293F
:106520000ED801EBC001084A0144204603B010BC5C
:10653000FFF7BDBF031DDBB2012B01D8034AF4E70F
:1065400003B010BC704700BF1B1F0020171F0020A6
:1065500082B0ADF80400C3B2C0F307200B2808D8FE
:10656000082B0DD803EBC0030749184402B0FFF70E
:10657000B8BF0430C0B2012802D818460349F5E775
:10658000002002B0704700BF1B1F0020171F002013
:1065900073B507240C4BADF804001E780B4B1B7829
:1065A0001E4346FA04F3DB07E5B205D4013CF8D2FA
:1065B0000025284602B070BD2846019900F08BFEE8
:1065C00080B20128F2D0F4E71A1F0020161F002025
:1065D00007B5ADF804000198FFF7DAFF019903B0A1
:1065E0005DF804EB00F077BE13B5104BADF8041066
:1065F0001B782BB1019802B0BDE81040FFF7E8BF4F
:1066000070B10198FFF7C4FF044601460198FFF7F7
:106610007DFF2046019902B0BDE8104000F05BBE4E
:106620000198FFF795FF0446F3E700BF151F002010
:1066300010B5012404FA01F104FA02F20A43D1B2BE
:1066400002408A4204FA03F406BF2043C0B2A043CA
:1066500010BD000008B513460A46014603480078FD
:10666000FFF7E6FFBDE80840FFF7D2BE1A1F002083
:10667000F8B50C4B0C4E1C780C4D3378A34200D16E
:10668000F8BD05EBC40335F834005F889A88D988D3
:1066900040EA074042EA01410134FFF781FE04F07D
:1066A0000704EAE78F1F00208E1F00204E1F0020E6
:1066B000064B10B418885C889A88D98840EA044050
:1066C00042EA014110BCFFF76BBE00BF461F00202D
:1066D0001A4AF8B5937913F0F00F0AD1537943B100
:1066E000174B18491B780D7816885788164CAB4203
:1066F00000D1F8BD04EBC3010879D0B134F8330000
:10670000B04216D14879A0B94888C01B80B2C728CA
:106710000FD80120937960F3071393718B7960F39D
:1067200007138B710548FFF7B9FDBDE8F840FFF787
:106730009FBF013303F00703D9E700BF461F0020C6
:106740008F1F00208E1F00204E1F0020F0B50D4B24
:106750000D4C1B7826780D4CB34201D10020F0BDC2
:1067600004EBC3056F788F4206D114F8337087426B
:1067700002D16D79954203D1013303F00703EBE7B2
:106780000120ECE78F1F00208E1F00204E1F0020ED
:106790002DE9FF47E8460446924D06220146404651
:1067A000F9F7F8FE2B7967792279C3B9AAB18FB1CD
:1067B0002046FFF7E3FD064660B108222146284641
:1067C000F9F7E8FE2846FFF7B9FAFFF781FFFFF770
:1067D0006FFF4CE02046FFF761FD012647E0B4F86B
:1067E00002906B886E79A9EB03039BB2002E00F038
:1067F000B280C72B00F28A80002A38D0AB79298872
:1068000013F0F00F228850D191420FD1002F40F0A9
:10681000E380012262F30713AB71FFF749FF2846BB
:10682000FFF73CFDAB79A371002620E0002F40F07C
:10683000D38025783A4628466178FFF787FF2846B7
:10684000FFF784FF05460028EED10098FFF7C0FE51
:10685000C0F30332032AC3B20DD8012A15D910F4AC
:10686000706F17D0A27912F0F00F13D12E46304678
:1068700004B0BDE8F087063202F00F02012A0ED9FB
:106880002046FFF70BFD3546F0E710F4706F01D09E
:10689000002BEBD02033DBB2072BE7D9F0E7EF2B4F
:1068A000E4D90F33DBB2022BF7E791420AD14FB99B
:1068B0002046A371FFF7F2FC082221462846F9F78B
:1068C00069FE84E72046FFF759FD002882D0002F9B
:1068D00080D0AB791F2B0FD92A8802A8ADF80820E9
:1068E0002A79ADF80A908DF80C2000228DF80E3030
:1068F0008DF80D20FFF7D2FC082221463948F9F720
:1069000049FEFFF7E5FEFFF7D3FE66E7AB7913F02C
:10691000F00A0ED198E80300FFF73CFD2846FFF788
:10692000BDFC082251462846F9F726FFFFF7C0FEB6
:106930007AE7002A9BD0298822889142C2D1002F71
:10694000C0D12046A371FFF7A9FC0822394628468A
:10695000F9F712FF8BE7C72B34D8002A3FF43DAF7D
:106960003E46002F3FF436AF2A8823889A421CD136
:10697000AB79DA0713D413F0F00210D0F02AA37128
:1069800006D0DBB2C3F30312013262F30713A37123
:106990002046FFF783FC0822214612488FE7082291
:1069A00021461048F9F7F6FD61E72046FFF7E6FCBF
:1069B0000028A1D1AB79204643F00103AB71FFF76A
:1069C0006DFC54E798E80300FFF7E4FC0822314629
:1069D0002846F9F7D1FEFAE6AB7943F00103AB7133
:1069E00022E700BF461F0020F0B585B06C4684E862
:1069F00003002046FFF7CCFE284F0646284D68B11D
:106A00009DF804301BB194E80300FFF7C9FC254C46
:106A100028783B78834226D105B0F0BD9DF804204C
:106A200002AB94E8030083E80300002AEFD0387833
:106A30002A78441C04F0070494420AD01946194BE2
:106A4000082203EBC000F9F7A5FD3C70FFF710FE2C
:106A5000DDE7FFF76BFC0822314613483E702E70CD
:106A6000F9F78AFED3E704EBC000FFF791FE002898
:106A7000D2D02B7834F8330004EBC3035E889A88B5
:106A8000D98840EA064042EA0141FFF789FC2B78A9
:106A9000013303F007032B70BAE700BF8E1F0020FD
:106AA0008F1F00204E1F0020461F0020014B18782A
:106AB000C0087047E01F0020024B187800F0070064
:106AC000704700BFE01F0020034B187810F007004C
:106AD00018BF0120704700BFE01F0020014B18784D
:106AE000704700BFE31F0020024B1A781043187054
:106AF000704700BFE31F0020024A137823EA000317
:106B000013707047E31F00200022014B1A7070477A
:106B1000E31F0020024B1A7810431870704700BF23
:106B2000E41F0020024A137823EA00031370704721
:106B3000E41F00200022014B1A707047E41F002060
:106B4000704708B5FFF7FCFF08BD000008B5054A0F
:106B50001378034204D023EA00001070FFF7F1FF1E
:106B600008BD00BFE11F0020704708B5FFF7FCFF1C
:106B700008BD000008B505490B7830EA030C03D0C6
:106B800003430B70FFF7F1FF08BD00BFE21F0020B9
:106B900008B5054A1378034204D023EA00001070B8
:106BA000FFF7E3FF08BD00BFE21F002008B5044B5C
:106BB0001A781AB100201870FFF7D7FF08BD00BF80
:106BC000E21F002010B5084B1C78084B1B781C43B3
:106BD000074B1B782BB11C4306F00EFB08B1FFF7E7
:106BE000E5FF204610BD00BFE31F0020E41F00208A
:106BF000E21F002038B50B4C2568FFF7E3FF287033
:106C00002468082220460849F9F790FC48B121463B
:106C100008220548F9F7BEFC2046BDE8384006F0DA
:106C20008FBA38BDD40D0020D81F002038B50B4CCA
:106C30002568FFF7C7FF68702468202220460849AE
:106C4000F9F774FC48B1214620220548F9F7A2FC67
:106C50002046BDE8384006F07DBA38BDD80D00208A
:106C6000B81F002008B506F043FA40B1064B93F96F
:106C70000030002B03DABDE80840FFF7D7BFBDE8BE
:106C80000840FFF7B7BF00BFC8490020704708B5EC
:106C9000FFF7FCFF08BD0000094A10B55278520703
:106CA0000AD5084C41EAC0012170FFF7C5FB2078E6
:106CB000C008FFF7ECFF10BDBDE81040FFF7BCBBFC
:106CC000C8490020E01F0020002008B5024B1870C2
:106CD000FFF7DDFF08BD00BFE01F002008B50A4A2E
:106CE000137823EA0000107042070CD198420AD0B2
:106CF000064B5B785B0706D5C008FFF7A9FBBDE82C
:106D00000840FFF7E1BF08BDE01F0020C849002090
:106D10000246094808B54378C3F38001914209D07F
:106D200062F38203437000F036F8BDE808400220A9
:106D3000FFF7D4BF08BD00BFC8490020044B5878F6
:106D4000C0F3800080F0010000F00100FFF7E0BF19
:106D5000C84900200120FFF7DBBF0020FFF7D8BFA4
:106D6000704708B5002000F06AFCFFF7F9FF08BD86
:106D700000F032BC08B500F020FC18B1BDE80840B6
:106D800005F00CBF08BD00F032BC00F03BBC00F0C9
:106D90003CBC00F03EBC00F043BC00F045BC00F041
:106DA00047BC00F049BC00F04ABC00F04CBC00F00D
:106DB0004EBC000007B500F0FDFB00F008FC00230E
:106DC00068468DF8003000F019FC01200B4B18705C
:106DD00000F01BFC0A4B01A81B88ADF8043000F042
:106DE0001FFC02F0E7FBFBF75BFA05F007FFFFF77C
:106DF000B8FF02F0D3FB03B05DF804FB161F0020C0
:106E0000A2110108FFF7D6BF73B506F033FC0B4D96
:106E100004462B8883420ED00026ADF8006006F0B1
:106E200029FCADF80460ADF8020002AB13E90300E1
:106E3000FEF764FF2C8002B070BD00BFF81F002079
:106E4000014B186800F060BBEC1F0020014B186874
:106E5000704700BFF01F002008B500F045FB024B53
:106E60001860024B186008BDEC1F0020F01F0020C6
:106E7000014B1868704700BFE81F002008B500F0FC
:106E800033FB024B1860024B186008BDEC1F00205A
:106E9000E81F0020014B1868704700BFF41F002056
:106EA000074B91421860074B196038BF1146064BDB
:106EB0001A60064B81422CBF19601860704700BFF2
:106EC000F01F0020E81F0020F41F0020EC1F00200E
:106ED0007047704708B5FFF7FCFF08BD704708B55D
:106EE000FFF7FCFFFFF7F6FF08BD7047704708B5D6
:106EF000FFF7FCFFFCF7FCFD08BD01207047000018
:106F000008B5054800F0CCFB01F0B6F9FFF7E0FF4B
:106F1000BDE80840FFF7E3BF25750008FEF71CBD7C
:106F20007047704708B5FFF7FBFFFDF7EDF8FFF777
:106F3000F8FF08BD08B5FFF71DFF08B9FFF762FFAE
:106F40000848FFF720FF0848FFF723FF04F020FE62
:106F5000FFF71BFFFFF73BFA044B1878BDE808402A
:106F6000FFF751BAFA1F0020C84900201A1F00205D
:106F700008B506F047FB00F0A3FA05F053FE00F059
:106F80007DFD04F095FB00F093FCFFF7D3FF06F0C6
:106F9000ADF8FEF78DFE04F043F904F0FDFD00F0BE
:106FA0007FFDBDE80840FFF7A2BF70B504460D465F
:106FB000164602F029FD324629462046BDE87040BB
:106FC00006F0C2BA08B5FEF7C7FC18B1BDE8084024
:106FD00006F08DB808BD00002DE9F04F85B0FFF731
:106FE0008CFF88B9FFF710FFFFF7ECFF04F076F88D
:106FF00004F008FC08B1FFF741FF05F007FB05B0FE
:10700000BDE8F04FFEF764BEDFF8C88000F0A2FCD8
:1070100046460024E0B236F8025B00F051FB0B2C30
:1070200054D0854204F10104F4D02B4B1B789B070C
:1070300001D500F04BFBFFF771FF002701905FFACD
:1070400087F9484600F03CFB38F8026B0446B04232
:1070500036D04FF0000A01254640B6B22E4224D069
:10706000019B2C4214BF4FF0010B4FF0000BBBB142
:107070005146484606F05CFA90B98DF808A08DF8A4
:10708000099006F0F7FA4FF00103ADF80A008DF809
:107090000C308DF80DB002AB93E80300FEF72EFE26
:1070A0005A4651464846FFF780FF0AF101035FFA4E
:1070B00083FA6D00BAF1090FADB2CFD128F8024CB6
:1070C00001370C2FBBD1FFF7C7FE8DE78542ACD14E
:1070D00088E700BFB0490020FA1F002038B500F053
:1070E00005F9B0F5A44F044643D2B0F5A04F80F0A7
:1070F000AC80DF2816D8CC2800F28A80A7280AD8CE
:10710000A42878D8012804D0031F9BB2A12B28BF44
:107110000024204638BDA0F1A8039BB21A2B6FD9DA
:107120000024F6E7B0F5804F19D2B0F5005F80F08B
:10713000A080E728EDD9A0F580739BB2B3F5F85F86
:10714000EED2C0F3072000F057F90546E0B200F098
:10715000CDF82D0205F4F8550543ACB2D9E7C0B21D
:1071600000F0C4F804F47064044344F42044A4B26E
:10717000CFE7B0F5A54F21D245F25F23984251D811
:1071800045F23F2398420ED845F21F23984242D839
:107190000124C0F3850300F00300844044EA431453
:1071A00044F40D44E3E70124C0F3820300F003003C
:1071B000844044EA431444F40C44D8E745F2BF2326
:1071C00098420AD845F29F23984200F01F0034D815
:1071D0004AF2F40444EA00249BE7A0F5A543403BAF
:1071E0009BB21F2B9CD8040204F4F85444F42044AE
:1071F00044F0F0048DE7A0F1240444F48044B6E7A1
:10720000244B5834E4B233F8144044F4884480E703
:1072100040F4A044ABE74AF2F10300F01F0443EA54
:10722000042476E70124C0F3820300F003008440C5
:1072300044EA431444F40A4499E700F0DDF80402F8
:1072400004F4F85444F4005463E700F01F0000F025
:10725000D3F8C30648BF0001C4F343144FEA042423
:107260004CBF00F0F00000B2204340F4104084B264
:107270004FE7C0F3042000F0BFF80546E0B200F08D
:1072800035F82D0205F4F85545EA000444F400549D
:107290006DE700BF7618010882B0ADF80410CBB2DC
:1072A000C1F307210B2905D8082B11D81A4602B0C3
:1072B00004F089BDFD2905D153B90122194602B058
:1072C00004F08EBDFC2903D113B91A461946F6E71E
:1072D000002002B0704707B5ADF804100199FFF720
:1072E000DBFF03B05DF804EBFFF7F8BEE72850D8EA
:1072F000DF2807D8312865D00ED8292858D02A2869
:1073000067D07047A0F1E003072B42D8DFE803F015
:107310001541242933413D42392804D0822802D026
:10732000352840D07047334B1A7892075CD15B7890
:1073300013F0080F18BF292070472E4A1378D90779
:107340004ED4527812F0010F23D013F0100F08BF63
:10735000E32018BF00207047264B1B7813F0040F62
:10736000F2E7244A137859073CD45278D2073BD429
:1073700013F0100FEDE71F4B5A78910709D51B78D2
:1073800013F0100F08BFE720E3E71A4B1B781A072A
:10739000F6D47047174A1378190727D45278910703
:1073A000E6D5E4207047134B1B7813F0200FC1E79C
:1073B000104B1A7892061BD45B7813F0080F18BF95
:1073C000392070470B4B1B7813F0400F18BF2A2051
:1073D0007047084B1B7813F0400F18BF31207047DF
:1073E00039207047E2207047E0207047E620704760
:1073F0003520CEE7C849002010B5304C21784B0726
:1074000013D500F01402A2F1040C00F01803DCF113
:10741000000242EB0C02A3F1080CDCF1000343EB89
:107420000C039A4218BF80F00C000B0713D500F034
:107430001402A2F1140C00F01803DCF1000242EB7C
:107440000C02A3F1180CDCF1000343EB0C039A428D
:1074500018BF80F00C006478E30713D500F0110228
:1074600002F1FF3C00F01803DCF1000242EB0C02D9
:10747000A3F1080CDCF1000343EB0C039A4218BFA4
:1074800080F00900A30711D500F0110200F01803E5
:10749000A2F111046242A3F1180C6241DCF1000375
:1074A00043EB0C039A4218BF80F00900CA0603D5CB
:1074B000030748BF00F0E70010BD00BFC849002027
:1074C0000022014B1A607047CC49002010B50446D9
:1074D000FEF742FA20B906F097F8024B241A1C6016
:1074E00010BD00BFCC49002008B5FEF735FA18B131
:1074F000BDE8084006F088B806F086F8014B1B6826
:10750000184408BDCC49002010B50446FEF724FA03
:1075100020B12046BDE8104006F02BB8FFF7E4FF8D
:10752000001B10BD00207047A0F5A543603B1F2B3A
:1075300010B507D84C791CB900F01F00FEF754FBBA
:10754000204610BD0124FBE708B503464879A8B1E1
:1075500047F65B4293420ED047F65C42934206D018
:1075600047F65A42934205D1FFF7F4FB01E0FFF7DB
:10757000E5FB002008BDFFF7F0FBFAE70120F9E783
:1075800008B50346487998B147F6014293420CD0BA
:1075900047F60342934206D0B3F5F84F02D1FEF707
:1075A00040FB002008BDFFF7E3FBFEF742FBF8E7D6
:1075B0000120F7E7002000F061BE08B5002000F0D0
:1075C000D8FD4FF6E363C31A5842584108BD4FF641
:1075D000E361002000F034BE08B5002000F04EFE4C
:1075E000BDE808404FF6FF71002000F029BE10B53D
:1075F0000446022000F0AEFD207010BD017802208C
:1076000000F010BE032000F0A5BD0146032000F0ED
:1076100009BE10B50446042000F0ABFD208010BD6B
:107620000188042000F00CBE0822172100F028BEBB
:107630000822172100F0DCBD0F2000F0A9BD014693
:107640000F2000F00BBE01460E2000F0EBBD08B588
:10765000132000F09DFDA0F55D735842584108BD10
:1076600070B50E4605461446FFF7A1FB014680B1F2
:107670003444B4F55D7F88BF40F2993406F12501AA
:1076800098BF2534641A2246284600F0F9FD2046AA
:1076900070BD22462846F9F76FF8F8E700207047DA
:1076A000014B1860704700BFDC0D0020704708B523
:1076B000FFF7FCFF08BD704708B5FFF7FCFF08BDEA
:1076C000014B33F810007047EA49002070474FF42F
:1076D000346007F0F9B900BF00BF00BF00BF00BFB2
:1076E00000BF00BF00BF00BF00BF00BF00BF00BFA2
:1076F00000BF00BF00BF00BF00BF00BF00BF00BF92
:1077000000BF00BF00BF704708B5FFF7E0FF08BD2E
:10771000704708B5FFF7FCFF08BD00007FB5FEF716
:107720001BF91E4D04461E4A60B30023107801A9C0
:1077300005EB400001930293039300F0C5F9194E45
:1077400080B1194B0C22187801A905EB4000F8F71D
:10775000EDFE0123337060B90024FFF7ADFF204632
:1077600004B070BD3378002BF6D0019002900390E6
:1077700030700D4B0C22187801A905EB4000F8F78A
:1077800009FFEAE7084B1178187805EB410105EB92
:10779000400000F0FBF9FFF7BCFFE0E7EA490020FA
:1077A000024A0020FB1F0020D049002008B53023EA
:1077B00083F31188012100F00F039940202220F06B
:1077C0000F0008F013FE002383F3118808BD0000AA
:1077D00038B509240B4D55F8040B421C01D0FFF7B6
:1077E000E5FF013C14F0FF04F5D10624064D55F8E1
:1077F000040B431C01D0FFF7D9FF013C14F0FF0438
:10780000F5D138BDE00D0020040E00202DE9F8432D
:10781000DFF89480174658F8213005465A1C0E466A
:1078200040D0302282F31188012223F00F0903F0A7
:107830000F0302FA03F421464846240408F0D6FD5B
:10784000C9F81840002484F31188FFF744FF6FEA59
:10785000070C1648AA1E0A3550F8041B32F8023FDE
:10786000B1F1FF3F1AD021F00F0EDEF810E001F069
:107870000F012EFA01F1C90710D401243B431380F4
:107880009542E9D158F82600431C01D0FFF78EFF3E
:1078900021463046BDE8F843FFF736BF0CEA030344
:1078A0001380EDE7BDE8F883E00D0020040E002012
:1078B000F0B591B000F0DCF8F0B91F4C01AD0FCC81
:1078C0000FC594E8030085E803001C4E01AF0FCFFD
:1078D0000FC695E80300083407AD86E803000FCC17
:1078E0000FC50FCC0FC52668154C2E6007AD0FCD08
:1078F0000FC40FCD0FC4266000F0BAF8002814BFE3
:10790000002306230F4A13700F4AC3F106031370B6
:10791000FFF75EFF182200210C48F8F72DFF182210
:1079200000210B48F8F728FF00F04CF811B0BDE833
:10793000F040FFF7BCBE00BFA4110108040E0020F8
:10794000E00D0020024A0020D0490020EA49002032
:10795000D249002030B587B0182200216846F8F7D8
:107960000BFF002501242246E9B268460135FFF7E6
:107970004DFF6400092DA4B2F5D1182269460E48C6
:10798000F8F7D4FD002814BF0124002404D01822E5
:1079900069460948F8F7FEFD084B22461978084B5E
:1079A000054803EB410100F00FF80446FFF7B6FE6F
:1079B0002043C0B207B030BDD2490020024A0020A7
:1079C000EA490020704700002DE9F04106460D46C7
:1079D0001446134F42B101233B7005F015FE114BC5
:1079E00018600020BDE8F08197F80080B8F1000F22
:1079F000F7D00C4B186805F0BCFD0028F1D00C2224
:107A000031462846F8F792FD28B10C223146284627
:107A1000F8F7C0FD4446002320463B70E2E700BF74
:107A2000FC1F00200020002010B5074C00224FF45E
:107A30000071204608F0DAFC4FF4165007F044F8C5
:107A40002069C0F3402010BD0004004038B5C824B0
:107A500006F0C4FF054648B9013C4FF47A70A4B261
:107A600007F0FBF9002CF3D106F0ACFF284638BD37
:107A7000014B5878704700BF0720002010B5FFF772
:107A8000E5FF064C2070FFF7CFFF6070FDF764FF45
:107A900018B1BDE8104000F045B810BD0720002027
:107AA00008B5FDF759FF18B9BDE8084000F03CB82B
:107AB00008BD0000034B187809288CBF0020012066
:107AC000704700BF0620002070B5144D04462B7887
:107AD0000E46092B16D82046314600F055F80446CC
:107AE000C8B92B78FF2B1CBF01332B702B78092BC7
:107AF00094BF0124002403D905F0BCFD084B188075
:107B0000204670BD064B188805F02CFDB0F5FA7FB5
:107B1000E1D20024F4E700232B70F1E706200020D7
:107B20000420002005F052BE05F03CBEF8B5044626
:107B30001E46BDF8187062B10C234343104DE85C3B
:107B40001D44904238BF02466B880E481844F8F72F
:107B500021FD204605F03CFE054670B16FB10C20BA
:107B6000074900FB04110A79CB880649BA4228BFAD
:107B70003A4630461944F8F70DFD2846F8BD00BFD7
:107B80001C0E00200C20002000F0CEB900F008BA36
:107B9000054B1A68054B92F83A1083F8901092F84A
:107BA0003B2083F8AC207047AC1801081C0E002065
:107BB00003F052BE114B70B51C68032104F139006B
:107BC00003F0EBFF94F83830834215D194F9392053
:107BD0000F2A11DC0C210A4B01FB02339D685DB1B9
:107BE000AC4694F83B2094F83A0004F15C0304F1AD
:107BF0003C01BDE87040604770BD00BFAC18010893
:107C00001C0E00202DE9F04390461D460022012362
:107C100085B000930E46DDE90C9711460DF10F0378
:107C2000FFF784FF044650B3D8F8000005F0A1FC2C
:107C300063281CD90022BBB21146009330462B4664
:107C4000FFF774FF39460446484603F0A6FF9DF847
:107C50000F30834214BF002404F001041CB105F06E
:107C6000D3FCC8F80000204605B0BDE8F0833946D3
:107C7000484603F092FF9DF80F308342DAD13A462E
:107C800049462846F8F786FCEDE700001E4B2DE933
:107C9000F0411E68082386B006F11B0801930421F9
:107CA00003201A4ACDF8008004ABFFF7ABFF05466E
:107CB00020B1174FB27E3B789A4215D1284606B0C4
:107CC000BDE8F0819DF80F109DF80E0003F036FD21
:107CD000044650B9002305201A4619460093FFF7C1
:107CE00025FF2040C5B20BE0002440460DF10F02F5
:107CF0000DF10E0103F008FD0028E3D1002CE9D1BD
:107D0000B37E3B70DAE700BFAC180108B02000205A
:107D10008820002070B50C260E4B86B01B680D46DF
:107D200002330093012100200B4A01960DEB06035C
:107D3000FFF768FF044628B1324608480DEB0601FC
:107D4000F8F728FC0C2228460449F8F723FC2046C3
:107D500006B070BDAC180108A820002094200020B7
:107D6000F7B5044608680D4617461E4605F001FCA7
:107D7000632800D87FB1002320463146BDF820207B
:107D80000093FFF7D3FE044610B105F03DFC2860D8
:107D9000204603B0F0BD0124FAE72DE9F041144676
:107DA000069F05460E463A4619462046F8F7BEFBA2
:107DB000021E234631462846BDE8F04118BF012285
:107DC000FFF7CEBF7FB5FFF741F80390FFF750F8FC
:107DD0000490FFF75FF80C22064B05901B68009299
:107DE00005492C336A440A20FFF7D7FF07B05DF836
:107DF00004FB00BFAC180108A420002007B50C212B
:107E0000054B02461B6800910E3304490220FFF720
:107E1000C4FF03B05DF804FBAC180108AC200020DF
:107E20001FB505F073F90122074B8DF80F001B6891
:107E3000009206492A330DF10F020920FFF7ADFF2A
:107E400005B05DF804FB00BFAC180108B8200020A5
:107E500037B501240E4B07201D680E4B95F82810EE
:107E60001A7800948A1A18BF01220B49FFF778FF8D
:107E700058B10A4B95F829101A7808208A1A18BFA9
:107E8000012207490094FFF76BFF03B030BD00BF2C
:107E9000AC1801081A1F002090200020161F002097
:107EA0008C20002030B50E4D85B0286805F061FBB0
:107EB000632812D9FFF718FB002302300390042235
:107EC0000620009303A9FFF731FE044610B105F028
:107ED0009BFB2860204605B030BD0124FAE700BFB7
:107EE000B42000202DE9F04706460F469046FFF7E4
:107EF000E1FD002814BF4FF00A094FF001090125E8
:107F000039463046C04710B901354D4501DDBDE861
:107F1000F087044605FB05FA4FF47070013406F053
:107F2000D3FD5445F8D1EBE738B5164A04460D4663
:107F3000FFF7D8FF20B329462046134AFFF7D2FFA8
:107F4000F0B129462046114AFFF7CCFFC0B12946BF
:107F500020460F4AFFF7C6FF90B1294620460D4A3A
:107F6000FFF7C0FF60B1294620460B4AFFF7BAFF72
:107F700030B129462046BDE83840084AFFF7B2BF75
:107F8000002038BD157D0008FD7D00088D7C0008AF
:107F9000A57E0008517E0008217E0008C57D0008EE
:107FA00070B50E46054607F095FF294B0C221C685C
:107FB0003146A31C1846F8F7EDFA0C2103F0EDFD4D
:107FC000264606F80E0B07F08BFF07F083FF0C2206
:107FD0003146284604F11B05F8F7DCFA07F080FF6C
:107FE00007F078FF284603F02FFC0821284603F00D
:107FF000D4FDA07607F074FF07F06CFF154B606AA4
:108000001A68904202D01860FFF760FA07F068FF24
:1080100007F060FF94F828200F4B1A7094F829207D
:108020000E4B1A7007F05CFF07F054FF94F82A001B
:1080300005F066F807F054FF07F04CFF04F12C0040
:1080400007C8FEF72DFFBDE8704007F049BF00BF2D
:10805000AC180108A02000201A1F0020161F0020C5
:108060000E2808DD0C22044B02FB00303C23438029
:108070005C238160C38070471C0E0020F0B587B080
:108080000E4617461D468DF80F00FFF713FD10B979
:10809000002007B0F0BD9DF90F300E2BF8DD202E2B
:1080A000F6D8202DF4D8002403210DF115008DF809
:1080B00015308DF814408DF816608DF8175003F0C8
:1080C0006CFD154B8DF8140083F8906083F8AC506C
:1080D000042223460B20009405A9FFF727FD002862
:1080E000D6D02346324639460C200094FFF71EFDB9
:1080F0000028CDD0234601220D2000940DF10F0160
:10810000FFF714FD0028C3D0224621460C9B0095A2
:108110000E20FFF70BFDBCE71C0E0020FEF75CBF36
:1081200008B505F034FA05F0C9FFFEF7E9FE05F0E1
:10813000C7FFFEF71DFF05F0D1FF05F0D5FFFFF7E4
:10814000EDFF05F0D3FF05F093FF03F0DBFDFEF735
:10815000E9FEF2E7002307B5014601220DF1070011
:108160008DF8073000F08CF89DF8070003B05DF83B
:1081700004FB002307B5014602220DF10600ADF80D
:10818000063000F07DF8BDF8060003B05DF804FB92
:1081900007B50422002301460DEB0200019300F015
:1081A0006FF8019803B05DF804FB07B501228DF864
:1081B000071001460DF1070000F067F803B05DF805
:1081C00004FB07B50222ADF8061001460DF10600CA
:1081D00000F05BF803B05DF804FB07B504220191E1
:1081E00001460DEB020000F050F803B05DF804FB0F
:1081F000F8B505461446D31D23F0070300AFADEBD9
:10820000030D68460E4600F03BF8224669462846B4
:10821000F8F78CF920B122463146284600F035F8AF
:10822000BD46F8BD38B50C460546FFF793FFA042A2
:1082300005D021462846BDE83840FFF7B6BF38BD17
:1082400038B50C460546FFF794FFA04205D02146FD
:108250002846BDE83840FFF7B4BF38BD38B50C46F6
:108260000546FFF795FFA04205D021462846BDE808
:108270003840FFF7B2BF38BD00F012B900F038B88F
:108280000B460146184600F04DB80B46014618460D
:1082900000F09AB808B5064B4FF4805218460021FA
:1082A000F8F76AFA41F2080200F580531A6008BD37
:1082B000C020002010B5054C23792BB900F069F9D6
:1082C00008B10120207110BD0220FCE7C030002061
:1082D00010B5064C237933B100F065F910B10023D5
:1082E0000120237110BD0220FCE700BFC030002038
:1082F00038B5FFF7DFFF044618B9FFF7E9FF20465E
:1083000038BD00F048F90546FFF7C4FF012C06D13F
:10831000FFF7DEFF00280CBF002505F001052C4605
:10832000EDE7000008B5034608469918B1F5805FEF
:1083300005D804491944F8F72DF9012008BD00209B
:10834000FCE700BFC020002038B500F024F9044647
:1083500008B3FFF7AFFF4FF4007205461249002043
:1083600000F03EF970B10EA3D3E900234FF4805121
:108370000D4803F060F902460B464FF4805000F0C0
:1083800061F950B90024012D01D1FFF7A1FF41F29D
:108390000802064B1A60204638BD0224F3E700BFEE
:1083A00025232284E49CF2CBC0200020C030002092
:1083B000044B1B68B3F5005F01D3FFF7C5BF012075
:1083C000704700BFC03000208318B3F5805F2DE9EF
:1083D000F34705460F4616461AD8304C00EB040802
:1083E00041463846F8F7A2F8002854D032463946BC
:1083F0004046F8F7CFF8FFF75DFF814630B104F54E
:1084000080583EB9FFF7D4FF044639E0FFF760FF1C
:1084100000243CE0052EB24628BF4FF0050A052295
:1084200000210DF10300F8F7A7F9C5F3024343EA71
:10843000CA03524639468DF800300DF103002B0A6D
:108440008DF801308DF80250F8F7A4F8DDE900232B
:10845000D8F8000000F0F6F8044688B1D8F80030EB
:108460000833C8F80030FFF7A3FF0128044604D101
:10847000A6EB0A0655445744C3E7022818BF002458
:10848000B9F1010F03D1FFF723FF0028C0D0204628
:1084900002B0BDE8F0870124F9E700BFC02000204A
:1084A0007FB5FFF7F7FE00F06FF8044610B9FFF74D
:1084B000F1FE5BE04FF400720020314900F075F8E6
:1084C0002F4D044610B9FFF7E5FEF0E72AA3D3E9E4
:1084D00000234FF48051284603F0ADF806460C46C1
:1084E0004FF4805002A900F078F8DDE902239C42A5
:1084F00008BF964201D0FFF7CDFE41F2080469465D
:10850000204600F06AF8034640B3DDE9000350EA74
:10851000030220D010F0C00FCDE9020304F10804DB
:10852000C1B2C0F3811318D10A0400F47F46C0F32E
:10853000074002F4E02230431043CA0800EBD101A7
:10854000B1F5805F0AD80DF10B012844F8F722F845
:10855000B4F5005FD3D1012300E00023094A146081
:108560003BB9FFF7F1FE04460028A0D0204604B036
:1085700070BDFFF71DFFF6E725232284E49CF2CBB4
:10858000C0200020C030002008B500F0DDF8012038
:1085900008BD0120704708B5002000F0D7F8B0FAF8
:1085A00080F0400908BD0120704738B5D5002A4643
:1085B0000C4600F0E8F818B921462544A94203D139
:1085C000B0FA80F0400938BDD1E90023D243DB4343
:1085D00041F8082B41F8043CF0E70122FFF7E5BF22
:1085E0002DE9F0470646884615460027C0B0202DE5
:1085F000A94628BF4FF020094FEAC90A52466846EB
:1086000008EBC701F7F7C6FF00246B464C450DD1B8
:1086100052466946304600F0D4F888B92D1B5644BE
:108620002744E4D1012040B0BDE8F087D3E9000140
:10863000C043C94343F8080B43F8041C0134E5E781
:108640000020F0E707B5CDE9002369460122FFF7D6
:10865000C7FF03B05DF804FB002208231146014860
:1086600005F00ABA0C08004008B5FFF7F5FF30B175
:10867000062005F011FA05F047FA002008BD4FF07A
:10868000FF30FBE7F7B51F468DF807100B0A090C02
:10869000064615468DF804008DF806308DF8051055
:1086A000FFF7DAFFE8B104210DEB010005F018FA3D
:1086B000044648B945B1022E0BD0032E0ED12846F0
:1086C000B9B205F017FA044605F01EFA204603B0C9
:1086D000F0BD2846B9B205F003FAF4E74FF0FF34D5
:1086E000F2E74FF0FF34F1E710B5FFF7B5FF88B1BF
:1086F000052005F0D1F905F0E1F9044605F004FA8A
:10870000002C05DB14F0010F14BF6FF003040024EC
:10871000204610BD4FF0FF34FAE710B5044604F0D0
:1087200073FF4FF47A7303FB040404F06DFFA0425F
:1087300004D2FFF7D9FF031DF7D010BD6FF0010081
:10874000FBE70120FFF7E9BF05F018B900F580331A
:10875000B3F5002F10B5044612D283B283B9FFF7E8
:10876000F0FF78B9FFF780FF60B903460246214663
:10877000D820FFF787FF28B9BDE81040FFF7E1BF19
:108780004FF0FF3010BD2DE9F04107460D4616466B
:10879000FFF7D7FF0446804638B13246002128460D
:1087A000F7F7EAFF2046BDE8F08133462A4639460E
:1087B0000320FFF767FF04460028F3D03246414606
:1087C000EDE72DE9F04106460F46154675B9FFF76E
:1087D000B8FF044638B9FFF73FFF30B3042005F077
:1087E0005BF905F091F92046BDE8F0815FFA86F863
:1087F000C8F58078A84528BFA846FFF7A2FF044621
:108800000028F0D1FFF730FF04460028EBD14346A3
:108810003A4631460220FFF735FF04460028E2D1F0
:1088200047444644A5EB0805D0E74FF0FF34DAE7AC
:1088300038B54C790546002C42D0FEF74FF900F0D0
:108840002203A5F5F04020380A280AD8DFE800F016
:10885000060B0F14181D21262A2F330002F041FDAC
:108860000024204638BD23B102F0DEFDF8E7002BDE
:10887000FAD002F0C5FDF3E723B102F039FEEFE7CD
:10888000002BFAD002F022FEEAE723B102F058FEF4
:10889000E6E7002BFAD002F03FFEE1E723B102F059
:1088A00077FEDDE7002BFAD002F05EFED8E723B1B9
:1088B00002F0A2FED4E7002BFAD002F08FFECFE741
:1088C0000124CEE738B54D790446A5B9FEF706F97F
:1088D00000F02203A4F5F04040380E2849D8DFE824
:1088E00000F0080C0F12161B1F24282D31363A3FBA
:1088F000430002F00BFD284638BD02F01FFDFAE7E9
:1089000002F0EFFCF7E723B102F08EFDF3E7002B56
:10891000FAD002F075FDEEE723B102F0E9FDEAE7D7
:10892000002BFAD002F0D2FDE5E723B102F008FEF9
:10893000E1E7002BFAD002F0EFFDDCE723B102F013
:1089400027FED8E7002BFAD002F00EFED3E723B1C2
:1089500002F052FECFE7002BFAD002F03FFECAE74A
:1089600023B102F066FEC6E7002BFAD002F05EFEED
:10897000C1E70125BFE7000030B510F47F4F85B097
:108980000190C0F30725C0F3074217D109B1314B5D
:108990009A5C8DF80C208DF80D208DF80E200020AB
:1089A0009DF80C3063F307009DF80D3063F30F2042
:1089B0009DF80E3063F3174005B030BD9DF80440BC
:1089C00061B3244B9A5C0620FF236043591BB0FB24
:1089D000F3F06FF05403434303EB440303EB43030F
:1089E000DBB203FB05F4C3F1FF036B4324121B123C
:1089F000C4F1FF04C3F1FF03514354435343C1F394
:108A00000721C4F30724C3F30723D2B206281CD8D6
:108A1000DFE800F006080F12161B060092B2D2E73C
:108A200014461A468DF80C408DF80D208DF80E1066
:108A3000B5E70C461946F5E723460C461146F0E724
:108A400010461C460A460146ECE7234614460A46F1
:108A5000F0E700BFCC180108012184B004B0FFF793
:108A60008BBF012830B501D8C0B230BDB0F5F75F7B
:108A700088BFFF224FF001049EBF42090832D2B2E4
:108A8000A3185910C3F34705C3F34F035B439BB2CD
:108A9000834205D96A1ED2B29442F1D9601EE3E73F
:108AA000FF2902D06C1CE4B2F6E70846DDE70000BF
:108AB000074B188800EB402200EB820000F558506D
:108AC000193080B2188000EB1020C0B2704700BF90
:108AD000EC0E002008B50146FFF7EAFF4843C0F35B
:108AE000072008BD10F0400316BFC2430246D2B2B1
:108AF00010B502F00F0103B10131094CC2F30112AC
:108B000004EB42035B78594314F81230020603EB7E
:108B10002113DBB244BF5B42DBB283F0800010BDA7
:108B2000B01801081FB5C0F3074401905008FFF7C3
:108B3000D9FFA0F180035BB2002BBCBFC0F1800065
:108B400043B200205B00DBB204FB03331B128DF841
:108B50000630019BDAB262F30700C3F3072262F327
:108B60000F20C3F3074363F3174004B010BD0000A8
:108B7000144B84B003EB4103E521019093F86C3072
:108B8000C0F307204B43C2EB13231C33002BB8BFA9
:108B90005B42A0EBC3031BB223EAE37300FB033386
:108BA00000201B128DF80530019BDAB262F307003A
:108BB000C3F3072262F30F20C3F3074363F31740A5
:108BC00004B070479A0C0020144B84B003EB4103AF
:108BD000E521019093F86C30C0F307404B43C2EBA2
:108BE00013231C33002BB8BF5B42A0EBC3031BB2A3
:108BF00023EAE37300FB033300201B128DF80630D9
:108C0000019BDAB262F30700C3F3072262F30F207D
:108C1000C3F3074363F3174004B070479A0C002076
:108C200084B0019000208DF80420019BDAB262F339
:108C30000700C3F3072262F30F20C3F3074363F374
:108C4000174004B07047000084B001900B4800EB5F
:108C5000410090F86C3000209B1A8DF80430019B85
:108C6000DAB262F30700C3F3072262F30F20C3F303
:108C7000074363F3174004B0704700BF9A0C00200D
:108C800084B001900B4800EB410090F86D3000205B
:108C90009B1A8DF80430019BDAB262F30700C3F32C
:108CA000072262F30F20C3F3074363F3174004B0B6
:108CB000704700BF9A0C002030B5134B85B034319B
:108CC000019003EB4104657903EB4103A5F1200416
:108CD00064B21B79002CBCBFC5F1200464B29A1A9F
:108CE0002244C0B210448DF804000020019BDAB287
:108CF00062F30700C3F3072262F30F20C3F30743B5
:108D000063F3174005B030BD9A0C002084B0019089
:108D100000209DF8102003EB430302EB53038DF872
:108D20000430019BDAB262F30700C3F3072262F357
:108D30000F20C3F3074363F3174004B070471FB518
:108D400092B2019048B2002802FB02F2BCBF494235
:108D500048B2C0F1380000FB002080B21C46FFF78B
:108D600080FE00EB4000044400208DF80440019B8D
:108D7000DAB262F30700C3F3072262F30F20C3F3F2
:108D8000074363F3174004B010BD000084B00190A6
:108D900003F13400104B03EB400358791B79203862
:108DA000703B4B4302FB003200209DF80410002A68
:108DB000B8BF7F3201EBE2128DF80420019BDAB2DA
:108DC00062F30700C3F3072262F30F20C3F30743E4
:108DD00063F3174004B070479A0C002084B00190F0
:108DE00003F13400104B03EB400358791B79203812
:108DF000703B4B4302FB003200209DF80410002A18
:108E0000B8BF3F3201EBA2128DF80420019BDAB209
:108E100062F30700C3F3072262F30F20C3F3074393
:108E200063F3174004B070479A0C002030B5174C1C
:108E300085B03433019004EB430425796379A5F1BF
:108E4000700464B2203B002C02FB03F3BCBFC5F1ED
:108E5000700464B2C4F1380201FB023212EB420228
:108E6000C0B248BF7F3200EBE21200208DF8042030
:108E7000019BDAB262F30700C3F3072262F30F200B
:108E8000C3F3074363F3174005B030BD9A0C0020CD
:108E900001F13403114984B0019001EB4301487999
:108EA0000B792028A3EB00034FF0000003EB4303F2
:108EB000DBB28CBFD2189A1AD2B28DF80420019B73
:108EC000DAB262F30700C3F3072262F30F20C3F3A1
:108ED000074363F3174004B0704700BF9A0C0020AB
:108EE0001FB5C4B201905008FFF7FCFDA0F180034C
:108EF0005BB2002BBCBFC0F1800043B20D205B0011
:108F0000DBB24343002004EB13238DF80430019BB4
:108F1000DAB262F30700C3F3072262F30F20C3F350
:108F2000074363F3174004B010BD000030B50D4691
:108F300085B00190C4B21046FFF7D4FD124901EB91
:108F4000450191F86C2002440D20D2B2A2F18003B9
:108F50005BB2002BBCBFC2F1800253B25B00DBB23C
:108F60004343002004EB13238DF80430019BDAB255
:108F700062F30700C3F3072262F30F20C3F3074332
:108F800063F3174005B030BD9A0C0020114B84B03C
:108F9000019003EB410393F86C10C0B28B1A5BB2E3
:108FA000002BBCBF521A53B21922DBB2534300EB61
:108FB00013208DF804000020019BDAB262F3070051
:108FC000C3F3072262F30F20C3F3074363F3174091
:108FD00004B070479A0C0020FF2928BFFF21C94325
:108FE00084B00190C9B2C0F3074000FB011100201A
:108FF00009128DF80610019BDAB262F30700C3F381
:10900000072262F30F20C3F3074363F3174004B052
:109010007047FF2928BFFF21C94384B0C9B201901E
:1090200001EB8111C0B200EB112100208DF804107A
:10903000019BDAB262F30700C3F3072262F30F2049
:10904000C3F3074363F3174004B0704784B003EBE6
:109050008302BDF81030019013449BB2FF2B28BF50
:10906000FF23DB43C0F30740DBB20344FF2B28BFE1
:10907000FF2300208DF80630019BDAB262F307006F
:10908000C3F3072262F30F20C3F3074363F31740D0
:1090900004B0704700291FB5B8BF4942002AB8BFC5
:1090A000524209B2090112B2FF294FEA0212A8BFC7
:1090B000FF21FF2AA8BFFF22BDF8184009B21C44B7
:1090C00012B2A4B29142D4BF6418A418A3B2FF2B69
:1090D00028BFFF23DB430190DBB2C0F3074003440A
:1090E000FF2B28BFFF2300208DF80630019BDAB24A
:1090F00062F30700C3F3072262F30F20C3F30743B1
:1091000063F3174004B010BD1FB5482B0190C0F3A6
:10911000074030D8BDF81840E31A9BB2FF2B28BF98
:10912000FF23083189B2102905D902F1080189B25B
:10913000112928BFFF23DB43DBB20344002AB8BF59
:109140000332FF2B28BFFF2300200C498DF8063087
:10915000497801EBA2028DF80420019BDAB262F398
:109160000700C3F3072262F30F20C3F3074363F33F
:10917000174004B010BDFF23D3E700BF084A00200A
:1091800084B0BDF81020C0F30741D31A9BB2FF2B67
:1091900028BFFF23DBB2DA43D2B21144FF2928BF34
:1091A000FF210190034400208DF804308DF8061053
:1091B000019BDAB262F30700C3F3072262F30F20C8
:1091C000C3F3074363F3174004B0704784B0BDF89E
:1091D00010200190D31A9BB2FF2B28BFFF23DB4343
:1091E000C0F30740DBB20344FF2B28BFFF2300205E
:1091F0008DF80630019BDAB262F30700C3F3072251
:1092000062F30F20C3F3074363F3174004B07047C2
:109210007FB5164E1546735C0190C0F3074413B931
:10922000FFF746FC7054705C28444008FFF75AFC76
:10923000A0F180035BB2002BBCBFC0F1800043B241
:1092400000205B00DBB204FB03331B128DF80630F9
:10925000019BDAB262F30700C3F3072262F30F2027
:10926000C3F3074363F3174004B070BD60320020BE
:109270001FB5184B0190C0F3074401EB810118683A
:10928000154BC1EB811108441979C90800FB010095
:10929000C0F30720FFF726FCA0F180035BB2002B90
:1092A000BCBFC0F1800043B200205B00DBB204FB16
:1092B00003331B128DF80630019BDAB262F307000C
:1092C000C3F3072262F30F20C3F3074363F317408E
:1092D00004B010BD104A0020084A0020024B1A7842
:1092E00010431870704700BFCA30002010B5044604
:1092F00020B90029ACBF0020802010BD80EAE073B7
:10930000A3EBE0731BB2002903EB0102A7BFCB1A4A
:109310005B015B1A5201ABBF93FBF2F392FBF3F3D9
:10932000C3F12003C3F160035BB2D8B2002CBCBF11
:109330004042C0B2E1E730B5C0F3072585B0EB1A73
:1093400001901046DCB2FFF7D1FFC0EB801300EBB9
:10935000830300201C44E3B205FB03331B128DF88A
:109360000530019BDAB262F30700C3F3072262F310
:109370000F20C3F3074363F3174005B030BD30B58A
:10938000C0F3074585B0EB1A01901046DCB2FFF739
:10939000ADFFC0EB801300EB830300201C44E3B25D
:1093A00005FB03331B128DF80630019BDAB262F322
:1093B0000700C3F3072262F30F20C3F3074363F3ED
:1093C000174005B030BD30B585B09DF82040C0F3E2
:1093D0000725019010461C1BFFF788FF2C44E4B2C0
:1093E000241A0020E3B205FB03331B128DF805306D
:1093F000019BDAB262F30700C3F3072262F30F2086
:10940000C3F3074363F3174005B030BD30B585B0F3
:109410009DF82040C0F30745019010461C1BFFF744
:1094200065FF2C44E4B2241A0020E3B205FB0333A9
:109430001B128DF80630019BDAB262F30700C3F30A
:10944000072262F30F20C3F3074363F3174005B00D
:1094500030BD1FB5019010461C46FFF747FF204462
:109460008DF804000020019BDAB262F30700C3F319
:10947000072262F30F20C3F3074363F3174004B0DE
:1094800010BD1FB59DF81840019010461C1BFFF73A
:109490002DFFE4B2241A00208DF80440019BDAB2BB
:1094A00062F30700C3F3072262F30F20C3F30743FD
:1094B00063F3174004B010BD84B004B0FFF7CCBA1A
:1094C0002DE9F74FDFF8CCA000EBC0080AEB08034A
:1094D0005B5C0746FF2B0E462BD000252E4A90449E
:1094E0004FF0000B05EBC50403F134090AEB04014E
:1094F0000AEB4909144411F801EBBEF1FF0F0ED03D
:10950000E8B2874218D15FFA8BF0864214D118F87E
:1095100006002030FF2828BFFF2008F806000BF1C6
:10952000010BBBF1090F04F10104E4D101350C2D4D
:10953000D6D103B0BDE8F08F0EF1340E0AEB4E0E1B
:109540009EF8040099F804C09EF805E0ACEB000C0E
:1095500099F805000191A0EB0E0080B240430CFB8E
:109560000C0080B20093FFF77CFA2828009B019939
:10957000094AD4D894F800C0C0F12800C0B210281D
:1095800094BF84440CF1100C6046FF2828BFFF20D4
:109590002070C4E79A0C0020CC30002008B50348A6
:1095A000FDF7FDFB0022024B1A7008BD084A00209F
:1095B000CA30002010B5094C352320460322084943
:1095C00000F8013BF6F7E6FF4FF67F732046A380D5
:1095D000FDF7E5FB0022034B1A7010BD084A00207E
:1095E000E0110108CA3000200020704770B5044621
:1095F0000E461546FFF7F8FF054B04EBC4041C4468
:10960000A35DFF2B1EBF2B540130C0B270BD00BF45
:109610009A0C0020014BDB68184700BFBC180108FA
:1096200070470000F7B50C4615461E46FFF7F8FFD9
:1096300000280ADB064F21467C6833462A46A446AA
:10964000019403B0BDE8F040604703B0F0BD00BF37
:10965000BC180108F7B51F4B0546034493F8F430D6
:10966000194234D01C4E1D4B34791B88E40804FB8E
:109670000333711C1C1203226846F6F78BFFE0B21D
:10968000FFF730FAA0F1800464B2002CBCBFC0F137
:10969000800044B21F207778F678FFF71BFA640049
:1096A000E4B206FB0444074424128DF800708DF8E0
:1096B00002400098FFF700FFC0F30743C0F3072202
:1096C000C1B2284603B0BDE8F040FFF7ABBF03B01E
:1096D000F0BD00BF9A0C0020084A0020104A00206C
:1096E000F7B51F4B0546034493F8F430194234D0C4
:1096F0001C4E1D4B34791B88E40804FB0333711C9A
:109700001C1203226846F6F745FFE0B2FFF7EAF9BC
:10971000A0F1800464B2002CBCBFC0F1800044B250
:109720001F20B778F678FFF7D5F96400E4B206FB9E
:109730000444074424128DF801708DF8024000980B
:10974000FFF7BAFEC0F30743C0F30722C1B22846B1
:1097500003B0BDE8F040FFF765BF03B0F0BD00BF48
:109760009A0C0020084A0020104A002073B51B4BB9
:109770000446034493F8F43019422DD0184E194B87
:1097800035791B88ED0805FB0333711C1D1203227C
:109790006846F6F7FFFEE8B2FFF7A4F9A0F18003F0
:1097A0005BB2002BBCBFC0F1800043B2F6785B0017
:1097B000DBB206FB03331B128DF802300098FFF773
:1097C0007BFEC0F30743C0F30722C1B2204602B0BC
:1097D000BDE87040FFF726BF02B070BD9A0C0020B4
:1097E000084A0020104A002013B5124B04460344D7
:1097F00093F8F43019421BD0FFF75AF98DF80000A6
:109800008020FFF767F90C4B7F30DB788DF8010083
:109810008DF802300098FFF74FFEC0F30743C0F306
:109820000722C1B2204602B0BDE81040FFF7FABEE1
:1098300002B010BD9A0C0020084A002037B5134B27
:109840000446034493F8F43019421DD0104D03220E
:10985000691C6846F6F79EFE03206D78FFF73AF91B
:109860006FF01F0303FB00558DF800500098FFF7C1
:1098700023FEC0F30743C0F30722C1B2204603B062
:10988000BDE83040FFF7CEBE03B030BD9A0C0020DB
:10989000084A0020014B9B68184700BFBC1801080C
:1098A0002DE9F04F524B87B0DC78524E04EB440365
:1098B0004FEAA30B9B080293FF23B3FBF4F301933E
:1098C00083785BB1002211461046FFF7E3FF6C225C
:1098D00000214948F6F750FF002333700025474F19
:1098E000DFF814A13B7801333B70D0464FF00009FC
:1098F00032785FFA89F31A4363D10393F6F7C0FF16
:109900003F4B9842039B5CDC8AF80040294618468E
:1099100004AAFFF76BFE98B198F80020029B9DF80F
:1099200010009A425CD9A2EB0B030BFB03F3A4EBF0
:109930000B0293FBF2F32246DBB21946FFF772FEED
:1099400009F10109B9F10C0F08F10908D0D101356D
:10995000EDB2092D0AF1010AC7D13B78019A934271
:1099600004BF00233B7033780133DBB21C2B3DD99D
:1099700000233370234E0B233546671E304629469D
:1099800009220B2B04D190F800C0644508BF077072
:1099900011F809CC013AA44524BF01F8097C0C70E8
:1099A00012F0FF0201F1010100F10100E9D1013BD8
:1099B00013F0FF03A5F10905E0D1002007B0BDE8D1
:1099C000F08F98F80020002AA0D094429ED93978D0
:1099D0000198814204BF02F1FF3288F8002095E728
:1099E0006243B2FBFBF20023D2B2A6E73370E4E796
:1099F000084A0020CB300020CC300020C8300020A6
:109A0000545555052F3100202DE9F04F85B00646FD
:109A10000F461546FBF7A0FF8046002852D0002DC8
:109A200053D03946304602AAFFF7E0FD0446DFF87E
:109A3000D49099F800302344082B23DDC4F1080AA0
:109A4000611C5246494409F10100F6F7A3FD04F1F7
:109A500009015246494409F10900F6F79BFD09EB5B
:109A600044014FEA4A02193109F11900F6F792FD53
:109A700004F111015246494409F11100F6F78AFD3B
:109A800089F800A0002299F800C011469146DFF83D
:109A900074E00DF1080BD0B200EB0C03DBB2844292
:109AA000019314D86444E4B209B1164B1C704DB153
:109AB000154B1B7803F0FC03802B03D1394630464D
:109AC000FFF7FEFC05B0BDE8F08F2C46AFE7019B29
:109AD0001BF801AB0EEB03000C4B0AF1340103EB56
:109AE00041010B7949794370019B41720C330EEBB4
:109AF0004303414680F811A083F8019083F8029057
:109B00000132C8E73B310020084A00209A0C0020AF
:109B10000C4B1B68C3F38123022B0CD0032B0ED0FC
:109B2000012B4FF0000203D011461420FFF7B2BE04
:109B300014211046FAE7002114220846F6E7142201
:109B4000F2E700BF104A0020012070470120704753
:109B500008B5FFF7FBFF08BD08B5FFF7F5FFFFF7F6
:109B6000F7FF08BDC0EBC00043000020DBB203F1EB
:109B70000E02D2B2442A63F30700134628BF4423DF
:109B800082B063F30F2002B0704700002DE9F04F60
:109B9000074689B000780291FFF7E4FFDFF8BC8048
:109BA0002F4A98F80450C4B26B081588C0F3072BED
:109BB00003FB05552B4BC5F3072503EB440603F1C7
:109BC000F409E3B29B4507D8BBF1430F8CBF0020DB
:109BD000012009B0BDE8F08F14F809207B781A4203
:109BE00038D096F86D2096F86C10203A92B202FBAD
:109BF00002F070391FFA81FA0AFB0A0080B2039260
:109C0000FEF72FFF98F801C0034698F8020098F875
:109C100003E0039A4CEA002012B20FFA8AF1DDF851
:109C200008C040EA0E400095E047C0F307238DF8D6
:109C30001C00C0F307408DF81D308DF81E000798FA
:109C4000FFF73AFCC0F30743C0F30722C1B2204636
:109C5000FFF7E8FC02360134B3E700BF084A0020F2
:109C6000104A00209A0C00200149FFF78FBF00BF67
:109C7000C79300080149FFF789BF00BF0D94000892
:109C80000149FFF783BF00BF0D8D00080149FFF7B1
:109C90007DBF00BF839400082DE9F04F074685B0D3
:109CA0000078FFF75FFF8A46DFF89880264A98F829
:109CB0000450C4B26B081588C0F3072B03FB05558D
:109CC000224BC5F3072503EB440603F1F409E3B285
:109CD0009B4507D8BBF1430F8CBF0020012005B086
:109CE000BDE8F08F14F809207B781A4226D098F846
:109CF000023098F8010098F803C096F86D2096F8A5
:109D00006C1040EA0320203A70392B4640EA0C40A0
:109D1000D047C0F307238DF80C00C0F307408DF83F
:109D20000D308DF80E000398FFF7C6FBC0F3074314
:109D3000C0F30722C1B22046FFF774FC023601349B
:109D4000C5E700BF084A0020104A00209A0C0020F6
:109D50000149FFF7A1BF00BF379300080149FFF792
:109D60009BBF00BF7F9300080149FFF795BF00BF6D
:109D70003F8D00080149FFF78FBF00BF53940008D3
:109D80002DE9FF4706460078FFF7ECFE88461F4F97
:109D90001F4B3D791B88AD0802355D43DFF874A089
:109DA000C0F30729C5F30725C4B2E1B2894507D836
:109DB000B9F1430F8CBF0020012004B0BDE8F0874B
:109DC00014F80A2073781A421DD0B8787B782A4696
:109DD00043EA0023F87843EA0040C047C0F3072372
:109DE0008DF80C00C0F307408DF80D308DF80E0093
:109DF0000398FFF761FBC0F30743C0F30722C1B22A
:109E00002046FFF70FFC0134CFE700BF084A0020CF
:109E1000104A00208E0D00200149FFF7B1BF00BF9E
:109E2000258B00080149FFF7ABBF00BF718B00080D
:109E30000149FFF7A5BF00BFC98B00080149FFF723
:109E40009FBF00BF218C00080149FFF799BF00BFE9
:109E5000498C00080149FFF793BF00BF818C0008BF
:109E60000149FFF78DBF00BFB98C00080149FFF71A
:109E700087BF00BFE18E00080149FFF781BF00BF27
:109E80002D8F00080149FFF77BBF00BF8D8F0008B1
:109E9000837810B5044623B1442200210448F6F724
:109EA0006BFC2046BDE810400249FFF769BF00BFC8
:109EB00060320020119200080149FFF761BF00BF26
:109EC000719200082DE9F04F814689B00078039126
:109ED000FFF748FEDFF8A8A02A4A9AF80440C6B265
:109EE000A3081488C0F3072503FB0444C4F3072424
:109EF00004F14000C0B2FEF7F5FDA0F18007204656
:109F0000FEF7F0FDDFF880B0A0F180087FB24FFAD5
:109F100088F8F3B29D4206D8432D8CBF0020012063
:109F200009B0BDE8F08F16F80B1099F80120114226
:109F300024D09AF802209AF801009AF803C040EA67
:109F400002203946424640EA0C400094DDF80CC03D
:109F5000E047C0F307238DF81C00C0F307408DF8DD
:109F60001D308DF81E000798FFF7A6FAC0F30743CF
:109F7000C0F30722C1B23046FFF754FB0136C8E7F1
:109F8000084A0020104A00208E0D00200149FFF7EA
:109F900099BF00BF8D8D00080149FFF793BF00BF37
:109FA000DD8D00080149FFF78DBF00BF2D8E000831
:109FB0002DE9F04F334D074685B00078FFF7D2FD0D
:109FC0002E794FF6FF730136FF2E28BFFF268846F5
:109FD000B3FBF6F6DFF8B0B0DFF8B0A0C0F30729A6
:109FE000C4B2E0B2814507D8B9F1430F8CBF00205D
:109FF000012005B0BDE8F08F14F80B207B781A42E1
:10A000002ED09AF800302249013B5BB21A0629D5BE
:10A0100032462B79A878591CFF290B4628BFFF230D
:10A0200003FB02226B78C2F30F2143EA0023E87896
:10A0300043EA0040C047C0F307238DF80C00C0F38B
:10A0400007408DF80D308DF80E000398FFF734FAB5
:10A05000C0F30743C0F30722C1B22046FFF7E2FA7C
:10A060000134BEE75A5C82420AD103F10C020AEBCA
:10A07000420292F801C092784CEA0222B242C8D35E
:10A08000013BC3E7084A00208E0D0020144A00203F
:10A09000254A00200149FFF78BBF00BFD98F000878
:10A0A0000149FFF785BF00BF139000082DE9F04F6D
:10A0B00082468DB008780492FFF754FD8B46414BE1
:10A0C000C5B21B78C0F3072903933F4B03EB450749
:10A0D000F4330593EBB2994507D8B9F1430F8CBF20
:10A0E000002001200DB0BDE8F08F059BEA5C9BF8D5
:10A0F00001301A4221D0D0460024032233490AA855
:10A10000F6F748FA2F4B0AF101061E44039A5FFA4C
:10A1100088F39A4214D82E4BD87800FB04442412BA
:10A120008DF82A400A98FFF7C7F9C0F30743C0F338
:10A130000722C1B22846FFF775FA01350237C9E791
:10A1400016F8013B97F86C1097F86D20C91AF3794F
:10A1500089B2D21A92B202FB02F001FB010080B276
:10A1600007920691FEF77DFC194B164A93F804E01E
:10A1700008F10C030EF1010EBEF1FF0F28BF4FF0E6
:10A18000FF0E02EB430393F801C09B78079A4CEA59
:10A19000032C0EFB0CCC0699CCF30F238DF82A4030
:10A1A0000093049C034612B20A9809B2A047C0F378
:10A1B00007238DF828008DF82930C0F3074408F1F3
:10A1C0000108A3E7144A00209A0C0020094A002045
:10A1D000084A0020044B01461B78044A013B23EA4D
:10A1E000E373D8B2FFF762BF144A00204D90000815
:10A1F0000146024A0020FFF759BF00BF4D900008FA
:10A20000044B01461B78044A013B23EAE373D8B2AE
:10A21000FFF74CBF144A0020959000080146024AFF
:10A220000020FFF743BF00BF95900008044B014694
:10A230001B78044A013B23EAE373D8B2FFF736BF29
:10A24000144A0020099100080146024A0020FFF745
:10A250002DBF00BF09910008044B01461B78044A3A
:10A26000013B23EAE373D8B2FFF720BF144A002072
:10A27000819100080146024A0020FFF717BF00BF86
:10A2800081910008044B01461B78044A013B23EAF4
:10A29000E373D8B2FFF70ABF144A0020CD9100083B
:10A2A0000146024A0020FFF701BF00BFCD91000820
:10A2B000F7B506460078FFF755FC184AC5B2537843
:10A2C000C0F307249078164F43EA0023D07843EA7E
:10A2D0000040FFF7F1F8C0F307238DF80530C0F315
:10A2E00007438DF804008DF80630EBB29C4205D888
:10A2F000432C8CBF0020012003B0F0BDEA5D7378D1
:10A300001A4208D028469DF806309DF805209DF891
:10A310000410FFF787F90135E7E700BF084A00207E
:10A320008E0D00202DE9FF4106460078FFF71AFC4C
:10A33000DFF89C80032208F10101C4B2C0F30725B5
:10A3400001A8F6F727F9019898F80170FFF7B4F81B
:10A35000C0F307238DF8093098F804308DF8080011
:10A360001F448DF80470C0F307408DF80A0001986F
:10A37000FFF7A2F8C0F307238DF80D30154FC0F397
:10A3800007438DF80C008DF80E30E3B29D4206D8DD
:10A39000432D8CBF0020012004B0BDE8F081E35DB7
:10A3A0007278134211D0DB07204643BF9DF80E3070
:10A3B0009DF80D209DF80C109DF80A305CBF9DF8AB
:10A3C00009209DF80810FFF72DF90134DDE700BFE3
:10A3D000084A00208E0D00202DE9FF47074600782F
:10A3E000FFF7C0FBDFF86C800322C4B2C0F307257F
:10A3F00008F1010102A8F6F7CDF898F80460DFF83B
:10A4000058900136B608A9F1870AE3B29D4206D8F2
:10A41000432D8CBF0020012004B0BDE8F08714F864
:10A4200009207B781A4213D01AF814301A0998F8C8
:10A43000013002FB06338DF808300298FFF73CF834
:10A44000C0F30743C0F30722C1B22046FFF7EAF882
:10A450000134DAE7084A00208E0D00202DE9FF477D
:10A4600007460078FFF77EFBDFF870800322C4B256
:10A47000C0F3072508F1010102A8F6F78BF898F858
:10A480000460DFF85C900136B608A9F1880AE3B2EF
:10A490009D4206D8432D8CBF0020012004B0BDE8AA
:10A4A000F08714F809207B781A4214D01AF8143077
:10A4B00006FB03F298F8013003EB52138DF80830D5
:10A4C0000298FEF7F9FFC0F30743C0F30722C1B2B9
:10A4D0002046FFF7A7F80134D9E700BF084A00205B
:10A4E0008E0D00202DE9F04F074685B00078FFF76C
:10A4F00039FB0A23354E88463579DFF8D4A0B5FB01
:10A50000F3F5344B02351B88EDB25D43C0F30729E8
:10A51000C5F30725C4B2AAF1870BE1B2894507D874
:10A52000B9F1430F8CBF0020012005B0BDE8F08FCA
:10A5300014F80A207B781A4229D01BF81430B0781E
:10A54000202B73782A4643EA0023F07843EA004040
:10A550001FD9C047C0F307238DF80800C0F3074098
:10A560008DF809308DF80A000298FEF7A5FFC0F3B8
:10A570000722C0F307418DF805208DF806108DF8ED
:10A580000400C3B2D2B2C9B22046FFF74BF801347F
:10A59000C3E7C047C0F307238DF80C00C0F30740A2
:10A5A0008DF80D308DF80E000398FEF785FFC0F38F
:10A5B0000722C0F307438DF805208DF806308DF88B
:10A5C0000400DBB2D2B2C1B2DEE700BF084A00200D
:10A5D0008E0D0020104A00200149FFF783BF00BF05
:10A5E000918E0008F7B503780546C3B91E4B1B7959
:10A5F0001033FF2B28BFFF231A461C4B1B8802FB7E
:10A6000003330A22C3F30F23B3FBF2F102FB11332E
:10A610009BB223B94420FEF75DFA154B18802878C9
:10A62000FFF7A0FA0446AB78C6B2C4F3072493B987
:10A630000F4F3888864210D8A0420ED26978C0B237
:10A64000FFF7FCF845233B8007E030466978FFF7C9
:10A65000F5F80136F6B2A642F7D3432C8CBF0020A2
:10A66000012003B0F0BD00BF084A0020104A0020BE
:10A67000DE0E0020F7B503780546CBB91E4B1B79DB
:10A680001033FF2B28BFFF231A461C4B1B8802FBED
:10A6900003330522C3F30F23B3FBF2F202EB820272
:10A6A0009B1A9BB223B94420FEF714FA144B18806E
:10A6B0002878FFF757FA0446AB78C6B2C4F30724EC
:10A6C00093B90F4F3888864210D8A0420ED26978CD
:10A6D000C0B2FFF789F845233B8007E03046697830
:10A6E000FFF782F80136F6B2A642F7D3432C8CBFAF
:10A6F0000020012003B0F0BD084A0020104A0020CD
:10A70000DC0E00202DE9F04F804687B00078FFF77F
:10A7100029FAC3B2009398F80230C0F307264BB170
:10A72000002211461046FFF7B5F86C2200213C4884
:10A73000F6F722F898F800306BB93A4C208802F00E
:10A7400011FF18288CBF01220022374B1A7002D942
:10A7500002F090FF20800025DFF8D0B02C46A946FB
:10A7600003E0B9F10D0F54D80024314905EBC50AB7
:10A7700001EB0A031A1901921B5D009A934240D320
:10A78000B3423ED20B4493F8F42098F8013009F11B
:10A7900001091A425FFA89F933D0214B9BF8032053
:10A7A0009A441AF80470A7F1550323EAE373C3F13E
:10A7B000AA038DF810309BF802308DF8113007F1A4
:10A7C000AA03FF2B28BFFF2303EB43030233DBB2B3
:10A7D00002FB03331B128DF812300498FEF76CFE57
:10A7E000C0F30743C0F30722C1B201980078FEF717
:10A7F00019FF0D4B1B7823B1013F27EAE7770AF8D1
:10A8000004700134E4B2092CAFD10135EDB20C2D46
:10A81000A7D1432E8CBF0020012007B0BDE8F08FE8
:10A82000CC30002038310020C9300020084A0020F8
:10A830009A0C0020F7B503780546CBB91E4B1B795F
:10A840000533FF2B28BFFF231A461C4B1B8802FB36
:10A8500003330522C3F30F23B3FBF2F202EB8202B0
:10A860009B1A9BB223B94420FEF734F9144B18808D
:10A870002878FFF777F90446AB78C6B2C4F307240B
:10A8800093B90F4F3888864210D8A0420ED269780B
:10A89000C0B2FEF76BFF45233B8007E03046697886
:10A8A000FEF764FF0136F6B2A642F7D3432C8CBF05
:10A8B0000020012003B0F0BD084A0020104A00200B
:10A8C000E40E0020F7B503780546CBB91E4B1B7983
:10A8D0000533FF2B28BFFF231A461C4B1B8802FBA6
:10A8E00003330522C3F30F23B3FBF2F202EB820220
:10A8F0009B1A9BB223B94420FEF7ECF8144B188046
:10A900002878FFF72FF90446AB78C6B2C4F30724C2
:10A9100093B90F4F3888864210D8A0420ED269787A
:10A92000C0B2FEF7DDFE45233B8007E03046697884
:10A93000FEF7D6FE0136F6B2A642F7D3432C8CBF03
:10A940000020012003B0F0BD084A0020104A00207A
:10A95000E20E0020F7B503780546CBB91E4B1B79F4
:10A960000533FF2B28BFFF231A461C4B1B8802FB15
:10A9700003330522C3F30F23B3FBF2F202EB82028F
:10A980009B1A9BB223B94420FEF7A4F8144B1880FD
:10A990002878FFF7E7F80446AB78C6B2C4F307247B
:10A9A00093B90F4F3888864210D8A0420ED26978EA
:10A9B000C0B2FEF74FFE45233B8007E03046697882
:10A9C000FEF748FE0136F6B2A642F7D3432C8CBF01
:10A9D0000020012003B0F0BD084A0020104A0020EA
:10A9E000E00E002007B50078FFF7BCF8C0F30720A1
:10A9F00043288CBF0020012003B05DF804FB13B591
:10AA00000078FFF7AFF8C0F307242146C0B2F7F78C
:10AA100087FB432C8CBF0020012002B010BD00003A
:10AA20002DE9F04F764B8BB01B78764D834200902A
:10AA30004FD1754A2B78127803F003039B1A18BF85
:10AA40000123724C6278A3706B799A4205D0002280
:10AA5000114610466370FEF71DFF009B342B3AD859
:10AA6000013B332B51D8DFE813F059005E00620040
:10AA700066006A006E00720076007A007E00820036
:10AA800086008A008E00920096009A009E00A20026
:10AA9000A600AA00AE00B200B600BA00BE00C20016
:10AAA000C600D50040010B02B902BD02C102C502B9
:10AAB000C902CD02D102D502D902DD02E102E502CE
:10AAC000E902ED02F102F502F902FD0201030503BC
:10AAD00009030123B5E7009BFF2B00F0D38200247C
:10AAE0004A4B1A7801321A70002C40F0D0820221B1
:10AAF000474A9B781170002B40F0C982009B002BC5
:10AB000040F0C58203231370C1E2A478002CE7D083
:10AB1000002211461046FEF7BDFEE0E73B48FFF776
:10AB2000C7FB0446DCE73948FFF7FCFBF9E7374889
:10AB3000FFF752FCF5E73548FFF790FCF1E73348A3
:10AB4000FFF76AF9EDE73148FFF76CF9E9E72F48BD
:10AB5000FFF76EF9E5E72D48FFF7FAF8E1E72B4834
:10AB6000FFF7FCF8DDE72948FFF77EF8D9E727482B
:10AB7000FFF780F8D5E72548FFF760F9D1E72348CC
:10AB8000FFF762F9CDE72148FFF764F9C9E71F48ED
:10AB9000FFF766F9C5E71D48FFF772F8C1E71B48E4
:10ABA000FFF7E2F8BDE71948FFF7E4F8B9E71748FF
:10ABB000FFF76CF8B5E71548FFF7E8F9B1E7134878
:10ABC000FFF7EAF9ADE71148FFF7ECF9A9E70F48FD
:10ABD000FFF702FDA5E70D48FFF704FDA1E70B48CD
:10ABE000FFF748FD9DE70948FFF740F999E7074857
:10ABF000FFF742F995E70548FFF744F991E700BFF1
:10AC0000E90E0020084A0020EA0E0020E60E00208F
:10AC1000EB0E0020237833B9A37823B14420FDF74D
:10AC200059FF904B18702078FEF79CFFDFF83882B0
:10AC3000DFF83892D8F80020D9F80030ADF81C00C1
:10AC40009A42C0F307263FD2864F9DF81C303A78CF
:10AC5000934226D8964224D9854B134493F8F42086
:10AC600063781A421DD0FDF723FF820731D50023F8
:10AC70008DF820308DF821308DF822300898FEF7BD
:10AC80001BFCC0F30722C0F307438DF824008DF8A6
:10AC900025208DF82630C1B2DBB23878D2B2FEF76B
:10ACA000C1FC432E10D94420FDF714FF4FF4E0629D
:10ACB0002979D9F8003001FB022203F50063A3EBE8
:10ACC00012233870C8F80030432E8CBF00240124B2
:10ACD00006E7FDF7EDFE8DF820008020FDF7FAFE77
:10ACE0007F30EB788DF82100C6E7DFF88891DFF838
:10ACF0007CA1D9F80020DAF800309A423FF6EFAE96
:10AD0000A3785D4EB3B10022002711461046FEF72E
:10AD1000C1FDB046BB46FDF7CBFE830724D588F8BE
:10AD200000B088F801B088F802B00137442F08F16C
:10AD30000308F0D12078FEF715FFADF82000C0F32E
:10AD40000727C0B200EB4008DFF830B1B044C3B20F
:10AD50009F4228D8432F94BF012400247FF6C0AE21
:10AD60004FF00008013F3BE0FDF7A2FE8DF8240004
:10AD70008020FDF7AFFEEB787F3007EB47028DF8C0
:10AD800026308DF82500B318099802920193FEF73A
:10AD900093FB029A019BB054C0F30722C0F3074013
:10ADA0005A709870C1E710F80B2063781A4209D0E6
:10ADB00098F8023098F8012098F800100190FEF7FA
:10ADC00031FC019808F103080130C0E701EB4100B4
:10ADD000013101EB4101032231443044F5F7DAFB44
:10ADE0005FFA88F1B94208F10108EFDBFDF760FE78
:10ADF00010F0020F4FEA470817D000234744F2191A
:10AE0000F355537093702B7940F6B8321033FF2B03
:10AE100028BFFF2303EB03131B12B2FBF3F3DAF893
:10AE200000201344C9F800305AE6FDF741FE8DF8C2
:10AE300024008020FDF74EFEEB787F308DF8263021
:10AE40008DF825000998FEF737FB4744F05506EBCF
:10AE50000708C0F30723C0F3074088F8013088F8DB
:10AE60000200D0E73A310020B0320020104A002022
:10AE70009A0C0020B8320020943100208E0D002062
:10AE8000A3784BB1002211461046FEF703FD302295
:10AE900000218048F5F770FC2078FEF763FE7E4BBA
:10AEA000ADF820001A687D4BC0F307241B689A4256
:10AEB00040F28F809DF82030A87802936B784FF095
:10AEC000000843EA0023E878754F43EA0040FEF7A4
:10AED000F3FAC0F307238DF82400C0F307408DF880
:10AEE00025308DF826006B4E049706EB88030593FA
:10AEF00007F10803039300230193059B13F8015BFB
:10AF00000593002D67D09DF824A09DF825B09DF8ED
:10AF10002650049B13F8010B0493039B13F801992B
:10AF20000393029B83420ED884420CD95C4B0344AA
:10AF300093F8F4205B4B5B781A4204D02B465A46B8
:10AF40005146FEF76FFB029B4B450FD84C450DD980
:10AF5000534B4B4493F8F420524B5B781A4205D084
:10AF60002B465A4651464846FEF75CFB019B01338F
:10AF7000042B0193C1D108F10108B8F10C0F07F1BE
:10AF80000907B0D1432C24D9002503223046711C77
:10AF9000F5F776FBFDF78CFD10F0030F0CBF0123D6
:10AFA000002301350C2DF37006F10406EDD13E4B64
:10AFB00040F6B8321B791033FF2B28BFFF2303EB79
:10AFC00003131B12B2FBF3F3334A12681344334AE0
:10AFD0001360432C79E6AB46AA469AE73148FFF75F
:10AFE00091FB9EE52F48FEF75BFC9AE52D48FFF7A5
:10AFF00051F896E52B48FFF753F892E52948FFF7FB
:10B00000E9F88EE52748FFF7F3F88AE52548FFF7CA
:10B01000F7F886E52348FFF701F982E52148FFF7B5
:10B0200005F97EE51F48FFF70FF97AE51D48FFF7A0
:10B0300013F976E51B48FFF71DF972E51948FFF78C
:10B0400021F96EE51748FFF72BF96AE51548FEF779
:10B050001FFF66E51348FFF7EDFB62E51148FFF7B8
:10B0600031FC5EE50F48FFF775FC5AE50D48FEF729
:10B0700023FF56E50B48FFF7B5FC52E50948FFF7FB
:10B08000BEFC4EE5FEF744FD0222084B1A700BB0E1
:10B09000BDE8F08F64310020104A0020B432002057
:10B0A0009A0C0020E60E0020084A0020EB0E00203B
:10B0B0000120704737B500780138C0B2FEF752FD65
:10B0C000C0F30724C5B221462846FFF7F1FF214609
:10B0D0002846FAF7D1FA03B030BD00002DE9F0415F
:10B0E000424C2068FCF710FA0546FCF7FDF9206099
:10B0F000002406463E48A44690F800E0C5F57F4788
:10B100007146FF37E3B29E450FD8BCF1000F00D067
:10B110000170384CDFF8E080257898F80070032D36
:10B1200036D8DFE805F01A37465204F10C0200EB7E
:10B130004202537892F80280013443EA08239F4286
:10B1400029BF5B1901F1FF315370C3F307233ABFE5
:10B150004FF0010CC9B29370D4E70022274B244969
:10B160001A70274B292227481E60F5F713FA264B41
:10B170001B784BB9FBF764FE244B984204D8244B50
:10B180001B789A0718BF9D08012388F80050237088
:10B19000BDE8F0813846FFF743FC002FF8D0237854
:10B1A000022B01D1FEF7D8FCBDE8F0411348FFF7B0
:10B1B00081BF184B184A1F70154B1B78C3F301034E
:10B1C0001370FEF727FA0323E1E7144D2B7823B120
:10B1D0000F48FBF7E4FD00232B70094B1868FCF7C0
:10B1E00093F90F28D4D90023D1E700BFA83200205B
:10B1F0003B310020EB0E0020A4320020E60E0020A0
:10B20000104A0020144A0020AC320020E0930400D1
:10B21000084A0020E90E0020EA0E0020CA30002073
:10B2200070B50024104B114D1B6898471048102230
:10B23000FF2100F8194BF5F79FFA0E481022FF2165
:10B2400000F8194BF5F798FA01230B4E2846337096
:10B25000FBF7A3FD2B78347013F0FC0F03D1BDE88E
:10B260007040FEF7A7B970BDBC180108084A00205D
:10B27000144A00203B310020CA30002070B504463B
:10B280000A4E88B135787DB92846FFF7C9FB084BCF
:10B29000084A1D70084B1B78C3F301031370FEF7B7
:10B2A000B9F90322054B1A70347070BDAC3200201E
:10B2B000E90E0020EA0E0020084A0020EB0E0020D4
:10B2C000044A137883F0010313700022024B1A70B2
:10B2D000FEF704B8084A0020EB0E00200020FFF71C
:10B2E000EFBF0120FFF7ECBF064A137813F003030A
:10B2F00004BF05490B700121137861F3010313703A
:10B30000704700BF084A0020EB0E002008B5FFF789
:10B31000EBFFBDE808400120FDF7E0BF054B1A78C0
:10B3200092071EBF0021044A11701A786FF30102C0
:10B330001A707047084A0020EB0E002008B5FFF78E
:10B34000EDFFBDE808400120FDF7C8BF024B1878AB
:10B3500000F00300704700BF084A002010B40B4CF7
:10B3600002462378084699070ED04AB9012262F3B3
:10B37000870300222370064B1A7010BCFDF7AEBF86
:10B38000342A88BF3422F2E710BC7047084A0020F4
:10B39000EB0E00200021FFF7E1BF000038B5FFF7FA
:10B3A000BDFF0123084C094D20462B70FBF7F5FC2F
:10B3B000002320782B70830704D0BDE83840800834
:10B3C000FFF7E8BF38BD00BF084A0020CA300020A0
:10B3D0000121FFF7C3BF0000014B187880087047B8
:10B3E000084A0020054B01461B789B080133352B8A
:10B3F00034BF18460120FFF7B1BF00BF084A002044
:10B400000120FFF7EFBF0000064B01461B78C3F396
:10B410008503013B13F0FF0314BF18463420FFF7E8
:10B420009DBF00BF084A00200120FFF7EDBF0000CC
:10B4300030B4084C0546184623789B0708D0962A56
:10B4400028BF96226570A170E27030BCFDF746BF40
:10B4500030BC7047084A00200023FFF7E9BF0123F2
:10B46000FFF7E6BF07B50322094901A8F5F792F8EF
:10B4700000209DF8043063F307009DF8053063F366
:10B480000F209DF8063063F3174003B05DF804FB0E
:10B49000094A0020014B5878704700BF084A002035
:10B4A000014B9878704700BF084A0020014BD878BC
:10B4B000704700BF084A0020034903464878CA780D
:10B4C00008308978FFF7B4BF084A00200120FFF751
:10B4D000F3BF0000054910B44C780346083CCA7815
:10B4E000A0B2897810BCFFF7A3BF00BF084A0020B4
:10B4F0000120FFF7EFBF000010B4064C0346A1780F
:10B50000E2781031FF2928BFFF216078C9B210BC52
:10B51000FFF78EBF084A00200120FFF7EDBF0000B3
:10B5200010B4064C0346A178E278103921EAE171A3
:10B530006078C9B210BCFFF77BBF00BF084A00208B
:10B540000120FFF7EDBF000010B4064C0346E2787F
:10B55000A1781E32FF2A28BFFF226078D2B210BC29
:10B56000FFF766BF084A00200120FFF7EDBF00008B
:10B5700010B4064C0346E278A1781E3A22EAE27241
:10B580006078D2B210BCFFF753BF00BF084A00205A
:10B590000120FFF7EDBF0000024B18710020FDF7FE
:10B5A0009DBE00BF084A0020024B18710120FDF724
:10B5B00095BE00BF084A0020014B1879704700BFB4
:10B5C000084A0020044A13792833FF2B28BFFF23A1
:10B5D0001371FDF783BE00BF084A00200120FFF76A
:10B5E000F1BF0000034A1379283B23EAE373137188
:10B5F000FDF774BE084A00200120FFF7F3BF0000EA
:10B60000084A5379FF2B08D04BB9012383F001037B
:10B610000549CB5C5371FDF761BE0023F6E70023BB
:10B62000F6E700BF084A0020B81801080120FFF71C
:10B63000E7BFFFF7FBBFF0B54518044619461046B3
:10B640000026AC4200D3F0BD14F8012B4FEA011CD8
:10B65000424093184FEA021E41EB01004CEA127C73
:10B6600013EB0E0340EB0C004FEA421E9B184FEA0F
:10B67000411C41EB00004CEAD26C13EB0E0340EB93
:10B680000C004FEAC21E4FEAC11C17024CEA526C72
:10B6900013EB0E034FEA012140EB0C0041EA12616B
:10B6A000DA1940EB01013944B018CAE7FAF754B986
:10B6B00008B5082200210348F5F75EF8BDE8084008
:10B6C00000F036B9BC3200208378C078013303F033
:10B6D00003031B1A58425841704710B50446FFF740
:10B6E000F3FF78B9A37801F07F01E01841EAC211B5
:10B6F00001710120013303F00303A37023780133A8
:10B70000237010BD0020FCE710B5C37884789C42FC
:10B7100011D003441B79C3F3C014C3F306030B70A9
:10B720001470C378013303F00303C370437801330B
:10B730004370012010BD0020FCE700000A460146CE
:10B740000148FFF7CABF00BFBC3200200A460146CD
:10B750000148FFF7D9BF00BFBC32002070B50025FB
:10B76000FC2686B00DF107010DF10600FFF7EEFF94
:10B77000044610B9284606B070BD9DF806309DF805
:10B7800007208DF8083062B3FD238DF8093001F0F1
:10B7900071FF4FF48173ADF80A00ADF80C30DDE9AC
:10B7A0000201FAF7ABFA642003F057FB9DF806306C
:10B7B0009DF807208DF81030E2B1FD238DF811308F
:10B7C00001F058FF0223ADF81200ADF8143006ABBB
:10B7D00013E90300FAF792FA642003F03EFB2546D2
:10B7E000C0E78DF8096001F045FF40F20313ADF8A2
:10B7F0000A00D2E78DF8116001F03CFF0323ADF899
:10B800001200E2E710B5FFF751FF044610B1FFF751
:10B81000A5FF04460A4B1A7832B100221A70094B70
:10B820009A78DA701A785A7000F0E6F8FFF73EFF5F
:10B8300018B1FFF793FF0443E4B2204610BD00BFE8
:10B84000C4320020BC32002008B508220149F4F7B8
:10B85000A1FE08BDBC3200200122014B1A707047C6
:10B86000C43200204FF4165003F02EB969B1084BD2
:10B8700053F82000431C0AD0012100F00F032022BE
:10B88000994020F00F0004F0B1BD024BF0E7704783
:10B89000CC320020C832002079B1094B53F8203057
:10B8A0005A1C1FBF23F00F02106903F00F03D8408A
:10B8B00014BF00F0010000207047024BEEE700BF0C
:10B8C000CC320020C8320020704700002DE9F04142
:10B8D0000025154F3B78ECB2A3420CD8FFF7C2FF0E
:10B8E0000026DFF848803B78F5B2AB420DD8FFF771
:10B8F000EBFFBDE8F08100212046FFF7B7FF0121F3
:10B900002046FFF7B3FF0135E4E700212846FFF7A3
:10B91000C3FF012104462846FFF7BEFF44EA400466
:10B9200008F805400136DEE7D0320020C63200209C
:10B9300010B5FCF79DF800220D4B0E4C1A70FCF769
:10B9400097F880F001002070FCF792F8FCF790F86F
:10B9500018B1BDE81040FFF7B9BF2378002BF8D02D
:10B96000054B064A1A60064B013A1A60F1E700BF20
:10B97000D1320020D0320020C8320020070400401D
:10B98000CC32002070B541EA4203174A0446115CEC
:10B99000DBB201F00300834224D043EA8103DBB22F
:10B9A0001355124A124E1578124A03F00F03D35C56
:10B9B000325D254413445BB2012BEDB2335503DDF8
:10B9C00000212846FFF7BAFE3357013303DA01217D
:10B9D0002846FFF7B3FE3357002B03F00103B8BF2F
:10B9E0005B42335570BD00BFC6320020D13200200B
:10B9F000C5320020CC190108F8B500250A4F3B7864
:10BA0000ECB2A34200D8F8BD00212046FFF744FF66
:10BA1000012106462046FFF73FFF314602462046F9
:10BA2000FFF7B0FF0135EAE7D0320020C1F1030192
:10BA3000490040FA01F3022213F0010F14BF0E2354
:10BA4000082302FA01F101421ABFA3F12000C0B29B
:10BA500043F080007047000010B50A4C40F282228B
:10BA60004FF40041084804F0C1FC204603F04AFFAF
:10BA70002046064903F0D0FE2046BDE8104003F002
:10BA8000E7BE00BF1C4F002000040040DC19010885
:10BA900030B5044D00EB40002C186270A37029549F
:10BAA00030BD00BF3D4A002070B5134605460E4626
:10BAB00000242046324629460134FFF7E9FF442C92
:10BAC000F7D170BD2DE9F84F08271D4D1D4C0026FC
:10BAD00095F800B095F801A095F80290A4F1080837
:10BAE00031465846FFF7A2FF0136042E08F8010B35
:10BAF000F6D10026A4F1040831465046FFF796FF20
:10BB00000136042E08F8010BF6D1A0460026314676
:10BB10004846FFF78BFF0136042E08F8010BF6D1DB
:10BB20000C37B7F54E7F05F1030504F10C04CED1B7
:10BB30004FF46971BDE8F84F034A044803F0A3BE0F
:10BB40003D4A0020DE320020D23200201C4F00206F
:10BB5000FBF70EB908B5FBF78BFF002814BF0120D7
:10BB60000720FBF7ADFD00F0010008BD08B5FBF7AD
:10BB7000F1FEC82003F071F9FBF7ECFEFFF7EAFFD6
:10BB800028B1FFF7E5FFBDE8084001F08BBD08BD17
:10BB900008B5FFF7EBFF08BD704703460144FF20DF
:10BBA000994200D1704713F8012B5040082210F041
:10BBB000800F4FEA400018BF80F03100013AC0B258
:10BBC000F5D1EDE72DE9F8431546984602460028E1
:10BBD00038D0B9B3B5B3ABB3034600241F4613F84E
:10BBE000100B60BB8446184E96F800E00EF101047D
:10BBF000E4B23470C4B100234FEA031912F809907B
:10BC0000A14511D001338B42F6D1BCF1000F00D019
:10BC100034703C7001F0F8FC089B05447D6030787E
:10BC2000C7F80880FB6006E0631CA6454FF0010CD6
:10BC3000DBB202D13370BDE8F8831C46DAE7013489
:10BC40008C42CBD10020F6E7F836002030B568B141
:10BC500081B18AB10024034610F8105B954206D1E9
:10BC6000002201201A705A609A60DA6030BD0134F7
:10BC7000A142F0D10020F9E71046F7E72DE9F041A5
:10BC8000154604460E4601F0BFFC2B680746C31A52
:10BC9000002B03DD28600025B54201D1BDE8F0810D
:10BCA00094F80080B8F1000F0DD06068C31B002B22
:10BCB00009DCA368E16898472378434503D128B19C
:10BCC00063680344636001351034E5E72070606009
:10BCD000A060E060F7E7000007B50B46009208217E
:10BCE00002460348FFF76EFF03B05DF804FB00BF98
:10BCF00078360020024608210148FFF7A7BF00BFA1
:10BD0000783600200821024A0248FFF7B7BF00BF7B
:10BD1000FC3600207836002013B504460121006867
:10BD20000DF1070200F046F923689DF80700013382
:10BD3000236002B010BD0820704700F097B800F0F3
:10BD4000B2B800F0CCB800F0E9B82DE9F84300F043
:10BD50008BF800250026ECB212E05FFA87F94A461C
:10BD600041462046F9F706FE013703464A4641465A
:10BD7000204600F098F8092FEFD101360C2E03D0A1
:10BD800000275FFA86F8E8E7012200212046F9F74C
:10BD900005FE012203460021204600F0BFF80022E4
:10BDA00020461146F9F7FAFD0022034611462046C7
:10BDB000013500F0B3F8082DCCD1BDE8F88300F0D0
:10BDC000C9B800F0DFB8072810B406D80B2904D88A
:10BDD000082A02D810BC00F049B8002010BC7047F7
:10BDE000072802D809B900F07AB80020704710205F
:10BDF000704708B500F0DBF880B208BD00F0DAB893
:10BE000000F0F8B808B500F030F8BDE8084000F0E0
:10BE10000CB900000F2873B5044613D800F0C7F81A
:10BE2000012101AA013800F0C5F89DF804504DB970
:10BE300000F0BDF806463CB922460A4801A9019522
:10BE400000F04CFD02B070BDB542FBD00121284688
:10BE500001AA00F0AFF89DF804300BB9013CE4B240
:10BE60000135E8E719BD000870477047072838B565
:10BE700017D80B2915D8082A13D81225520005FB0C
:10BE80000122D82505FB002505F29D30FCF762F95B
:10BE9000040205F29E30FCF75DF9A4B2204380B2A3
:10BEA00038BD0020FCE7072838B51D4616D80B29F9
:10BEB00014D8082A12D81224520004FB0122D824D4
:10BEC00004FB0024190A04F29D30FCF7ABF9E9B237
:10BED00004F29E30BDE83840FCF7A4B938BD07280D
:10BEE00070B5164618D8B9B9002A4FEA800000F696
:10BEF0005D2514BF002002202844FCF72BF9002EFA
:10BF00004FEA002414BF012003202844FCF722F943
:10BF1000A4B2204380B270BD0020FCE7072870B5B2
:10BF200016461D4615D8A1B98000002A00F65D24EA
:10BF300014BF00200220190A2044FCF773F9002ED8
:10BF400014BF01200320E9B22044BDE87040FCF793
:10BF500069B970BDF8B51446002700F29D35561832
:10BF6000B44200D1F8BD6FF46773EB18B3F5D86F26
:10BF700006D22846FCF7EEF8207001350134EFE7D1
:10BF80002770FAE770B5144600F29D355618B44292
:10BF900000D170BD6FF46773EB18B3F5D86F03D29F
:10BFA00028462178FCF73EF901340135EFE740F2ED
:10BFB000835070472DE9F04700F67D2806460F466E
:10BFC0001446454640F282594FF0000AA5EB08039B
:10BFD0009BB2BB4201D3BDE8F08733444B4506D842
:10BFE0002846FCF7B7F8207001350134EEE784F8F5
:10BFF00000A0F9E72DE9F84300F67D2806460F4634
:10C000001446454640F28259A5EB08039BB2BB4259
:10C0100001D3BDE8F88333444B4503D82846217843
:10C02000FCF700F901340135EEE70023F0B55A249E
:10C0300040F2835640F67D2585B0CDE9003302936A
:10C040000393013C01D105B0F0BD102E374628BF47
:10C05000102729463A466846FCF7CAF83D44F61BC5
:10C06000EFE7000047F61643984210B50C461BD187
:10C07000FAF734FD62790D4B72B100F0AA00002886
:10C0800015BF01220022352029201A7001F04CF939
:10C09000FAF7E8FD002010BD1B78002B14BF3520F7
:10C0A000292001F05FF9F3E70120F4E700370020D1
:10C0B00010B504464879002800F01081A4F5E0444A
:10C0C000A3B2222B34D88648013CFAF762FE212C19
:10C0D00023D8DFE814F07100F1007D00340039004E
:10C0E00082003E00870096004D00E80052009B0051
:10C0F0005700A000CE005C00A500D7006300AC0094
:10C10000B60043008C00480091006A00B100C300F3
:10C11000E200E6002E007700FA00714A137843F03F
:10C12000010313706E48FAF736FEFAF7FFF80020A5
:10C1300010BD6B4A537843F008035370F2E7684A26
:10C14000137843F00203ECE7654A137843F00403E5
:10C15000E7E7634A137843F00803E2E7604A53785D
:10C1600043F00103E9E75E4A537843F00203E4E752
:10C170005B4A137843F01003D3E7594A137843F02E
:10C180002003CEE7564A137843F04003C9E7FAF795
:10C19000CDF8534A137843F08003C2E7504A13782E
:10C1A00023F00C0343F00C03BBE74D4A537823F014
:10C1B000030343F00303C0E7494B1A786FF300020F
:10C1C0001A70AFE7464B5A786FF3C3025A70A9E76B
:10C1D000434B1A786FF34102F2E7414B1A786FF341
:10C1E0008202EDE73E4B1A786FF3C302E8E73C4B5F
:10C1F0005A786FF30002E9E7394B5A786FF341023E
:10C20000E4E7374B1A786FF30412D9E7344B1A7806
:10C210006FF34512D4E7324B1A786FF38612CFE7EB
:10C22000FAF784F82E4B1A786FF3C712C8E72C4A36
:10C23000137823F00C0374E7294A537823F003039F
:10C240007BE727490B78C3F3800282F00102D2B268
:10C2500062F3820362F3C3030B7063E720494B78F8
:10C26000DA4302F0010262F3000362F341034B7010
:10C2700058E71B490B78C3F3801282F0010262F386
:10C280008613E9E7FAF752F815490B78C3F3C012A1
:10C2900082F0010262F3C713DEE70120FAF785FDA1
:10C2A00040E70020FAE70E490B78C3F3001282F052
:10C2B000010262F30413CFE709490B78C3F30002CC
:10C2C00082F0010262F30003C6E705494B78C3F32D
:10C2D000C00282F0010262F3C303C8E7012027E72E
:10C2E000C849002000EB4003C3EB031300EB8300BD
:10C2F00003B2002B07DAB3F1800001D503F17F0010
:10C3000040F30720704703F18000F9E7164B1B78D4
:10C31000D90707D5154B187840007F281FD800B3E0
:10C32000C0B270479A0703D5104B18788000F4E725
:10C330005B0703D50D4B1878C000EEE70C4B1B785C
:10C340005BB10C4A0949127808789342F4D25843F9
:10C35000C000B0FBF2F080B2DFE70820E0E77F200A
:10C3600070470120704700BF0C370020F00E0020FE
:10C370000D370020F10E0020144B1B78D90705D58E
:10C38000134B18788008F8B1C0B270479A0703D5EC
:10C390000F4B18784008F6E75B0705D50C4B18786B
:10C3A0007F28F0D97F2070470A4B1B7853B10A4A87
:10C3B000074912780878934236BF584380B2B0FBE1
:10C3C000F2F0EDE70120DFE7012070470C37002095
:10C3D000F40E00200E370020F50E0020CD2808B501
:10C3E00005D1FFF793FF4042294BD87008BDCE28F6
:10C3F00002D1FFF78BFFF7E7CF2805D1FFF786FFC4
:10C400004042234B9870F1E7D02802D1FFF77EFF1E
:10C41000F7E7D92804D1FFF7AFFF1D4B1871E5E707
:10C42000DA2803D1FFF7A8FF4042F6E7DB2805D161
:10C43000FFF7A2FF4042164B5871D7E7DC2802D124
:10C44000FFF79AFFF7E700F12F03DBB2072B08D8BD
:10C4500001230F4AD13803FA00F053781843507083
:10C46000C4E7DD2805D10B4A137843F001031370AC
:10C47000BCE7DE2804D1074A137843F00203F6E74D
:10C48000DF28B3D1034A137843F00403EFE700BF7A
:10C49000063700200C370020364BCD2893F90220B8
:10C4A0000AD193F9031000290CDA0021D97052B98E
:10C4B0000021314A117006E0CE280DD193F9031006
:10C4C0000029F2DC72B11A795B7913435AB2002B5E
:10C4D0004FD12A4B1A707047CF2806D1002AF1DAC3
:10C4E00000229A7093F90320E1E7D02802D1002AB4
:10C4F000F6DCE7E7D92893F9041004D10029E1DD3F
:10C5000000211971DEE7DA2802D10029DADAF7E72B
:10C51000DB2893F9051004D10029D3DA00215971E1
:10C52000D0E7DC2802D10029F8DCCBE700F12F01AD
:10C53000C9B2072907D80121D1388140587820EAAB
:10C5400001005870BEE7DD2805D10D48017821F0C3
:10C5500001010170B6E7DE2804D10948017821F015
:10C560000201F6E7DF28ADD10548017821F004018A
:10C57000EFE77047063700200D3700200E37002008
:10C580000C37002008B501F075F8094BDA78997876
:10C590000A431CBF074A10801A795B7913431CBFFA
:10C5A000054B18800248BDE8084000F0DFBD00BF21
:10C5B000063700200237002004370020062208B585
:10C5C00000210548F4F7D8F80023044A1370044A00
:10C5D0001370044A137008BD063700200D37002081
:10C5E0000E3700200C37002090F902305BB990F92B
:10C5F000033043B990F904302BB990F905000038A5
:10C6000018BF0120704701207047000037B5594C12
:10C61000062221466846F3F7BDFF00239DF802205D
:10C62000A370E370237163719DF8033013430AD044
:10C63000514B188800F096FF50490B783BB3504A95
:10C64000127890422CDC9DF804209DF805301343AD
:10C650000BD04C4B188800F085FF4B490B78002B12
:10C660004ED04A4A1278904253DC6946414800F065
:10C67000B3FE18B93F48FFF7B7FF08B1FFF782FFD5
:10C68000062269463B48F3F785FF03B030BD0A2513
:10C690003F4A12786A439042D5DD01330B7001E0C6
:10C6A000FF2BFAD19DF902503DB1FFF72FFE002D6F
:10C6B000CCBF0123FF235843A0709DF903503DB127
:10C6C000FFF724FE002DCCBF0123FF235843E07069
:10C6D00094F902000028B6D094F90320002AB2D0C1
:10C6E000FFF700FE30B1A0701046FFF7FBFD20B150
:10C6F000E070A8E70123A370F6E70123E370A2E747
:10C700000A25244A12786A439042AEDD01330B7049
:10C7100001E0FF2BFAD19DF904503DB1FFF72CFE4B
:10C72000002DCCBF0123FF23584320719DF90550F4
:10C730003DB1FFF721FE002DCCBF0123FF2358435D
:10C74000607194F9040000288FD094F90520002A24
:10C750008BD0FFF7C7FD30B120711046FFF7C2FD47
:10C7600020B1607181E701232371F6E70123637132
:10C770007BE700BF06370020023700200D3700207E
:10C78000EF0E0020043700200E370020F30E0020AB
:10C79000EE0E0020F20E00204B4B4C4A2DE9F041EA
:10C7A00013F80080C308D55C494A00F00700D65C46
:10C7B000484A0541D75C064115F0010547FA00F0EB
:10C7C0000C4606F0010600F0010711D0E120F9F750
:10C7D000C7FA002C6AD040484FF47A72A4FB0003D9
:10C7E0000021002300F2E730F3F700FD02F035FBF3
:10C7F0008EB1E620F9F7B4FA002C59D036484FF440
:10C800007A72A4FB00030021002300F2E730F3F763
:10C81000EDFC02F022FB21464046F9F723FB002CF9
:10C8200048D02D484FF47A72A4FB00030021002366
:10C8300000F2E730F3F7DAFC02F00FFB86B1E620F6
:10C84000F9F7D6FAC4B324484FF47A72A4FB000374
:10C850000021002300F2E730F3F7C8FC02F0FDFAF4
:10C8600085B1E120F9F7C4FA44B31B484FF47A725A
:10C87000A4FB00030021002300F2E730F3F7B6FC2D
:10C8800002F0EBFAF7B12C20F9F70AFBC4B1124819
:10C890004FF47A72A4FB00040023002100F2E73079
:10C8A000F3F7A4FCBDE8F04102F0D7BA01209DE700
:10C8B0000120AEE70120BFE70120CFE70120DFE73D
:10C8C0000120EFE7BDE8F081101A0108901A010875
:10C8D000F0190108001A0108A08601002DE9F84F9F
:10C8E000304C0546A2FB04030E46174600234FF4C6
:10C8F0007A72002100F2E730F3F778FCA046814617
:10C900003046A84788B1012847D13046A8470128BA
:10C9100004460CD13046A847F9F7C2FA002F3AD0A6
:10C92000484602F09AFA002CEAD1BDE8F88F0228B6
:10C9300004D13046A847F9F713FAEFE7032804D1EA
:10C940003046A847F9F754FAE8E70428E6D130461C
:10C95000A8474FF0000B04464FF00A0A124BE15C67
:10C9600011F004010ED1BBF1000F12D040F2E730FC
:10C970004FF47A720023CBFB0801F3F737FC02F087
:10C980006CFACBE73046A847303C0AFB0B4B044619
:10C99000E4E70120F3E70120C3E73946FFF7FCFE97
:10C9A000AEE700BFA0860100E5110108F8B5144606
:10C9B00042791D469DF81870284B92B11C7000F00A
:10C9C00059FE274B188004F12003DBB2072B44D813
:10C9D000012004F00704A040C0B2BDE8F840F9F718
:10C9E00067BA1E78A6422ED11D4B188800F0BAFDFA
:10C9F000C72828D8AE4205F1200415D006F120033F
:10CA0000DBB2072B06D8012006F00706B040C0B203
:10CA1000F9F757FAE3B2072B06D8012005F0070310
:10CA20009840C0B2F9F744FA3846E4B2F9F738FA58
:10CA3000072C12D8012005F00705A840C0B2BDE8B8
:10CA4000F840F9F73EBA04F12003DBB2072B04D813
:10CA5000012004F00704A040F0E7F8BD0F370020E4
:10CA6000103700200346A3F5F843183B07B50846E6
:10CA7000062B3BD8DFE803F0171E0410252C3300EB
:10CA800026230093E12347F61A411A46FFF78EFF4B
:10CA9000002003B05DF804FB27230093E52347F64D
:10CAA0001B411A46F2E72623E022009347F618417D
:10CAB000E123EBE72723E422009347F61941E5231E
:10CAC000E4E72623E222009347F61C41E123DDE759
:10CAD0002723E622009347F61D41E523D6E72823C6
:10CAE000E522009347F61E410123CFE7487918B1AC
:10CAF0000022024B1A70CCE70120CAE70F37002052
:10CB000047F67743984270B506D047F67843984287
:10CB100029D00124204670BD4C7994B100F02CF846
:10CB2000F9F78AFC00F028F8044600F02BF80546D7
:10CB300000F02EF8294602462046F9F78BFD002426
:10CB4000E8E700F019F8F9F783FC00F015F805465E
:10CB500000F018F8064600F01BF831460246284659
:10CB6000F9F778FDD6E74C7914B100F00BF8D7E768
:10CB700000F008F8E7E70000014B1878704700BFA5
:10CB8000F70E0020014B1878704700BFF80E002008
:10CB9000014B1878704700BFF60E002007B50DF165
:10CBA00007020DF106010DF1050000F05CFA9DF899
:10CBB0000530262B0BD19DF80630102B07D19DF8A0
:10CBC0000700431E5842584103B05DF804FB0020A3
:10CBD000FAE720B101221021262000F05BBAFF22E3
:10CBE00011461046F9E77047704710B50446FFF745
:10CBF000FBFF2046BDE8104000F066BA08B500F023
:10CC000031FA0020FFF7E5FF0020FFF7EEFFFFF706
:10CC10009CF8FFF7F7F8BDE8084001221021262014
:10CC200000F038BA08B5FFF7DEFF00F047FAFFF76B
:10CC3000DBFFFFF7B3FF18B9BDE80840FFF7DEBF21
:10CC400008BDFEF74BBB08B50346487940B1A3F5D4
:10CC5000EE427F2A03D8D8B2FFF7DCF8002008BDE7
:10CC60000120FCE7212305482021037000234370A5
:10CC70001D2383700423C370F6F7F0B8094B00201E
:10CC80002223054820210370012343700023837071
:10CC90000623C370F6F7E2B8094B002023230448AB
:10CCA00020210370002343708370C370F6F7D6B859
:10CCB000094B0020F8B547788678BB19442B07DD6F
:10CCC000FD230F4843702021BDE8F840F6F7C6B8B1
:10CCD000092E07D80025C41CEBB29E4204F10304C0
:10CCE00003D8F8BDFE230648ECE7781914F8013C98
:10CCF00014F8022C14F8031CFCF794FC0135EBE744
:10CD0000094B002008B50020FEF744FBFEF706FBA8
:10CD1000FEF7EAFABDE808403320FEF73BBB00000F
:10CD2000272303482021037044234370F6F796B865
:10CD3000094B00202823034820210370022343705D
:10CD4000F6F78CB8094B0020FF23037070470020D2
:10CD5000704710B503780446013B032B0BD8DFE87E
:10CD600003F0020B1215FEF7A1FB9623C0EB002087
:10CD7000B0FBF3F0607010BDFEF7E8FA0028F9D0C0
:10CD8000FEF72AFBF6E7FEF717FCF3E7FEF782FB58
:10CD90006070FEF785FBA070EDE738B503780446B8
:10CDA000013B032B2CD8DFE803F002111E23FEF712
:10CDB00071FB0546FEF774FB9723627801465A43E0
:10CDC000A8B2120ABDE83840FEF746BB43781BB94B
:10CDD000BDE83840FEF7A2BAFEF786FA6078BDE8F3
:10CDE0003840FEF7D7BA4078BDE83840FEF7D4BBEC
:10CDF00045788478FEF75AFB214602462846E1E74B
:10CE000038BD034610F8022B082A05D0092A05D0A0
:10CE1000072A05D1FFF7C1BFFFF79BBFFCF7BEBBD9
:10CE2000FF221A70704708B54378032B03D1BDE881
:10CE30000840FFF7E6BFFFF787FF08BD70B504465F
:10CE40000D46FFF784FF002840F00B812378013B5B
:10CE5000272B00F28380DFE813F028004B007C00D2
:10CE600096009C00A800AB00AB00AB0081008100E5
:10CE7000B000B400BA00C500D000D300D600E10075
:10CE8000EC00F500810081008100810081008100BB
:10CE9000810081008100810081003200350038006E
:10CEA0003B003F00420045004800002363700D2313
:10CEB000A37029462046BDE87040F5F7CFBFFFF7C5
:10CEC000D1FEF6E7FFF7DCFEF3E7FFF7E7FEF0E75A
:10CED0002046FFF7EFFEECE7FFF714FFE9E7FEF768
:10CEE0005DFAE6E7FFF71CFFE3E7FFF723FFE0E764
:10CEF0006378013B052B31D8DFE803F0030D101FE9
:10CF0000302500F081FB030EA370030CE370030ACD
:10CF100023716071CDE700F0D1F8F4E700232246D9
:10CF20001946A678F0180B28C3D801330E2BD17000
:10CF3000117102F10202F5D1BBE70023A370E37087
:10CF400023716371B5E70023A370E3702371082395
:10CF5000F7E76378022B04D0052B10D0FF23237052
:10CF6000A7E7E378A07840EA0320237940EA03406A
:10CF7000637940EA036000BAFFF737FE99E7A078CB
:10CF8000FFF75FFE95E7E278A1786078FEF7D5FEBF
:10CF9000BDE762792379A17843EA02235BBAE2789C
:10CFA00060789BB2FEF7CBFE83E7FEF7CEFE80E70C
:10CFB00029462046FFF737FF7BE7FEF718FF607032
:10CFC00077E7FEF716FF030A6370A07071E76078D9
:10CFD000A378E17840EA032040BA221D80B2FEF730
:10CFE0000DFF66E76078A378E17840EA032040BA55
:10CFF000221D80B2FEF704FF5BE7FEF703FF58E750
:10D00000FEF799FEDBE76078A378E17840EA032039
:10D0100040BA221D80B2FEF7D2FE4AE76078A378BC
:10D02000E17840EA032040BA221D80B2FEF7C9FE33
:10D030003FE7E278A178003A18BF01226078FEF756
:10D0400080FE64E762792379A17843EA0223E278DB
:10D050005BBA003A18BF012260789BB2FEF773FEFC
:10D0600027E770BD704770B50D461446064620B1DF
:10D0700040F29930FBF76EF8307025B140F29A30EB
:10D08000FBF768F8287024B140F29B30FBF762F898
:10D09000207070BD38B50D461446014640F29930F7
:10D0A000FBF7C0F8294640F29A30FBF7BBF821465F
:10D0B000BDE8384040F29B30FBF7B4B808B54FF4F8
:10D0C0006770FBF747F808BDC1B24FF46770FBF714
:10D0D000A9B80000014B1860704700BF143700204A
:10D0E000014B1868704700BF143700207047704725
:10D0F00008B500F0F1F9431E5842584108BD000040
:10D10000014B1870704700BF1C37002010B5F8F7AE
:10D1100023FC10B9064B187810BD064B1868002880
:10D12000FAD000680028F7D0BDE81040004700BFE3
:10D130001C3700201437002008B5FFF7E7FF08BDB3
:10D14000034B1B6813B15B6803B11847704700BFFE
:10D1500014370020044A126822B1926812B10621E5
:10D1600001701047704700BF14370020044A12684E
:10D1700022B1D26812B1022101701047704700BF7E
:10D18000143700200B4B07B51A8882420FD0188045
:10D19000094B1B685BB11B694BB103228DF805007D
:10D1A000000A8DF806008DF8042001A8984703B006
:10D1B0005DF804FB1A370020143700200C4B07B52C
:10D1C0001A88824210D018800A4B1B6863B11B6911
:10D1D00053B104228DF80500000A8DF806008DF881
:10D1E00004200DEB0200984703B05DF804FB00BF7C
:10D1F00018370020143700200E4B10B51C6802347D
:10D20000FFF776FF68B10C4B93F90030002B08DA7A
:10D210000A4B1C681E230234002023449C4202D186
:10D2200010BD0623F8E714F8012B002AF6D00130D0
:10D23000C0B2F3E7D40D0020C8490020D80D00206B
:10D2400010B5044618B3FFF753FFB0B1124B93F972
:10D250000030002B11DAEF2C4FEAD40217D80F4B15
:10D2600004F007041B6813449A78012303FA04F4BA
:10D27000224214BF1846002010BD094B1B689A1C9F
:10D28000083312F8011BA14203D09A42F9D10020C1
:10D29000F2E70120F0E700BFC8490020D80D0020C8
:10D2A000D40D00204FF0FF32002330B5841C14F859
:10D2B000015B8D420ED0B2F1FF3F02D1002D08BFBD
:10D2C0001A460133DDB2062D5BB2F0D1531C01D0FA
:10D2D0001044817030BD002210B5831C083013F853
:10D2E000014B8C4208BF03F8012C8342F7D110BDDB
:10D2F000EF294FEAD10308D81844012301F00701B0
:10D3000003FA01F18378194381707047EF294FEADE
:10D31000D10308D81844012301F007018B4081781C
:10D3200021EA03018170704710B50446FFF7E0FE63
:10D33000214650B1084B93F90030002B05DABDE8C7
:10D340001040064B1868FFF7D3BF054BBDE81040EF
:10D350001868FFF7A7BF00BFC8490020D80D0020FC
:10D36000D40D002010B50446FFF7C2FE214650B18F
:10D37000084B93F90030002B05DABDE81040064B4E
:10D380001868FFF7C3BF054BBDE810401868FFF7EA
:10D39000A2BF00BFC8490020D80D0020D40D002036
:10D3A00008B5FFF7A5FE68B1084B93F90030002BD4
:10D3B00008DA1E22064B18680021BDE8084002303A
:10D3C000F3F7DAB9034B06221868F5E7C8490020DD
:10D3D000D80D0020D40D002042784B789A421DD100
:10D3E00090F902301BB191F902209A4216D190F9BE
:10D3F00003301BB191F903209A420FD190F9053007
:10D400001BB191F905209A4208D190F9040030B17E
:10D4100091F90430181A18BF012070470120704795
:10D4200082B002B0704707B50190FFF7F9FF03B073
:10D430005DF804FB07B500284FF0040214BF022377
:10D44000012306490DEB0200CB70F3F7A3F8019816
:10D45000FFF7E9FF03B05DF804FB00BFF90E002001
:10D4600007B50422032306490DEB0200CB70F3F746
:10D4700091F80198FFF7D7FF03B05DF804FB00BFF8
:10D48000F90E0020FFF7D6BF07B504220123064995
:10D490000DEB0200CB70F3F77DF80198FFF7C3FFA7
:10D4A00003B05DF804FB00BFF90E0020FFF7ECBFEE
:10D4B00007B5003818BF01200422064988700DEB1B
:10D4C0000200F3F767F80198FFF7ADFF03B05DF8CE
:10D4D00004FB00BFF90E0020014B9878704700BF95
:10D4E000F90E002007B50422054948700DEB020033
:10D4F000F3F750F80198FFF796FF03B05DF804FBCF
:10D50000F90E0020014B5878704700BFF90E00203B
:10D5100007B50422054908700DEB0200F3F73AF84D
:10D520000198FFF780FF03B05DF804FBF90E0020BF
:10D53000044B33F8102001238B401A4214BF012002
:10D54000002070471E37002042B90123044A8B4057
:10D5500032F8101021EA030122F81010704700BFC2
:10D560001E37002010B5044600F084F8001B80B27E
:10D5700010BD10B5044600F047F8001B10BD10B5F3
:10D58000044610220021F3F7F7F8204610BD08B535
:10D5900001F0D8FDBDE8084001F058BA08B5F8F729
:10D5A00050FBBDE8084040F2A46001F056BC08B54D
:10D5B000F9F7AAFAF9F7BEFAFFF7F2FEFEF7FEFF57
:10D5C0000020FFF7DFFD0020FFF7F8FDBDE8084071
:10D5D000F8F745BB302383F31188064BDA69064B15
:10D5E0001A600023054A1360054A136083F311880B
:10D5F000704700BF484B00204037002038370020DC
:10D600003C370020FFF7E6BF70B501F045FA124D38
:10D61000124B1349DC692B680A68E41AA242114ACA
:10D620000AD9A3F58333E03B2B6015680E4B04F554
:10D6300083342B44E034136016680C604FF47A7521
:10D6400001F033FA002109480023E4FB0501084AF0
:10D65000F2F7CCFD304470BD40370020484B00202D
:10D66000383700203C37002088598F029F86010000
:10D67000A086010008B5FFF7C7FF80B208BD000013
:10D68000BFF34F8F0549064BCA6802F4E0621343AB
:10D69000CB60BFF34F8F00BFFDE700BF00ED00E0A0
:10D6A0000400FA0508B5024A024B1A60FFF7E8FFCA
:10D6B000EFBEADDEFC6F00200A4A08B552F8041C2C
:10D6C000094B99420CD1002342F8043C83F314889F
:10D6D000064B1A6882F3088862B65B689847FEE7D3
:10D6E00008BD00BF00700020EFBEADDE00E0FF1FF0
:10D6F00008B5FFF7C5FF000083B5284D284E00236D
:10D7000001210DF107008DF8073000F0FFF898B106
:10D710009DF807300F2B0FD802F0DCFB9DF8074077
:10D72000012184F010030DF107008DF8073000F09F
:10D73000C9F820B902F0D4FB00F09AF8DEE70C2318
:10D740006343E95CEA1861B90C236343E81887680E
:10D750007FB90C2303FB0454217999B902F0C0FB73
:10D76000CDE753883068184400F0BEF80028EBD1AC
:10D77000E0E7EA5C3168C38840880B440144104606
:10D78000B847E6E7E3883068184400F09BF80446A1
:10D7900002F0A6FB002CB2D1CEE700BF1C0E002089
:10D7A000AC18010807B500F0C9F80023FF22009368
:10D7B0004FF49A61034B044801F01CFB03B05DF881
:10D7C00004FB00BFF9D600084837002000F0C6B8B7
:10D7D00073B5044600F04CF8E0B20F288DF806004F
:10D7E0003FD802F077FB01210DF106009DF806609D
:10D7F00000F068F828B9002402F072FB204602B05D
:10D8000070BDFF2301210DF107008DF8073000F0F6
:10D810006BF804460028EED09DF806309DF80720EE
:10D8200083F010039A42E6D10C2373430E4DE95C5A
:10D83000EA1869B90C2303FB065529790029DBD0C6
:10D840000A4AEB881068184400F04EF80446D3E703
:10D850005388064A1068184400F034F80028E9D1CB
:10D86000C9E70024CAE700BF1C0E0020AC1801085D
:10D8700073B5302484F31188114D00262B685B6941
:10D88000003B18BF01238DF8073086F311889DF8FF
:10D8900007300BB902B070BD84F3118828680C30D2
:10D8A00001F036FE86F311889DF8073084F3118865
:10D8B0002B685B69003B18BF01238DF80730E4E754
:10D8C000080F002070B50646064B0C4618680A463D
:10D8D00003683146DD694FF4FA63A847031B5842D9
:10D8E000584170BD080F002070B50646064B0C4627
:10D8F00018680A46036831461D6A4FF4FA63A84760
:10D90000031B5842584170BD080F002038B5064B24
:10D910000C461B681A6895680A4601461846A847CF
:10D92000031B5842584138BD080F002008B5F6F7D0
:10D9300089F808BD08B5F6F785F808BD10B5054C9F
:10D940002046FFF7F7FF20680349BDE8104001F0CB
:10D9500023BF00BF080F0020000F002010B5054CAA
:10D960002046FFF7E3FF20680349BDE8104001F0BF
:10D9700013BF00BF080F0020000F0020184B10B588
:10D980001C785CBB012208211A701648224602F05E
:10D990002DFD22462021134802F028FD22461021A9
:10D9A000104802F023FD4FF47A7001F056FA41F668
:10D9B000822208210B4802F019FD40F28222202128
:10D9C000084802F013FD40F282221021054802F0BF
:10D9D0000DFD054801F02EFF044B1C7010BD00BF6B
:10D9E000183C002000040040E84E0020303C00209D
:10D9F00010B504461C4801F085FF1C48037823B18C
:10DA0000194801F082FF002010BD21684B1CF7D09F
:10DA1000E288002AF4D0164B92001A826279032A17
:10DA200005D8DFE802F0021A1D1F0022DA60012487
:10DA3000047021F00F0001F00F019960224604FAF2
:10DA400001F1586002F0D2FC0949074801F0E4FEF8
:10DA5000054801F0FDFE2046D6E74FF48002E5E7D9
:10DA60008022E3E7034AE1E7E84E0020303C002053
:10DA70001C3C0020800040001FB5ADF80A30012397
:10DA8000019001A88DF808108DF809200393FFF785
:10DA9000AFFF05B05DF804FB1FB501218DF807004D
:10DAA0000DF10F0304480DF1070201F0F8FE9DF897
:10DAB0000F0005B05DF804FBE84E0020002307B519
:10DAC000012106480DF107028DF8073001F009FF2A
:10DAD0009DF8070003B05DF804FB00BFE84E00208E
:10DAE00008B50246024801F0EBFE002008BD00BF69
:10DAF000E84E002008B50246024801F0F2FE002080
:10DB000008BD00BFE84E002010B5084C23783BB19B
:10DB1000074801F0ABFE064801F08CFE002323709D
:10DB20000348BDE8104001F0F0BE00BF303C0020CB
:10DB3000E84E00200E4B10B51A78BAB901220D4CF0
:10DB40001A70206040F282324FF480610A4802F07D
:10DB50004DFC4FF40061084840F2823202F046FC6E
:10DB60002146BDE81040054801F016BE10BD00BFBB
:10DB7000313C00200C0F002000080040304C0020F9
:10DB80004FF0FF3108B5024801F0E6FCC0B208BD15
:10DB90003C4C00200A464FF0FF330146014801F09B
:10DBA00080BD00BF604C002008B5034801F019FE9D
:10DBB00080F00100C0B208BD304C002070B590F874
:10DBC0004420044602F07F03212B51D112F0800F34
:10DBD00090F845301DD0022B17D0032B05D0012B18
:10DBE00017D1BDE8704000F065BD90F8483090F85E
:10DBF000495053EA05253BD1FFF76EFC334B2564B2
:10DC000018700120A363E06370BDBDE8704000F0B0
:10DC10008BBE0A2B23D00B2B12D0092B28D194F8C2
:10DC2000483094F8491043EA012323F00203FBB97A
:10DC3000274BA3630223E363264B01202364E3E71E
:10DC400094F8483094F8492053EA022303D194F819
:10DC50004600FFF72DFC0023A363E363EDE794F890
:10DC60004700FFF755FC2046BDE8704000F084BE39
:10DC700002F09F02812A18D194F84530062B14D166
:10DC800094F84920616894F848304D6843EA0223CB
:10DC9000204694F8472094F84610A84770B143688E
:10DCA000A3630368E3630023C7E703260A4DD5F89F
:10DCB0009C302BB9013E05F1A805F8D10020A3E75F
:10DCC000204698470028F5D09EE700BF3C3C002046
:10DCD000403C002021DD000878110020F8B50F4CF1
:10DCE0000022234643F8042F90F84B7090F84960C7
:10DCF00090F8465090F84A2090F8481090F8470065
:10DD000042EA072241EA062145EA002000F020FA13
:10DD100020606068002818BF2046F8BD343C002011
:10DD2000034693F84A2093F84B30074942EA03230D
:10DD3000022B087804D1012801D0062802D14878A6
:10DD4000FFF7D0BB704700BF403C002010B5064A2B
:10DD5000064C117824784B1C03F00F039C421EBF25
:10DD6000034C1370605410BD394B00203A4B002017
:10DD7000294B0020084608B5052935D8DFE801F011
:10DD8000203403202035302383F31188214800F00C
:10DD900016FB214800F013FB204800F010FB204840
:10DDA00000F01DFB002383F311881E4B1B7813B179
:10DDB0000520FFF7CBFF0220BDE80840FFF7C6BFF4
:10DDC000FFF7C4FF302383F31188124800F0D0FA24
:10DDD000114800F0CDFA114800F0CAFA104800F0DE
:10DDE000DBFA002383F3118808BD302383F3118805
:10DDF000084800F0DEFA084800F0DBFA074800F0B7
:10DE0000D8FA074800F0D8FA002383F311880520D8
:10DE1000D2E700BF7811002020120020C812002095
:10DE2000701300203D3C0020102208B5002104485A
:10DE3000F2F7A2FC0023034A1370034A137008BDD3
:10DE4000294B0020394B00203A4B002070B52A4D59
:10DE50002A4C002128782378294E984233D101B1E9
:10DE6000207070BD01222370264B1A70264B93F848
:10DE70004F10081E18BF0120FFF7F2FAE9E7002251
:10DE80002370204B1A70FFF792FB1F4B93F84F1033
:10DE9000081E18BF0120FFF7F5FADAE723701A4BC6
:10DEA00093F84F10081E18BF0120FFF7C3FAD0E700
:10DEB000002123700846F8E72370FFF7E5FA0120F8
:10DEC000FFF7F6FAC5E71A46B25C0133012103F009
:10DED0000F03052AC1D80FF2080C5CF822F000BF2E
:10DEE000B9DE00085BDE00089DDE0008B1DE000838
:10DEF00065DE00087FDE0008394B00203A4B002029
:10DF0000294B00203D3C0020504F002070B50546B5
:10DF1000184C204600F0A6F904F1A806204600F0AF
:10DF2000D1F9304600F09EF904F5A874304600F0AF
:10DF3000C9F9204600F096F920460F4C00F0C2F9CE
:10DF4000204600F0ABF9204600F0CCF9284602F05C
:10DF500017F9284601F016FD41F2883000F07DFFE8
:10DF60002846064901F0FBFC2846BDE8704002F057
:10DF7000E5B800BF7811002070130020A01A010836
:10DF80002DE9F04104461E4D02F0FAF8204601F05A
:10DF9000F9FC05F1A808284600F0B3F9194E05F57B
:10DFA000A877404600F0ADF9384600F0AAF93046AF
:10DFB00000F0CAF941F2883000F04FFF284600F027
:10DFC00051F9284600F07EF9404600F04BF94046F2
:10DFD00000F078F9384600F045F9384600F072F95B
:10DFE000304600F05BF9304600F07CF920460649E7
:10DFF00001F0B5FC2046BDE8F04102F09FB800BF3B
:10E000007811002070130020A01A010837B50023F2
:10E01000A825054C009305FB004042F2107300F068
:10E0200055FA03B030BD00BF7811002010B504468A
:10E03000FFF752FA2146BDE8104008220120FFF701
:10E04000E5BF014620220020FFF7E0BF014606227F
:10E050000020FFF7DBBF014603220020FFF7D6BFF9
:10E0600020290A4603D101460220FFF7CFBF70479F
:10E0700010B5084C88B0002320226946204600F0E5
:10E0800092FA08B908B010BD20216846FEF7D6FE06
:10E09000F1E700BF70130020FFF70EBB7047704719
:10E0A00008B5FFF7F9FF01F0BDFEFFF7F7FF08BD68
:10E0B00008B501F0D3FEFFF7F2FF08BDFFF7F6B990
:10E0C00008B5FFF7B1FE0448FFF720FFBDE80840A0
:10E0D00041F2883000F0C1BE504F00200148FEF7E9
:10E0E000F9BF00BF140F0020FFF7B0BE00F094BBD3
:10E0F00030B5144B85B01C7814BB012268461A70E9
:10E10000FFF73DFA2346104A104C04A901EB6301C6
:10E1100011F8100C02EB43010509655D00F00F00DA
:10E120008D700025205CCD70591C023302EB41013B
:10E13000202B8870CD70E8D14223137003235370D5
:10E1400005B030BD863C0020423C00207E1C01080A
:10E1500010B51C46030A032B0FD007D8012B30D073
:10E16000022B07D15B20184A226010BD212B19D049
:10E17000222B1ED000200246F6E7C0B20328F9D8B1
:10E18000DFE800F00205080B0420104AECE712203B
:10E190000F4AE9E710200F4AE6E7FFF7A9FF0E4A0A
:10E1A0001078E1E70229E5D80C4B092053F821202B
:10E1B000DAE70229DED80A4B53F82120094B585CD4
:10E1C000D2E71220084ACFE7CB1A01087C1B0108CE
:10E1D000801B0108941B0108423C0020B01A010872
:10E1E000BC1A0108C81A0108261B010813B5446BA4
:10E1F000D4F888201378042B13D1012394F88C10C1
:10E2000012898B4013420CD1204601A901F07AF803
:10E21000024630B1019B94F88C10D4F8880001F0CC
:10E220002DFC02B010BD10B5026F04461378042B0C
:10E2300013D1012390F8741052898B4013420CD1F2
:10E2400000F0B5FF024640B1E36994F87410206F06
:10E25000043BBDE8104001F0FFBB10BD406BFFF771
:10E26000E2BF00001FB500F15C03C36490F8843086
:10E2700013B100F170030365074B01210193D0F83E
:10E280009030D0F8982000930290D0F8943001F0AC
:10E2900016F805B05DF804FBEDE100081FB500F1CC
:10E2A0005C030365064B01210193836FD0F8802046
:10E2B00000930290C36F00F058FF05B05DF804FBB7
:10E2C0005DE20008302383F31188D0F8883090F89D
:10E2D0008C2003EB82039861002380F8A03083F345
:10E2E00011887047302383F3118890F87430026FDF
:10E2F000093342F82300002380F8843083F3118827
:10E30000704710B53023044683F3118890F88C20B1
:10E31000D0F88830053203EB820300225A600123D3
:10E320006FF00101037200F0D8FD204600F0DEFF1F
:10E33000D4F8A43013B1DA681868904700F0D0FC24
:10E34000002383F3118810BD10B53023044683F3F6
:10E35000118801236FF00101037200F0BEFD204619
:10E3600000F01AFF00F0BCFC002383F3118810BDFD
:10E37000012310B5044603726FF0010100F0ADFDFA
:10E38000204600F0B3FFD4F8A43023B1BDE810401C
:10E39000DA681868104710BD012310B504460372EF
:10E3A0006FF0010100F099FD2046BDE8104000F03B
:10E3B000F3BE00230372704700230372704710B549
:10E3C000044690F88C1000F13802D0F8880001F073
:10E3D00003FB204600F08AFF0023237210BD10B516
:10E3E000044600F0D9FE002320462372BDE8104009
:10E3F000FFF719BF00EB8103F7B59C6905460E4690
:10E4000084B3302383F311880023226984F8A03079
:10E4100063699A4201D1E368B3B905EB8603DB680F
:10E420005B691B6883B1D4F8A43053B101A92046BD
:10E4300000F068FFD4F8A43001469F68019A18687C
:10E44000B847204600F06CFF204601A900F05AFFB3
:10E45000024648B1019B3146284601F00FFB0023DC
:10E4600083F3118803B0F0BD05EB8603DB681A68FF
:10E47000022AF4D15A691268002AF0D01B8A013BA3
:10E480001340ECD105F14402E5E701F1090210B5B2
:10E4900050F82240CCB1302282F3118800EB810386
:10E4A000DB689B695B6853B1236F94F87420204646
:10E4B00003EB8203DB689B69596800F082FE20460B
:10E4C000FFF7B1FE002383F3118810BD2DE9F84F4B
:10E4D0001E4604460F46924630239DF8285083F38B
:10E4E0001188D0F888301B78042B05D0002585F3DF
:10E4F00011882846BDE8F88F90F8A03023B1013686
:10E500004FF0FF3618BF0026002383F311884FF029
:10E5100030094FF00108334652463946204600F094
:10E520003AFF82451CD989F3118894F8A0304FF046
:10E53000000B002808BF43F001036FF0010184F8CD
:10E54000A030204684F8088000F0C7FC204600F088
:10E55000CDFE84F808B000F0C3FB8BF31188DAE736
:10E56000002DC6D1204600F05BFF0125C1E7302316
:10E5700083F31188026943699A4210D1C36883B159
:10E580000123D0F8882090F88C1012898B40134218
:10E590000CBF01200020002383F311887047002066
:10E5A000F9E71846F7E738B514460546302282F3F6
:10E5B0001188026F1278042A03D0002080F311889A
:10E5C00038BD90F8842022B101334FF0FF3318BFDB
:10E5D0000023002282F311882246284600F02CFEF8
:10E5E000B0FA80F35B0985F88430231A5842584109
:10E5F000E6E70000006810B440B1054C8264E469AD
:10E60000083040F8044C10BCF1F7C4BF10BC704790
:10E61000484B00200168134631B18A6C03F10800B1
:10E620009A640831F1F7B6BF704710B50446006828
:10E6300040B1826C00210830F2F79EF80022236876
:10E640001A605A6010BD000010B40C78082C0BD86A
:10E6500050F8240040B1054C8264E469083040F869
:10E66000044C10BCF1F796BF10BC7047484B00201B
:10E670000829134609D850F8211031B18A6C03F1EA
:10E6800008009A640831F1F785BF704770B500261D
:10E69000051F00F1200455F8040F38B1826C0021E9
:10E6A0000830F2F769F82B681E605E60A542F2D16F
:10E6B00070BD000038B590F848300446022B1CD8D5
:10E6C00090F84610082918D80D4AD25C022A14D8AE
:10E6D000A8200C4B00FB0233D3F8A40060B10A4D14
:10E6E00043682A460068984705F10803A363AB6CAA
:10E6F0000120E3630023236438BD0020FCE700BF52
:10E700007411002078110020B83E0020036843B146
:10E710009100196003490B78002A18BF43F00103E8
:10E720000B707047043F0020006810B10068C0F310
:10E7300087007047036870B50BB9002070BD3023A7
:10E7400083F31188036800211C685B6881F31188DA
:10E75000002CF2D04FF47A76074A0848D569084A67
:10E76000ED1AE5FB06010023F1F740FD84428CBF62
:10E7700000200120E2E700BF484B00209F860100F7
:10E78000A08601004B1E072B0BD850F8213043B157
:10E790009100196003490B78002A18BF43F0010368
:10E7A0000B707047043F0020082906D850F821005C
:10E7B00020B10068C0F38700704700207047000058
:10E7C000082970B501D9002070BD50F82130002B08
:10E7D000F9D0302383F3118850F8213000211C68D0
:10E7E0005B6881F31188002CEDD04FF47A76074AEC
:10E7F0000748D569074AED1AE5FB06010023F1F742
:10E80000F5FC84428CBF00200120DDE7484B00204E
:10E810009F860100A0860100404B2DE9F74F1B7831
:10E82000002B47D000242546DFF8F4803D4E08F148
:10E83000080AD6F8A4B0BBF1000F34D0002C3CD1AC
:10E840000127302383F31188F9B2DBF81430DBF8A9
:10E850000000019198474FF00009002818BF45F0CB
:10E86000010589F311882F48FFF781FEC0B1DBF85D
:10E8700018300199DBF80000984788B1302383F302
:10E880001188274ADBF804300199DBF8000098472B
:10E8900089F3118851464846D8F84820FFF7B6FB5F
:10E8A0000137092FCDD10134032C06F1A806C0D1C0
:10E8B0001A4B1D7003B0BDE8F08F302787F3118825
:10E8C0000021DBF81430DBF8000098474FF0000916
:10E8D000002818BF45F0010589F311883046FFF77D
:10E8E00046FE0028DFD04946DBF81830DBF8000090
:10E8F00098470028D7D087F31188094A4946DBF8A2
:10E900000430DBF80000984789F311885146D8F8A5
:10E910004820E0B2FFF77AFBC5E700BF043F0020C4
:10E920006C3E00207811002010B590F84830044665
:10E93000022B19D890F84610082915D80B4AD25C3A
:10E94000022A11D8A8200A4B00FB0233D3F8A400F6
:10E9500048B1436900689847064B1870A3630120CB
:10E960000023E063236410BD0020FCE77411002045
:10E9700078110020683E002010B590F84830044619
:10E98000022B19D890F84610082915D80B4AD25CEA
:10E99000022A11D8A8200A4B00FB0233D3F8A400A6
:10E9A00048B1036994F84720006898470023012084
:10E9B000A363E363236410BD0020FCE7741100200F
:10E9C0007811002010B5044C204601F0D9FB2046F8
:10E9D000BDE8104000F0D6BF504F0020024B187821
:10E9E000031F584258417047504F002070477047EE
:10E9F000FEE7000070B50825134C606823680146E7
:10EA0000A268043B8A4219D8D31C1B1AC11E23F0EA
:10EA100003038A4238BF00231844E368C11EDA1C8E
:10EA2000121A22F00302994288BF00220021F1F756
:10EA3000A3FE013D04F11004DFD170BD53F8046F53
:10EA400041F8046BDEE700BF901C010838B50123D4
:10EA50000025074C2370656000F044FB054906481B
:10EA600000F04CF90223237085F3118838BD00BFF4
:10EA7000404B0020141D0108484B002072B60322B1
:10EA8000024BD865024B1A70FEE700BF484B0020CE
:10EA9000404B002000F054B8EFF3118020B9EFF3A1
:10EAA0000583302282F31188704710B530B9EFF337
:10EAB0000584C4F3080414B180F3118810BD00F07C
:10EAC0000FF984F31188F9E7034A516853685B1A18
:10EAD0009842FBD8704700BF001000E010B50A4C08
:10EAE00023699A6891420CD85A6881600360426039
:10EAF00010609A685860511A99604FF0FF33A36113
:10EB000010BD1B68891AECE7484B00200361002305
:10EB100010B410BCC2604361FFF7E0BF03688168B6
:10EB20009A680A449A60426813605A6000234FF062
:10EB3000FF320360014B9A61704700BF484B0020D1
:10EB400070B5124D2A46EB690133EB6152F8103F64
:10EB5000934206D030269A68013A9A602C69A368DD
:10EB600003B170BD226861680A605160236083F35D
:10EB700011882046E3682169984786F31188616906
:10EB80000029EBD02046FFF7A9FFE7E7484B00201C
:10EB900000238268037503691B6899689142FBD260
:10EBA0005A680360426010605860704700238268B2
:10EBB000037503691B6899689142FBD85A68036022
:10EBC000426010605860704708B50846302383F3F0
:10EBD00011880A7D0023052A06D8DFE802F00B051C
:10EBE0000503120E826913604FF0FF338361FFF754
:10EBF000CFFF002383F3118808BD82699368013336
:10EC000093604268036813605A60EDE7FFF7C0BF86
:10EC1000054BD96808751868026853601A600122AC
:10EC20000275D860F1F7CCBA484B002030B50C4BD8
:10EC30000446DD684B1C87B00FD02B466846094A56
:10EC4000FFF764FF2046FFF7E3FF009B13B1684620
:10EC5000FFF764FFA86907B030BDFFF7D9FFF9E7F8
:10EC6000484B0020C9EB000838B50C4D8161EB68BA
:10EC700081689A680446914203D8BDE83840FFF79E
:10EC800087BF1846FFF792FF0123014623752046F0
:10EC9000EC60BDE83840F1F793BA00BF484B002064
:10ECA000044B1A68DB6890689B68984294BF002008
:10ECB00001207047484B0020084B10B51C68D868ED
:10ECC000226853601A6001222275DC60FFF76EFF34
:10ECD00001462046BDE81040F1F772BA484B0020CB
:10ECE000044B1A68DB6892689B689A4201D9FFF767
:10ECF000E3BF7047484B002030BFFDE770B50025EB
:10ED000004461A4B86B05860856201630E4600F0D7
:10ED1000A3F904F11003236163614FF0FF33A36192
:10ED2000134BE561D9692B460A462046C4E90823FE
:10ED300004F1340180230F4A24606460A560E56219
:10ED4000E56500F01DF801230B4AE06003750092B1
:10ED5000726868460192B268CDE90223074BCDE99B
:10ED6000043500F03FF806B070BD00BF404B0020F6
:10ED7000484B0020201D0108251D0108F9EC000862
:10ED800002228B604B62002308618A8208460B6274
:10ED9000CB6170478368C168A3F14C0243F81C2C17
:10EDA000026943F84C2C42690C4843F8482C0C4A41
:10EDB00043F8180C43F82C2C022203F8142C0022E0
:10EDC00043F8201C03F8132C43F8041C43F8082CC8
:10EDD00043F80C2CA3F12800704700BF484B0020DB
:10EDE000D101000808B5FFF7D5FFBDE80840FFF7DF
:10EDF0000DBF000038B5302484F311882839441839
:10EE000044F8243C049B002544F8203C0A4BA4F120
:10EE1000240144F8043C0223A382084BE16020460D
:10EE20002946A260236162622562E561FFF71CFF4B
:10EE300085F31188204638BDD1010008484B0020D9
:10EE4000024BDB6898610F20FFF7E2BE484B0020C1
:10EE5000302383F31188FFF7F3BF08B50146302351
:10EE600083F311880820FFF7E1FE002383F3118864
:10EE700008BD0000054BDB6821B1036098610320E9
:10EE8000FFF7D4BE4FF0FF30704700BF484B002063
:10EE90000346006820B100221A608161FFF7B6BE08
:10EEA00070470000064BDB6839B1426818605A6051
:10EEB000136043600420FFF7B9BE4FF0FF30704786
:10EEC000484B002003460068834205D002681A6060
:10EED00053608161FFF79ABE704738B504460D460E
:10EEE0002068844200D138BD036823605C6085617E
:10EEF000FFF78CFEF4E7034610B51B68984203D079
:10EF00009C688A689442F8D25A680B604A60116023
:10EF1000596010BD002300604060836070470000AE
:10EF200038B58168164B0446DD6891B92B6A856057
:10EF3000C360286238BD8B600B7D7BB1062B14D17A
:10EF40000B684A68886913605A60FFF7D4FF8B69C1
:10EF50009968AB688A689A42EDD306E04A680B6804
:10EF6000084613605A60FFF751FE20462946FFF716
:10EF7000C2FFAC610620BDE83840FFF749BE00BFC4
:10EF8000484B002008B5302383F31188FFF7C8FFF2
:10EF9000002383F3118808BD154A0346D16810B5D4
:10EFA000302282F31188C26800680A6298421BD03E
:10EFB000486A82B98860186802681A605360026AF9
:10EFC0009860DA600362FFF721FEFFF789FE0023F5
:10EFD00083F3118810BD1468A24203D0A468A04234
:10EFE00038BF2046D268E4E700238360EFE700BF24
:10EFF000484B0020C3691943037DC1610A2B03D12B
:10F000008369194205D170470B2B06D183698B4365
:10F0100003D100238361FFF7F9BD704770B5064641
:10F020000D460468B44200D170BDE3682B43E36031
:10F0300015B123691D4203D0A1686068FFF7DAFFAC
:10F040002468EFE7EFF30983203383F30988002373
:10F0500083F3118870470000302080F3118862B676
:10F060000C4B0D4AD96821F4E0610904090C0A43EC
:10F07000DA60D3F8FC20094942F08072C3F8FC2022
:10F080000A6842F001020A602022DA7783F822003F
:10F09000704700BF00ED00E00003FA05001000E03B
:10F0A000302310B583F311880B4B5B6813F40063B6
:10F0B0000FD0EFF309844FF08073203CE36184F3B9
:10F0C0000988FFF7EDFD10B1044BA36110BD044B9F
:10F0D000FBE783F31188F9E700ED00E0E3010008A6
:10F0E000E6010008024B034A1A60034A5A6070475F
:10F0F000A84B0020A84F002000700020F0B50B4D59
:10F100000446D5E90067BB1B9A420CD8731E0B441A
:10F110001A44494202EA01000444A74203D3A6422A
:10F1200001D82C60F0BD0020FCE700BFA84B0020F8
:10F1300008B5302383F31188FFF7E0FF002383F342
:10F14000118808BD08B500F043FF01F041F900F057
:10F1500000FB00F055FB00F0F4FBFEF7A9FFBDE853
:10F16000084000F000B801F09BB90172002130B5F1
:10F17000039C043303FB0425C361049B0060036309
:10F18000059B4060C1604261026185610462426228
:10F190008162C162436330BD0022416AC260416145
:10F1A000016182626FF00101C262FFF796BE0369DE
:10F1B0004269934201D1C2680AB9181D7047002004
:10F1C000704703691960C26800210132C260C269D8
:10F1D000134482690361934224BF436A0361FFF7CA
:10F1E00071BE38B504460D46E3683BB16269002044
:10F1F000131D1268A3621344E36207E0237A33B954
:10F2000029462046FFF74EFE0028EDDA38BD6FF0A4
:10F210000100FBE7C368C269013BC3604369134453
:10F2200082694361934224BF436A4361002383623E
:10F23000036B03B1184770472DE9F84F04460E469B
:10F24000904699464FF0300A8AF311880025AB4664
:10F25000A76A4FB949462046FFF7C3FF20B187F39D
:10F2600011882846BDE8F88FE76AA16A7A1AA8EBE8
:10F270000507974228BF1746402F16D9304640222F
:10F28000F1F788F9A36A40364033A3624035A26A99
:10F29000E36A9A4202D32046FFF7BCFF8BF3118842
:10F2A0004545DED28AF31188D2E730463A46F1F777
:10F2B00071F9A36A3E443B44A3623D44E7E710B5BD
:10F2C000029C04330172C36103FB042100238362A7
:10F2D000C362039B00600363049B4060C46042619F
:10F2E0000261816104624262436310BD026A6FF091
:10F2F0000101C260426A4261026100228262C2620E
:10F30000FFF7EBBD034640691A69824201D1DB6811
:10F310001BB950F8043B0B60704700231846FAE70E
:10F32000C368C2690133C360436900211344826921
:10F330004361934224BF436A4361FFF7C3BD38B5BD
:10F3400004460D46E3683BB1236900201A1DA26202
:10F35000E2691344E36207E0237A33B92946204681
:10F36000FFF7A0FD0028EDDA38BD6FF00100FBE7E4
:10F3700003691960C268013AC260C26913448269B4
:10F380000361934224BF436A036100238362036BDA
:10F3900003B1184770472DE9F84F04460E469046D2
:10F3A00099464FF0300A8AF311880025AB46A76AC8
:10F3B0004FB949462046FFF7C2FF20B187F31188B5
:10F3C0002846BDE8F88FE76AA06A3A1AA8EB050755
:10F3D000974228BF1746402F18D931464022F1F7EF
:10F3E000D9F8A36A40364033A3624035A26AE36A83
:10F3F0009A4204D3E16920460439FFF7B9FF8BF341
:10F4000011884545DCD28AF31188D0E731463A4667
:10F41000F1F7C0F8A36A3E443B44A3623D44E5E7EC
:10F42000302208B582F31188816A29B10369043951
:10F43000C91A01D0FFF79CFF002383F3118808BD90
:10F44000F8B5154682680B46AA428169066938BF3D
:10F450008568761AB54204460BD218462A46F1F75B
:10F4600099F8A3692B44A361A36828465B1BA3609A
:10F47000F8BD0CD918463246F1F78CF8AF1B3A4666
:10F48000E1683044F1F786F8E3683B44EBE718465F
:10F490002A46F1F77FF8E368E5E72DE9F0410446F5
:10F4A000154683682769934238BF856840690E46D0
:10F4B0003F1ABD420BD22A46F1F76CF863692B4420
:10F4C0006361A36828465B1BA360BDE8F0810CD98B
:10F4D0003A46A5EB0708F1F75DF84246E068F119F6
:10F4E000F1F758F8E3684344EAE72A46F1F752F89F
:10F4F000E368E5E710B50024C361029BC160816148
:10F50000416111440060406084600161036210BD8C
:10F51000C2686FF001018261426100228260FFF7E0
:10F52000DCBC08B582694369934201D1826882B923
:10F530008268013282605A1C426119700369426913
:10F5400000219A4224BFC3684361FFF7BBFC00203F
:10F5500008BD4FF0FF30FBE770B5302304460D4681
:10F5600083F31188A668A6B1A368A269013BA360D2
:10F57000531CA36115782269934224BFE368A361F9
:10F58000E3690BB120469847002383F3118828468E
:10F5900007E029462046FFF785FC0028E2DA86F3DB
:10F5A000118870BD2DE9F74F04460E461746984660
:10F5B000D0F81C904FF0300A8AF311884FF0000BFE
:10F5C000154665B12A4631462046FFF739FF034606
:10F5D00060B941462046FFF765FC0028F1D00023C2
:10F5E00083F31188781B03B0BDE8F08FB9F1000FE9
:10F5F00003D001902046C847019B8BF31188ED1A78
:10F600001E448AF31188DCE7C361009BC1608161FD
:10F610004161114400604060826001610362704793
:10F62000F8B504460D461646302383F31188A768C3
:10F63000A7B1A368013BA36063695A1C62611D7096
:10F64000236962699A4224BFE3686361E3690BB18D
:10F6500020469847002080F3118807E03146204675
:10F66000FFF720FC0028E2DA87F31188F8BD8369F0
:10F67000426910B59A4201D182687AB98268002144
:10F68000013282605A1C82611C7803699A4224BF4D
:10F69000C3688361FFF716FC204610BD4FF0FF30B2
:10F6A000FBE72DE9F74F04460E4617469846D0F87B
:10F6B0001C904FF0300A8AF311884FF0000B15466A
:10F6C00065B12A4631462046FFF7E7FE034660B99A
:10F6D00041462046FFF7E6FB0028F1D0002383F3E4
:10F6E0001188781B03B0BDE8F08FB9F1000F03D08B
:10F6F00001902046C847019B8BF31188ED1A1E44E8
:10F700008AF31188DCE70C30FFF74CBF4FF0FF3372
:10F710000C30FFF747BF3030FFF7C3BF4FF0FF3368
:10F720003030FFF7BEBF0C30FFF716BF4FF0FF3190
:10F730000C30FFF711BF3030FFF772BF4FF0FF32D0
:10F740003030FFF76DBF012914BF6FF013000020A8
:10F75000704700F055BF000037B5154602460B460E
:10F760000C49044642F8041B4260012200F1540196
:10F770000272009080220C30FFF7BCFE2B468022E4
:10F78000009404F1D40104F13000FFF73DFF03B011
:10F7900030BD00BF2C1D010810B53023044683F393
:10F7A000118800F04DFF02230020237280F311889E
:10F7B00010BD38B5436904460D461BB90421084401
:10F7C000FFF72CFC294604F10C00FFF7AAFE0028E5
:10F7D00006DA201D4FF40061BDE83840FFF71EBC7B
:10F7E00038BD302383F311880023406983F31188E7
:10F7F000B0FA80F0400970474FF0FF31FFF73ABB95
:10F8000001F008B80123037000230C3040F8083CD5
:10F8100040F8043CFFF77EBB10B53023044683F369
:10F820001188416001F00CF802230020237080F35E
:10F83000118810BD10B53023044683F3118801F000
:10F8400073F8002301226360227083F3118810BDD6
:10F85000302383F31188436899685A684FF48033E2
:10F860008B409361002383F311887047302383F327
:10F870001188436899685A6801238B40936100237B
:10F8800083F31188704710B5302484F31188032462
:10F89000047001F08CF8002383F3118810BD38B593
:10F8A0000446302585F31188032504F8085B01F030
:10F8B00067F82046FFF7A0FF002383F3118838BDC7
:10F8C00010B53023044683F31188032304F8083B62
:10F8D00001F06DF82046FFF78FFF002383F31188B6
:10F8E00010BD10B53023044683F31188032304F8B8
:10F8F000083B01F074F82046FFF77EFF002383F3F6
:10F90000118810BD0C30FFF73DBB0C30FFF744BB36
:10F9100010B50446002101F01DFC0021204601F035
:10F920000BFC63681B6813B1062120469847A36847
:10F9300023F00113A3600023E363062384F834302B
:10F9400010BD01F06DBA012303700023C36183620F
:10F950000362C3624362036343608360704738B5E8
:10F960000446302383F3118800254160C56005619A
:10F970004561856101F05AFA0223237085F31188ED
:10F98000284638BD70B53023044683F3118801F052
:10F9900065FA254600260123666005F80C3B1C34F9
:10F9A00055F8043B7BB1586920B16FF001010C3070
:10F9B000FFF76EFA55F8043C986920B16FF0010129
:10F9C0000C30FFF765FAA54245F8046CE8D1FFF763
:10F9D00087F986F3118870BD70B500EB8103054689
:10F9E00050690E461446DA6018B114220021F0F76F
:10F9F000C3FEA06918B114220021F0F7BDFE314604
:10FA00002846BDE8704001F047BAF8B50446002723
:10FA1000836800F1100503F00113836000F11C06F8
:10FA200055F8043B7BB1586920B16FF001010C30EF
:10FA3000FFF72EFA55F8043C986920B16FF00101E8
:10FA40000C30FFF725FAB54245F8047CE8D1204692
:10FA5000BDE8F84001F0ACBAF0B4012500EB810438
:10FA6000E4684789A4698D403D43458123600023B4
:10FA7000A2606360E360F0BC01F00CBBF0B4012550
:10FA800000EB8104E468078964698D403D4305818A
:10FA900023600023A2606360E360F0BC01F01ABB46
:10FAA0002DE9F0410223002504464FF03008037091
:10FAB000C564C563856000F10C0600F11C0756F8AB
:10FAC000043BABB188F3118856F8043C586920B167
:10FAD0006FF001010C30FFF7DBF956F8043C986930
:10FAE00020B16FF001010C30FFF7D2F985F31188D6
:10FAF000BE4246F8045CE2D1204684F8345001F05E
:10FB000039FA63681B6823B12046BDE8F041002143
:10FB10001847BDE8F081F8B503780446052B29D0D5
:10FB200080F850300523037043681B680BB1042133
:10FB3000984700263027A66004F10C051C3455F8C0
:10FB4000043BABB187F3118855F8043C586920B1E8
:10FB50006FF001010C30FFF79BF955F8043C9869F0
:10FB600020B16FF001010C30FFF792F986F3118894
:10FB7000A542E4D1F8BD0178052906D190F85020BE
:10FB8000436802701B6803B11847704770B590F85E
:10FB9000343004463BB1836823F0011383600023B3
:10FBA000C36380F834300021204604F1440201F0A0
:10FBB00055FA63689B684BB994F8443013F06005BC
:10FBC0002BD02046BDE87040FFF7A2BE20469847E4
:10FBD0000028F1D094F84B2094F84A3043EA0223ED
:10FBE000E26B9A4288BFE36394F94430E16B002BE7
:10FBF00080F20281002900F0F780092384F8343074
:10FC0000302383F3118800212046E36BA26BFFF7BA
:10FC100035FF002383F3118870BD94F8452003F06D
:10FC20007F0343EA022340F20232934200F0C9808C
:10FC300021D8B3F5807F4CD00DD8012B43D0022BB7
:10FC400000F09780002BBCD104F14C02A263022289
:10FC5000E2632364BEE7B3F5817F00F09F80B3F5D4
:10FC6000407FAED194F84630012BAAD1B4F84C3085
:10FC700043F0020336E0B3F5006F51D01BD8B3F563
:10FC8000A06F35D0A3F5C063012B9AD894F8492012
:10FC9000616894F848304E6843EA0223204694F89D
:10FCA000462094F84710B04700288AD04368A363E1
:10FCB0000368E3631AE0B3F5106F36D040F60242F2
:10FCC00093427FF47EAF544BA3630223E36300238C
:10FCD000BFE794F84630012B7FF473AFB4F84C3093
:10FCE00023F00203A4F84C30A563E563256471E7B3
:10FCF000B4F84430B3F5A06F0ED194F846302046E6
:10FD000084F84E3001F0C0F863681B6813B101211C
:10FD100020469847032323700023A363E36398E7F7
:10FD200004F14F03A3630123C3E72378042B10D10D
:10FD3000302383F311882046FFF767FE85F311888F
:10FD40000321636884F84F5021701B680BB1204673
:10FD5000984794F84630002BDED084F84F300423C7
:10FD6000237063681B68002BD6D002212046984779
:10FD7000D2E794F8483020461D0603F00F010AD55B
:10FD800001F050F9012804D002287FF41AAF234B68
:10FD90009AE7234B98E701F029F9F3E794F8463006
:10FDA000002B7FF40EAF94F8483013F00F01B3D05E
:10FDB0001A06204602D501F0E5F9ADE701F0D6F9C3
:10FDC000AAE794F84630002B7FF4FBAE94F8483055
:10FDD00013F00F01A0D01B06204602D501F0BAF99E
:10FDE0009AE701F0A9F997E71423204684F8343004
:10FDF000BDE8704001F042B961B1152384F8343098
:10FE0000302383F3118800212046E36BA26BFFF7B8
:10FE100023FEFEE60B23E8E7581D0108541D0108E8
:10FE2000561D010808B500F0D5F80B4B9A6C42F04E
:10FE300020029A649A6C9A6C42F040029A649A6C1E
:10FE40009A6C42F080029A649A6C9A6C42F48072C6
:10FE50009A649B6C08BD00BF000C014070470020F5
:10FE60007047162303604FF0FF3070471846704705
:10FE70000020704708B51346002158221846F0F7B5
:10FE80007BFC4FF400524260002008BD0120704707
:10FE900010B50022044608460121FFF749F918B9B8
:10FEA0000C234FF0FF30236010BD000008B502485E
:10FEB000FEF7E4FDF0F732FB5A1D010808B50248D1
:10FEC000FEF7DCFDF0F72AFB5F1D010801207047FB
:10FED000704700000148FFF755B800BFF813002035
:10FEE0000148FFF759B800BFF813002001220901AB
:10FEF00000F1604303F56143C9B283F8001300F0D9
:10FF00001F039A4043099B0003F1604303F56143DB
:10FF1000C3F880211A607047012200F01F039A4045
:10FF200043099B0003F1604303F56143C3F880205C
:10FF3000C3F88021002300F1604000F5614080F8A3
:10FF400000337047090100F16040C9B200F56D400F
:10FF50000176704717498A68022A12D0032A26D0F0
:10FF6000154B1649012A08BF0B46124A926902F046
:10FF70007F02013252080132B3FBF2F3104A1360E0
:10FF80007047104A0B68526F49686FEA9212012954
:10FF90000CBF0A490C4902F0030203324A4303F042
:10FFA0001F0301335B080133B2FBF3F3DDE7074BBB
:10FFB000DBE700BF000C014000127A00006CDC029D
:10FFC00008140020000401400048E801001BB700AD
:10FFD000FFF7C0BF13B50C20032440F2BE71314BB4
:10FFE000314A9C62D862C2F8941000219962D962A9
:10FFF0009C62D8628020C3F81C0CD3F81C0CC3F898
:020000040801F1
:100000001C0C009101914FF40141C3F8481C4FF6BC
:10001000FC71A3F5744319630F2119600223136562
:1000200001234BF68031D364936D03F001030193F8
:10003000009B01330093019B13B9009B8B42F3D1CA
:10004000019B03B9FEE7194B19498024C3F800143A
:100050000021A3F5884399611C62196A0120196285
:1000600020215860196019681960196801431960E6
:1000700054679067D16F0329FCD102229A60012254
:100080000021DA60074A9162D1629A6C42F4004220
:100090009A649A6CDA6C42F40062DA64DB6C02B047
:1000A00010BD00BF000001400004014000500140AD
:1000B00013000003134B834223D1134B02201A6C0D
:1000C000124942F480721A641A6C42F002021A64F5
:1000D000D3F8882042F00202C3F88820D3F88820A1
:1000E00022F00202C3F8882001225A63DA6708640A
:1000F000DA6608225A615A695A615A6942F0010265
:100100005A617047504F0020000C0140004C0140E4
:10011000084B83420CD1084B5A6902F008025A611D
:1001200000225A61DA66DA671A6C22F002021A6457
:10013000704700BF504F0020000C01400F4A936CE5
:1001400043F4004343F0200393644FF080436FF483
:10015000C0521A634FF07072DA624FF020721A6068
:1001600000225A609A60DA604FF44C325A620122DF
:1001700003F5A0335A700722DA727047000C014071
:100180000E4A6FF48051936C43F4004343F0200314
:1001900093644FF080436FF4C0521A6300221A60D8
:1001A0009A60DA6019634FF0807119604FF48051E2
:1001B00059605A624FF080529A617047000C0140BA
:1001C00010B5074C6369DB0704D5064A13680BB109
:1001D0005068984701236361BDE81040FEF760BF97
:1001E00000180040B04B002010B5074C63699B0716
:1001F00004D5064A93680BB1D0689847022363611F
:10020000BDE81040FEF74CBF00180040B04B002086
:1002100010B5074C63695B0704D5064A13690BB137
:100220005069984704236361BDE81040FEF738BF6A
:1002300000180040B04B002010B5074C63691B0745
:1002400004D5064A93690BB1D069984708236361C6
:10025000BDE81040FEF724BF00180040B04B00205E
:1002600010B5074C6369DB0604D5064A136A0BB167
:10027000506A984710236361BDE81040FEF710BF35
:1002800000180040B04B0020164B10B55C69A30667
:1002900004D5154A936A0BB1D06A9847600604D515
:1002A000114A136B0BB1506B9847210604D50E4AC7
:1002B000936B0BB1D06B9847E20504D50A4A136CD7
:1002C0000BB1506C9847A30504D5074A936C0BB14A
:1002D000D06C9847BDE810404FF47872014B5A61DA
:1002E000FEF7DEBE00180040B04B00201A4B10B5E0
:1002F0005C69620504D5194A136D0BB1506D9847BE
:10030000230504D5154A936D0BB1D06D9847E004D1
:1003100004D5124A136E0BB1506E9847A10404D550
:100320000E4A936E0BB1D06E9847620404D50B4A07
:10033000136F0BB1506F9847230404D5074A936F8E
:100340000BB1D06F9847BDE810404FF47C42024B90
:100350005A61FEF7A5BE00BF00180040B04B002058
:10036000062108B50846FFF7C1FD06210720FFF763
:10037000BDFD06210820FFF7B9FD06210920FFF782
:10038000B5FD06210A20FFF7B1FD06211020FFF779
:10039000ADFDBDE8084006212120FFF7A7BD08B547
:1003A0000620FFF7B9FD0720FFF7B6FD0820FFF78D
:1003B000B3FD0920FFF7B0FD0A20FFF7ADFD1020C7
:1003C000FFF7AAFDBDE808402120FFF7A5BD00000A
:1003D00000231946044A0133102B1160516002F1C9
:1003E0000802F8D1704700BFB04B0020C9434FF05E
:1003F0005533016302F003015943016042F3800168
:100400004160C2F3C10159438160C2F341115943B4
:10041000C160C2F3C1214B43C3624FF01133C2F339
:10042000C3125A4302624262704700001A4B70B511
:100430009C6C0F2644F4C0649C649B6C012301F007
:1004400003048B4021F0030101F1804101F5A0512B
:100450008D68A400C0F38320A04006FA04F425EAC6
:10046000040528438860D8430C4912F0010F8C68BA
:1004700014BF1C4304408C6012F0020FCA6814BF02
:100480001A430240CA60054A536111680B43136066
:1004900053680340536070BD000C014000180040D9
:1004A0004FF0E02340F2BF325A6100229A610722E6
:1004B00008210B201A61FFF745BD08B5302383F3EF
:1004C0001188FEF7E7FA002383F3118808BD08B509
:1004D000FFF7F3FFBDE80840FEF7E2BD024A5368AC
:1004E00043F002035360704700380040024A5368EB
:1004F00043F002035360704700840040F8B5D0F821
:10050000546105467369D806DCB20AD5302383F3FB
:1005100011884FF48061281DFEF780FD002383F3CE
:100520001188302383F311882F1D14F00F032FD16E
:1005300083F311887368980714D5A10612D5302368
:1005400083F31188E818FFF792F8002841DA0821B0
:10055000281DFEF763FD736823F002037360002318
:1005600083F3118873689A0711D563060FD530237A
:1005700083F311886A6CAB6C9A4205D1AB6B1BB1EB
:100580001021281DFEF74AFD002383F31188F8BDD2
:1005900014F0020F14BF4FF480710021620748BFAE
:1005A00041F02001230748BF41F0400114F001044D
:1005B000384618BF41F08001FEF730FD33682CB19A
:1005C00095F8581128461940FFF7F3F87469E4B21A
:1005D000ABE73060C3E7000008B50348FFF78EFFC4
:1005E000BDE80840FEF75CBD8C4D002008B503480F
:1005F000FFF784FFBDE80840FEF752BD304C0020F5
:1006000010B5094C00212046084AFFF7A5F8084B11
:100610000021C4F85431074C074A2046FFF79CF8E4
:10062000064BC4F8543110BD8C4D0020DD04010888
:1006300000380040304C0020ED04010800840040E8
:1006400038B5374D037A002918BF0D46012B0446F3
:1006500035D1344B984217D1334B0A219A6C1E2066
:1006600042F480429A649A6CD3F8902042F480421B
:10067000C3F89020D3F8902022F48042C3F8902051
:10068000D3F89030FFF732FC284B9C4217D1264B11
:100690000821DA6C202042F00802DA64DA6CD3F820
:1006A000942042F00802C3F89420D3F8942022F05A
:1006B0000802C3F89420D3F89430FFF717FCD4F85D
:1006C0005431E9791A6902F050020A4329681A6123
:1006D0004A0802F1B76202F55842B2FBF1F202F0A9
:1006E0000F01C3F8C0108021D960C2F3071119604F
:1006F0000021C2F307325A60D96068792A7902432F
:10070000A8790243DA600122C3F89C10C3F898204C
:100710005A6842F005025A60FF2384F8583138BD08
:10072000641D01088C4D0020000C0140304C00205D
:1007300070B50446C5692E6BC26A6B6A9A4234BFB3
:10074000C36A6B6A013B30D2E36A002B39D1EB629A
:100750000223237063681B680BB12046984730233F
:1007600083F31188002104F10800FEF791FB0023B8
:1007700083F31188F30717D5286A228E666AE36A25
:10078000616AD31A3344121A934228BF134699421E
:100790004FF6FF7138BF636A013B1BD2636A1BB916
:1007A000EB6A23F00103EB6270BD296EE26A013A45
:1007B000E262A26A002AC5D01170A26A0132A26266
:1007C000C0E7E26AEB699A429EBFE36A03F1FF3336
:1007D000EB61CFE7626A013A6262226A0AB929666E
:1007E000DAE712F8010B28662262D5E708B503485C
:1007F000FFF79EFFBDE80840FEF752BCE84E002020
:1008000008B50348FFF794FFBDE80840FEF748BC71
:100810001C4F002010B5064C2046FEF7F3FF054B99
:10082000E361054C2046FEF7EDFF044BE36110BD8C
:10083000E84E0020003000401C4F00200090004097
:1008400010B503780446012B45D1344B98421FD193
:10085000334B0A219A6C1A2042F480529A649A6CA3
:10086000D3F8902042F48052C3F89020D3F890201F
:1008700022F48052C3F89020D3F89030FFF736FB73
:100880006268E369128A5A611A6942F001021A61C8
:10089000244B9C421FD1224B0921DA6C1B2042F0D1
:1008A0001002DA64DA6CD3F8942042F01002C3F834
:1008B0009420D3F8942022F01002C3F89420D3F8A7
:1008C0009430FFF713FB6268E369128A5A611A6970
:1008D00042F001021A616168E269CB8989890B43A0
:1008E00043F007039BB21360238E4BB9012393613E
:1008F000916999420DD10133B3F5807FF7D12386F9
:1009000000239361D361D36A23F0FF03D362936C16
:1009100010BD012B08BF0023F1E700BFE84E002007
:10092000000C01401C4F002010B503780446022B38
:100930001FD10022C3699A60DA6A22F0FF02DA62EC
:100940009B6C0C4B984208D11A20FFF7E5FA0A4B32
:100950009A6C22F480529A649B6C084B9C4208D19A
:100960001B20FFF7D9FA044BDA6C22F01002DA648C
:10097000DB6C10BDE84E0020000C01401C4F002035
:1009800010B50C4691B18362038E4162C162590871
:10099000A14228BF2146C369026299610139D96128
:1009A000DA6A42F01102DA6201229A6010BD10B5D3
:1009B0000C4699B100238362038E4162C1625908DB
:1009C000A14228BF2146C369026299610139D961F8
:1009D000DA6A42F01102DA6201229A6010BD10B5A3
:1009E0000C4699B100230362038E4162C16259082B
:1009F000A14228BF2146C369826299610139D96148
:100A0000DA6A42F01102DA6201229A6010BD000037
:100A100010B590F834300446B3B1063BDAB20F2A71
:100A200011D80F2B0FD8DFE803F00F0E0E080F0FB1
:100A30000E0E0E0E0E0E0E0E0F0F036C03B1984726
:100A4000002384F8343010BD00216022064B9973D6
:100A50005A7499735A7463681B6813B1062120464F
:100A600098470623EDE700BF0040014090F834208E
:100A700010B5152A04460CD8012393400C4A1342A2
:100A800008D19B0205D5036C03B19847002384F875
:100A9000343010BD00216022064B99735A7499734B
:100AA0005A7443681B680BB1062198470623EEE78A
:100AB000410E1000004001400146F8B5284C861C4C
:100AC00004EB86035F682748BB698173027DD20708
:100AD00039D5254A9D68817390F817E002EB810CA7
:100AE000827D42EA0E22A81885422DD198681044D2
:100AF00098605868104458601868801A1860188AFE
:100B0000013880B218827B8A934200D808BB012347
:100B100003FA01F2638923EA0203638104EB86038B
:100B20005B68DB680BB10E489847302383F311886C
:100B300004EB86046368986941680C30FEF7A8F9F5
:100B4000002383F31188F8BD9CF800E005F801EB61
:100B5000CAE7044A137D03F0FE031375F3E700BFF1
:100B6000504F00200040014020400140F8B5214C8A
:100B7000871C04EB87035E6801467269506815683C
:100B8000A84219D3012303FA01F2238923EA0203BD
:100B90002381B3680BB120469847302383F3118833
:100BA00004EB87046368002158690C30FEF770F984
:100BB000002383F3118817E00F4B997313691844CE
:100BC0005060281ADED0348A844228BF04469068D8
:100BD000146103440948936000EB81001C44A34264
:100BE00003D10122044B5A74F8BD13F8012B027093
:100BF000F5E700BF504F0020004001402040014079
:100C00002DE9F041844B9B799C07DFB202D58348E4
:100C1000FEF7B1FF780702D58048FEF741FF39079C
:100C200013D57E4C6368DB6823B97B4AD37A03F023
:100C3000F703D3722378052B02D17848FEF79BFF88
:100C40006368DB680BB175489847734B9A781D79D8
:100C500002F0FF06EDB252B9002D3AD1FB0702D5E2
:100C60006E48FEF758FFBDE8F041FEF719BAF207EB
:100C700020D50022694CE0689A7393F811C01CF0EB
:100C8000040F5FFA8CF11CBF5A7484F83420CB0631
:100C900005D58022604B5A74002384F8343094F8D0
:100CA00034300BB1062B24D1CC0703D54368002187
:100CB0005A489847B20702D50120FFF757FF73073C
:100CC00002D50220FFF752FF340702D50320FFF7B9
:100CD0004DFFA80702D50120FFF7EEFE690702D5F8
:100CE0000220FFF7E9FE2A07B8D50320FFF7E4FE4C
:100CF000B4E7092B4CD1DFF820C19CF81130DAB2EF
:100D000013F00203D6D102F01102112AD2D04269A7
:100D10008CF80E3051681369D2F800E01944516024
:100D2000BEEB0101B0F8108016D0414528BF414606
:100D300094681161234493605A18934207D1038A3F
:100D400099422CBF02210A218CF81110B2E713F846
:100D5000014B8CF82040F0E7434504D10A238CF87E
:100D600011301161A6E7238923F0010323818368F1
:100D70000BB12A489847302383F311880021E36898
:100D800058690C30FEF784F8002383F3118891E74B
:100D9000152B8FD1DFF880E09EF81130D90789D567
:100DA00000228369D3F808C08EF80E209EF8162022
:100DB000D1B26244944527D19A680A449A605A682D
:100DC0000A445A601A68521A1A601A8A013A92B290
:100DD0001A82438A8B424FF000010F4B997300D85F
:100DE000BAB948225A74638923F001036381E36826
:100DF000DB6813B1002109489847302383F3118839
:100E0000E36898694168BCE79EF820800CF8018B84
:100E1000D0E740225A744DE700400140504F002077
:100E20000148FEF790BD00BF504F002010B5047878
:100E3000012C0ED1074AC260FFF73CF90022064B95
:100E40000D21DA72DC715A720E20BDE81040FFF7F6
:100E50004DB810BD6C1D01080040014010B503786D
:100E60000446012B0CD00E20FFF756F80022054B4C
:100E70002046DA72DA715A72BDE81040FFF748B9BD
:100E800010BD00BF0040014090F84E20014B1A7089
:100E9000704700BF0040014000EB8100344BC26846
:100EA00001F00F0110B59973106800F003000029DC
:100EB00056D002282CD003282AD0012827D15369E4
:100EC0000BB993691BB3E020294B9874108AC0F3C7
:100ED000C7001874402058740820587458740120B2
:100EE000DC7900FA01F149B241EA0400C0B2D871DC
:100EF000C0205875528AC2F3C702DA7480221A756C
:100F000010221A751A755A7A1143C9B2597210BD56
:100F1000506980B100209874108AC0F3C70018741B
:100F2000402058740820587458740120DC79884097
:100F30002043C0B2D8719369002BE8D000200C4B3D
:100F40005875528AC2F3C702DA7480221A751022C9
:100F50001A751A750122587A02FA01F10143D4E791
:100F60000028D4D1DA7942F00102DA71CFE700BF6C
:100F700000400140002208B50B4BDA715A724268FA
:100F8000D2681AB1DA7A42F00802DA72074B00210D
:100F9000C360FFF781FF0122034B5A70DA7A42F0F7
:100FA0000102DA7208BD00BF004001406C1D01085B
:100FB00070B50D4B0021DA79402602F00102DA719A
:100FC000082401228025102059729A730132D2B26E
:100FD000042A99745E745C745C7459751D75187577
:100FE0001875F2D170BD00BF004001400C4B01F0FC
:100FF0000F029A7341B95A7C52070ED4D87910F077
:10100000010018BF02207047187D10F0200004D1A5
:101010005B7A134113F0010FF3E70120704700BF23
:10102000004001400C4B01F00F029A7341B95A7C09
:1010300052070ED4D87910F0010018BF0220704773
:10104000587C10F0100004D1DB79134113F0010F2C
:10105000F3E70120704700BF0040014001F00F039B
:10106000054901EB830102F10803087802F8010B3E
:101070009342FAD1704700BF204001404822044B00
:1010800001F00F0199735A74002380F834307047CF
:101090000040014010B501F00F0400EB8101CB6866
:1010A00099690A6872B1588A1318013BB3FBF0F3CF
:1010B0009BB20B82064B9C7334B11A7D02F0FE0288
:1010C0001A7510BD0123F4E740225A74F9E700BFF6
:1010D0000040014000EB810311F00F0170B508BF23
:1010E0004025DC6808BF124B626904BF99735D74C8
:1010F000238A15680F4CAB4228BF2B4613619268B8
:1011000004EB8104D518AA4205D1094A917331B183
:101110000123537470BD12F8016B2670F3E7517C04
:10112000C168098A8B422CBF02230A23F1E700BF62
:101130000040014020400140054B01F00F01997330
:1011400011B120221A75704760225A74704700BF8F
:1011500000400140044B01F00F01997311B11022BE
:101160005A7470476022FBE700400140044B01F0D5
:101170000F01997311B180221A7570475974704725
:1011800000400140044B01F00F01997311B140225E
:0C1190005A7470475974704700400140C9
:10119C00000000B400B480140000004001000040C6
:1011AC000200004003000040040000400D08004015
:1011BC000C0400400D0400400E04004006080040E2
:1011CC0007080040080800400908004004080040D7
:1011DC000508004000FF9600002020202020202041
:1011EC0020202828282828202020202020202020CB
:1011FC0020202020202020202088101010101010DB
:10120C001010101010101010100404040404040426
:10121C0004040410101010101010414141414141C0
:10122C0001010101010101010101010101010101A2
:10123C0001010101101010101010424242424242B2
:10124C000202020202020202020202020202020272
:10125C00020202021010101020000000000000001A
:10126C000000000000000000000000000000000072
:10127C000000000000000000000000000000000062
:10128C000000000000000000000000000000000052
:10129C000000000000000000000000000000000042
:1012AC000000000000000000000000000000000032
:1012BC000000000000000000000000000000000022
:1012CC000000000000000000000000000000000012
:1012DC00000000000000000000000000040C0020D2
:1012EC0000000000000000000000000000000000F2
:1012FC0000000000000000000000000000000000E2
:10130C0000000000000000000000000000000000D1
:10131C0000000000000000000000000000000000C1
:10132C0000000000000000000000000000000000B1
:10133C0000000000000000000000000000000000A1
:10134C001B1A191817161D1E1F2000000000FF0085
:10135C00FF55FFAAFF2BFFBFFF6A010100080040E9
:10136C00010800400208004003080040060000404D
:10137C000A0400400B040040FFFFFFFFFFFFFFFFCC
:10138C000C0400400D0400400E0400400608004010
:10139C000708004008080040090800400408004005
:1013AC0005080040610D0A00450050004F004D003B
:1013BC0041004B0045005200000032002E0034006A
:1013CC004700200044006F006E0067006C00650051
:1013DC00000053706C697436352D310053706C6994
:1013EC007436352D320053706C697436352D3300DC
:1013FC0053706C69743635204254340053706C69E8
:10140C007436352042543500000800400108004075
:10141C000208004003080040060000400A04004097
:10142C000B040040FFFFFFFFFFFFFFFF0C04004019
:10143C000D0400400E040040060800400708004060
:10144C000808004009080040040800400508004056
:10145C000948032181620C21C162084890F81003ED
:10146C00074900F00F000A68824200D00860002093
:10147C00401C2328FCDB70470000014000F0FF1FDC
:10148C00040401400748032181620C21C162064813
:10149C00016801F00F01082901D90821016000BF82
:1014AC0000BF7047000001400404014000000040F0
:1014BC000100004002000040030000400400004016
:1014CC000D080040A900AA00A900AA00A900AA00C2
:1014DC00A900AA00000000000000000000000000AD
:1014EC0000000000000035001E001F00200021003D
:1014FC0022002300000000002B0014001A0008003A
:10150C001500170000000000000039000400160050
:10151C00070009000A00000000000000E1001D00A7
:10152C001B00060019000500000000000000E00090
:10153C00E300E200000000002C00000000000000AE
:10154C00000000000000000000000000000000008F
:10155C00000024002500260027002D002E0000008E
:10156C002A00A8001C0018000C00120013002F0009
:10157C00300031004C000B000D000E000F0033004A
:10158C003400000028004B0011001000360037001A
:10159C0038000000E50052004E0000002C00000056
:1015AC00E6002152E400500051004F000000000002
:1015BC0000000000000000000000000000002900F6
:1015CC003A003B003C003D003E003F0000000000A4
:1015DC004378007E017E027E037E1700000000002F
:1015EC000000390004000252070009000A00000044
:1015FC0000000000E1001D00427806001900057E85
:10160C00000000000000067E0B70E20000000000ED
:10161C00077E000000000000000000000000000039
:10162C0000000000000000000000400041004200EB
:10163C004300440045000000037CA8001C00180077
:10164C000C001200130046784578310049000B005D
:10165C000D000E000F0048784778000028004A0063
:10166C00137010003600370038000000E500497890
:10167C004D0000002C000000E6000000E4004C7857
:10168C004A784B78000000000000000000000000C9
:10169C0000000000000035001E001F00200021008B
:1016AC0022002300000000002B0014001A00080088
:1016BC00150017000000000000003900040016009F
:1016CC00070009000A00000000000000E1001D00F6
:1016DC001B00060019000500000000000000E000DF
:1016EC00E200E300000000002C00000000000000FD
:1016FC0000000000000000000000000000000000DE
:10170C00000024002500260027002D002E000000DC
:10171C002A00A8001C0018000C00120013002F0057
:10172C00300031004C000B000D000E000F00330098
:10173C003400000028004B00110010003600370068
:10174C0038000000E50052004E0000002C000000A4
:10175C00E7002352E400500051004F00000000004D
:10176C000000000000000000000000000000290044
:10177C003A003B003C003D003E003F0000000000F2
:10178C004378007E017E027E037E1700000000007D
:10179C000000390000521600070009000A00000082
:1017AC0000000000E1001D00427806001900057ED3
:1017BC00000000000000067EE200E30000000000D4
:1017CC00077E000000000000000000000000000088
:1017DC00000000000000000000004000410042003A
:1017EC004300440045000000037CA8001C001800C6
:1017FC000C001200130046784578310049000B00AC
:10180C000D000E000F0048784778000028004A00B1
:10181C00137010003600370038000000E5004978DE
:10182C004D0000002C000000E700E600E4004C78BE
:10183C004A784B78E200E900EA00B500B600B70040
:10184C00CD008301CC008A01920194012102230274
:10185C0024022502260227022A02B300B4006F00DC
:10186C0070009F01CB019F02A002E200E900EA0098
:10187C00B500B600B700CD008301CC008A019201FF
:10188C0094012102230224022502260227022A02A5
:10189C00B300B4006F0070009F01CB019F02A00247
:1018AC000C200020003131295A1B750AFF00000062
:1018BC0059BA000891BA0008A9BA0008C5BA0008BC
:1018CC0000010101010101010101020202020202F7
:1018DC0002020203030303030303030404040404CA
:1018EC000404050505050506060606060707070791
:1018FC000708080808090909090A0A0A0B0B0B0C46
:10190C000C0C0D0D0D0E0E0E0F0F0F1010111111E2
:10191C001212131314141515161617171818191963
:10192C001A1A1B1B1C1D1D1E1E1F202021222223C8
:10193C002424252626272829292A2B2C2D2D2E2F09
:10194C0030313232333435363738393A3B3C3D3E20
:10195C003F404142434445464748494A4C4D4E4F0F
:10196C0050515354555658595A5B5D5E5F616264D1
:10197C00656668696B6C6D6F7072737577787A7B5E
:10198C007D7E8082838587888A8C8E8F91939596B5
:10199C00989A9C9EA0A2A3A5A7A9ABADAFB1B3B5D5
:1019AC00B7BABCBEC0C2C4C6C9CBCDCFD1D4D6D8B1
:1019BC00DBDDDFE2E4E7E9EBEEF0F3F5F8FAFDFF4F
:1019CC0000FF0100010000FFFF0000010001FF000B
:1019DC0000000000000400400F00000000000000A8
:1019EC0020000000000000000000000000000000CB
:1019FC0000000000000000000000000000000000DB
:101A0C000000000000000000000000002A2B28004D
:101A1C000000000000000000000000000000002991
:101A2C00000000002C1E3420212224342627252ED1
:101A3C00362D3738271E1F20212223242526333309
:101A4C00362E37381F0405060708090A0B0C0D0E35
:101A5C000F101112131415161718191A1B1C1D2F01
:101A6C003130232D350405060708090A0B0C0D0E21
:101A7C000F101112131415161718191A1B1C1D2FE1
:101A8C003130354C000000007E0F00D4FFFFFFC743
:101A9C000000007875DD0008DDDC0008BDDB000807
:101AAC0000000000DD1A0108F61A0108161B0108D7
:101ABC00381B0108A61B0108C81B01084422B609E3
:101ACC00025B00030100A0FA0904000001030101FC
:101ADC0000092111010001224400070581030800BF
:101AEC000109040100020300000009211101000199
:101AFC0022220007058203200001070502032000B3
:101B0C000109040200010300000009211101000178
:101B1C0022B6000705830320000112010002000019
:101B2C0000402D34C6E43000010203010501090612
:101B3C00A101050719E029E7150025019508750194
:101B4C0081029501750881010507190029FF15000F
:101B5C0026FF009506750881000508190129051551
:101B6C00002501950575019102950175039101C040
:101B7C00040309041203450050004F004D004100BE
:101B8C004B004500520000001003530070006C0025
:101B9C00690074003600350000000660FF0961A181
:101BAC00010962150026FF00952075088102096362
:101BBC00150026FF00952075089102C00501090249
:101BCC00A10185020901A1000509190129081500C7
:101BDC00250195087501810205010930093115812E
:101BEC00257F95027508810609381581257F950199
:101BFC0075088106050C0A38021581257F9501753B
:101C0C00088106C0C005010980A101850319012ABC
:101C1C00B700150126B700950175108100C0050CA1
:101C2C000901A101850419012AA002150126A002AF
:101C3C00950175108100C005010906A101850605F5
:101C4C000719E029E71500250195087501810205A2
:101C5C0007190029EF1500250195F0750181020582
:101C6C0008190129059505750191029501750391D6
:101C7C0001C0303132333435363738394142434480
:101C8C00454600006C260108A44F0020A44F0020FC
:101C9C00A44F00206C26010800000000000000008A
:101CAC00000000006C26010800000000000000008D
:101CBC00000000006C26010800000000000000007D
:101CCC00000000006C26010800000000000000006D
:101CDC00000000006C26010800000000000000005D
:101CEC00000000006C26010800000000000000004D
:101CFC00000000006C26010800000000000000003D
:101D0C000000000063300000101D0108083F002097
:101D1C00184000206D61696E0069646C65000000FC
:101D2C00000000001DF700080DF700083DF7000843
:101D3C002DF7000837F7000827F7000817F70008F9
:101D4C0007F7000847F7000800000100000065785D
:101D5C006974006B696C6C00009600000300000055
:101D6C00000000008DFB0008110A01086D0A010833
:101D7C0040004000184000201840002001000000E6
:101D8C002C4000205245454E54206D616C6C6F63A5
:101D9C002073756363656564656400002E2E2F2EB9
:101DAC002E2F2E2E2F2E2E2F2E2E2F2E2E2F2E2E42
:101DBC002F2E2E2F6E65776C69622F6C6962632FE4
:101DCC007374646C69622F72616E642E6300000020
:101DDC002C2066756E6374696F6E3A2000000000EB
:101DEC00617373657274696F6E202225732220668D
:101DFC0061696C65643A2066696C652022257322E2
:101E0C002C206C696E65202564257325730A0000EF
:101E1C00232D302B20000000686C4C006566674554
:101E2C004647000030313233343536373839414289
:101E3C0043444546000000003031323334353637E8
:0C1E4C00383961626364656600000000C4
:081E5800ECE3FE7F0100000035
:101E6000040C0020000000002C1301080C130108D2
:101E7000EC1201080000000000000000000000005B
:101E80000000000000000000000000000000000052
:101E90000000000000000000000000000000000042
:101EA0000000000000000000000000000000000032
:101EB0000000000000000000000000000000000022
:101EC000000000000000FF00092700088927000823
:101ED00051290008D12700082D2800080000000023
:101EE0000100000040771B00000000640E080201A2
:101EF0000101010101010001FFFFFFFFFFFFFFFFE3
:101F0000FFFFFF1C1B1A19181716FFFF10111213E1
:101F10001415FFFFFF020F0E0D0C0BFFFFFF030652
:101F20000708090AFFFFFF040105FFFF00FFFFFF8D
:101F3000FFFFFFFFFFFFFFFFFF1D1E1F202122FFEE
:101F400023FF2C2B2A2928272625242D2E2F30311C
:101F500032FF33343C3B3A3938FF373635FF3DFFEB
:101F60003E3F40414243414013400520093002407A
:101F700024401F302D303B30483056304F20412018
:101F800034202620182003101510221030103E1087
:101F90004C1053004500370029001C000E000000C3
:101FA00060006E007C008A009800A500BA00D21084
:101FB000BE10AC109F1091108310751067105A104E
:101FC0005D206B20792086209420A220B820D2208A
:101FD000D230C130AE309B308D30803072306430C2
:101FE0006B4086409440A240B040BF40D2400404C1
:101FF00004040404040404040404040404040404A1
:102000000404040404040404040404040404040490
:102010000404040404040404040404040404040480
:102020000404040404040404040404040404040470
:1020300004040000901F0020981F00209D760008D7
:10204000000800400108004002080040030800406A
:10205000060000400A0400400B040040FFFFFFFFA1
:10206000FFFFFFFF000000400100004002000040B1
:1020700003000040040000400D0800400000000084
:102080000100000000000000000000000C00020041
:10209000000000000C000E00000000000000000026
:1020A0000000000001001A00000000000000000015
:1020B00008001B00000000000000000000000000FD
:1020C000B17B0008040024000000000000000000B4
:1020D00001002800000000000000000001002900AD
:1020E000000000000000000001002A0000000000C5
:1020F000000000000C002C000000000000000000A8
:102100000400380000000000917B000820003C0023
:102110000000000000000000010039000000000085
:10212000B57B00080000000020005C0000000000FB
:102130000000000000000000000000004500450015
:1021400045004500450000FF00FFFF03390501146D
:102150000A1E0150082803010200000100000000CF
:1021600000C20100030000008C4D0020009600001A
:102170000300000005D500082DE0000843E000083A
:102180004DE0000857E0000861E000080000000092
:10219000000000000200000000000000000000003D
:1021A000000000000000000000000000000000002F
:1021B000000000000000000000000000000000001F
:1021C000000000000000000000000000000000000F
:1021D00000000000060000000000000000000000F9
:1021E00003000000000000000000000000000000EC
:1021F00000000000000000000000000000000000DF
:1022000000000000000000000000000000000000CE
:1022100000000000000000000000000000000000BE
:1022200003000000000000000000000000000000AB
:10223000000000000000000000000000000000009E
:10224000000000000000000000000000000000008E
:10225000000000000000000000000000000000007E
:10226000000000000000000000000000200000004E
:10227000C40F00201010002015E60008F5E5000846
:102280002BE600080DE7000829E7000835E70008FD
:10229000000000000000000004000000000000003A
:1022A000000000000000000000000000000000002E
:1022B000000000000000000000000000000000001E
:1022C000000000000000000000000000000000000E
:1022D00000000000000000000300000000000000FB
:1022E00000000000060000000000000000000000E8
:1022F00000000000000000000000000000000000DE
:1023000000000000000000000000000000000000CD
:1023100000000000000000000000000000000000BD
:10232000000000002000000000000000000000008D
:102330002C0F0020780F002030100020000000003B
:102340007C1000200000000000000000C8100020E9
:1023500071E6000849E600088DE6000885E70008F8
:10236000A9E70008C1E70008000000000000000025
:10237000000000000000000000000000000000005D
:10238000000000000000000000000000000000004D
:10239000000000000000000000000000000000003D
:1023A000000000000000000000000000000000002D
:1023B00008000000081100205411002015E6000854
:1023C000F5E500082BE600080DE7000829E70008FE
:1023D00035E70008010200000000000000000000D6
:1023E00000000000000000000000000000000000ED
:1023F00000000000000000000000000000000000DD
:1024000000000000000000000000000000000000CC
:102410000300000000000000F5E3000800000000D9
:10242000200000000000000000000000020000008A
:10243000000000000000000000000000000000009C
:10244000000000000000000000000000000000008C
:10245000000000000000000000000000000000007C
:10246000504F002003000000040000002000000086
:10247000D83D00200000000000000000EC1000200B
:10248000000000000000000000000000000000004C
:10249000000000000000000000000000000000003C
:1024A000000000000000000000000000000000002C
:1024B0000000000000000000030000000000000019
:1024C000F5E3000800000000080000000000000024
:1024D00000000000020000000000000000000000FA
:1024E00000000000000000000000000000000000EC
:1024F00000000000000000000000000000000000DC
:102500000000000000000000504F0020010000000B
:102510000400000008000000883C002000000000CB
:102520000000000058110020000000000000000022
:10253000000000000000000000000000000000009B
:10254000000000000000000000000000000000008B
:10255000000000000000000000000000000000007B
:102560000300000000000000F5E300088BE4000811
:102570002000200000000000000000000200000019
:10258000000000000000000000000000000000004B
:10259000000000000000000000000000000000003B
:1025A000000000000000000000000000010000002A
:1025B000504F002002000000040000002000000036
:1025C000B83C0020000000000000000014100020B3
:1025D00000000000000000000000000000000000FB
:1025E00000000000000000000000000000000000EB
:1025F00000000000000000000000000000000000DB
:1026000000000000000000000000000000000000CA
:1026100000000000000000000000000000000000BA
:1026200000000000000000000000000000000000AA
:10263000000000000000000000000000000000009A
:10264000504F0020020000000400000020000000A5
:10265000483D002000000000F8130020F81300207F
:0C266000000000000000000000D8B805D9
:04000005080001B935
:00000001FF
