:020000040800F2
:1000000000040020B9010008BB010008BB01000882
:10001000BB010008BB010008BB010008BB010008D0
:10002000BB010008BB010008BB0100083DF000084F
:10003000BB010008BB010008BB010008C7040108A0
:10004000BB010008BB010008BB010008BB010008A0
:10005000BB010008BB010008B9010108E10101086A
:10006000090201083102010859020108BB01000818
:10007000BB010008BB010008F90B0108BB01000827
:1000800081020108BB010008BB010008BB01000898
:10009000BB010008BB010008BB010008BB01000850
:1000A000BB010008BB010008E5070108F9070108CA
:1000B000BB010008BB010008D1050108BB01000815
:1000C000E5050108E5020108BB010008BB010008C5
:1000D000BB010008BB010008BB010008BB01000810
:1000E00072B6264880F30888254880F30988254899
:1000F00025490860022080F31488BFF36F8F0EF04B
:1001000071FC0DF0C9FF4FF0553020491B4A914258
:100110003CBF41F8040BFAE71D49194A91423CBF24
:1001200041F8040BFAE71B491B4A1C4B9A423EBF9D
:1001300051F8040B42F8040BF8E700201849194A5B
:1001400091423CBF41F8040BFAE70EF04FFC0EF071
:100150004AFC154C154DAC4203DA54F8041B884791
:10016000F9E707F0D9FF124C124DAC4203DA54F80C
:10017000041B8847F9E70EF037BC0000000400209C
:10018000000C00200000000808ED00E00000002046
:1001900000040020581E0108000C00200C14002050
:1001A00010140020A44F0020E0000008E000000828
:1001B000E0000008E000000892E700F000F8FEE729
:1001C0002DE9F04FC1F80CD0C3689D46BDE8F08F13
:1001D000002383F311882846A04700200EF034FE48
:1001E000FEE70EF065FD00DFFEE7000053B94AB9F7
:1001F000002908BF00281CBF4FF0FF314FF0FF302F
:1002000000F08AB9ADF1080C6DE904CE00F01AF8DF
:10021000DDF804E0DDE9022304B07047430803F091
:100220005533C01A830803F0333300F033301844D9
:1002300000EB101000F00F3000EB002000EB00404E
:10024000000E70472DE9F047089E0D46044688468B
:10025000002B4DD18A42944668D9B2FA82F252B14B
:1002600001FA02F3C2F1200120FA01F10CFA02FCBA
:1002700041EA030894404FEA1C41B8FBF1F71FFA2A
:100280008CFE01FB178807FB0EF0230C43EA0843A2
:1002900098420AD91CEB030307F1FF3580F01E8159
:1002A000984240F21B81023F63441B1AB3FBF1F0FA
:1002B00001FB103300FB0EFEA4B244EA0344A64542
:1002C0000AD91CEB040400F1FF3380F00981A64534
:1002D00040F20681644402380021A4EB0E0440EA97
:1002E00007401EB10023D440C6E90043BDE8F087B3
:1002F0008B4208D9002E00F0EE800021C6E90005EF
:100300000846BDE8F087B3FA83F100294AD1AB4231
:1003100002D3824200F2FC80841A65EB03030120C1
:100320009846002EE2D0C6E90048DFE702B9FFDEBA
:10033000B2FA82F2002A40F09180A1EB0C00012178
:100340004FEA1C471FFA8CFEB0FBF7F307FB1300C4
:10035000250C45EA00450EFB03F0A84208D91CEB2A
:10036000050503F1FF3802D2A84200F2CE804346D1
:100370002D1AB5FBF7F007FB10550EFB00FEA4B2DB
:1003800044EA0544A64508D91CEB040400F1FF35F6
:1003900002D2A64500F2B6802846A4EB0E0440EA3D
:1003A00003409EE7C1F120078B4022FA07FC4CEA8C
:1003B000030C25FA07FA4FEA1C49BAFBF9F820FAB0
:1003C00007F309FB18AA8D401FFA8CFE1D4300FAA3
:1003D00001F308FB0EF02C0C44EA0A44A04202FA96
:1003E00001F20BD91CEB040408F1FF3A80F088807D
:1003F000A04240F28580A8F102086444241AB4FBAC
:10040000F9F009FB104400FB0EFEADB245EA0444CE
:10041000A64508D91CEB040400F1FF356CD2A645B3
:100420006AD90238644440EA0840A0FB0295A4EB74
:100430000E04AC42C846AE4656D353D0002E69D007
:10044000B3EB080264EB0E0422FA01F304FA07F797
:100450001F43CC40C6E90074002147E70CFA02FCB8
:10046000C2F1200125FA01F34FEA1C4720FA01F1FD
:1004700095400D43B3FBF7F107FB11331FFA8CFED8
:10048000280C40EA034001FB0EF3834204FA02F415
:1004900008D91CEB000001F1FF382FD283422DD97F
:1004A00002396044C01AB0FBF7F307FB1300ADB28A
:1004B00045EA004503FB0EF0A84208D91CEB0505F0
:1004C00003F1FF3816D2A84214D9023B6544281A1A
:1004D00043EA014138E73146304607E72F46E4E674
:1004E0001846F9E64B45A9D2B9EB020865EB0C0EAC
:1004F0000138A3E74346EAE7284694E74146D1E7B7
:10050000D0467BE76444023847E7023B65442FE767
:10051000084606E73146E9E6704700BF062008B501
:1005200000F08AFA01200FF0BDFC00BF032A10B5CD
:1005300016D940EA010C1CF0030F04460B4622D1E9
:1005400019462046D1F800E0D0F800C00433F44545
:1005500004F1040417D1043A032A20461946EFD8BF
:10056000541EA2B100F1FF3C013901E0C3180CD0C8
:100570001CF801EF11F8012FA4EB0C039645F5D000
:10058000AEEB020010BD541EECE7184610BD10463D
:1005900010BD00BF844641EA000313F0030349D1B4
:1005A000403A23D30B6803604B6843608B688360D9
:1005B000CB68C3600B6903614B6943618B698361DD
:1005C000CB69C3610B6A03624B6A43628B6A8362C5
:1005D000CB6AC3620B6B03634B6B43638B6B8363AD
:1005E000CB6BC36340304031403ADBD230320BD367
:1005F0000B6803604B6843608B688360CB68C360A3
:1006000010301031103AF3D20C3205D351F8043BBC
:1006100040F8043B043AF9D2043208D0D2071CBF98
:1006200011F8013B00F8013B01D30B8803806046C1
:10063000704700BF082A13D38B07B1D010F0030313
:10064000AED0C3F10403D21ADB071CBF11F8013B83
:1006500000F8013BA4D331F8023B20F8023B9FE7AE
:10066000043AD9D3013A11F8013B00F8013BF9D221
:100670000B7803704B7843708B78837060467047BB
:1006800088420DD98B1883420AD900EB020CBAB10B
:10069000624613F801CD994202F801CDF9D17047B5
:1006A0000F2A0ED8034602F1FF3C4AB10CF1010CAF
:1006B000013B8C4411F8012B614503F8012FF9D15E
:1006C000704740EA01039B074FD1A2F1100370B5B8
:1006D00001F1200C23F00F0501F1100E00F11004C0
:1006E000AC441B095EF8105C0EF1100E44F8105C6F
:1006F0005EF81C5C103444F81C5C5EF8185C44F82E
:10070000185C5EF8145CE64544F8145CEAD10133E9
:1007100012F00C0F01EB031102F00F0400EB0313B6
:1007200027D08E46043C24F003064FEA940C1E4466
:100730001C1F5EF8045B44F8045FB442F9D10CF16D
:10074000010402F0030203EB840301EB840102F1D4
:10075000FF3C4AB10CF1010C013B8C4411F8012B18
:10076000614503F8012FF9D170BD034602F1FF3C4A
:100770009CE72246EBE700BF830730B548D0541E04
:10078000002A3FD00346CAB201E0013C3AD303F845
:10079000012B9D07F9D1032C2DD9CDB245EA0525B2
:1007A0000F2C45EA054536D9A4F1100222F00F0CB2
:1007B00003F1200EE6444FEA121C03F1100242E955
:1007C000045542E9025510327245F8D10CF101028C
:1007D00014F00C0F03EB021204F00F0C13D0ACF169
:1007E000040323F003030433134442F8045B9342ED
:1007F000FBD10CF003042CB1CAB21C4403F8012B4A
:100800009C42FBD130BD64461346002CF4D1F9E77D
:1008100003461446BFE71A46A446E0E738B5124B34
:1008200004461D68AA6B1AB10023C2E9044338BD0F
:10083000182000F02DFA0246A86378B100210B239E
:1008400001209381C2E90401084B0949094DC2E91D
:10085000011300231560C2E9044338BD4221064B51
:10086000064800F0CDF900BF000C0020ECDE0500CA
:1008700034126DE60E33CDAB881D0108A01D0108B2
:1008800038B5194B1C68A26B8AB1136917495469B2
:1008900003FB01F1164800FB0411A3FB00300133F8
:1008A00041EB0001C2E9043121F0004038BD1820BD
:1008B00000F0EEF90246A06388B1012400250B2365
:1008C0000A480C49C2E90445116001460A4D0B4C27
:1008D00093810B4BC2E90154C2E9043138BD4E216A
:1008E000084B094800F08CF9000C00202DF45158F9
:1008F0002D7F954C0E33CDAB34126DE6ECDE05004A
:100900002E7F954C881D0108A01D010838B5446C48
:100910000CB1002038BD8021054600F02FFA0246B8
:10092000686430B1031F7C3243F8044F9342FBD11B
:10093000EFE74FF0FF3038BD1F29F8B5054608D85E
:10094000466C0C4617464EB156F8240046F8247003
:10095000F8BD16234FF0FF302B60F8BD802100F06A
:100960000DFA0646686440B10021031F00F17C05C2
:1009700043F8041F9D42FBD1E6E74FF0FF30F8BD7E
:100980001F2938B5054620D8426C0C466AB152F88A
:10099000213053B1012B16D0591C10D00025204610
:1009A00042F824509847284638BD284600F0F8F809
:1009B000224601462846BDE8384000F0DDB816233F
:1009C00001202B6038BD002038BD16234FF0FF30CA
:1009D0002B6038BD1F292BD8426C38B50C46054614
:1009E00082B152F8243002EB84024BB1591C1AD068
:1009F000012B16D00025204615609847284638BDA3
:100A0000012038BD802100F0B9F90246686460B168
:100A10000020131F02F17C0143F8040F9942FBD11F
:100A2000DFE7032038BD022038BD4FF0FF3038BD6E
:100A30004FF0FF30704700BF38B5144B1F281D68BA
:100A40001FD86A6C044662B152F820304BB1012BBA
:100A500015D0591C0FD0002542F820509847284641
:100A600038BD284600F09CF8224601462846BDE8DD
:100A7000384000F081B8162301202B6038BD0020DB
:100A800038BD16234FF0FF302B6038BD000C00201E
:100A9000124B1F2870B51E6808D80D46716C0446AD
:100AA00049B151F8240041F8245070BD16234FF08D
:100AB000FF30336070BD8021304600F05FF90146A1
:100AC000706440B10022031F00F17C0C43F8042F36
:100AD0006345FBD1E5E74FF0FF3070BD000C00200F
:100AE00038B50B4B1D686C6C0CB1002038BD8021F3
:100AF000284600F043F9686438B1031F00F17C0216
:100B000043F8044F9342FBD1EFE74FF0FF3038BD7D
:100B1000000C002038B5174B1F281D6827D86A6CB9
:100B2000044682B152F8243002EB84024BB1591CC6
:100B30001BD0012B17D0002520461560984728466A
:100B400038BD012038BD8021284600F017F9024643
:100B5000686460B10020131F02F17C0143F8040FA8
:100B60008B42FBD1DEE7032038BD022038BD4FF0B9
:100B7000FF3038BD000C002070B50026074D04463C
:100B8000084611462E600FF095F9431C00D070BD49
:100B90002B68002BFBD0236070BD00BF1814002011
:100BA0000FF090B920F0030110F00300C0F1000035
:100BB00051F8043B00F1040C4FEACC0C6FF000023A
:100BC0001CBF22FA0CF213434FF0010C4CEA0C2C20
:100BD0004CEA0C4CA3EB0C0222EA030212EACC1200
:100BE00004BF51F8043B0430F4D0C2F1000102EA22
:100BF0000102B2FA82F2C2F11F0200EBD20070478A
:100C0000144600B51A460A4B0D461B6885B0DE68CF
:100C100003464CB1074901913046074902940095BB
:100C200000F022F8FFF77AFC04490C46F3E700BF16
:100C3000000C0020D41D0108E41D0108E01D01087E
:100C400008B513460022FFF7DBFF00BF0CB400B568
:100C500083B004AB53F8042B019300F025F903B0E3
:100C60005DF804EB02B070470EB400B5074A82B0DD
:100C700003AB0146106853F8042B019300F014F9FC
:100C800002B05DF804EB03B0704700BF000C002019
:100C9000024B0146186800F071B800BF000C00203C
:100CA000024B0146186800F003B800BF000C00209A
:100CB000002952D038B551F8043C0C1F002BB8BFA6
:100CC000E418054601F0AEF92B4A1368002B45D015
:100CD000A3420CD921686018834228D0636028465B
:100CE0001460BDE8384001F09FB9A3420FD81A46FE
:100CF0005B68002BF9D11168501884421DD034D3A1
:100D0000636054602846BDE8384001F08DB9116831
:100D10005018A04215D028D8216860188342EFD11E
:100D200018685B680144C4E900135460EAE7186876
:100D30005B680144C4E90013D1E7236819441160DA
:100D4000E0E720680144501883421160DAD1D3E90A
:100D500000030144C2E90013D4E7704728466360EA
:100D60001460BDE8384001F05FB90C2328462B60C1
:100D7000BDE8384001F058B910140020F8B5CD1C7A
:100D800025F0030508350C2D38BF0C25002D06462F
:100D900023DBA94221D8264F01F044F93A6822B357
:100DA000144603E063682246FBB11C4623685B1BC4
:100DB000F8D40B2B15D8636894420CBF3B6053608A
:100DC000304601F031F904F10B00231D20F007003B
:100DD000C21A01D01B1AA350F8BD0C2300203360A7
:100DE000F8BD23601C442560EAE77968D1B1294643
:100DF00030460FF049F8431C01460CD0C41C24F0C7
:100E00000304A04205D03046611A0FF03DF80130CE
:100E100001D02560D4E70C233046336001F004F99B
:100E20000020F8BD30460FF02FF87860DFE700BFF4
:100E3000101400209368013B002B936005DAD2F870
:100E400018C0634507DB0A2905D01368581C1060D9
:100E500008461970704700F069BB00BF9BB1F8B538
:100E6000134406460F46541E5D1E01E0AC4208D0F6
:100E70003A46304614F8011FFFF7DCFF431CF5D15A
:100E8000F8BD0020F8BD0020704700BF936810B582
:100E9000144613B91846536010BD00F031FE00230C
:100EA000C4E9013310BD00BF2DE9F04F0E46924654
:100EB0001C4607469FB018B18369002B00F0A8803C
:100EC000954B9E4200F0AA80944B9E4200F0B58064
:100ED000934B9E4208BFFE68B389180740F1A38078
:100EE0003369002B00F09F80002320220B933023D6
:100EF0009AF80010059401258A4C8DF831208DF860
:100F0000323000297DD0D1460B4604E019F8013F6C
:100F1000002B00F09480252BF8D1B9EB0A0B40F0A0
:100F2000918099F80030002B6BD000234FF0FF32F6
:100F300009F10109CDE90723069309938DF85B3088
:100F40001C9304E0001B05FA00F018430690CA4603
:100F50000522204619F8011B01F01CF8069B002809
:100F6000F0D1D90644BF20228DF85B201A0748BF74
:100F70002B229AF8001048BF8DF85B202A2972D1E5
:100F8000059A1168043200290592C0F2A0800991E7
:100F90009AF801100AF1010A2E2976D0DFF888911B
:100FA0000322484600F0F6FF48B14022069BA0EB22
:100FB000090002FA00F003430AF1010A06931AF845
:100FC000011B062259488DF8301000F0E3FF00287D
:100FD00000F08380564B002B6CD005A9009132465F
:100FE0003846544B06A9AFF300800390039B0133AE
:100FF00007D00B9B039A9AF8001013440B93002917
:1010000081D1B3895B0615D40B981FB0BDE8F08F72
:1010100000F056FD404B9E427FF456AF7E68B38988
:1010200018073FF55DAF3146384600F0E1FA002879
:101030003FF45AAF4FF0FF30E7E7BE684CE7B9EB3B
:101040000A0BDED0D046CAF1010A03E0934538D935
:1010500018F8011F32463846FFF7ECFE01300AEB64
:101060000802F3D1CDE7A1F13002092A94D8099BF7
:101070001AF8011F03EB830302EB4303A1F13002D3
:10108000092AF5D92E29099388D19AF801102A291D
:101090002DD1059B0AF102001A680433002A05933A
:1010A000B8BF4FF0FF339AF8021007928246B8BFDC
:1010B000079373E7059B073323F007030833059372
:1010C00097E70B9A99F800305A440B922BE7494264
:1010D00043F00203099106935AE705A900913246AD
:1010E0003846144B06A900F0CBF803907EE70023A6
:1010F000A1F13002092A0AF1010A07933FF64EAF27
:101100001AF8011F03EB830302EB4303A1F1300242
:10111000092AF5D9079341E72413010804130108AC
:10112000E4120108141E01081C1E0108201E0108FB
:10113000000000005D0E00088C4600B58646134690
:10114000034A714610685DF804EB6246FFF7ACBED7
:10115000000C00202DE9F04791461E460A698B6875
:101160000C469A42B8BF1A46C9F8002091F843309D
:101170000546DDF8208013B10132C9F8002022684D
:1011800091065DD5D9F800300233C9F800302268E5
:1011900012F0060F11461ED1E168CB1A002BD8BF02
:1011A000114618DD002704F1190A06E0D9F80030CD
:1011B000E268A2EB030CBC450CDD0123524631462C
:1011C0002846C047013007F10107EFD14FF0FF304B
:1011D000BDE8F087216894F84330003B18BF012335
:1011E0008A060AD53021E21882F8431094F8451097
:1011F0005A1C2244023382F843103146284604F137
:101200004302C0470130E1D0236803F00603042BFA
:101210001DD0A3682269934225DD00279B1A1F4435
:1012200004F11A09002401E0BC421CDA01234A46F9
:1012300031462846C047013004F10104F4D1C5E726
:1012400012F0060F12D0003B18BF0123D5E7D9F8E2
:101250000030E1682269C91AA36821EAE177934264
:10126000DCDC0029DCDC0020BDE8F087E168D9F88F
:101270000030CB1A002BD8BF114693DCABE700BF80
:101280002DE9F04317460A7E85B00C46064698467F
:101290000C9D01F1430C002A33D0A2F15803D9B2BE
:1012A000202967D8202B65D8DFE813F0DD00640023
:1012B000640064006400640064006400640064000E
:1012C0006400A3006E0064006400640064006E00AB
:1012D000640064006400640021007F00BF006400BB
:1012E0006400AE0064007F0064006400E4002368D2
:1012F0001A0640F102812B686269191D29601B687A
:101300001A600023E14623613B4621463046CDF872
:10131000008003AAFFF71EFF013020D04A4639465D
:1013200030462369C047013019D02368E0689B0725
:10133000039919D5431A002B16DD002504F119096C
:1013400004E0E0680399431AAB420DDD01234A46ED
:1013500039463046C047013005F10105F1D14FF063
:10136000FF3005B0BDE8F0838842B8BF084605B03D
:10137000BDE8F083012384F8422004F1420923618F
:10138000002384F84330BFE72368190602D45A06C5
:1013900000F1BF8029680A68043129601146002ADB
:1013A0006ADB0A25DFF87CE110E02368180640F1CB
:1013B0009A802B68191D296019686F2A0CBF0825AF
:1013C0000A25DFF860E1002384F843306268002AD0
:1013D000A2607DDB236823F004032360002959D138
:1013E000002A77D1E146082D63D0ACEB09032361D5
:1013F0008AE701222B6804F14209196804332B6043
:1014000084F842102261BBE72B6800211A1D2A6074
:10141000D3F800906268484600F0BCFD00287FD0F9
:10142000A0EB090060602061AAE7236843F0200375
:1014300023607822DFF8F0E084F845202A68111D47
:101440002960190642D45D0640D51188D80744BFEB
:1014500043F020032360002943D12368102523F0A3
:1014600020032360AFE75823DFF8B8E084F8453065
:101470002368E3E72368DCE72D2284F843206268D1
:101480004942002AA26002DB23F0040323600A25FC
:10149000DFF890E0E146B1FBF5F30A4605FB1310D7
:1014A00019461EF80030AA4209F8013DF3D2082D72
:1014B0009BD12368D90798D5626823699A4294DC46
:1014C000302309F1FF3989F800308EE71168BDE754
:1014D0000029DFD19EF8003004F1420984F842303F
:1014E00081E710256FE713F0400F2B6803F104012B
:1014F00029600CBF196819885FE713F0400F2B684B
:10150000626903F1040129601B6814BF1A801A6024
:10151000F7E62A68B2F9001004322A600A463EE76C
:10152000606880E7281E01083C1E0108F8B50646E1
:101530000D46144608B1836943B3254B9C422AD01B
:10154000244B9C4229D0244B9C4208BFF468A269DA
:10155000A389A2601A0722D5236903B322686169AF
:10156000D31AEDB299422F4629DD0133A168013922
:10157000A160511C2160157062699A4216D0A3893E
:10158000DB0701D50A2D11D03846F8BD00F098FAD6
:101590000F4B9C42D4D17468D9E7B468D7E7214691
:1015A000304600F025F838B92369D7E721463046A0
:1015B00000F024F90028E7D04FF0FF37E4E7214698
:1015C000304600F01BF90028F6D101232268CDE750
:1015D0002413010804130108E412010803460A4613
:1015E000024908681946FFF7A1BF00BF000C0020A0
:1015F0003C4B70B51D6806460C460DB1AB69E3B1B6
:10160000394B9C421FD0394B9C424DD0384B9C42A9
:1016100008BFEC68B4F90C3018079AB219D52169E3
:1016200011B312F001002FD000256069A56040427F
:10163000A06100292ED0002070BD284600F040FA9D
:10164000294B9C42DFD16C68B4F90C3018079AB270
:10165000E5D4D1063ED5520728D4216943F00803CA
:10166000A3819AB20029DCD102F42070B0F5007F8A
:10167000D7D02146304600F0FFFBB4F90C30216989
:101680009AB212F00100CFD1950758BF6069A060EF
:101690000029D0D1120658BF0846CDD543F04003EB
:1016A0004FF0FF30A38170BDAC68B3E7616B51B1FF
:1016B00004F14402914204D03046FFF7F9FAB4F93C
:1016C0000C30002262630022216923F02403C4E964
:1016D0000012C3E7092243F0400332604FF0FF30AD
:1016E000A38170BD000C002024130108041301081D
:1016F000E4120108F8B58B890C46190707463BD45C
:101700006268002A55DDE66A002E50D000223D684E
:101710003A6013F4805250D101233846216AB04711
:10172000421C5CD0A389E66A5B0705D56368C01AD2
:10173000636B0BB1236CC01A0246216A0023384642
:10174000B047411C3BD13B68002B38D01D2B01D04A
:10175000162B4BD100232269C4E90023616B3D6045
:1017600029B304F14403994202D03846FFF7A0FAA6
:10177000002318466363F8BD2669C6B19A0718BFEF
:101780000023256808BF63692660AD1BA3600CE0D9
:101790002B463246D4F828C03846216AE047B0F1DB
:1017A000000CA5EB0C05664412DD002DF0DC0020DA
:1017B000F8BD226C002AA6DCF9E7606DB4E70022D0
:1017C000236962602360A389DB04C7D56065C5E730
:1017D000A3894FF0FF3043F04003A381F8BD3B687D
:1017E000002B9FD01D2B06D0162B04D0A38943F0CD
:1017F0004003A381F8BD00203D60F8BD38B50B69FA
:10180000BBB10C46054608B18369B3B10D4B9C4290
:1018100011D00D4B9C4213D00C4B9C4208BFEC687E
:10182000B4F90C302BB121462846BDE83840FFF70B
:1018300061BF002038BD6C68F2E700F041F9E5E7D0
:10184000AC68EDE72413010804130108E412010851
:1018500038B540B303690446E3B1174B1D680DB1B9
:10186000AB69CBB1154B9C420FD0154B9C4221D09C
:10187000144B9C4208BFEC68B4F90C3053B12146BC
:101880002846BDE83840FFF735BF6C68B4F90C3026
:10189000002BF4D1002038BD284600F011F9074B89
:1018A0009C42E2D1F1E7084B08491868BDE838408E
:1018B00000F0BEBAAC68DFE7000C0020241301087A
:1018C00004130108E4120108E0120108FD170008E2
:1018D00000207047014900F0ABBA00BFFD170008B7
:1018E00000207047682270B54D1E02FB05F50E46BC
:1018F00005F17401FFF742FA044640B100210C30B3
:10190000C4E9016005F168022160FEF735FF204659
:1019100070BD00BF274B2DE9F0411E680746B36933
:1019200053B34FF004084836D6E90134013B04D5DF
:101930001EE05A1C04F168041AD0B4F90C50013BA3
:10194000002DF6D11C4B08222946C4E90055C4E9F4
:101950000253C4E904556566A56104F15C00FEF715
:101960000BFFC4E90D55C4E912552046BDE8F081CE
:1019700035682DB12E46D7E7304600F01FF8D0E786
:101980004FF4D6713846FFF7F9F9044668B105609F
:1019900029460546C0F804800C304FF4D072A06090
:1019A000FEF7EAFE34602E46BEE70C2330603B6053
:1019B000DBE700BFE01201080100FFFF0023334A0C
:1019C0002DE9F0471268C0E912339042036508BF61
:1019D00001232F4908BF836181620546FFF79AFF03
:1019E000034628466B60FFF795FFA8602846002451
:1019F000FFF790FF04236E68DFF898A0DFF8989057
:101A0000DFF89880264FE8600822F3602146C6E997
:101A10000044C6E904447466B460B46106F15C0035
:101A2000FEF7AAFE1F4BC6E9086AC6E90A983763A3
:101A3000AE680822F3602146C6E90044C6E90444C2
:101A40007466B460B46106F15C00FEF795FE164B57
:101A5000C6E9086AC6E90A983763EE682146F3606A
:101A60000822C6E90044C6E904447466B460B4615F
:101A700006F15C00FEF780FE0123C6E9086AC6E9AC
:101A80000B87C6F82890AB61BDE8F087E01201082B
:101A9000D51800087D200008A5200008E5200008D2
:101AA000052100080900010012000200024B034951
:101AB000186800F0BDB900BFE0120108FD1700086A
:101AC000836903B97AE77047704700BF704700BF6A
:101AD000704700BF704700BF024B0349186800F011
:101AE00087B900BF000C0020D1180008024B034941
:101AF000186800F07DB900BF000C0020E118000854
:101B00009368002B00F0B7802DE9F04FB1F90C304D
:101B10000C4619078046174683B098B225D523692D
:101B20001BB310F002033D682DD04FF0000B5E4652
:101B3000DFF8B8A2002E00F08B80564533465A4697
:101B400028BF53464046216AD4F828C0E047002801
:101B500040F38780BB6883441B1A361ABB60002B96
:101B6000E8D1002003B0BDE8F08F21464046FFF7E2
:101B70003FFD002840F03681B4F90C303D6898B242
:101B800010F00203D1D110F0010976D14E46002E9B
:101B90005AD08205D4F808B040F1B580B3455A4612
:101BA00000F2CD8010F4906F00F0CB8023682169A3
:101BB000A3EB010B636903EB430A0AEBDA7A0BF13F
:101BC00001034FEA6A0A33445345524684BF9A469A
:101BD0005246430540F1EA8011464046FFF7CEF8F1
:101BE000002800F0F9805A4621690190FEF7D2FCE6
:101BF000A289019B22F4906242F08002A28103EB51
:101C00000B0023613246AAEB0B03B346C4F814A0C1
:101C1000A3602060B246002649460192FEF730FDDF
:101C2000A3682168019AA3EB0B030A44A360226016
:101C3000B868D144A0EB0A00B860002891D0B4F98C
:101C40000C0080B2002EA4D1D5E9009608359EE79D
:101C5000D5E900B608356DE721464046FFF7CEFDD1
:101C600080B3B4F90C304FF0FF3043F04003A38150
:101C700003B0BDE8F08F002070471E46AA46994683
:101C800018461D4656B3002832D04A4620682169BE
:101C9000B24228BF32468842636904D9A16803EB87
:101CA000010B5A4574DC934265DC2A464046216AA2
:101CB000D4F828C0E047B0F1000BD2DDB9EB0B0936
:101CC000CAD00120BB685D44A3EB0B03A6EB0B0657
:101CD000BB60002B3FF445AF002ED4D10AF10803BE
:101CE00053F8046C9A4653F8085C0833002EF7D07A
:101CF00032460A21284600F04DF9002869D001300B
:101D0000A0EB0509C1E72068236998421BD86369E5
:101D1000B34218D86FF0004CB44528BFB4469CFBC2
:101D2000F3FC4A4603FB0CF34046216AD4F828C072
:101D3000E047B0F1000A94DDA6EB0A0678E7B34667
:101D40003246206866E7B345DA4628BFB2464946C0
:101D50005246FEF795FCA3682268A3EB0A0352449F
:101D6000A3602260002BE7D121464046FFF746FDE5
:101D70000028E1D075E7294693460192FEF780FCE2
:101D8000A368019A9B1AA36023681A44226095E70E
:101D900029465A46FEF774FC236821465B444046B8
:101DA0002360FFF72BFD002888D05AE7404600F05B
:101DB0003DF9034600287FF422AF40462169FEF733
:101DC00077FF0C22B4F90C30C8F8002023F0800310
:101DD00049E7721C914659E70C22B4F90C30C8F857
:101DE000002040E74FF0FF30BCE600BF00FCFF7F63
:101DF0002DE9F0410026884600F14807D7E9015453
:101E0000013D0ED4A389013D012B06D9B4F90E3052
:101E1000013302D02046C04706436B1C04F168041E
:101E2000F0D13F68002FE9D13046BDE8F08100BF16
:101E30002DE9F8434FF000090746884600F14806AF
:101E4000D6E90154013D10D4A389013D012B08D9E5
:101E5000B4F90E30013304D021463846C04749EA70
:101E600000096B1C04F16804EED13668002EE7D13E
:101E70004846BDE8F88300BFF0B58B890C4699074A
:101E800097B007D5012204F14703C4E90432236067
:101E900017B0F0BDB4F90E10054600292DDB6A46D7
:101EA0000DF0E4FF002827DB019E4FF4806706F465
:101EB0007046A6F50056B6FA86F6394628467609E3
:101EC000FEF75CFF30B3A3891A4A43F08003AA628D
:101ED000C4E90407A3812060002ED9D02846B4F9B4
:101EE0000E100DF0CFFF0028D2D0A38923F00303FA
:101EF00043F00103A381CBE7A38913F0800F14BF44
:101F000040274FF48067284639460026FEF736FF03
:101F10000028D8D1B4F90C309A05B9D4012123F0A6
:101F2000030304F1470243F00203C4E90421A3813F
:101F30002260ADE7D518000870B50C46B1F90E1057
:101F4000164600291D4696B013DB6A460DF08EFF3B
:101F500000280EDB01994FF4806301F47041A1F574
:101F60000051B1FA81F1002049092960336016B0AF
:101F700070BD0022B4F90C302A601B0604D5402342
:101F80000020336016B070BD4FF4806300203360D2
:101F900016B070BD5FFA81FC810710D00346511E58
:101FA0002AB90AE09A0718460AD0013905D318461B
:101FB00013F8012B6245F5D1704700207047114698
:101FC00003290CD80029F8D00346014401E08B42D4
:101FD000F3D0184613F8012B6245F8D1ECE702461E
:101FE00010B54CEA0C2444EA044410460368043259
:101FF0006340A3F1013E2EEA030313F0803F04D1B6
:10200000043903291046F0D851B10346014401E0D8
:102010008B4205D0184613F8012B6245F8D110BD4C
:10202000002010BD704700BF704700BFF8B51446D0
:10203000F9B1CAB106460D4600F068F8A04202D3D5
:102040002F463846F8BD21463046FEF797FE074634
:102050000028F6D022462946FEF79CFA304629464B
:10206000FEF726FE3846F8BD2746FEF721FE384625
:10207000F8BD1146BDE8F840FEF780BE10B50C462D
:10208000B1F90E100DF0E9FE002803DB636D034487
:10209000636510BDA38923F48053A38110BD00BFE5
:1020A000002070472DE9F0410C46B1F90C101F4695
:1020B000CB05054616460BD421F48051A1813B4641
:1020C00032462846B4F90E10BDE8F0410DF0CABE04
:1020D000B4F90E10022300220DF0C6FEB4F90C1064
:1020E000EAE700BF10B50C46B1F90E100DF0BCFECA
:1020F000A389421C0EBF23F4805343F480536065D0
:10210000A38110BDB1F90E100DF0A5BE51F8040C5D
:102110000028A0F10400BCBF0B58C018704700BFD6
:102120002DE9F74304460D4609F0BCF900274FF0AE
:1021300012092D4EDFF8B4807080E0B2854250D98C
:1021400000232B4A0FE01CF801EBBEF1FF0F01D07A
:1021500070451BD001310929F5D10133DBB20C2BBD
:1021600002F109023BD094460021ECE7012A07D195
:10217000012B05D173888DF800708DF8017016E081
:102180008DF801308DF80010738810E0D8F8002029
:102190002AB309FB032333F81120110AD3B2120A20
:1021A000E4D1002BECD18DF800308DF801308DF8A2
:1021B0000230009806F04CFCC0F307238DF80400B1
:1021C000C0F307408DF805308DF806009DF8063005
:1021D00020469DF805209DF8041007F01FFA0134F1
:1021E000ABE703B0BDE8F083640C00201C140020B2
:1021F0009A0C0020032805D8D82202FB00F10248DF
:1022000005F02ABA704700BF20140020074B084A87
:1022100010B51A600023074C2370607009F042F972
:1022200060806078BDE81040FFF7E4BF1C14002018
:1022300020140020640C0020024B1878431E5842E2
:1022400058417047640C0020F0B5124B18780128F3
:102250001DD1114B1B68A3B112244A7804FB023331
:102260000A780E4933F812500E4631F8027BC4B298
:10227000AF4207D104F0070136F81110012023F80E
:102280001210F0BD01300928EFD10021F6E700203F
:10229000F7E700BF640C00201C1400205013010855
:1022A000704700002DE9F0431F4B85B01B784BB3FE
:1022B000002201AC1146104607F0E8FA0025A046BE
:1022C0000A27DFF868900A2249464046FEF762F97D
:1022D00000F086FE0378EAB2B3FBF7F3934200D82E
:1022E000EAB900F07DFE03782678312B0DD9002362
:1022F000962219463046013507F090F90A2D04F16F
:102300000104E0D105B0BDE8F08300F069FE037878
:102310001D2B4FF00003EBD81A469621EAE7002365
:1023200020781A461946E6E7344000204413010895
:10233000F8B50D4616460446364F002845D00BF03A
:102340005FF9354B38601A69570402D51A691104D0
:1023500042D41A69520402D41B691F043ED42E4A87
:102360001169C1F38033490405D5136913F4004F93
:1023700014BF002302232A78511E042930D9062ACB
:1023800030D0002A0CBF03200020244A14B9117851
:10239000994202D11C1A18BF0124022B137023D0BA
:1023A000032B2AD0012B31D102232B7094B100F0E2
:1023B00071FA0022314600F0B7F90BF021F9184B01
:1023C00018600BF0F0F8012005E038680BF0CDF84C
:1023D0003228B4D80020F8BD0323CCE70123CAE794
:1023E0000120D2E70220D0E703232B70002CF1D08C
:1023F00000F050FA00220621DDE701232B70002CAB
:10240000E8D000F047FA00221146D4E7002CE1D0D2
:10241000D3E700BF0015002000080040FC14002096
:10242000F8140020014B1860704700BFF81400201A
:1024300070B503F08DFA0446B8B100F0CDFD284D1B
:1024400002782B789A4206D000F0C6FD002203786D
:102450002B70244B1A6000F0BFFD0378022B16D0BE
:10246000032B04D00BB91F4A1360204670BD1D4DCD
:102470002E689EB90BF0C4F8286000F00BFA0546F0
:1024800000F008FA32460146284601F0E9FE154DF3
:102490002868C0B90BF0B4F82860E6E730460BF0C6
:1024A00064F847F22F539842F1D90BF0A9F828604D
:1024B000112000F051FF44F620600CF0CAFC01200E
:1024C00000F0F0FBE3E70BF050F8074B9842CCD953
:1024D0000BF096F82860012000F0E4FBC5E700BF90
:1024E000FD140020F8140020DF93040013B58DF8CC
:1024F00007100DF10701FFF71BFF044608B9FFF7AE
:1025000097FF204602B010BD2DE9F04103F020FAFC
:10251000002828D020224FF4804158480DF062FF57
:1025200000BF00BF00BF00BF00BF00BF00BF00BFB3
:1025300000BF00BF00BF00BF00BF00BF00BF00BFA3
:1025400000BF00BF00BF00BF00BF00BF00BF00BF93
:10255000302383F3118803220E2148480DF062FFD7
:10256000002383F3118803F0F3F9002828D02022F8
:102570004FF4004141480DF035FF00BF00BF00BFE0
:1025800000BF00BF00BF00BF00BF00BF00BF00BF53
:1025900000BF00BF00BF00BF00BF00BF00BF00BF43
:1025A00000BF00BF00BF00BF00BF302383F311880E
:1025B00003220F2131480DF035FF002383F31188EA
:1025C0002F4B1B7873B309244FF001082D4E56F89A
:1025D000041B4A1C0BD021F00F0701F00F0108FA71
:1025E00001F50122294638460DF0FCFEBD61013C93
:1025F00014F0FF04EBD14FF00108234E56F8041BF2
:102600004B1C0BD021F00F0701F00F0108FA01F568
:102610000122294638460DF0E5FEBD610134E4B2E1
:10262000092CEBD1002280214FF080400DF0DAFE22
:1026300000BF00BF00BF00BF00BF00BF00BF00BFA2
:1026400000BF00BF00BF00BF00BF00BF00BF00BF92
:1026500000BF00BF00BF00BF00BF00BF00BF00BF82
:10266000302383F31188012207214FF080400DF0C1
:10267000D9FE002383F31188BDE8F08100080040F3
:10268000F01E00206013010884130108072805D0FC
:102690000E38012804D8072000F0E4BA0320FBE735
:1026A0007047000008B503F053F938B14FF080438C
:1026B0004FF400129A614FF000729A61074B1B7839
:1026C0005BB1112000F048FE44F620600CF0C1FB25
:1026D000BDE80840022000F0C5BA08BDF01E002089
:1026E00010B5084C237863B100F0C2FA0338012812
:1026F0009DBF0023032023700220BDE8104000F09E
:10270000A3BA10BDF01E002008B500F065FC0378E8
:10271000022B03D100F068FC007808BD0020FCE724
:1027200000F04ABC70470000F8B50C461546064656
:10273000F8B921BB134F3B78A34200D13DB100F063
:102740004BFC0323037000F04FFC002303703C702C
:1027500004F07EFB2946204600F09AFE2A462146D8
:10276000304601F07DFD2A4621463046FFF7DAFF6C
:10277000F8BD0029DED1012000F00EFADAE70220D0
:10278000FAE700BF1A15002037B5044600F024FC14
:102790000378012B0DD00025CDE9005500F01CFC7D
:1027A0000378022B07D0094B2A4619780846FFF711
:1027B000BBFF03B030BD24B1082221466846FDF7B7
:1027C000E9FE684600F026FDF3E700BF1A15002079
:1027D00037B5044600F000FC0378012B0ED000252D
:1027E00000958DF8045000F0F7FB0378022B07D01A
:1027F0000D4B2A4619780846FFF796FF03B030BD07
:1028000074B163788DF80030A3788DF80130E378E7
:102810008DF8023063798DF8033023798DF8043018
:10282000684600F05BFDE9E71A15002037B504465D
:1028300000F0D2FB0378012B0DD00025ADF8065037
:1028400000F0CAFB0378022B07D0114B2A461978F7
:102850000846FFF769FF03B030BD002CFBD063785A
:10286000A27843EA0223ADF80630813B022B09D857
:1028700001220DF1060002FA03F3ADF8063000F074
:1028800011FDE8E70DF1060000F0F6FCE3E700BFFC
:102890001A150020014B1878704700BF1A15002048
:1028A00038B5154C00252378032B22D8DFE803F038
:1028B000020B131B0A2311488370C5700AF052FCE7
:1028C0000123237038BDF6230C48C37085700AF0CD
:1028D00049FC0223F5E7F62308488370C5700AF027
:1028E00041FC0323EDE70A2304488570C3700AF016
:1028F00039FC2570E6E700BF041500200C15002008
:102900007047000010B5FFF7FBFF00F079FA00F008
:1029100075FB01F045FA00F05BF9012803D1BDE831
:10292000104000F05BB900F089F968B9074C2068E5
:1029300004F0E6FD40F6B733984205D900F00EFEEC
:1029400010B104F0CDFD206010BD00BF08150020BF
:102950002DE9F04F00258FB08146CDE90255049551
:10296000ADF8145000F038FB0378012B0AD000F0CA
:1029700033FB0378022B08D05C4B2A4619780846B3
:10298000FFF7D2FE0FB0BDE8F08FB9F1000F00F0F5
:10299000A4804FF01E082022494606A8FDF7FAFD44
:1029A000534F9DF819300DF11A063B7016F8010BC4
:1029B000FDF734FC08F1FF34054414F0FF08EDB2D4
:1029C000F4D14C4E4FF0060BB2461AF8013B9BB3C4
:1029D00000242246D3B29D420BD81AF8013CA342F0
:1029E00018BF0AF8018C22E001331E2B04D11C46CB
:1029F00007E000230DF11A0111F8010BDCB20028E9
:102A0000F2D004F138036B4413F81E0C019203F06A
:102A10002EF940EAC404E4B2214606A80AF072FC8A
:102A20001AF8013C019AA34202F10102D2D10BF142
:102A3000FF3B1BF0FF0BC8D14946202206A8FDF73B
:102A4000A9FD4FF000084FF001095FFA88F39D429D
:102A50000FD800F095FA002845D125480AF06CFB04
:102A600002A800F0F0FB8DE701331E2B04D11C46B9
:102A700007E000230DF11A0212F8011BDCB2002955
:102A8000F2D004F138036B4413F81E0C03F0EFF896
:102A900040EAC404E4B2214606A80AF033FC3246F8
:102AA000002312F8011BA14202D021B93B449C70C3
:102AB00008F10108C9E70133062BF2D16F2CF7D8D2
:102AC0000EAB03EBD40313F8301C04F0070409FA2F
:102AD00004F40C4303F8304CEAE708224946044862
:102AE000FDF74AFEB5E7FFF70DFFB2E71A15002024
:102AF000121500201415002070B5044660B10AF0CC
:102B0000EBFA0D4B834215D018460AF0DFFABDE808
:102B1000704001200AF0C8BC00F05EFA0378022B76
:102B200008D1054D20466B6898472046AB68BDE844
:102B30007040184770BD00BF680C002038B50446CF
:102B400088B10AF0C9FA114C84421ED00122104B00
:102B50001A7001F05BF80F480BF00EFA2046BDE842
:102B600038400AF0B3BA0B4B1B78042B05D1074D44
:102B70006B6898472046AB68984706480CF0FEFE05
:102B800004480DF0F9FA01F049F838BD140F00209F
:102B90003D3C0020504F002010B50C4B04461A78E5
:102BA000824204D00128187002D0022807D010BD3C
:102BB0000020FFF7A1FF2046FFF7C0FFF7E7002046
:102BC000FFF7BCFF0120FFF797FFF0E7800C002024
:102BD000014B1878704700BF800C002010B5FFF73C
:102BE00059FE0E4CB0B90E4B1B78052B12D1236841
:102BF00013B904F075FC2060206804F081FC41F6F4
:102C00005733984208D9002301202360BDE81040C3
:102C100000F048B80023236010BD00BF1C15002041
:102C2000504F002008B5044B186804F069FCC72811
:102C300094BF0020012008BD24150020014B187806
:102C4000704700BF20150020014B1870704700BF6F
:102C50002015002008B504F043FC014B186008BDA6
:102C600024150020014B1870704700BF2815002064
:102C7000014B1878704700BF28150020302310B58D
:102C800083F3118800F0A0FC002484F3118872B64D
:102C900000F052FE00F094FD04F096FD84F31188DC
:102CA00062B610BD014B1870704700BF2915002097
:102CB00010B5074C237828B11BB1FFF7CBFF0323D6
:102CC000237010BD002BFCD10122024B1A70F8E7D3
:102CD0002015002029150020F8B50F4B0F4E1F6856
:102CE00001F00BF8054618B9002434702046F8BDF1
:102CF000FFF7D0FD18B90A4B1B78042BF4D03478B9
:102D00001CB100232C463370F0E7002FEED004F006
:102D100093F8B842EAD3F4E7840C00202915002088
:102D2000504F002008B500F0EBFF18B1BDE8084097
:102D3000FFF778BF08BD0120704708B5FFF7FBFF1C
:102D400018B1BDE80840FFF76DBF08BD70B5FFF7CB
:102D5000A1FD044668B9084E3578012D09D100F06F
:102D600055FF30460BF008F9224621462846FFF76A
:102D7000DBFC012070BD00BF504F002008B5FFF7FD
:102D8000E5FF18B1BDE80840FFF74CBF08BD70472C
:102D900008B508F0D7FA003818BF0120044B1870A6
:102DA00008F0B8FA0AF0F6FBFFF7F1FF08BD00BF24
:102DB0002A150020002310B5074C2370FFF772FC82
:102DC000FFF75CFF2378054A022B18BF032313701B
:102DD000FFF786FC10BD00BF28150020201500203D
:102DE00008B5064B1B780BB108F07AFA0AF0DBFB4A
:102DF00002F08AFDBDE8084004F02AB82A15002038
:102E000010B5154C2378032B1BD8DFE803F0020A1A
:102E1000131BFFF761FFA0B1FFF71CFF0123237015
:102E20000FE0FFF77FFF60B1FFF7B2FFFFF712FF80
:102E30000223F4E7FFF781FF18B1FFF70BFFFFF75D
:102E4000B9FF10BDFFF79AFF0028FAD0FFF7C8FFBF
:102E5000FFF700FF0023E2E720150020202938B506
:102E600005460C4610D1FFF7B3FE012806D12246D5
:102E70002946BDE8384002200BF0C4B82146284658
:102E8000BDE8384000F0E0BA38BD09F0D3BF00001B
:102E9000054A064B06495A60116051609A60DA6033
:102EA000002219611A707047101D0020FC1C0020C0
:102EB0002B1500202DE9F041174C0E466768A568D8
:102EC00007F59C784545E36804D19F4206D1002070
:102ED000BDE8F08105F108029342F7E70F49226946
:102EE00001F2CF739B1A312B98BF2161322EEED89D
:102EF0002369014632461846FDF74CFB034645451B
:102F0000334428606B6018BF08354FF0010023611F
:102F10000CBFA760A560DBE7FC1C00202B15002080
:102F2000074A10B5D3689268934207D0D3E90014DA
:102F3000641A2246FDF72EFB204610BD0024FBE755
:102F4000FC1C0020074BDA6899688A4208D059684F
:102F500001F59C70824201D1D96070470832DA6075
:102F6000704700BFFC1C0020014B1878704700BF61
:102F7000FC1C0020014B1870704700BFFC1C002097
:102F8000034BD8689B68C01A18BF0120704700BF68
:102F9000FC1C00200246002330B50C1812F8015B1F
:102FA0002B44A242DBB2F9D1435430BD012070471B
:102FB00008B5FFF7FBFF08BD08B54FF4E1300AF094
:102FC000B5FDFFF765FFBDE8084024220021014858
:102FD000FDF7D2BB551E002000487047880C00202A
:102FE000004870478B0C002000487047890C002077
:102FF00018B111B189B20AF0C9BD704773B5FFF7B6
:10300000B3FF03280FD8DFE800F040022D3B774BD9
:10301000186804F075FA0A2805D900220220744BBA
:103020001A70FFF7A7FF734D734C0AF0B9FD002823
:1030300056D00AF0A1FD2A68012A38D0022A3ED0D3
:10304000002A5BD161282FD85F2804D8A0F15A0349
:10305000DBB2032BE9D8012302222B60674B2070DF
:103060001A70E2E7624A13780133DBB2282B02D8E8
:1030700013700020D5E700231370FFF763FFF8E714
:10308000FFF760FF0020FFF775FF5D48FFF748FF7F
:1030900001460028C7D05A48FFF7AAFF04F020FADB
:1030A000524B18600120BCE7AF28BED1D3E7022302
:1030B000524A2B6013786070013B1370B5E7237898
:1030C000612B0FD163780D2B18D10A2816D1FFF789
:1030D0004BFF012802D10320FFF74CFF00232B6098
:1030E00002B070BDAF2B09D16378602B06D10323EA
:1030F0002B60424BA0700130187096E73F49531C7B
:103100002B600B78A054013BDBB20B70002B8CD1F1
:10311000194639488A421FD1A25C9A4230D1032213
:10312000384901A8FDF736FA032101A80AF02EFD5F
:1031300020462978FFF73CFF0028D1D02378602B68
:1031400010D8592B1CD95A3B062B19D8DFE803F0AD
:103150001B1F3F431818470010F8016B013133441F
:10316000DBB2D7E7AF2B0BD1A678202E08D12649AA
:1031700032462648FDF70EFA31462448FFF785FE11
:1031800000232B6051E76278214B5A70F8E763788F
:10319000313B052BF4D801A252F823F0B5310008D9
:1031A000BD310008C33100088131000881310008B9
:1031B000C93100080122164B1A70E1E70222144BB4
:1031C000FAE70322124BF7E70422114BF4E7627887
:1031D0000F4BDA70D4E762780D4B9A70D0E76078C5
:1031E000431E58425841FFF763FDC9E7C01E002047
:1031F000BD1E0020501E0020991E0020541E0020DD
:10320000551E0020A81301089C1E0020791E0020D6
:10321000880C00201FB5002301930293ADF80C30F9
:10322000A123082201460DF105008DF80430FDF7B9
:10323000B1F901A80921FFF7ADFE0A21FFF73AFE17
:1032400005B05DF804FB1FB50023CDE90033029300
:103250000393A2230E2201460DF101008DF80030E8
:10326000FDF798F968460F21FFF794FE1021FFF74C
:1032700021FE05B05DF804FB002307B50193A323ED
:10328000022201460DF105008DF80430FDF782F9A8
:1032900001A80321FFF77EFE0421FFF70BFE03B018
:1032A0005DF804FB37B5022504462A460A4901A801
:1032B000FDF770F900238DF80630A4238DF8043053
:1032C0002378294601A88DF80530FFF763FE032116
:1032D000FFF7F0FD03B030BD94110108002307B5DE
:1032E0000093ADF804308DF80630A823052201467E
:1032F0000DF101008DF80030FDF74CF9684606210C
:10330000FFF748FE0721FFF7D5FD03B05DF804FB8A
:1033100030B50021054687B0112201A80091FDF7C4
:103320002BFA2846FDF73EFCC4B2122C11D8A92373
:10333000224629460DF102008DF800308DF801403B
:10334000FDF728F9A11C6846FFF724FE1521FFF7B9
:10335000B1FD07B030BD000037B5022504462A464E
:103360000A4901A8FDF716F900238DF80630A623B7
:10337000294601A88DF804308DF80540FFF70AFEB4
:103380000321FFF797FD03B030BD00BF9411010882
:1033900030B50C4600218FB005462D2202A80191C0
:1033A000FDF7EAF92E2C11D8AB23224629460DF160
:1033B00006008DF804308DF80540FDF7EBF8A11CF0
:1033C00001A8FFF7E7FDE11CFFF774FD0FB030BD6A
:1033D00030B50C4600218FB005462D2202A8019180
:1033E000FDF7CAF92E2C11D8AC23224629460DF13F
:1033F00006008DF804308DF80540FDF7CBF8A11CD0
:1034000001A8FFF7C7FDE11CFFF754FD0FB030BD69
:103410001FB5002304220293ADF80C30AD2340EA1F
:10342000014001900DEB02010DF109008DF808300B
:10343000FDF7B0F802A80521FFF7ACFD0621FFF764
:1034400039FD05B05DF804FB30B50C4600218BB0AA
:103450000546202202A80191FDF78EF9202C14D1F7
:10346000AF238DF804306123224629460DF1070071
:103470008DF805308DF80640FDF78CF8232101A862
:10348000FFF788FD2421FFF715FD0BB030BD0000CC
:1034900010B50C46062851D8DFE800F004212C3581
:1034A0003E4709001120BDE81040FFF755BF30200E
:1034B000FFF752FF002C41D012212148FFF768FF8F
:1034C00018212048FFF784FF43F22D404EF2C641F9
:1034D000FFF79EFF5220FFF73FFF5120E3E7312027
:1034E000FFF73AFF54B35220FFF736FF1648FFF7B5
:1034F0000FFFF2E73220FFF72FFFFCB15220FFF75A
:103500002BFF1248F3E73320FFF726FFB4B1522018
:10351000FFF722FF0E48EAE73420FFF71DFF6CB1EA
:103520005220FFF719FF0B48E1E73520FFF714FFA2
:1035300024B15220FFF710FF0748D8E710BD00BFA5
:10354000AC130108BE130108D6130108E0130108EB
:10355000EA130108F41301080014010808B5FFF785
:103560000FFD20B95320FFF7F7FE012008BD002012
:10357000FCE7000010B5C4B20B2C03D0122C0ED007
:10358000012000E00220FFF76DFB2046FFF77EF8E8
:103590000CF001FF4FF0FF32024B5A6110BD0420C6
:1035A000F1E700BF001800400023054A0549C2E9C1
:1035B00000130133102B02F10802F8D1704700BF4D
:1035C000B04B0020753500082DE9F041FFF7ECFF06
:1035D00002F0BEF9002800F0938009254FF00108A1
:1035E000724E56F8041B481C0CD021F00F0701F056
:1035F0000F0108FA01F421460522384624040CF094
:10360000F1FEBC61013D15F0FF05EAD1062401265B
:103610003027674D55F8040B411C2ED000F00F01E8
:10362000202206FA01F120F00F000CF0DBFE00BFB3
:1036300000BF00BF00BF00BF00BF00BF00BF00BF92
:1036400000BF00BF00BF00BF00BF00BF00BF00BF82
:1036500000BF00BF00BF00BF00BF00BF00BF87F3B7
:10366000118855F8040C022200F00F0120F00F0021
:103670000CF0D8FE002383F31188013C14F0FF0402
:10368000C8D100224FF480614FF080400CF0AAFEB8
:1036900000BF00BF00BF00BF00BF00BF00BF00BF32
:1036A00000BF00BF00BF00BF00BF00BF00BF00BF22
:1036B00000BF00BF00BF00BF00BF00BF00BF00BF12
:1036C000302585F3118803220A214FF080400CF049
:1036D000A9FE002484F3118885F3118801220C21AE
:1036E0004FF080400CF09EFE84F3118806212320C9
:1036F0000CF0F8FBFEF708FFBDE8F0410CF02CBE23
:1037000009254FF001082B4E56F8041B4A1C0CD01B
:1037100021F00F0701F00F0108FA01F421460522FC
:10372000384624040CF05EFEBC61013D15F0FF0537
:10373000EAD10624012630271F4D55F8040B431CFF
:103740002ED000F00F01202206FA01F120F00F0028
:103750000CF048FE00BF00BF00BF00BF00BF00BFAD
:1037600000BF00BF00BF00BF00BF00BF00BF00BF61
:1037700000BF00BF00BF00BF00BF00BF00BF00BF51
:1037800000BF00BF87F3118855F8040C022200F037
:103790000F0120F00F000CF045FE002383F3118889
:1037A000013C14F0FF04C8D16BE700BF0C14010802
:1037B000B014010830140108B0140108704700006B
:1037C00008B50AF069FC03222B4B2C499A620C22A3
:1037D000DA62D1F890202A4822F01802C1F890202D
:1037E00000229A62DA62D3F8402C03F5406342F477
:1037F00080721A641A6C4FF4006142F002021A647B
:1038000001225A63DA67DA6608225A615A695A61F4
:103810005A6942F001025A619A6C42F4C0629A6499
:103820009A6C9A6C42F480429A649A6CDA6C42F018
:103830000802DA64DA6C9A6C42F480529A649A6CE8
:10384000DA6C42F01002DA6440F28232DB6C0CF087
:10385000C9FD40F282324FF400714FF080400CF00D
:10386000C1FD40F282324FF480614FF080400CF095
:10387000B9FDFFF7A3FF08BD0000014000040140AF
:10388000000800404FF0E02210B500210124136928
:1038900023F001031361224B224A5A6100228B005C
:1038A00003F1604303F56143D3F80001D040C00742
:1038B00048BF04FA02F002F1010248BFC3F88001D8
:1038C000202AF1D101310829E8D1174C636843F06F
:1038D00000736360154B1A6802F009021A601A68D7
:1038E00042F46C3242F004021A6040F2B3321A62BF
:1038F0000F4B43F001039847236943F0040323610E
:1039000030BF0C4B43F0010398474FF0E02223698E
:1039100023F004032361136943F00103136110BD15
:1039200000180040FFFF070000ED00E0000001402C
:103930008814010854140108FFF7A4BF08B507F064
:10394000B1FD1E3080B2962828BF9620C0B208BDB7
:103950000B8807B5A3F5FC43032B1ED8DFE803F063
:1039600002213B55364A012013789278C3F3420373
:1039700002F007020DF107018DF80730FEF7D8FCC1
:103980009DF80730042B02D013F0FD0F05D1FEF790
:1039900081FF01221146FEF7C7FE002003B05DF84B
:1039A00004FB274A012013789278C3F3420302F004
:1039B00007020DF107018DF80730FEF7B9FC9DF8FD
:1039C0000730042B02D013F0FD0FE6D1FEF762FFA3
:1039D00001220221DFE71A4A012013789278C3F30B
:1039E000420302F007020DF107018DF80730FEF7E0
:1039F0009FFC9DF80730042B02D013F0FD0FCCD1B3
:103A0000FEF748FF01220321C5E70D4A0120137884
:103A10009278C3F3420302F007020DF107018DF81B
:103A20000730FEF785FC9DF80730DA1E012A01D920
:103A3000002BB2D1FEF72EFF01220621ABE700BF1B
:103A4000AC49002008B540F282324FF400714FF0CB
:103A500080400CF0C7FCBDE8084040F282324FF4D1
:103A600080614FF080400CF0BDBC000010B50A4CE6
:103A7000238803F00E0363F0FE032380A37823F072
:103A80000F0343F00103A370FEF70AFC2068BDE8B2
:103A9000104003F084B900BFAC490020002310B5EA
:103AA00086B08DF80C3004938DF8143055238DF8C2
:103AB0000830052304AC8DF809008DF80A108DF844
:103AC0000B201946009402AA0F2004F0D3FA06B086
:103AD00010BD000008B503F060F9044B186018B978
:103AE000BDE80840FFF7C2BF08BD00BFAC490020D9
:103AF00008B5FFF7EFFF09F083FD3C4B186001F0BC
:103B000027FF0122202100285CD04FF080400CF0DC
:103B100069FC07F0C7FC18B14FF0804320229A617E
:103B200001224FF480714FF080400CF05BFC07F0F5
:103B3000B9FC20B14FF080434FF480729A6120228B
:103B40004FF480412A480CF04DFC20224FF40041F4
:103B500027480CF047FC4FF40033264801228361CC
:103B600002210CF03FFC002280214FF080400CF03D
:103B700039FC4FF4004120224FF080400CF032FC21
:103B8000FEF7CEFD09F03CFD1B4B186003F0A9F9D0
:103B90001A4B18780009FEF739FB07F05FFC184B49
:103BA000C0F307221870C0F307405A709870FFF7EF
:103BB00017FA144B027814491A700F20BDE8084018
:103BC00004F04ABA4FF080400CF00CFC01224FF494
:103BD00080714FF080400CF005FC07F063FC00287A
:103BE000ADD04FF0804320229A61A5E7E81E002067
:103BF0000008004000040040F41E0020AC490020F2
:103C0000A849002038400020455800084FF40032F1
:103C1000014B9A61704700BF000400400222014B33
:103C20009A617047000400407FB5FFF70BFF042244
:103C300000210DF10900FCF79FFD002204AB049266
:103C40008DF814200093CC2205238DF80820194606
:103C500002AA0F2004F00EFA07B05DF804FB10B5BD
:103C600001F076FE70B107F01DFC18B14FF08043F3
:103C700020229A6107F016FC20B14FF080434FF4E8
:103C800080729A61FEF706FE0446FEF703FE0022EC
:103C900001462046FEF748FDFFF7C6FF09F0B0FCDD
:103CA000BDE81040FEF7BEBB7FB5042200210DF138
:103CB0000900FCF761FD002204AB04928DF814208A
:103CC0000093BB2205238DF80820194602AA0F2075
:103CD00004F0D0F907B05DF804FB08B501F038FE38
:103CE00038B14FF080434FF400129A614FF0807268
:103CF0009A61BDE80840FFF7D7BF00207047000079
:103D000010B586B001F024FE48B30023ADF80A30A8
:103D10008DF80C3004938DF81430AA238DF80830F8
:103D20001A4B04AA1B780F208DF809300523009246
:103D3000194602AA04F09EF9154B1B7813F00E0FDA
:103D40000DD004224FF480614FF080400CF04AFB0C
:103D500004224FF400714FF080400CF043FBFEF75B
:103D600099FD78B90B4B1B7863B90B4C2378012B69
:103D700008D00222094B20469A610CF0FDF920463A
:103D80000BF0FCFD012006B010BD00BFF01E0020AE
:103D9000AC490020D01E0020504F002000040040FD
:103DA00038B5144D144C2868C8B109F0DEFB6328FF
:103DB00015D97020FFF7D0FA5520FFF7CDFA57201C
:103DC000FFF7CAFA0022217811F00E0F0CBF012074
:103DD0001046C1F34201FEF7A7FC00232B60A27836
:103DE00021780020BDE8384002F00702C1F342010B
:103DF000FEF77CBBF41E0020AC490020554B37B5C4
:103E00001880A0F5FC400C46032800F2A080DFE8F3
:103E100000F002355778504A012013789278C3F3A6
:103E2000420302F007020DF107018DF80730FEF79B
:103E30007FFA9DF80730042B02D013F0FD0F1AD142
:103E40006579464C002D7DD0FEF724FD012805D074
:103E5000FEF720FD00220121FEF766FC237833B92E
:103E600040F6B8303B4A3E4907F032FF207009F077
:103E7000C7FBFEF7D7FA002003B030BD364A012059
:103E800013789278C3F3420302F007020DF10701A1
:103E90008DF80730FEF74CFA9DF80730042B02D05E
:103EA00013F0FD0FE7D165792C4C002D4AD0FEF7B9
:103EB000F1FC0228D2D0FEF7EDFC00220221CBE774
:103EC000254A012013789278C3F3420302F00702D7
:103ED0000DF107018DF80730FEF72AFA9DF807303B
:103EE000042B02D013F0FD0FC5D165791B4C4DB3E7
:103EF000FEF7D0FC0328B1D0FEF7CCFC0022032152
:103F0000AAE7154A012013789278C3F3420302F01E
:103F100007020DF107018DF80730FEF709FA9DF849
:103F20000730DA1E012A01D9002BA4D165790B4C88
:103F300045B1FEF7AFFC062890D0FEF7ABFC00229F
:103F4000062189E7207807F0D1FE25708FE7012050
:103F500092E700BFDE1E0020AC490020FB1E0020BF
:103F6000513900082DE9F04104460D4601F090FD5D
:103F70000646A0B3244B1A783AB16A792AB10022D6
:103F8000114610461A7005F081FCFFF725F80378FA
:103F9000022B03D109F034FBFEF744FA45F2232348
:103FA0009C4207D047F643039C4218D045F2212398
:103FB0009C4217D195F80580B8F1000F0FD1FEF79C
:103FC0003BF9074658B1114E33782BB129462046AC
:103FD00086F80080FEF738F9012333703E463046FC
:103FE000BDE8F081FEF728F90028F8D0A4F5A44335
:103FF000203B1F2BF3D96B79002BF0D029462046AC
:10400000FEF722F90026EAE7FA1E002058400020B9
:1040100013B507F0DDF90128374C0CD107F01EFA73
:10402000C0F3072310F0FF008DF8053013D1DBB289
:10403000C3B10323237023780133DBB20B2B23702E
:1040400020D10023237007F05DF923782B4AD05C40
:1040500007F0BAF922E0782810D005D8282809D02E
:10406000502809D00923E5E7A02809D0C828F9D1AC
:104070000823DFE70423DDE70523DBE70623D9E791
:104080000723D7E70A2BDED107F0E8F9FF21C0F3B9
:104090000742002007F0DFF907F04CF907F0DEF9DE
:1040A0002378C0F30742092B24D8DFE803F01D234F
:1040B00023050C0F1215181BFF21002002B0BDE8CC
:1040C000104007F0C8B9FF212820F7E7FF21502052
:1040D000F4E7FF217820F1E7FF21A020EEE7FF21A0
:1040E000C820EBE70021E8E7FF2002B0BDE8104060
:1040F00007F056BAC820F8E7F11E00208C0C00200B
:1041000030B587B0FEF7C6FB20B93C4B1B780BB12E
:10411000FEF7C6FBFEF7F6FB4FF080431B69384CF9
:10412000C3F3C013237001F013FC20B3354D28688E
:1041300009F01BFAB0F57A7F1DD309F061FA00236C
:10414000ADF80A308DF80C3004938DF81430F1235B
:104150008DF80830237804AA8DF8093005232860EB
:10416000194600920F2002AA03F084FF18B109F04B
:1041700047FA254B18604FF080431B69234AC3F36D
:10418000C0331370227882B3002B14BF66246424DA
:104190001F4D286858BB09F033FA28602046FFF706
:1041A000DBF85320FFF7D8F801F0D2FBC0B1194C6F
:1041B000206809F0DAF9B0F5FA6F11D909F020FAA0
:1041C0002060FEF70DFF144D03782B70FEF762FBA5
:1041D0000446FEF75FFB2A7801462046FFF75EFCA7
:1041E00007B0BDE8304002F098BE6524D0E709F082
:1041F000BCF9B0F57A7FCED8D6E700BF35400020B5
:10420000D01E0020E41E0020E81E0020C41E002056
:10421000D81E0020E01E00203840002073B515464F
:1042200006461C46019109F0EBF9084B0322186081
:10423000074B64001E60074B01A91D60064B074831
:104240001C60FCF7A7F902B070BD00BF081F00207A
:10425000FC1E0020001F00200C1F0020051F002056
:10426000F7B55E4B5E4D0E462F7814461A70FEF77A
:1042700011FBC7F34207874213D0FEF70BFB2B78E5
:1042800000F0070060F343032B7003F00E032BB123
:1042900003289EBFAB7860F30203AB70286802F07E
:1042A0007EFD711E052900F29780DFE801F0031FF3
:1042B000374F677FFF237CB100228DF806308DF8E1
:1042C00004208DF805200123C8221120019903B094
:1042D000BDE8F040FFF7A2BF8DF806304FF4FA7248
:1042E00001238DF804408DF80540EEE7FF235CB113
:1042F00000228DF806308DF804208DF8052001236A
:10430000C82212200199E2E78DF806304FF4FA72C4
:1043100001238DF804408DF80540F2E7FF235CB1DE
:1043200000228DF806308DF804208DF80520012339
:10433000C82213200199CAE78DF806304FF4FA72AB
:1043400001238DF804408DF80540F2E7FF235CB1AE
:1043500000228DF806308DF804208DF80520012309
:10436000C82229200199B2E78DF806304FF4FA727D
:1043700001238DF804408DF80540F2E7FF235CB17E
:1043800000228DF806308DF804208DF805200123D9
:10439000C8222A2001999AE78DF806304FF4FA7264
:1043A00001238DF804408DF80540F2E7FF238DF8D6
:1043B00004304CB10023C8228DF805308DF806304A
:1043C00001231420019982E701234FF4FA728DF83A
:1043D00005408DF80640F4E703B0F0BD041F00204F
:1043E000AC49002010B5FEF7F7FD0378022B0CD086
:1043F000FEF750FA0446FEF74DFA064B01461A78CE
:104400002046FFF72DFF012010BD01F057FC0020D2
:10441000FAE700BF041F002070B5164C2068D0B129
:1044200009F0A3F8144B154D1B68984208D2144BA1
:1044300018682B6813F0010313D11A46194614E0CB
:1044400009F0DEF82B68206033B900232360FFF702
:10445000C9FF0028EBD170BD013B2B60002BE6D1DA
:10446000F3E708498B784A780978BDE8704005F091
:10447000D5B800BF081F0020001F00200C1F00201F
:10448000FC1E0020051F0020F7B50C4C1D462378AC
:1044900006461746019173B90123237009F0B0F85D
:1044A0006D006060032201A904F11100A760E560BE
:1044B0002674FCF76FF803B0F0BD00BF3C4000204D
:1044C00010B5124C237803B3606809F04EF8A36866
:1044D00098420FD309F094F8E368606033B9002381
:1044E0002370636000231A46194609E0013BE3602C
:1044F000002BF4D0E368DB07F4D5E37CA27C617C7D
:10450000207CBDE8104005F089B810BD3C4000207B
:1045100037B5FFF713FA044601F01AFA002852D013
:104520002A4B1D78FDB12A4B1D782A4B85B10025F9
:10453000224629461D6028462B4605F06FF82B467B
:10454000224629463D2003B0BDE8304005F066B85C
:104550002A4621461D6028462B4605F05FF82B466B
:104560002A462146EEE7FEF73BFD0378052B28D8C7
:104570008DF804408DF805508DF80650012347F260
:1045800030523F200199FFF77FFFFEF729FD0378A6
:10459000CBB9104C236813B909F032F820602068B9
:1045A00088B108F0E2FF4EF6602398420BD9002351
:1045B00001202360084B187003B0BDE83040FEF7BF
:1045C00071BB044B1D6003B030BD00BFD01E002086
:1045D000C41E0020CC1E0020F01E00202DE9F34157
:1045E00006461D46182000231746134A019100FB7A
:1045F00003F111F802808C18B8F1000F17D10123D4
:10460000237008F0FDFF6D0060600322A760E56085
:10461000267401A904F11100FBF7BCFFFF2E0ABFAD
:10462000064BC4F81480636102B0BDE8F081013329
:10463000632BDCD1F8E700BF60400020D1460008C2
:104640001FB500248DF800408DF801408DF8024020
:1046500000990123FA223620FFF7C0FF8DF80440AD
:104660008DF805408DF8064001990123FA22422079
:10467000FFF7B4FF8DF808408DF809408DF80A4027
:1046800002990123FA224320FFF7A8FF0123FA220F
:1046900041208DF80C408DF80D408DF80E400399A7
:1046A00004B0BDE81040FFF799BF102307B58DF89F
:1046B00004308DF805308DF80630FA220323FF20F0
:1046C0000199FFF78BFF012003B05DF804FB0000A8
:1046D0001822144B82B002FB0030437C6E2B10D1A9
:1046E000827CE2B9C27CD2B98DF804308DF8052005
:1046F0008DF806200123FA22FF20019902B0FFF76E
:104700006DBF63B9837C6E2B09D1C37C3BB98DF837
:1047100004308DF805306F238DF80630EAE702B0DB
:10472000704700BF60400020094A0023114610B5C1
:10473000147C844206D1182253430022C818C26058
:10474000CA5410BD0133632B02F11802F0D1F8E70F
:1047500060400020F0B587B005460E46FFF702FC2A
:1047600018B90024204607B0F0BD31462846FFF7AF
:1047700045FB04460028F4D0452D7FD81D2DF1D9E6
:104780001E3D272DEED801A353F825F05D4E0008FD
:10479000A54E0008ED4E0008414F00089D4F00084F
:1047A000E94F00083150000881500008DD50000832
:1047B0002D510008654700081D5200087952000875
:1047C00065470008654700087D510008CD51000885
:1047D0006547000865470008654700086547000809
:1047E00065470008654700084B5200086547000808
:1047F00065470008654700086547000857490008F5
:10480000C7490008374A0008A74A0008174B0008A4
:104810009B4B00080D4C00087F4C0008DD4C000845
:10482000254D0008814D0008DF4D0008A5F5FC4529
:10483000053D022D00F28185DFE815F08B06490564
:104840009806A5F5F045433D092D8BD801A353F8F3
:1048500025F000BFD75400086547000865470008E9
:104860006547000865470008654700089D53000834
:10487000E9530008595300087353000847F64C03E6
:104880009D424BD847F642039D42DAD8B5F5A44F76
:1048900000F0CE851FD8E32D00F02C86E72D7FF4A5
:1048A00061AFAB4D287801F0E2F9022840F045866F
:1048B000A84B1B78DB067FF555AFFDF7BDFC002844
:1048C0007FF450AF7579E720002D00F03E8601F0AF
:1048D000A9F82C4646E745F202239D4200F0D28516
:1048E00047F213039D427FF43DAFFDF7A5FC00287E
:1048F00040F0EF847579002D3FF434AF00236E2231
:104900008DF810308DF811208DF81230FA22012325
:10491000FF200499FFF762FE2C4623E747F6076362
:104920009D423FF61FAF47F603639D423FF67EAFC1
:10493000B5F5F84F00F0F68447F603439D427FF447
:1049400011AF7479844D002C00F0038508F058FEF7
:104950000024286006E7814B7D4D9B782878DF0690
:1049600015D501F084F9022805D1747954B9AF2026
:1049700001F06EF8F6E6287801F079F903287FF463
:10498000F1AEF2E7AF2001F04DF80024EAE601F0C5
:104990006EF902283FF4E6AE287801F068F90328A2
:1049A0003FF4E0AE6E4B1B7813F00A0F3FF4DAAE23
:1049B0007379B2201BB101F035F80024D2E601F082
:1049C00047F80024CEE6654B614D9B78287813F0BC
:1049D000100715D001F04BF9022805D1747954B9AC
:1049E000AA2001F035F8BDE6287801F040F9032847
:1049F0007FF4B8AEF2E7AA2001F014F80024B1E683
:104A000001F035F902283FF4ADAE287801F02FF916
:104A100003283FF4A7AE524B1B7813F00A0F3FF464
:104A2000A1AE7479BE201CB100F0FCFF3C4699E6B3
:104A300001F00EF896E6494B454D9B78287813F027
:104A4000100715D001F013F9022805D1747954B973
:104A5000A92000F0FDFF85E6287801F008F9032879
:104A60007FF480AEF2E7A92000F0DCFF002479E6B5
:104A700001F0FDF802283FF475AE287801F0F7F850
:104A800003283FF46FAE364B1B7813F00A0F3FF448
:104A900069AE7479BD201CB100F0C4FF3C4661E6EC
:104AA00000F0D6FF5EE62D4B294D9B782878D9067D
:104AB00015D501F0DCF8022805D1747954B9A82085
:104AC00000F0C6FF4EE6287801F0D1F803287FF405
:104AD00049AEF2E7A82000F0A5FF002442E601F06D
:104AE000C6F802283FF43EAE287801F0C0F803284B
:104AF0003FF438AE1A4B1B7813F00A0F3FF432AE76
:104B00007379B1201BB100F08DFF00242AE600F07C
:104B10009FFF002426E6114B0D4D9B78287813F05B
:104B200010071FD001F0A3F8022805D1747954B9F9
:104B3000AD2000F08DFF15E6287801F098F80328E5
:104B40007FF410AEF2E7AD2000F06CFF002409E620
:104B5000161F0020C8490020D41E0020AC490020A8
:104B60001A1F002001F083F802283FF4FBAD2878DB
:104B700001F07DF803283FF4F5ADA54B1B7813F049
:104B80000A0F3FF4EFAD747968201CB100F04AFFC2
:104B90003C46E7E500F05CFFE4E59E4B9E4D9B78CC
:104BA000287813F0100716D001F061F8022806D11A
:104BB00073795BB9AC2000F04BFF0024D2E5287874
:104BC00001F055F803287FF4CDADF1E7AC2000F0FB
:104BD00029FF0024C6E501F04AF802283FF4C2ADDF
:104BE000287801F044F803283FF4BCAD884B1B78CB
:104BF00013F00A0F3FF4B6AD747969201CB100F0D0
:104C000011FF3C46AEE500F023FFABE5814B824D42
:104C10009B78287813F0100716D001F028F80228A6
:104C200006D173795BB9AE2000F012FF002499E53C
:104C3000287801F01CF803287FF494ADF1E7AE204A
:104C400000F0F0FE00248DE501F011F802283FF499
:104C500089AD287801F00BF803283FF483AD6C4B45
:104C60001B7813F00A0F3FF47DAD74796A201CB1F4
:104C700000F0D8FE3C4675E500F0EAFE72E5654BB3
:104C8000654D9B782878DA0616D500F0F0FF0228EB
:104C900006D173795BB9AB2000F0DAFE002461E540
:104CA000287800F0E4FF03287FF45CADF1E7AB2047
:104CB00000F0B8FE002455E500F0D9FF02283FF4CB
:104CC00051AD287800F0D3FF03283FF44BAD504B93
:104CD0001B7813F00A0F3FF445AD69E74D4B4E4D7D
:104CE0009B782878DB060BD500F0C1FF02283FF443
:104CF00007AF287800F0BBFF03287FF433ADFFE651
:104D000000F0B5FF02283FF42DAD287800F0AFFF8A
:104D100003283FF427AD3E4B1B7813F00A0F3FF4F6
:104D200021AD7EE73B4B3C4D9B782878DF0615D5BF
:104D300000F09DFF022805D1747954B9B52000F028
:104D400087FE0FE5287800F092FF03287FF40AAD74
:104D5000F2E7B52000F066FE002403E500F087FFCF
:104D600002283FF4FFAC287800F081FF03283FF4CD
:104D7000F9AC274B1B7813F00A0F3FF4F3AC88E72C
:104D8000244B254D9B78287813F010070BD000F0AA
:104D90006EFF02283FF40CAE287800F068FF03286D
:104DA0007FF4E0AC04E600F062FF02283FF4DAACE6
:104DB000287800F05CFF03283FF4D4AC144B1B7838
:104DC00013F00A0F3FF4CEAC747940F229301CB1D5
:104DD00000F028FE3C46C5E400F03AFEC2E40D4B6C
:104DE0000D4D9B78287813F010071CD000F03FFF82
:104DF000022805D174798CB9B42000F029FEB1E401
:104E0000287800F034FF03287FF4ACACF2E700BF51
:104E10001A1F0020AC490020161F0020B42000F00B
:104E200001FE00249EE400F022FF02283FF49AAC29
:104E3000287800F01CFF03283FF494ACA44B1B78A7
:104E400013F00A0F3FF48EAC7479A6201CB100F069
:104E5000E9FD3C4686E400F0FBFD83E49D4B9B7836
:104E6000DD067FF57FAC9C4C207800F000FF022827
:104E70000ED0207800F0FBFE032809D074793A2088
:104E80001CB100F069FF00246CE400F0ADFF69E4A0
:104E90007479BE201CB100F05FFF002462E400F0D2
:104EA000A3FF5FE48B4B9B78D8067FF55BAC8A4C05
:104EB000207800F0DCFE02280ED0207800F0D7FE2B
:104EC000032809D074793B201CB100F045FF002471
:104ED00048E400F089FF45E47479BD201CB100F07E
:104EE0003BFF00243EE400F07FFF3BE4794B9B78DE
:104EF000D9067FF537AC784C207800F0B8FE022850
:104F00000ED0207800F0B3FE032809D074793C203D
:104F10001CB100F021FF002424E400F065FF21E42F
:104F20007479E32034B100F017FF2B2000F014FF58
:104F3000002417E400F058FF2B2000F055FF11E487
:104F4000644B9B78DA067FF50DAC634C207800F05B
:104F50008EFE022810D0207800F089FE03280BD0A6
:104F600074793D2024B100F0F7FE0024FFF7FABB6E
:104F700000F03AFFFFF7F6BB7479E3203CB100F094
:104F8000EBFE082000F0E8FE0024FFF7EBBB00F08A
:104F90002BFF082000F028FFFFF7E4BB4D4B9B7868
:104FA000DB067FF5DFAB4C4C207800F060FE02287A
:104FB00010D0207800F05BFE03280BD074793E20DF
:104FC00024B100F0C9FE0024FFF7CCBB00F00CFFB9
:104FD000FFF7C8BB737913B90024FFF7C3BB06F012
:104FE000D3FA0024FFF7BEBB3A4B9B78DF067FF570
:104FF000B9AB394C207800F03AFE022810D0207866
:1050000000F035FE03280BD074793F2024B100F066
:10501000A3FE0024FFF7A6BB00F0E6FEFFF7A2BB4D
:105020007379002BD8D006F09BFA0024FFF79ABBC7
:10503000284B9B78DD067FF595AB274C207800F058
:1050400016FE022810D0207800F011FE03280BD0A5
:105050007479402024B100F07FFE0024FFF782BB6A
:1050600000F0C2FEFFF77EBB7479AC2024B100F0E3
:1050700073FE0024FFF776BB00F0B6FEFFF772BBAD
:10508000144B9B78D8067FF56DAB134C207800F05D
:10509000EEFD022810D0207800F0E9FD03280BD0A7
:1050A0007479412024B100F057FE0024FFF75ABB69
:1050B00000F09AFEFFF756BB7479AE2024B100F0E1
:1050C0004BFE0024FFF74EBB00F08EFEFFF74ABBFD
:1050D0001A1F0020AC490020161F0020AA4B9B7805
:1050E000D9067FF53FABA94C207800F0C0FD02281F
:1050F00010D0207800F0BBFD03280BD0747942203B
:1051000024B100F029FE0024FFF72CBB00F06CFE58
:10511000FFF728BB7479AB2024B100F01DFE0024FA
:10512000FFF720BB00F060FEFFF71CBB964B9B789F
:10513000DA067FF517AB954C207800F098FD022831
:1051400010D0207800F093FD03280BD07479432011
:1051500024B100F001FE0024FFF704BB00F044FE80
:10516000FFF700BB7479A82024B100F0F5FD0024FE
:10517000FFF7F8BA00F038FEFFF7F4BA824B9B78DD
:10518000DB067FF5EFAA814C207800F070FD022845
:1051900010D0207800F06BFD03280BD074794420E8
:1051A00024B100F0D9FD0024FFF7DCBA00F01CFEAA
:1051B000FFF7D8BA7479AA2024B100F0CDFD0024FD
:1051C000FFF7D0BA00F010FEFFF7CCBA6E4B9B7819
:1051D000DF067FF5C7AA6D4C207800F048FD022855
:1051E00010D0207800F043FD03280BD074794520BF
:1051F00024B100F0B1FD0024FFF7B4BA00F0F4FDD3
:10520000FFF7B0BA7479A92024B100F0A5FD0024FD
:10521000FFF7A8BA00F0E8FDFFF7A4BA5A4B9B7855
:10522000DD067FF59FAA5A4B1B7813F00A057FF421
:1052300099AA7479352024B100F08EFD2C46FFF731
:1052400091BA00F0D1FDFFF78DBA4F4B9B78D8068D
:105250007FF588AA4E4B1B7813F00A057FF482AACB
:105260007479292024B100F077FD2C46FFF77ABA33
:1052700000F0BAFDFFF776BA7579D5B101F02AFCD6
:1052800081067FF56FAA0122424B434C1A7001F050
:1052900021FC00F02000207001F02AFC462000F0E4
:1052A000C1FB01F0DBFC207801F01AFC0024FFF7C1
:1052B00059BA384B1A78002A3FF454AA46201D7078
:1052C0002C4600F0C5FB01F0C9FCFFF74BBA73791F
:1052D00013B90024FFF746BA2B4D0024AB7883F0B6
:1052E0001002C2F3001262F30413AB70286801F0DD
:1052F00056FDF0238DF80830AB7804AAC3F30013F1
:105300008DF8093005230092194602AA0F20ADF846
:105310000A408DF80C4004948DF8144002F0AAFE67
:10532000FFF720BA7579002D3FF41CAA01F01CFD8F
:105330002C4608F0B3F9FFF715BAFCF77DFF0446D9
:105340000028C6D17379002BC3D0FEF761FEFFF7AA
:1053500009BA2C60FFF706BA7379002B3FF402AA52
:1053600006F026F9D6287FF6FDA9FFF769F9FFF7C1
:10537000F9B97379002B3FF4F5A906F019F95F2804
:105380003FF6F0A9F1E700BFAC490020161F00204E
:105390001A1F0020F81E0020F91E00207579002D2C
:1053A0003FF4E0A905F0AEFF00F0D2FA30B14FF0C3
:1053B000804320229A614FF480729A6106F072F85D
:1053C00095287FF6CFA9FEF7B9FA8DF810008DF871
:1053D00011008DF812000223FA2236200499FFF7FB
:1053E000FDF82C46FFF7BEB97579002D3FF4BAA938
:1053F00006F058F81E283FF6B5A9002400232046E1
:105400001A461946013404F009F9442CF6D1FEF786
:1054100095FA8DF810008DF811008DF81200022316
:10542000FA2242200499FFF7D9F82C46FFF79AB9DF
:105430007379002B3FF44DAF00210E20FFF774F974
:10544000FF234C4C8DF810308DF811308DF8123050
:10545000FA2203230F200499FFF7C0F8207800F008
:1054600006FC022808D1002000F0BAFB002000F062
:10547000D8FF0024FFF776B9207800F0F8FB032866
:10548000F7D1F0E77379002B3FF423AF00210F2011
:10549000FFF74AF9FF23374C8DF810308DF81130A3
:1054A0008DF81230FA2203230E200499FFF796F8A4
:1054B000207800F0DCFB02280AD0207800F0D7FB2F
:1054C000032805D0022000F08BFB002000F0A9FF8C
:1054D0000024FFF747B97379002B3FF443A905F087
:1054E00077FF1D287FF43EA91F2005F06DFF0024E3
:1054F000FFF738B91F4D287800F0B9FB022811D109
:105500001D4B1B78DA067FF52DA9FCF795FE0028C8
:105510007FF428A97579E3205DB100F083FA2C4669
:10552000FFF720B9287800F0A2FB03287FF41AA91E
:10553000E6E700F08DFAFFF715B9287800F097FB41
:1055400003287FF40FA9FFF7B3B900F081FAFFF742
:1055500009B90A4B0A4A1B78002413F00E0318BF3E
:10556000737903F001031370FFF7FCB80024FFF711
:10557000F9B800BF161F0020C8490020AC49002020
:1055800034400020F8B500252E461D4C237873B119
:10559000606807F0EAFFA368984212D308F030F879
:1055A000E36860604BB9636926706660C3B9013512
:1055B000632D04F11804E9D1F8BD013BE360002B31
:1055C000F1D0E368207C13F0010311D0FF28677C41
:1055D000A17CE37C07D11A46384604F057F9E6E788
:1055E000E8B29847E3E70A46394604F017F8DEE7E1
:1055F000FF281A4602D119461846EEE71946F4E785
:10560000604000207FB500F0A3F9A0B10422002182
:105610000DF10900FBF7B0F8002204AB04928DF8FD
:1056200014200093DD2205238DF8082019460F2051
:1056300002AA02F01FFD00220B4B1A7001F0DEFBE4
:1056400003F0B4FF094801F0A0FBFFF72EF840B1CA
:1056500007F0D6FFFCF7E6FE07B05DF804EBFEF7B7
:1056600047BA07B05DF804FB970C0020C84900203A
:1056700073B5FEF763F9674B04461E78A6B10024A4
:1056800096238DF804408DF806308DF8054001987A
:1056900003F0DEF9C0F30742C0F30721C0B204F003
:1056A000F5F8204602B070BD5B4D286840B107F0A8
:1056B0005CFF40F6B833984202D9FFF7A3FF2E6093
:1056C00007F036FD810705D5002321461A46022042
:1056D00003F0A4FF514D287800F0C9FA02280ED03B
:1056E000287800F0C4FA032809D04D4B1B78DA065D
:1056F00005D5002321461A46012003F08FFF494DAE
:10570000FEF78AFE2B7863B9474E306807F02DFF0D
:10571000B0F5FA6F16D901232B7007F071FF3060D6
:1057200010E0424B1B786BB9FCF786FD38B9FEF7E9
:10573000C7FEFEF7EDFE07F063FF3B4B18602B78CA
:10574000002BE1D0FFF71EFF394B9B78DB0609D514
:105750001625002328461A462146013503F05EFF30
:10576000232DF6D1334B186830B107F0FEFEB0F5AB
:10577000FA6F2CBF002001202F4E304D327880F080
:105780000103FF2A2DD133702B78FF2B32D03278D2
:105790009A422FD02A4B186807F0E7FEB0F5166F33
:1057A0002CBF0025012507F02BFF4FF44873B0FBF9
:1057B000F3F2367802FB1300F6B975B1B0F5C87F85
:1057C0000BD2334622463146042003F027FF3346EE
:1057D00022463146402003F021FFFCF763FD012003
:1057E00060E79A42D0D033702A7007F009FF144B5B
:1057F0001860C9E70025D6E715B1B0F5C87FECD22F
:10580000002321461A46042003F008FF0023214606
:105810001A46DFE7FA1E0020D41E0020161F0020C3
:10582000C8490020970C0020C81E0020DC1E002064
:10583000AC490020E81E0020990C0020980C0020A4
:10584000EC1E002038B51C460B780D46CC2B41D001
:1058500006D8AA2B15D0BB2B33D0552B09D038BD79
:10586000F02B3ED0F12B43D0DD2BF8D1FFF7CAFE51
:1058700004E0002289786878FCF756FF0023237043
:10588000EDE71E4B1B7813F00E0F0DD004224FF4E2
:1058900080614FF080400AF0A5FD04224FF40071B2
:1058A0004FF080400AF09EFD002323706B78144A6D
:1058B000003B18BF012301201370BDE83840FDF7FD
:1058C000F1B94FF400124FF080439A614FF08072AB
:1058D0009A61D3E720224FF080439A614FF480729F
:1058E000F6E7064B49789A7861F304129A70C5E797
:1058F00007F086FE034B1860C0E700BFAC490020EC
:10590000F01E0020E81E002008B5104B00209A78F9
:10591000197802F00702C1F34201FCF7E7FD41F2FA
:10592000883009F096FA00F013F805F0BBFD4FF04F
:10593000804328B120229A614FF480729A6108BD99
:105940004FF400129A614FF08072F7E7AC490020E3
:1059500010B5054C002220464FF400710AF042FDBC
:105960002069C0F3402010BD0004004003280DD87A
:105970000B290BD8082A09D86C2301EBC10103FBC2
:105980000011034B0A4433F812007047012070479E
:10599000D8140108032808D839B9054B82F0010250
:1059A00002EB400033F8100070470120704700BF41
:1059B000C8140108A0F58073B3F5F85F10B526D2BE
:1059C00010F4805F00F4807300F4007400F48061D0
:1059D00000F400620DD0002B0CBF002010200CB191
:1059E00040F0200009B140F040000AB140F08000D2
:1059F00010BD181E18BF01200CB140F0020009B103
:105A000040F00400002AF3D040F00800F0E7002046
:105A1000EEE710B50C46FFF7CDFF2346BDE810407A
:105A200018470000A0F1E003072B10B5044600D989
:105A300040B920460449FFF7ECFFE0B2BDE8104052
:105A400000F08AB90149F6E7A95E0008D1620008B2
:105A500010B50446C0B200F0C7F9A4F1E003072B6B
:105A600000D92CB903492046BDE81040FFF7D1BF4B
:105A70000149F8E7BB5E0008E362000801207047B7
:105A80000120704708B5FFF7FBFF08BD01207047F4
:105A9000012070477047704708B5FFF7FCFF08BD4D
:105AA000012070477047704713B502AB03E903004C
:105AB0000F4B1B78B3B99DF8053073B16AB100F094
:105AC00063FD04460146009800F01CFD2046009945
:105AD00002B0BDE8104001F0DBBB009800F034FDDF
:105AE0000446F3E7009800F04FFD0099F0E700BF8F
:105AF000151F0020034610B400885C880A4640EA5F
:105B00000440998810BCFFF7CFBF10B504460121AF
:105B1000FFF7F0FF2146FFF7B1FF30B1012120462A
:105B2000FFF7E8FF2146FFF7ADFF00F0010010BDD1
:105B300038B500210446FFF7DDFF05462146FFF793
:105B4000A9FF21462846FFF7A7FF38BD38B5012138
:105B50000446FFF7CFFF21460546FFF797FFB8B38E
:105B600021462846FEF7F6FD90B32146284607F069
:105B700066F868B32146284606F070FF40B3214618
:105B8000284606F091FA18B32146284606F066FA30
:105B9000F0B12146284602F047FEC8B1214628460A
:105BA00002F08CFEA0B12146284606F0A5FF78B190
:105BB0002146284601F0B4FC50B12146284601F0A8
:105BC000BFFC28B121462846BDE8384001F0D4BCCE
:105BD000002038BD012303FA00F0C0B200F0F3BB8F
:105BE00010B504460120A040C0B201F0CCF8204618
:105BF000BDE81040FFF7EEBF0120704708B5FFF782
:105C0000FBFF08BD10B5044600F08CFB2046FFF7F3
:105C100047FF2046FFF7F2FF10BD08B50120FFF750
:105C2000F1FFBDE8084007F039BD08B50020FFF7D7
:105C3000E9FFBDE8084007F057BD08B5FFF732FFA0
:105C4000FEF74BF805F046FA00F033F8BDE80840DF
:105C5000012005F00FBB08B500F030F8002005F07A
:105C600009FBFFF720FFBDE80840FDF7F8BF03463A
:105C700000091CBF034604209A081EBF13460230C9
:105C8000C0B25B081CBF0130C0B270470120704732
:105C9000704738B50546FFF7F9FF044610B12846AE
:105CA000FFF7F6FF204638BD704708B5FFF7F1FF54
:105CB00008BD08B50020FFF7F8FF08BD08B507F0DC
:105CC00021FAFFF7F2FF08BD10B507F01BFA074BEA
:105CD00004461A78824207D0187007F091FC044BF2
:105CE00018602046FFF7E1FF10BD00BF141F002021
:105CF000101F00201FB56C4684E803009DF8053096
:105D00000BB100F013FF0023ADF80E3094E8030050
:105D1000ADF80C10C9B2029002AC29B994E80300A6
:105D200000F05EFE04B010BD2046FFF7EEFE002836
:105D3000F4D1F7E70379012B02D1008800F044BCCD
:105D4000704708B529B106F045FBBDE8084006F0EC
:105D500015BC06F09DFBF8E710B50446002840D0BE
:105D6000031FDBB2A02B0ED807F066FA20B1204645
:105D700007F0F4FA00F072FF204607F0D1FABDE810
:105D8000104000F06BBF00F12003DBB2072B07D8F7
:105D900000F007040120A040C0B200F0A1FEEEE731
:105DA00000F15B03DBB2022B05D8BDE810402438BC
:105DB00080B207F0E3B900F15803DBB21A2B06D822
:105DC000BDE81040074A32F8130007F0F3B9333446
:105DD000E4B2122C05D806F0FDFABDE8104006F03A
:105DE000CDBB10BD3818010808B50346A0B3021F8B
:105DF000D2B2A02A05D807F0B1FABDE8084000F0F9
:105E00002DBF00F12002D2B2072A07D800F0070305
:105E100001209840C0B200F06BFEEEE700F15B029B
:105E2000D2B2022A04D8BDE80840002007F0A6B983
:105E300000F15802D2B21A2A04D8BDE80840002066
:105E400007F0B8B93333DBB2122B05D806F020FBCC
:105E5000BDE8084006F092BB08BD000038B50C460E
:105E60000546FFF779FF9CB140F2E73009494FF44E
:105E70007A72A4FB014120184FF0000341F10001A8
:105E8000FAF7B4F908F0E5FF2846FFF7ADFF38BD93
:105E90000120F7E7A086010008B539280CBF502182
:105EA0000021FFF7DBFF08BD08B528B100F018FEA0
:105EB000BDE8084000F0D2BE08BD08B528B100F02A
:105EC00017FEBDE8084000F0C9BE08BD2DE9F04747
:105ED000877981460C46457900F0F2FD3F09064678
:105EE00008B32E46FDB1C4F3072303F0F002402AA5
:105EF0000CD0E1B201F12002D2B2072A26D903F078
:105F0000E003202B02D1012920D90FB3A04B5E78EA
:105F100016F0040607D0022000F0DCFE00F0D0FDF1
:105F200080F00106F6B2C4F3033ABAF10B0F3ED883
:105F3000DFE81AF01000100049004900A300BA0081
:105F40003D003D00BF001D01300130010026EAE7A1
:105F50003E46E8E7C4F30723C4F3032713F0F00F2A
:105F600018BF3F01E4B285B157B104F12003DBB2A1
:105F7000072B384600D92CB900F0B2FD00F06EFEB8
:105F8000204640E000F0C2FDF8E72046FFF72CFF76
:105F90006FB104F12003DBB2072B384600D914B9E6
:105FA00000F0A6FD01E000F0B9FD00F057FEAAF1F7
:105FB000080ABAF1030F00F2428107F0A3F8BDE826
:105FC000F047FFF772BEC4F3072303F0F003C4F3F6
:105FD0000328202BE4B218BF4FEA08182CB1012C7B
:105FE00034D0002D3CD0DFB1CAE7694B5B785A074B
:105FF00014D45DB1B8F1000F04D0404600F070FD3C
:1060000000F02CFE0020FFF7A7FED0E72846FFF7A0
:10601000EBFEB8F1000FCAD04046C1E755B11FB939
:106020004046FFF741FFC2E7012FC0D1404600F0D4
:106030009DFDBCE7002FBAD14046FFF73EFF40462A
:1060400000F0A2FD404600F07DFDB0E715B1052F40
:10605000ADD8E5E7042FAAD84046FFF72EFFA6E704
:10606000002FF9D0392C0CBF4FF4FA50012008F062
:10607000F0FE2046FFF7B8FE99E714F4406FC4F332
:10608000812307D0012B92D165B1C4F3090007F039
:1060900091F88CE725B1C4F3090007F06FF886E7A3
:1060A0002846FAE72846F2E72946E0B2FFF749FE1C
:1060B0007DE714F4407F29D1002D7FF478AFC4F33D
:1060C00042108000C2B204F00F0014F0100300FA76
:1060D00002F0C5B21EBF0F209040C043C4F381241C
:1060E00018BFC3B2022C43EA050009D0032C0AD022
:1060F000012C02D000F072F959E700F067F956E779
:1061000000F074F953E700F05EF950E7C4F30122A0
:106110000DB312F0010F3FF44AAFC4F342108000F8
:10612000C2B204F00F0014F0100300FA02F0C5B27E
:106130001EBF0F209040C043C4F3812418BFC3B2D8
:10614000022C43EA05000CD0032C0DD0012C05D005
:1061500000F098F92BE712F0020FDCE700F08AF963
:1061600025E700F097F922E700F04EF91FE7E7B2C4
:10617000C4F3032425B1204600F05AF9384650E70D
:106180003846FFF79AFE204600F05EF90FE700BFA1
:10619000C84900205FFA84F8A8F1F003042B39D82D
:1061A000DFE803F003220E151E003DB1042F3FF679
:1061B000FEAEC4F3042000F051F9F8E6052FF6E72F
:1061C000C4F30420002DDFD100F032F9EFE625B151
:1061D000C4F3042000F025F9E9E600F01FF9E6E633
:1061E000224B5B785B0704D4C4F30420002DCBD092
:1061F000EAE72DB10321C4F3042000F049FDD6E6FF
:10620000012000F067FD012F7FF6D1AE022000F0E3
:1062100061FDCCE62DB10FB14046F4E6C4F3042095
:10622000D2E74FB1B8F1390F0CBF4FF4FA5001204B
:1062300008F00FFE40461DE7C4F30420A4E79EB11A
:1062400000F036FC10F001000ED189F8050000F0D6
:1062500029FC00F0EDF8484600F01CF800F022FCA4
:10626000BDE8F04700F0F0B8BDE8F087C84900206D
:1062700038B501880446407900F0B2F9054600F0CF
:1062800011F900F09FF829462046BDE83840FFF795
:106290001DBE0000037910B50446B3B1FFF756FCEC
:1062A00068B900F00DFC80B1637973B1074B5B787E
:1062B0005B070AD5BDE81040022000F00BBD204668
:1062C000FFF7D6FF2046FFF733FC10BDC84900207A
:1062D00008B528B100F01AFCBDE8084000F0BEBCCB
:1062E00008BD08B528B100F019FCBDE8084000F071
:1062F000B5BC08BD08B5002006F040FF002006F040
:1063000059FF00F013FC00F0A9FC06F053F9BDE8BA
:10631000084006F033B908B507F03EF8BDE808407C
:10632000FFF7E8BF08B500F0EBFBBDE80840FFF75A
:10633000F2BFC0F30333062BC2B213D094BF0E33A7
:10634000063303F00F03012B10D8F02A10D004D825
:10635000E72A8CBF002001207047F42A14BF0020D8
:1063600001207047E72A03D9F12AF7E70020704798
:106370000120704708B50346007930B1188800F055
:1063800023F9BDE80840FFF7D4BF08BD82B002ABD7
:1063900003E9030002B0704782B002AB03E90300D7
:1063A00002B07047704708B5FFF7FCFF08BD7047A3
:1063B00008B5FFF7FCFFFFF7F6FF014B187008BDAB
:1063C000161F00207047FFF7F3BF0000024B1B7839
:1063D0001843FFF7EDBF00BF161F0020024B1B78CC
:1063E0001840FFF7E5BF00BF161F0020024B1B78C7
:1063F0005840FFF7DDBF00BF161F0020704708B5EB
:10640000FFF7FCFF08BD704708B5FFF7FCFFFFF77B
:10641000F6FF014B187008BD1A1F00200020FFF77F
:10642000F3BF012303FA00F0C0B2FFF7EDBF000095
:10643000012303FA00F0034B1B781843C0B2FFF7A7
:10644000E3BF00BF1A1F00200123034A83401078D6
:1064500020EA0300FFF7D8BF1A1F0020012303FA28
:1064600000F0034B1B785840C0B2FFF7CDBF00BF10
:106470001A1F0020024B1B781843FFF7C5BF00BF4F
:106480001A1F0020024B1B781840FFF7BDBF00BF4A
:106490001A1F0020024B1B785840FFF7B5BF00BF02
:1064A0001A1F0020704701F00703C90830B501EB3F
:1064B000410101240139114400229C40E4B211F849
:1064C000015F20FA02F343F300036B4023400132E3
:1064D0006B40032A0B70F2D130BD002210B500F0E2
:1064E0000704C00800EB4000014410468B5CE34009
:1064F00003F00103934001321843032AC0B2F5D1DF
:1065000010BD000017B40C46ADF80400C1B2C0F3D2
:1065100007200B280AD808290ED801EBC001084A29
:106520000144204603B010BCFFF7BDBF031DDBB222
:10653000012B01D8034AF4E703B010BC704700BF39
:106540001B1F0020171F002082B0ADF80400C3B24B
:10655000C0F307200B2808D8082B0DD803EBC00385
:106560000749184402B0FFF7B8BF0430C0B2012891
:1065700002D818460349F5E7002002B0704700BF73
:106580001B1F0020171F002073B507240C4BADF80C
:1065900004001E780B4B1B781E4346FA04F3DB07FE
:1065A000E5B205D4013CF8D20025284602B070BD02
:1065B0002846019900F08BFE80B20128F2D0F4E762
:1065C0001A1F0020161F002007B5ADF8040001981F
:1065D000FFF7DAFF019903B05DF804EB00F077BE36
:1065E00013B5104BADF804101B782BB1019802B015
:1065F000BDE81040FFF7E8BF70B10198FFF7C4FF96
:10660000044601460198FFF77DFF2046019902B03C
:10661000BDE8104000F05BBE0198FFF795FF04460F
:10662000F3E700BF151F002010B5012404FA01F1A3
:1066300004FA02F20A43D1B202408A4204FA03F495
:1066400006BF2043C0B2A04310BD000008B51346EA
:106650000A46014603480078FFF7E6FFBDE8084018
:10666000FFF7D2BE1A1F0020F8B50C4B0C4E1C7859
:106670000C4D3378A34200D1F8BD05EBC40335F8C7
:1066800034005F889A88D98840EA074042EA01418D
:106690000134FFF781FE04F00704EAE78F1F0020B2
:1066A0008E1F00204E1F0020064B10B418885C88F7
:1066B0009A88D98840EA044042EA014110BCFFF7B9
:1066C0006BBE00BF461F00201A4AF8B5937913F03D
:1066D000F00F0AD1537943B1174B18491B780D7845
:1066E00016885788164CAB4200D1F8BD04EBC301A5
:1066F0000879D0B134F83300B04216D14879A0B946
:106700004888C01B80B2C7280FD80120937960F356
:10671000071393718B7960F307138B710548FFF7AB
:10672000B9FDBDE8F840FFF79FBF013303F0070351
:10673000D9E700BF461F00208F1F00208E1F0020BA
:106740004E1F0020F0B50D4B0D4C1B7826780D4CDC
:10675000B34201D10020F0BD04EBC3056F788F4236
:1067600006D114F83370874202D16D79954203D176
:10677000013303F00703EBE70120ECE78F1F002054
:106780008E1F00204E1F00202DE9FF47E8460446DB
:10679000924D062201464046F9F7FCFE2B796779B7
:1067A0002279C3B9AAB18FB12046FFF7E3FD0646AF
:1067B00060B1082221462846F9F7ECFE2846FFF78B
:1067C000B9FAFFF781FFFFF76FFF4CE02046FFF7B4
:1067D00061FD012647E0B4F802906B886E79A9EB61
:1067E00003039BB2002E00F0B280C72B00F28A8018
:1067F000002A38D0AB79298813F0F00F228850D1C5
:1068000091420FD1002F40F0E380012262F3071381
:10681000AB71FFF749FF2846FFF73CFDAB79A37149
:10682000002620E0002F40F0D38025783A46284605
:106830006178FFF787FF2846FFF784FF05460028A9
:10684000EED10098FFF7C0FEC0F30332032AC3B2B3
:106850000DD8012A15D910F4706F17D0A27912F053
:10686000F00F13D12E46304604B0BDE8F087063253
:1068700002F00F02012A0ED92046FFF70BFD354624
:10688000F0E710F4706F01D0002BEBD02033DBB2B7
:10689000072BE7D9F0E7EF2BE4D90F33DBB2022B5C
:1068A000F7E791420AD14FB92046A371FFF7F2FCF6
:1068B000082221462846F9F76DFE84E72046FFF7B7
:1068C00059FD002882D0002F80D0AB791F2B0FD923
:1068D0002A8802A8ADF808202A79ADF80A908DF828
:1068E0000C2000228DF80E308DF80D20FFF7D2FC21
:1068F000082221463948F9F74DFEFFF7E5FEFFF77C
:10690000D3FE66E7AB7913F0F00A0ED198E80300E6
:10691000FFF73CFD2846FFF7BDFC082251462846FC
:10692000F9F72AFFFFF7C0FE7AE7002A9BD02988F3
:1069300022889142C2D1002FC0D12046A371FFF717
:10694000A9FC082239462846F9F716FF8BE7C72B22
:1069500034D8002A3FF43DAF3E46002F3FF436AF17
:106960002A8823889A421CD1AB79DA0713D413F012
:10697000F00210D0F02AA37106D0DBB2C3F30312E9
:10698000013262F30713A3712046FFF783FC08224C
:10699000214612488FE7082221461048F9F7FAFDF0
:1069A00061E72046FFF7E6FC0028A1D1AB7920463D
:1069B00043F00103AB71FFF76DFC54E798E8030067
:1069C000FFF7E4FC082231462846F9F7D5FEFAE63F
:1069D000AB7943F00103AB7122E700BF461F0020F3
:1069E000F0B585B06C4684E803002046FFF7CCFE86
:1069F000284F0646284D68B19DF804301BB194E835
:106A00000300FFF7C9FC254C28783B78834226D148
:106A100005B0F0BD9DF8042002AB94E8030083E8C4
:106A20000300002AEFD038782A78441C04F00704C9
:106A300094420AD01946194B082203EBC000F9F71B
:106A4000A9FD3C70FFF710FEDDE7FFF76BFC0822A5
:106A5000314613483E702E70F9F78EFED3E704EBF3
:106A6000C000FFF791FE0028D2D02B7834F8330015
:106A700004EBC3035E889A88D98840EA064042EA5C
:106A80000141FFF789FC2B78013303F007032B70DA
:106A9000BAE700BF8E1F00208F1F00204E1F00206E
:106AA000461F0020014B1878C0087047E01F0020E7
:106AB000024B187800F00700704700BFE01F00206D
:106AC000034B187810F0070018BF0120704700BF73
:106AD000E01F0020014B1878704700BFE31F002023
:106AE000024B1A7810431870704700BFE31F002054
:106AF000024A137823EA000313707047E31F002053
:106B00000022014B1A707047E31F0020024B1A78D5
:106B100010431870704700BFE41F0020024A13782A
:106B200023EA000313707047E41F00200022014B8A
:106B30001A707047E41F0020704708B5FFF7FCFF8C
:106B400008BD000008B5054A1378034204D023EAC3
:106B500000001070FFF7F1FF08BD00BFE11F00202B
:106B6000704708B5FFF7FCFF08BD000008B50549F0
:106B70000B7830EA030C03D003430B70FFF7F1FFEF
:106B800008BD00BFE21F002008B5054A1378034284
:106B900004D023EA00001070FFF7E3FF08BD00BF38
:106BA000E21F002008B5044B1A781AB100201870B3
:106BB000FFF7D7FF08BD00BFE21F002010B5084B4C
:106BC0001C78084B1B781C43074B1B782BB11C43CC
:106BD00006F00EFB08B1FFF7E5FF204610BD00BF31
:106BE000E31F0020E41F0020E21F002038B50B4CFB
:106BF0002568FFF7E3FF287024680822204608492B
:106C0000F9F794FC48B1214608220548F9F7C2FC7F
:106C10002046BDE8384006F08FBA38BDD40D0020BC
:106C2000D81F002038B50B4C2568FFF7C7FF6870E8
:106C30002468202220460849F9F778FC48B121460B
:106C400020220548F9F7A6FC2046BDE8384006F0AA
:106C50007DBA38BDD80D0020B81F002008B506F059
:106C600043FA40B1064B93F90030002B03DABDE83C
:106C70000840FFF7D7BFBDE80840FFF7B7BF00BF28
:106C8000C8490020704708B5FFF7FCFF08BD0000A9
:106C9000094A10B5527852070AD5084C41EAC0019A
:106CA0002170FFF7C5FB2078C008FFF7ECFF10BD8F
:106CB000BDE81040FFF7BCBBC8490020E01F002022
:106CC000002008B5024B1870FFF7DDFF08BD00BFBC
:106CD000E01F002008B50A4A137823EA000010706C
:106CE00042070CD198420AD0064B5B785B0706D569
:106CF000C008FFF7A9FBBDE80840FFF7E1BF08BDEA
:106D0000E01F0020C84900200246094808B5437822
:106D1000C3F38001914209D062F38203437000F013
:106D200036F8BDE808400220FFF7D4BF08BD00BF19
:106D3000C8490020044B5878C0F3800080F001005F
:106D400000F00100FFF7E0BFC84900200120FFF775
:106D5000DBBF0020FFF7D8BF704708B5002000F068
:106D60006AFCFFF7F9FF08BD00F032BC08B500F07F
:106D700020FC18B1BDE8084005F00CBF08BD00F0CC
:106D800032BC00F03BBC00F03CBC00F03EBC00F06C
:106D900043BC00F045BC00F047BC00F049BC00F02B
:106DA0004ABC00F04CBC00F04EBC000007B500F03F
:106DB000FDFB00F008FC002368468DF8003000F071
:106DC00019FC01200B4B187000F01BFC0A4B01A8AA
:106DD0001B88ADF8043000F01FFC02F0E7FBFBF766
:106DE0005FFA05F007FFFFF7B8FF02F0D3FB03B02F
:106DF0005DF804FB161F00209A110108FFF7D6BFAB
:106E000073B506F033FC0B4D04462B8883420ED03D
:106E10000026ADF8006006F029FCADF80460ADF87E
:106E2000020002AB13E90300FEF764FF2C8002B0FE
:106E300070BD00BFF81F0020014B186800F060BB58
:106E4000EC1F0020014B1868704700BFF01F0020A6
:106E500008B500F045FB024B1860024B186008BDF6
:106E6000EC1F0020F01F0020014B1868704700BF86
:106E7000E81F002008B500F033FB024B1860024BFE
:106E8000186008BDEC1F0020E81F0020014B1868A7
:106E9000704700BFF41F0020074B91421860074B5A
:106EA000196038BF1146064B1A60064B81422CBF51
:106EB00019601860704700BFF01F0020E81F002015
:106EC000F41F0020EC1F00207047704708B5FFF743
:106ED000FCFF08BD704708B5FFF7FCFFFFF7F6FFA2
:106EE00008BD7047704708B5FFF7FCFFFCF700FED0
:106EF00008BD01207047000008B5054800F0CCFB34
:106F000001F0B6F9FFF7E0FFBDE80840FFF7E3BF87
:106F10001D750008FEF71CBD7047704708B5FFF7E8
:106F2000FBFFFDF7EDF8FFF7F8FF08BD08B5FFF729
:106F30001DFF08B9FFF762FF0848FFF720FF084868
:106F4000FFF723FF04F020FEFFF71BFFFFF73BFADC
:106F5000044B1878BDE80840FFF751BAFA1F00202B
:106F6000C84900201A1F002008B506F047FB00F0B2
:106F7000A3FA05F053FE00F07DFD04F095FB00F050
:106F800093FCFFF7D3FF06F0ADF8FEF78DFE04F09B
:106F900043F904F0FDFD00F07FFDBDE80840FFF778
:106FA000A2BF70B504460D46164602F029FD3246D2
:106FB00029462046BDE8704006F0C2BA08B5FEF783
:106FC000C7FC18B1BDE8084006F08DB808BD000048
:106FD0002DE9F04F85B0FFF78CFF88B9FFF710FF60
:106FE000FFF7ECFF04F076F804F008FC08B1FFF7B7
:106FF00041FF05F007FB05B0BDE8F04FFEF764BEAA
:10700000DFF8C88000F0A2FC46460024E0B236F863
:10701000025B00F051FB0B2C54D0854204F10104BB
:10702000F4D02B4B1B789B0701D500F04BFBFFF7EF
:1070300071FF002701905FFA87F9484600F03CFB9A
:1070400038F8026B0446B04236D04FF0000A0125F2
:107050004640B6B22E4224D0019B2C4214BF4FF0C2
:10706000010B4FF0000BBBB15146484606F05CFAED
:1070700090B98DF808A08DF8099006F0F7FA4FF056
:107080000103ADF80A008DF80C308DF80DB002AB9D
:1070900093E80300FEF72EFE5A4651464846FFF796
:1070A00080FF0AF101035FFA83FA6D00BAF1090F5C
:1070B000ADB2CFD128F8024C01370C2FBBD1FFF76E
:1070C000C7FE8DE78542ACD188E700BFB0490020FC
:1070D000FA1F002038B500F005F9B0F5A44F0446BA
:1070E00043D2B0F5A04F80F0AC80DF2816D8CC2872
:1070F00000F28A80A7280AD8A42878D8012804D0CA
:10710000031F9BB2A12B28BF0024204638BDA0F14D
:10711000A8039BB21A2B6FD90024F6E7B0F5804F75
:1071200019D2B0F5005F80F0A080E728EDD9A0F576
:1071300080739BB2B3F5F85FEED2C0F3072000F086
:1071400057F90546E0B200F0CDF82D0205F4F855E8
:107150000543ACB2D9E7C0B200F0C4F804F47064DF
:10716000044344F42044A4B2CFE7B0F5A54F21D2A4
:1071700045F25F23984251D845F23F2398420ED8FA
:1071800045F21F23984242D80124C0F3850300F042
:107190000300844044EA431444F40D44E3E701242B
:1071A000C0F3820300F00300844044EA431444F433
:1071B0000C44D8E745F2BF2398420AD845F29F23F2
:1071C000984200F01F0034D84AF2F40444EA002444
:1071D0009BE7A0F5A543403B9BB21F2B9CD8040224
:1071E00004F4F85444F4204444F0F0048DE7A0F192
:1071F000240444F48044B6E7244B5834E4B233F812
:10720000144044F4884480E740F4A044ABE74AF2D9
:10721000F10300F01F0443EA042476E70124C0F3DD
:10722000820300F00300844044EA431444F40A4417
:1072300099E700F0DDF8040204F4F85444F4005433
:1072400063E700F01F0000F0D3F8C30648BF000159
:10725000C4F343144FEA04244CBF00F0F00000B222
:10726000204340F4104084B24FE7C0F3042000F004
:10727000BFF80546E0B200F035F82D0205F4F855E8
:1072800045EA000444F400546DE700BF6E1801089D
:1072900082B0ADF80410CBB2C1F307210B2905D899
:1072A000082B11D81A4602B004F089BDFD2905D17A
:1072B00053B90122194602B004F08EBDFC2903D156
:1072C00013B91A461946F6E7002002B0704707B511
:1072D000ADF804100199FFF7DBFF03B05DF804EB94
:1072E000FFF7F8BEE72850D8DF2807D8312865D047
:1072F0000ED8292858D02A2867D07047A0F1E0037B
:10730000072B42D8DFE803F01541242933413D42E1
:10731000392804D0822802D0352840D07047334B1A
:107320001A7892075CD15B7813F0080F18BF2920F8
:1073300070472E4A1378D9074ED4527812F0010FB5
:1073400023D013F0100F08BFE32018BF00207047B0
:10735000264B1B7813F0040FF2E7244A13785907E1
:107360003CD45278D2073BD413F0100FEDE71F4BFB
:107370005A78910709D51B7813F0100F08BFE72042
:10738000E3E71A4B1B781A07F6D47047174A1378AD
:10739000190727D452789107E6D5E4207047134B9C
:1073A0001B7813F0200FC1E7104B1A7892061BD4FC
:1073B0005B7813F0080F18BF392070470B4B1B7810
:1073C00013F0400F18BF2A207047084B1B7813F0AA
:1073D000400F18BF3120704739207047E2207047B6
:1073E000E0207047E62070473520CEE7C8490020EE
:1073F00010B5304C21784B0713D500F01402A2F1E0
:10740000040C00F01803DCF1000242EB0C02A3F1C3
:10741000080CDCF1000343EB0C039A4218BF80F028
:107420000C000B0713D500F01402A2F1140C00F0AD
:107430001803DCF1000242EB0C02A3F1180CDCF1A2
:10744000000343EB0C039A4218BF80F00C006478F1
:10745000E30713D500F0110202F1FF3C00F018031E
:10746000DCF1000242EB0C02A3F1080CDCF100039A
:1074700043EB0C039A4218BF80F00900A30711D513
:1074800000F0110200F01803A2F111046242A3F10E
:10749000180C6241DCF1000343EB0C039A4218BF65
:1074A00080F00900CA0603D5030748BF00F0E700D3
:1074B00010BD00BFC84900200022014B1A60704770
:1074C000CC49002010B50446FEF742FA20B906F078
:1074D00097F8024B241A1C6010BD00BFCC49002055
:1074E00008B5FEF735FA18B1BDE8084006F088B8CF
:1074F00006F086F8014B1B68184408BDCC490020F3
:1075000010B50446FEF724FA20B12046BDE810402D
:1075100006F02BB8FFF7E4FF001B10BD00207047FA
:10752000A0F5A543603B1F2B10B507D84C791CB9BB
:1075300000F01F00FEF754FB204610BD0124FBE7BE
:1075400008B503464879A8B147F65B4293420ED08E
:1075500047F65C42934206D047F65A42934205D121
:10756000FFF7F4FB01E0FFF7E5FB002008BDFFF7A4
:10757000F0FBFAE70120F9E708B50346487998B12E
:1075800047F6014293420CD047F60342934206D09D
:10759000B3F5F84F02D1FEF740FB002008BDFFF71E
:1075A000E3FBFEF742FBF8E70120F7E7002000F0DD
:1075B00061BE08B5002000F0D8FD4FF6E363C31AA2
:1075C0005842584108BD4FF6E361002000F034BE38
:1075D00008B5002000F04EFEBDE808404FF6FF71F0
:1075E000002000F029BE10B50446022000F0AEFDD8
:1075F000207010BD0178022000F010BE032000F0C2
:10760000A5BD0146032000F009BE10B504460420C4
:1076100000F0ABFD208010BD0188042000F00CBEFE
:107620000822172100F028BE0822172100F0DCBD37
:107630000F2000F0A9BD01460F2000F00BBE01464F
:107640000E2000F0EBBD08B5132000F09DFDA0F565
:107650005D735842584108BD70B50E460546144644
:10766000FFF7A1FB014680B13444B4F55D7F88BFCC
:1076700040F2993406F1250198BF2534641A224658
:10768000284600F0F9FD204670BD22462846F9F74D
:1076900073F8F8E700207047014B1860704700BF8F
:1076A000DC0D0020704708B5FFF7FCFF08BD7047F0
:1076B00008B5FFF7FCFF08BD014B33F81000704719
:1076C000EA49002070474FF4346007F0F9B900BF71
:1076D00000BF00BF00BF00BF00BF00BF00BF00BFB2
:1076E00000BF00BF00BF00BF00BF00BF00BF00BFA2
:1076F00000BF00BF00BF00BF00BF00BF00BF70479A
:1077000008B5FFF7E0FF08BD704708B5FFF7FCFFBD
:1077100008BD00007FB5FEF71BF91E4D04461E4A4A
:1077200060B30023107801A905EB40000193029398
:10773000039300F0C5F9194E80B1194B0C2218784B
:1077400001A905EB4000F8F7F1FE0123337060B9A1
:107750000024FFF7ADFF204604B070BD3378002B46
:10776000F6D001900290039030700D4B0C221878E7
:1077700001A905EB4000F8F70DFFEAE7084B117887
:10778000187805EB410105EB400000F0FBF9FFF72D
:10779000BCFFE0E7EA490020024A0020FB1F00206E
:1077A000D049002008B5302383F31188012100F06F
:1077B0000F039940202220F00F0008F013FE002351
:1077C00083F3118808BD000038B509240B4D55F826
:1077D000040B421C01D0FFF7E5FF013C14F0FF044D
:1077E000F5D10624064D55F8040B431C01D0FFF7D4
:1077F000D9FF013C14F0FF04F5D138BDE00D0020A5
:10780000040E00202DE9F843DFF89480174658F85D
:10781000213005465A1C0E4640D0302282F3118892
:10782000012223F00F0903F00F0302FA03F42146AB
:107830004846240408F0D6FDC9F81840002484F313
:107840001188FFF744FF6FEA070C1648AA1E0A3595
:1078500050F8041B32F8023FB1F1FF3F1AD021F07B
:107860000F0EDEF810E001F00F012EFA01F1C9074A
:1078700010D401243B4313809542E9D158F82600E7
:10788000431C01D0FFF78EFF21463046BDE8F84388
:10789000FFF736BF0CEA03031380EDE7BDE8F8837A
:1078A000E00D0020040E0020F0B591B000F0DCF8EF
:1078B000F0B91F4C01AD0FCC0FC594E8030085E86B
:1078C00003001C4E01AF0FCF0FC695E8030008342C
:1078D00007AD86E803000FCC0FC50FCC0FC5266897
:1078E000154C2E6007AD0FCD0FC40FCD0FC4266011
:1078F00000F0BAF8002814BF002306230F4A1370C3
:107900000F4AC3F106031370FFF75EFF1822002130
:107910000C48F8F731FF182200210B48F8F72CFF2C
:1079200000F04CF811B0BDE8F040FFF7BCBE00BF5E
:107930009C110108040E0020E00D0020024A0020E6
:10794000D0490020EA490020D249002030B587B054
:10795000182200216846F8F70FFF0025012422466F
:10796000E9B268460135FFF74DFF6400092DA4B266
:10797000F5D1182269460E48F8F7D8FD002814BF43
:107980000124002404D0182269460948F8F702FEB1
:10799000084B22461978084B054803EB410100F0DB
:1079A0000FF80446FFF7B6FE2043C0B207B030BD63
:1079B000D2490020024A0020EA4900207047000016
:1079C0002DE9F04106460D461446134F42B10123FE
:1079D0003B7005F015FE114B18600020BDE8F081EA
:1079E00097F80080B8F1000FF7D00C4B186805F03D
:1079F000BCFD0028F1D00C2231462846F8F796FD50
:107A000028B10C2231462846F8F7C4FD444600232D
:107A100020463B70E2E700BFFC1F00200020002052
:107A200010B5074C00224FF40071204608F0DAFC34
:107A30004FF4165007F044F82069C0F3402010BD01
:107A40000004004038B5C82406F0C4FF054648B914
:107A5000013C4FF47A70A4B207F0FBF9002CF3D18B
:107A600006F0ACFF284638BD014B5878704700BF80
:107A70000720002010B5FFF7E5FF064C2070FFF748
:107A8000CFFF6070FDF764FF18B1BDE8104000F053
:107A900045B810BD0720002008B5FDF759FF18B9FB
:107AA000BDE8084000F03CB808BD0000034B187862
:107AB00009288CBF00200120704700BF062000204D
:107AC00070B5144D04462B780E46092B16D8204667
:107AD000314600F055F80446C8B92B78FF2B1CBF7F
:107AE00001332B702B78092B94BF0124002403D978
:107AF00005F0BCFD084B1880204670BD064B188869
:107B000005F02CFDB0F5FA7FE1D20024F4E7002364
:107B10002B70F1E7062000200420002005F052BE63
:107B200005F03CBEF8B504461E46BDF8187062B1BB
:107B30000C234343104DE85C1D44904238BF02467D
:107B40006B880E481844F8F725FD204605F03CFEEA
:107B5000054670B16FB10C20074900FB04110A798A
:107B6000CB880649BA4228BF3A4630461944F8F74E
:107B700011FD2846F8BD00BF1C0E00200C2000207F
:107B800000F0CEB900F008BA054B1A68054B92F820
:107B90003A1083F8901092F83B2083F8AC2070479D
:107BA000A41801081C0E002003F052BE114B70B542
:107BB0001C68032104F1390003F0EBFF94F838301E
:107BC000834215D194F939200F2A11DC0C210A4B7C
:107BD00001FB02339D685DB1AC4694F83B2094F8FC
:107BE0003A0004F15C0304F13C01BDE870406047D9
:107BF00070BD00BFA41801081C0E00202DE9F04341
:107C000090461D460022012385B000930E46DDE913
:107C10000C9711460DF10F03FFF784FF044650B394
:107C2000D8F8000005F0A1FC63281CD90022BBB2E3
:107C30001146009330462B46FFF774FF3946044641
:107C4000484603F0A6FF9DF80F30834214BF00247E
:107C500004F001041CB105F0D3FCC8F80000204674
:107C600005B0BDE8F0833946484603F092FF9DF821
:107C70000F308342DAD13A4649462846F8F78AFC63
:107C8000EDE700001E4B2DE9F0411E68082386B089
:107C900006F11B080193042103201A4ACDF8008045
:107CA00004ABFFF7ABFF054620B1174FB27E3B7820
:107CB0009A4215D1284606B0BDE8F0819DF80F1014
:107CC0009DF80E0003F036FD044650B90023052050
:107CD0001A4619460093FFF725FF2040C5B20BE076
:107CE000002440460DF10F020DF10E0103F008FDD6
:107CF0000028E3D1002CE9D1B37E3B70DAE700BF66
:107D0000A4180108B02000208820002070B50C269F
:107D10000E4B86B01B680D460233009301210020F4
:107D20000B4A01960DEB0603FFF768FF044628B1E6
:107D3000324608480DEB0601F8F72CFC0C222846C9
:107D40000449F8F727FC204606B070BDA4180108C6
:107D5000A820002094200020F7B5044608680D46AE
:107D600017461E4605F001FC632800D87FB10023AA
:107D700020463146BDF820200093FFF7D3FE04468D
:107D800010B105F03DFC2860204603B0F0BD012491
:107D9000FAE72DE9F0411446069F05460E463A469D
:107DA00019462046F8F7C2FB021E234631462846F4
:107DB000BDE8F04118BF0122FFF7CEBF7FB5FFF746
:107DC00041F80390FFF750F80490FFF75FF80C229A
:107DD000064B05901B68009205492C336A440A2023
:107DE000FFF7D7FF07B05DF804FB00BFA418010838
:107DF000A420002007B50C21054B02461B6800910A
:107E00000E3304490220FFF7C4FF03B05DF804FB02
:107E1000A4180108AC2000201FB505F073F9012259
:107E2000074B8DF80F001B68009206492A330DF1AD
:107E30000F020920FFF7ADFF05B05DF804FB00BF9E
:107E4000A4180108B820002037B501240E4B0720E4
:107E50001D680E4B95F828101A7800948A1A18BFDE
:107E600001220B49FFF778FF58B10A4B95F829100A
:107E70001A7808208A1A18BF012207490094FFF7D0
:107E80006BFF03B030BD00BFA41801081A1F00200B
:107E900090200020161F00208C20002030B50E4DB1
:107EA00085B0286805F061FB632812D9FFF718FB3D
:107EB00000230230039004220620009303A9FFF759
:107EC00031FE044610B105F09BFB2860204605B04A
:107ED00030BD0124FAE700BFB42000202DE9F047AF
:107EE00006460F469046FFF7E1FD002814BF4FF00D
:107EF0000A094FF00109012539463046C04710B93B
:107F000001354D4501DDBDE8F087044605FB05FA66
:107F10004FF47070013406F0D3FD5445F8D1EBE70F
:107F200038B5164A04460D46FFF7D8FF20B3294658
:107F30002046134AFFF7D2FFF0B129462046114AE6
:107F4000FFF7CCFFC0B1294620460F4AFFF7C6FF16
:107F500090B1294620460D4AFFF7C0FF60B129467F
:107F600020460B4AFFF7BAFF30B129462046BDE84C
:107F70003840084AFFF7B2BF002038BD0D7D000829
:107F8000F57D0008857C00089D7E0008497E00087C
:107F9000197E0008BD7D000870B50E46054607F045
:107FA00095FF294B0C221C683146A31C1846F8F794
:107FB000F1FA0C2103F0EDFD264606F80E0B07F052
:107FC0008BFF07F083FF0C223146284604F11B0586
:107FD000F8F7E0FA07F080FF07F078FF284603F093
:107FE0002FFC0821284603F0D4FDA07607F074FF8B
:107FF00007F06CFF154B606A1A68904202D0186057
:10800000FFF760FA07F068FF07F060FF94F8282098
:108010000F4B1A7094F829200E4B1A7007F05CFF72
:1080200007F054FF94F82A0005F066F807F054FFB3
:1080300007F04CFF04F12C0007C8FEF72DFFBDE848
:10804000704007F049BF00BFA4180108A02000201D
:108050001A1F0020161F00200E2808DD0C22044BDA
:1080600002FB00303C2343805C238160C380704767
:108070001C0E0020F0B587B00E4617461D468DF841
:108080000F00FFF713FD10B9002007B0F0BD9DF9F8
:108090000F300E2BF8DD202EF6D8202DF4D800243A
:1080A00003210DF115008DF815308DF814408DF871
:1080B00016608DF8175003F06CFD154B8DF8140009
:1080C00083F8906083F8AC50042223460B20009480
:1080D00005A9FFF727FD0028D6D0234632463946AA
:1080E0000C200094FFF71EFD0028CDD0234601226E
:1080F0000D2000940DF10F01FFF714FD0028C3D0EF
:10810000224621460C9B00950E20FFF70BFDBCE795
:108110001C0E0020FEF75CBF08B505F034FA05F030
:10812000C9FFFEF7E9FE05F0C7FFFEF71DFF05F0EA
:10813000D1FF05F0D5FFFFF7EDFF05F0D3FF05F008
:1081400093FF03F0DBFDFEF7E9FEF2E7002307B53E
:10815000014601220DF107008DF8073000F08CF880
:108160009DF8070003B05DF804FB002307B5014646
:1081700002220DF10600ADF8063000F07DF8BDF8E2
:10818000060003B05DF804FB07B504220023014696
:108190000DEB0200019300F06FF8019803B05DF859
:1081A00004FB07B501228DF8071001460DF1070009
:1081B00000F067F803B05DF804FB07B50222ADF8E4
:1081C000061001460DF1060000F05BF803B05DF803
:1081D00004FB07B50422019101460DEB020000F0FB
:1081E00050F803B05DF804FBF8B505461446D31DFE
:1081F00023F0070300AFADEB030D68460E4600F019
:108200003BF8224669462846F8F790F920B1224605
:108210003146284600F035F8BD46F8BD38B50C4665
:108220000546FFF793FFA04205D021462846BDE84A
:108230003840FFF7B6BF38BD38B50C460546FFF7E6
:1082400094FFA04205D021462846BDE83840FFF7FC
:10825000B4BF38BD38B50C460546FFF795FFA042C0
:1082600005D021462846BDE83840FFF7B2BF38BDEB
:1082700000F012B900F038B80B460146184600F07D
:108280004DB80B460146184600F09AB808B5064BA3
:108290004FF4805218460021F8F76EFA41F20802B6
:1082A00000F580531A6008BDC020002010B5054CB1
:1082B00023792BB900F069F908B10120207110BDB4
:1082C0000220FCE7C030002010B5064C237933B102
:1082D00000F065F910B100230120237110BD0220C8
:1082E000FCE700BFC030002038B5FFF7DFFF0446D1
:1082F00018B9FFF7E9FF204638BD00F048F90546F8
:10830000FFF7C4FF012C06D1FFF7DEFF00280CBFEA
:10831000002505F001052C46EDE7000008B50346F1
:1083200008469918B1F5805F05D804491944F8F753
:1083300031F9012008BD0020FCE700BFC02000206B
:1083400038B500F024F9044608B3FFF7AFFF4FF447
:10835000007205461249002000F03EF970B10EA3EC
:10836000D3E900234FF480510D4803F060F9024631
:108370000B464FF4805000F061F950B90024012DF4
:1083800001D1FFF7A1FF41F20802064B1A60204617
:1083900038BD0224F3E700BF25232284E49CF2CBFE
:1083A000C0200020C0300020044B1B68B3F5005FE4
:1083B00001D3FFF7C5BF0120704700BFC0300020C8
:1083C0008318B3F5805F2DE9F34705460F4616463F
:1083D0001AD8304C00EB040841463846F8F7A6F8A6
:1083E000002854D0324639464046F8F7D3F8FFF714
:1083F0005DFF814630B104F580583EB9FFF7D4FFE8
:10840000044639E0FFF760FF00243CE0052EB24649
:1084100028BF4FF0050A052200210DF10300F8F7EF
:10842000ABF9C5F3024343EACA03524639468DF815
:1084300000300DF103002B0A8DF801308DF8025049
:10844000F8F7A8F8DDE90023D8F8000000F0F6F806
:10845000044688B1D8F800300833C8F80030FFF778
:10846000A3FF0128044604D1A6EB0A06554457444D
:10847000C3E7022818BF0024B9F1010F03D1FFF7A9
:1084800023FF0028C0D0204602B0BDE8F0870124B9
:10849000F9E700BFC02000207FB5FFF7F7FE00F02E
:1084A0006FF8044610B9FFF7F1FE5BE04FF400727D
:1084B0000020314900F075F82F4D044610B9FFF740
:1084C000E5FEF0E72AA3D3E900234FF480512846C4
:1084D00003F0ADF806460C464FF4805002A900F0B8
:1084E00078F8DDE902239C4208BF964201D0FFF7ED
:1084F000CDFE41F208046946204600F06AF80346C2
:1085000040B3DDE9000350EA030220D010F0C00FB1
:10851000CDE9020304F10804C1B2C0F3811318D1FC
:108520000A0400F47F46C0F3074002F4E02230431F
:108530001043CA0800EBD101B1F5805F0AD80DF1F4
:108540000B012844F8F726F8B4F5005FD3D10123D6
:1085500000E00023094A14603BB9FFF7F1FE04462E
:108560000028A0D0204604B070BDFFF71DFFF6E73D
:1085700025232284E49CF2CBC0200020C0300020C0
:1085800008B500F0DDF8012008BD0120704708B5EE
:10859000002000F0D7F8B0FA80F0400908BD0120B3
:1085A000704738B5D5002A460C4600F0E8F818B9EF
:1085B00021462544A94203D1B0FA80F0400938BDD4
:1085C000D1E90023D243DB4341F8082B41F8043CB6
:1085D000F0E70122FFF7E5BF2DE9F04706468846A0
:1085E00015460027C0B0202DA94628BF4FF020090E
:1085F0004FEAC90A5246684608EBC701F7F7CAFFB7
:1086000000246B464C450DD152466946304600F079
:10861000D4F888B92D1B56442744E4D1012040B03A
:10862000BDE8F087D3E90001C043C94343F8080B14
:1086300043F8041C0134E5E70020F0E707B5CDE975
:10864000002369460122FFF7C7FF03B05DF804FB72
:10865000002208231146014805F00ABA0C08004020
:1086600008B5FFF7F5FF30B1062005F011FA05F067
:1086700047FA002008BD4FF0FF30FBE7F7B51F4673
:108680008DF807100B0A090C064615468DF80400F4
:108690008DF806308DF80510FFF7DAFFE8B10421F8
:1086A0000DEB010005F018FA044648B945B1022E59
:1086B0000BD0032E0ED12846B9B205F017FA0446A6
:1086C00005F01EFA204603B0F0BD2846B9B205F009
:1086D00003FAF4E74FF0FF34F2E74FF0FF34F1E72D
:1086E00010B5FFF7B5FF88B1052005F0D1F905F009
:1086F000E1F9044605F004FA002C05DB14F0010F43
:1087000014BF6FF003040024204610BD4FF0FF3467
:10871000FAE710B5044604F073FF4FF47A7303FBD5
:10872000040404F06DFFA04204D2FFF7D9FF031D3B
:10873000F7D010BD6FF00100FBE70120FFF7E9BFA4
:1087400005F018B900F58033B3F5002F10B50446D5
:1087500012D283B283B9FFF7F0FF78B9FFF780FF39
:1087600060B9034602462146D820FFF787FF28B9A3
:10877000BDE81040FFF7E1BF4FF0FF3010BD2DE91D
:10878000F04107460D461646FFF7D7FF04468046E0
:1087900038B1324600212846F7F7EEFF2046BDE803
:1087A000F08133462A4639460320FFF767FF044627
:1087B0000028F3D032464146EDE72DE9F041064668
:1087C0000F46154675B9FFF7B8FF044638B9FFF7ED
:1087D0003FFF30B3042005F05BF905F091F9204626
:1087E000BDE8F0815FFA86F8C8F58078A84528BF13
:1087F000A846FFF7A2FF04460028F0D1FFF730FF9C
:1088000004460028EBD143463A4631460220FFF7A2
:1088100035FF04460028E2D147444644A5EB08054D
:10882000D0E74FF0FF34DAE738B54C790546002C35
:1088300042D0FEF74FF900F02203A5F5F0402038B2
:108840000A280AD8DFE800F0060B0F14181D2126AD
:108850002A2F330002F041FD0024204638BD23B109
:1088600002F0DEFDF8E7002BFAD002F0C5FDF3E7D9
:1088700023B102F039FEEFE7002BFAD002F022FE1E
:10888000EAE723B102F058FEE6E7002BFAD002F047
:108890003FFEE1E723B102F077FEDDE7002BFAD0DF
:1088A00002F05EFED8E723B102F0A2FED4E7002B6F
:1088B000FAD002F08FFECFE70124CEE738B54D792C
:1088C0000446A5B9FEF706F900F02203A4F5F0402E
:1088D00040380E2849D8DFE800F0080C0F12161BAC
:1088E0001F24282D31363A3F430002F00BFD284665
:1088F00038BD02F01FFDFAE702F0EFFCF7E723B105
:1089000002F08EFDF3E7002BFAD002F075FDEEE7E2
:1089100023B102F0E9FDEAE7002BFAD002F0D2FD24
:10892000E5E723B102F008FEE1E7002BFAD002F000
:10893000EFFDDCE723B102F027FED8E7002BFAD0E9
:1089400002F00EFED3E723B102F052FECFE7002B78
:10895000FAD002F03FFECAE723B102F066FEC6E796
:10896000002BFAD002F05EFEC1E70125BFE7000050
:1089700030B510F47F4F85B00190C0F30725C0F3E8
:10898000074217D109B1314B9A5C8DF80C208DF854
:108990000D208DF80E2000209DF80C3063F30700A9
:1089A0009DF80D3063F30F209DF80E3063F31740F0
:1089B00005B030BD9DF8044061B3244B9A5C06209D
:1089C000FF236043591BB0FBF3F06FF054034343A4
:1089D00003EB440303EB4303DBB203FB05F4C3F1F6
:1089E000FF036B4324121B12C4F1FF04C3F1FF0306
:1089F000514354435343C1F30721C4F30724C3F342
:108A00000723D2B206281CD8DFE800F006080F12B0
:108A1000161B060092B2D2E714461A468DF80C4097
:108A20008DF80D208DF80E10B5E70C461946F5E7C8
:108A300023460C461146F0E710461C460A460146FE
:108A4000ECE7234614460A46F0E700BFC4180108C5
:108A5000012184B004B0FFF78BBF012830B501D8E5
:108A6000C0B230BDB0F5F75F88BFFF224FF0010400
:108A70009EBF42090832D2B2A3185910C3F347056A
:108A8000C3F34F035B439BB2834205D96A1ED2B244
:108A90009442F1D9601EE3E7FF2902D06C1CE4B2D6
:108AA000F6E70846DDE70000074B188800EB402298
:108AB00000EB820000F55850193080B2188000EBAE
:108AC0001020C0B2704700BFEC0E002008B5014670
:108AD000FFF7EAFF4843C0F3072008BD10F040034A
:108AE00016BFC2430246D2B210B502F00F0103B165
:108AF0000131094CC2F3011204EB42035B78594384
:108B000014F81230020603EB2113DBB244BF5B42C0
:108B1000DBB283F0800010BDA81801081FB5C0F3B8
:108B2000074401905008FFF7D9FFA0F180035BB222
:108B3000002BBCBFC0F1800043B200205B00DBB261
:108B400004FB03331B128DF80630019BDAB262F38B
:108B50000700C3F3072262F30F20C3F3074363F355
:108B6000174004B010BD0000144B84B003EB410368
:108B7000E521019093F86C30C0F307204B43C2EB22
:108B800013231C33002BB8BF5B42A0EBC3031BB203
:108B900023EAE37300FB033300201B128DF805303A
:108BA000019BDAB262F30700C3F3072262F30F20DE
:108BB000C3F3074363F3174004B070479A0C0020D7
:108BC000144B84B003EB4103E521019093F86C3022
:108BD000C0F307404B43C2EB13231C33002BB8BF39
:108BE0005B42A0EBC3031BB223EAE37300FB033336
:108BF00000201B128DF80630019BDAB262F30700E9
:108C0000C3F3072262F30F20C3F3074363F3174054
:108C100004B070479A0C002084B0019000208DF8B9
:108C20000420019BDAB262F30700C3F3072262F368
:108C30000F20C3F3074363F3174004B070470000ED
:108C400084B001900B4800EB410090F86C3000209C
:108C50009B1A8DF80430019BDAB262F30700C3F36C
:108C6000072262F30F20C3F3074363F3174004B0F6
:108C7000704700BF9A0C002084B001900B4800EBB5
:108C8000410090F86D3000209B1A8DF80430019B54
:108C9000DAB262F30700C3F3072262F30F20C3F3D3
:108CA000074363F3174004B0704700BF9A0C0020DD
:108CB00030B5134B85B03431019003EB4104657935
:108CC00003EB4103A5F1200464B21B79002CBCBF67
:108CD000C5F1200464B29A1A2244C0B210448DF83F
:108CE00004000020019BDAB262F30700C3F30722FD
:108CF00062F30F20C3F3074363F3174005B030BDA1
:108D00009A0C002084B0019000209DF8102003EB05
:108D1000430302EB53038DF80430019BDAB262F394
:108D20000700C3F3072262F30F20C3F3074363F383
:108D3000174004B070471FB592B2019048B20028A6
:108D400002FB02F2BCBF494248B2C0F1380000FB4E
:108D5000002080B21C46FFF780FE00EB4000044478
:108D600000208DF80440019BDAB262F30700C3F3E0
:108D7000072262F30F20C3F3074363F3174004B0E5
:108D800010BD000084B0019003F13400104B03EBE0
:108D9000400358791B792038703B4B4302FB00326B
:108DA00000209DF80410002AB8BF7F3201EBE212C8
:108DB0008DF80420019BDAB262F30700C3F30722A7
:108DC00062F30F20C3F3074363F3174004B0704707
:108DD0009A0C002084B0019003F13400104B03EB97
:108DE000400358791B792038703B4B4302FB00321B
:108DF00000209DF80410002AB8BF3F3201EBA212F8
:108E00008DF80420019BDAB262F30700C3F3072256
:108E100062F30F20C3F3074363F3174004B07047B6
:108E20009A0C002030B5174C85B03433019004EB18
:108E3000430425796379A5F1700464B2203B002CCA
:108E400002FB03F3BCBFC5F1700464B2C4F1380285
:108E500001FB023212EB4202C0B248BF7F3200EB8C
:108E6000E21200208DF80420019BDAB262F30700C1
:108E7000C3F3072262F30F20C3F3074363F31740E2
:108E800005B030BD9A0C002001F13403114984B0C3
:108E9000019001EB430148790B792028A3EB0003F3
:108EA0004FF0000003EB4303DBB28CBFD2189A1AD9
:108EB000D2B28DF80420019BDAB262F30700C3F34B
:108EC000072262F30F20C3F3074363F3174004B094
:108ED000704700BF9A0C00201FB5C4B20190500823
:108EE000FFF7FCFDA0F180035BB2002BBCBFC0F11B
:108EF000800043B20D205B00DBB24343002004EB53
:108F000013238DF80430019BDAB262F30700C3F338
:108F1000072262F30F20C3F3074363F3174004B043
:108F200010BD000030B50D4685B00190C4B21046AA
:108F3000FFF7D4FD124901EB450191F86C20024482
:108F40000D20D2B2A2F180035BB2002BBCBFC2F1F4
:108F5000800253B25B00DBB24343002004EB1323D7
:108F60008DF80430019BDAB262F30700C3F30722E5
:108F700062F30F20C3F3074363F3174005B030BD1E
:108F80009A0C0020114B84B0019003EB410393F83D
:108F90006C10C0B28B1A5BB2002BBCBF521A53B21A
:108FA0001922DBB2534300EB13208DF8040000209C
:108FB000019BDAB262F30700C3F3072262F30F20CA
:108FC000C3F3074363F3174004B070479A0C0020C3
:108FD000FF2928BFFF21C94384B00190C9B2C0F363
:108FE000074000FB0111002009128DF80610019BBB
:108FF000DAB262F30700C3F3072262F30F20C3F370
:10900000074363F3174004B07047FF2928BFFF21CF
:10901000C94384B0C9B2019001EB8111C0B200EB29
:10902000112100208DF80410019BDAB262F30700D1
:10903000C3F3072262F30F20C3F3074363F3174020
:1090400004B0704784B003EB8302BDF81030019088
:1090500013449BB2FF2B28BFFF23DB43C0F3074021
:10906000DBB20344FF2B28BFFF2300208DF806301E
:10907000019BDAB262F30700C3F3072262F30F2009
:10908000C3F3074363F3174004B0704700291FB5CB
:10909000B8BF4942002AB8BF524209B2090112B210
:1090A000FF294FEA0212A8BFFF21FF2AA8BFFF2213
:1090B000BDF8184009B21C4412B2A4B29142D4BF08
:1090C0006418A418A3B2FF2B28BFFF23DB43019031
:1090D000DBB2C0F307400344FF2B28BFFF2300206F
:1090E0008DF80630019BDAB262F30700C3F3072262
:1090F00062F30F20C3F3074363F3174004B010BDBE
:109100001FB5482B0190C0F3074030D8BDF8184078
:10911000E31A9BB2FF2B28BFFF23083189B2102925
:1091200005D902F1080189B2112928BFFF23DB43C9
:10913000DBB20344002AB8BF0332FF2B28BFFF2352
:1091400000200C498DF80630497801EBA2028DF819
:109150000420019BDAB262F30700C3F3072262F333
:109160000F20C3F3074363F3174004B010BDFF2380
:10917000D3E700BF084A002084B0BDF81020C0F338
:109180000741D31A9BB2FF2B28BFFF23DBB2DA4380
:10919000D2B21144FF2928BFFF21019003440020CF
:1091A0008DF804308DF80610019BDAB262F30700E7
:1091B000C3F3072262F30F20C3F3074363F317409F
:1091C00004B0704784B0BDF810200190D31A9BB250
:1091D000FF2B28BFFF23DB43C0F30740DBB2034470
:1091E000FF2B28BFFF2300208DF80630019BDAB249
:1091F00062F30700C3F3072262F30F20C3F30743B0
:1092000063F3174004B070477FB5164E1546735C84
:109210000190C0F3074413B9FFF746FC7054705C2B
:1092200028444008FFF75AFCA0F180035BB2002BF2
:10923000BCBFC0F1800043B200205B00DBB204FB86
:1092400003331B128DF80630019BDAB262F307007C
:10925000C3F3072262F30F20C3F3074363F31740FE
:1092600004B070BD603200201FB5184B0190C0F3F0
:10927000074401EB81011868154BC1EB81110844CB
:109280001979C90800FB0100C0F30720FFF726FC8D
:10929000A0F180035BB2002BBCBFC0F1800043B2E1
:1092A00000205B00DBB204FB03331B128DF8063099
:1092B000019BDAB262F30700C3F3072262F30F20C7
:1092C000C3F3074363F3174004B010BD104A0020F6
:1092D000084A0020024B1A7810431870704700BFEC
:1092E000CA30002010B5044620B90029ACBF0020C8
:1092F000802010BD80EAE073A3EBE0731BB200296D
:1093000003EB0102A7BFCB1A5B015B1A5201ABBF93
:1093100093FBF2F392FBF3F3C3F12003C3F1600379
:109320005BB2D8B2002CBCBF4042C0B2E1E730B55E
:10933000C0F3072585B0EB1A01901046DCB2FFF7A9
:10934000D1FFC0EB801300EB830300201C44E3B289
:1093500005FB03331B128DF80530019BDAB262F373
:109360000700C3F3072262F30F20C3F3074363F33D
:10937000174005B030BD30B5C0F3074585B0EB1AD6
:1093800001901046DCB2FFF7ADFFC0EB801300EB9D
:10939000830300201C44E3B205FB03331B128DF84A
:1093A0000630019BDAB262F30700C3F3072262F3CF
:1093B0000F20C3F3074363F3174005B030BD30B54A
:1093C00085B09DF82040C0F30725019010461C1B76
:1093D000FFF788FF2C44E4B2241A0020E3B205FB17
:1093E00003331B128DF80530019BDAB262F30700DC
:1093F000C3F3072262F30F20C3F3074363F317405D
:1094000005B030BD30B585B09DF82040C0F30745AC
:10941000019010461C1BFFF765FF2C44E4B2241A90
:109420000020E3B205FB03331B128DF80630019BCD
:10943000DAB262F30700C3F3072262F30F20C3F32B
:10944000074363F3174005B030BD1FB501901046C8
:109450001C46FFF747FF20448DF804000020019BC5
:10946000DAB262F30700C3F3072262F30F20C3F3FB
:10947000074363F3174004B010BD1FB59DF81840B3
:10948000019010461C1BFFF72DFFE4B2241A0020A8
:109490008DF80440019BDAB262F30700C3F30722A0
:1094A00062F30F20C3F3074363F3174004B010BD0A
:1094B00084B004B0FFF7CCBA2DE9F74FDFF8CCA0A9
:1094C00000EBC0080AEB08035B5C0746FF2B0E4667
:1094D0002BD000252E4A90444FF0000B05EBC5041D
:1094E00003F134090AEB04010AEB4909144411F8A9
:1094F00001EBBEF1FF0F0ED0E8B2874218D15FFA40
:109500008BF0864214D118F806002030FF2828BFBF
:10951000FF2008F806000BF1010BBBF1090F04F165
:109520000104E4D101350C2DD6D103B0BDE8F08F94
:109530000EF1340E0AEB4E0E9EF8040099F804C0AA
:109540009EF805E0ACEB000C99F805000191A0EB4A
:109550000E0080B240430CFB0C0080B20093FFF77A
:109560007CFA2828009B0199094AD4D894F800C0B5
:10957000C0F12800C0B2102894BF84440CF1100C34
:109580006046FF2828BFFF202070C4E79A0C002007
:10959000CC30002008B50348FDF7FDFB0022024B4C
:1095A0001A7008BD084A0020CA30002010B5094CC6
:1095B000352320460322084900F8013BF6F7EAFF6D
:1095C0004FF67F732046A380FDF7E5FB0022034B97
:1095D0001A7010BD084A0020D8110108CA300020B6
:1095E0000020704770B504460E461546FFF7F8FF99
:1095F000054B04EBC4041C44A35DFF2B1EBF2B547E
:109600000130C0B270BD00BF9A0C0020014BDB6876
:10961000184700BFB418010870470000F7B50C46A2
:1096200015461E46FFF7F8FF00280ADB064F2146C5
:109630007C6833462A46A446019403B0BDE8F04056
:10964000604703B0F0BD00BFB4180108F7B51F4B69
:109650000546034493F8F430194234D01C4E1D4B98
:1096600034791B88E40804FB0333711C1C120322A9
:109670006846F6F78FFFE0B2FFF730FAA0F18004FA
:1096800064B2002CBCBFC0F1800044B21F207778C8
:10969000F678FFF71BFA6400E4B206FB04440744C3
:1096A00024128DF800708DF802400098FFF700FF3B
:1096B000C0F30743C0F30722C1B2284603B0BDE898
:1096C000F040FFF7ABBF03B0F0BD00BF9A0C002025
:1096D000084A0020104A0020F7B51F4B05460344F6
:1096E00093F8F430194234D01C4E1D4B34791B884A
:1096F000E40804FB0333711C1C1203226846F6F7CE
:1097000049FFE0B2FFF7EAF9A0F1800464B2002C4F
:10971000BCBFC0F1800044B21F20B778F678FFF7D5
:10972000D5F96400E4B206FB0444074424128DF822
:1097300001708DF802400098FFF7BAFEC0F30743AE
:10974000C0F30722C1B2284603B0BDE8F040FFF7DE
:1097500065BF03B0F0BD00BF9A0C0020084A00208E
:10976000104A002073B51B4B0446034493F8F430B1
:1097700019422DD0184E194B35791B88ED0805FB81
:109780000333711C1D1203226846F6F703FFE8B28B
:10979000FFF7A4F9A0F180035BB2002BBCBFC0F1BE
:1097A000800043B2F6785B00DBB206FB03331B128A
:1097B0008DF802300098FFF77BFEC0F30743C0F33B
:1097C0000722C1B2204602B0BDE87040FFF726BFB5
:1097D00002B070BD9A0C0020084A0020104A0020F8
:1097E00013B5124B0446034493F8F43019421BD0CE
:1097F000FFF75AF98DF800008020FFF767F90C4B4E
:109800007F30DB788DF801008DF802300098FFF78B
:109810004FFEC0F30743C0F30722C1B2204602B097
:10982000BDE81040FFF7FABE02B010BD9A0C002050
:10983000084A002037B5134B0446034493F8F4302C
:1098400019421DD0104D0322691C6846F6F7A2FE8E
:1098500003206D78FFF73AF96FF01F0303FB005503
:109860008DF800500098FFF723FEC0F30743C0F3C4
:109870000722C1B2204603B0BDE83040FFF7CEBE9C
:1098800003B030BD9A0C0020084A0020014B9B68B1
:10989000184700BFB41801082DE9F04F524B87B0AC
:1098A000DC78524E04EB44034FEAA30B9B0802936F
:1098B000FF23B3FBF4F3019383785BB100221146DD
:1098C0001046FFF7E3FF6C2200214948F6F754FFEA
:1098D000002333700025474FDFF814A13B78013394
:1098E0003B70D0464FF0000932785FFA89F31A4393
:1098F00063D10393F6F7C4FF3F4B9842039B5CDCB4
:109900008AF800402946184604AAFFF76BFE98B172
:1099100098F80020029B9DF810009A425CD9A2EBB7
:109920000B030BFB03F3A4EB0B0293FBF2F32246B6
:10993000DBB21946FFF772FE09F10109B9F10C0F0C
:1099400008F10908D0D10135EDB2092D0AF1010A5B
:10995000C7D13B78019A934204BF00233B70337810
:109960000133DBB21C2B3DD900233370234E0B2374
:109970003546671E3046294609220B2B04D190F844
:1099800000C0644508BF077011F809CC013AA4452E
:1099900024BF01F8097C0C7012F0FF0201F10101F3
:1099A00000F10100E9D1013B13F0FF03A5F1090526
:1099B000E0D1002007B0BDE8F08F98F80020002A21
:1099C000A0D094429ED939780198814204BF02F117
:1099D000FF3288F8002095E76243B2FBFBF20023D8
:1099E000D2B2A6E73370E4E7084A0020CB3000206B
:1099F000CC300020C8300020545555052F310020B0
:109A00002DE9F04F85B006460F461546FBF7A0FF3F
:109A10008046002852D0002D53D03946304602AA45
:109A2000FFF7E0FD0446DFF8D49099F800302344B6
:109A3000082B23DDC4F1080A611C5246494409F190
:109A40000100F6F7A7FD04F109015246494409F166
:109A50000900F6F79FFD09EB44014FEA4A0219316C
:109A600009F11900F6F796FD04F111015246494437
:109A700009F11100F6F78EFD89F800A0002299F88F
:109A800000C011469146DFF874E00DF1080BD0B22A
:109A900000EB0C03DBB28442019314D86444E4B2BB
:109AA00009B1164B1C704DB1154B1B7803F0FC032C
:109AB000802B03D139463046FFF7FEFC05B0BDE8E8
:109AC000F08F2C46AFE7019B1BF801AB0EEB0300B8
:109AD0000C4B0AF1340103EB41010B7949794370D6
:109AE000019B41720C330EEB4303414680F811A0F9
:109AF00083F8019083F802900132C8E73B310020DF
:109B0000084A00209A0C00200C4B1B68C3F38123E9
:109B1000022B0CD0032B0ED0012B4FF0000203D0F0
:109B200011461420FFF7B2BE14211046FAE70021B7
:109B300014220846F6E71422F2E700BF104A00207C
:109B4000012070470120704708B5FFF7FBFF08BDF3
:109B500008B5FFF7F5FFFFF7F7FF08BDC0EBC00042
:109B600043000020DBB203F10E02D2B2442A63F3B9
:109B70000700134628BF442382B063F30F2002B0CE
:109B8000704700002DE9F04F074689B00078029138
:109B9000FFF7E4FFDFF8BC802F4A98F80450C4B206
:109BA0006B081588C0F3072B03FB05552B4BC5F33A
:109BB000072503EB440603F1F409E3B29B4507D8FC
:109BC000BBF1430F8CBF0020012009B0BDE8F08F2E
:109BD00014F809207B781A4238D096F86D2096F850
:109BE0006C10203A92B202FB02F070391FFA81FA2F
:109BF0000AFB0A0080B20392FEF72FFF98F801C01B
:109C0000034698F8020098F803E0039A4CEA002013
:109C100012B20FFA8AF1DDF808C040EA0E40009552
:109C2000E047C0F307238DF81C00C0F307408DF810
:109C30001D308DF81E000798FFF73AFCC0F307436C
:109C4000C0F30722C1B22046FFF7E8FC0236013418
:109C5000B3E700BF084A0020104A00209A0C0020F9
:109C60000149FFF78FBF00BFBF9300080149FFF70D
:109C700089BF00BF059400080149FFF783BF00BFFB
:109C8000058D00080149FFF77DBF00BF7B940008E8
:109C90002DE9F04F074685B00078FFF75FFF8A4651
:109CA000DFF89880264A98F80450C4B26B081588EB
:109CB000C0F3072B03FB0555224BC5F3072503EB28
:109CC000440603F1F409E3B29B4507D8BBF1430F07
:109CD0008CBF0020012005B0BDE8F08F14F80920EA
:109CE0007B781A4226D098F8023098F8010098F84C
:109CF00003C096F86D2096F86C1040EA0320203AD5
:109D000070392B4640EA0C40D047C0F307238DF84A
:109D10000C00C0F307408DF80D308DF80E0003984D
:109D2000FFF7C6FBC0F30743C0F30722C1B22046CA
:109D3000FFF774FC02360134C5E700BF084A002073
:109D4000104A00209A0C00200149FFF7A1BF00BF74
:109D50002F9300080149FFF79BBF00BF77930008CE
:109D60000149FFF795BF00BF378D00080149FFF794
:109D70008FBF00BF4B9400082DE9FF4706460078CF
:109D8000FFF7ECFE88461F4F1F4B3D791B88AD083F
:109D900002355D43DFF874A0C0F30729C5F307253A
:109DA000C4B2E1B2894507D8B9F1430F8CBF002096
:109DB000012004B0BDE8F08714F80A2073781A4235
:109DC0001DD0B8787B782A4643EA0023F87843EA26
:109DD0000040C047C0F307238DF80C00C0F30740D4
:109DE0008DF80D308DF80E000398FFF761FBC0F37E
:109DF0000743C0F30722C1B22046FFF70FFC01342E
:109E0000CFE700BF084A0020104A00208E0D002036
:109E10000149FFF7B1BF00BF1D8B00080149FFF7E3
:109E2000ABBF00BF698B00080149FFF7A5BF00BFAA
:109E3000C18B00080149FFF79FBF00BF198C0008C4
:109E40000149FFF799BF00BF418C00080149FFF7A6
:109E500093BF00BF798C00080149FFF78DBF00BF99
:109E6000B18C00080149FFF787BF00BFD98E0008F9
:109E70000149FFF781BF00BF258F00080149FFF7A7
:109E80007BBF00BF858F0008837810B5044623B1DF
:109E9000442200210448F6F76FFC2046BDE810403C
:109EA0000249FFF769BF00BF603200200992000835
:109EB0000149FFF761BF00BF699200082DE9F04F2B
:109EC000814689B000780391FFF748FEDFF8A8A02B
:109ED0002A4A9AF80440C6B2A3081488C0F307259A
:109EE00003FB0444C4F3072404F14000C0B2FEF7AE
:109EF000F5FDA0F180072046FEF7F0FDDFF880B009
:109F0000A0F180087FB24FFA88F8F3B29D4206D8DC
:109F1000432D8CBF0020012009B0BDE8F08F16F85A
:109F20000B1099F80120114224D09AF802209AF8D7
:109F300001009AF803C040EA02203946424640EA4E
:109F40000C400094DDF80CC0E047C0F307238DF807
:109F50001C00C0F307408DF81D308DF81E000798D7
:109F6000FFF7A6FAC0F30743C0F30722C1B2304699
:109F7000FFF754FB0136C8E7084A0020104A0020CA
:109F80008E0D00200149FFF799BF00BF858D0008A5
:109F90000149FFF793BF00BFD58D00080149FFF7C6
:109FA0008DBF00BF258E00082DE9F04F334D0746C9
:109FB00085B00078FFF7D2FD2E794FF6FF7301369A
:109FC000FF2E28BFFF268846B3FBF6F6DFF8B0B0B9
:109FD000DFF8B0A0C0F30729C4B2E0B2814507D8CA
:109FE000B9F1430F8CBF0020012005B0BDE8F08F10
:109FF00014F80B207B781A422ED09AF800302249B0
:10A00000013B5BB21A0629D532462B79A878591C38
:10A01000FF290B4628BFFF2303FB02226B78C2F304
:10A020000F2143EA0023E87843EA0040C047C0F329
:10A0300007238DF80C00C0F307408DF80D308DF824
:10A040000E000398FFF734FAC0F30743C0F307226A
:10A05000C1B22046FFF7E2FA0134BEE75A5C824201
:10A060000AD103F10C020AEB420292F801C0927885
:10A070004CEA0222B242C8D3013BC3E7084A00209F
:10A080008E0D0020144A0020254A00200149FFF7C8
:10A090008BBF00BFD18F00080149FFF785BF00BF0C
:10A0A0000B9000082DE9F04F82468DB0087804929D
:10A0B000FFF754FD8B46414BC5B21B78C0F307290F
:10A0C00003933F4B03EB4507F4330593EBB29945FC
:10A0D00007D8B9F1430F8CBF002001200DB0BDE8B7
:10A0E000F08F059BEA5C9BF801301A4221D0D046E4
:10A0F0000024032233490AA8F6F74CFA2F4B0AF141
:10A1000001061E44039A5FFA88F39A4214D82E4B34
:10A11000D87800FB044424128DF82A400A98FFF7EF
:10A12000C7F9C0F30743C0F30722C1B22846FFF7BF
:10A1300075FA01350237C9E716F8013B97F86C103C
:10A1400097F86D20C91AF37989B2D21A92B202FB3C
:10A1500002F001FB010080B207920691FEF77DFC40
:10A16000194B164A93F804E008F10C030EF1010EA6
:10A17000BEF1FF0F28BF4FF0FF0E02EB430393F831
:10A1800001C09B78079A4CEA032C0EFB0CCC069975
:10A19000CCF30F238DF82A400093049C034612B29F
:10A1A0000A9809B2A047C0F307238DF828008DF85C
:10A1B0002930C0F3074408F10108A3E7144A00203E
:10A1C0009A0C0020094A0020084A0020044B01464E
:10A1D0001B78044A013B23EAE373D8B2FFF762BF5E
:10A1E000144A0020459000080146024A0020FFF76B
:10A1F00059BF00BF45900008044B01461B78044A34
:10A20000013B23EAE373D8B2FFF74CBF144A0020A6
:10A210008D9000080146024A0020FFF743BF00BFAF
:10A220008D900008044B01461B78044A013B23EA49
:10A23000E373D8B2FFF736BF144A0020019100083B
:10A240000146024A0020FFF72DBF00BF0191000820
:10A25000044B01461B78044A013B23EAE373D8B25E
:10A26000FFF720BF144A0020799100080146024AF6
:10A270000020FFF717BF00BF79910008044B01468B
:10A280001B78044A013B23EAE373D8B2FFF70ABF05
:10A29000144A0020C59100080146024A0020FFF739
:10A2A00001BF00BFC5910008F7B506460078FFF76B
:10A2B00055FC184AC5B25378C0F307249078164F5E
:10A2C00043EA0023D07843EA0040FFF7F1F8C0F3F7
:10A2D00007238DF80530C0F307438DF804008DF88F
:10A2E0000630EBB29C4205D8432C8CBF00200120E5
:10A2F00003B0F0BDEA5D73781A4208D028469DF895
:10A3000006309DF805209DF80410FFF787F9013508
:10A31000E7E700BF084A00208E0D00202DE9FF412D
:10A3200006460078FFF71AFCDFF89C80032208F14C
:10A330000101C4B2C0F3072501A8F6F72BF9019873
:10A3400098F80170FFF7B4F8C0F307238DF80930CF
:10A3500098F804308DF808001F448DF80470C0F39D
:10A3600007408DF80A000198FFF7A2F8C0F3072311
:10A370008DF80D30154FC0F307438DF80C008DF8A4
:10A380000E30E3B29D4206D8432D8CBF0020012041
:10A3900004B0BDE8F081E35D7278134211D0DB07B1
:10A3A000204643BF9DF80E309DF80D209DF80C10FF
:10A3B0009DF80A305CBF9DF809209DF80810FFF752
:10A3C0002DF90134DDE700BF084A00208E0D002082
:10A3D0002DE9FF4707460078FFF7C0FBDFF86C80E8
:10A3E0000322C4B2C0F3072508F1010102A8F6F761
:10A3F000D1F898F80460DFF858900136B608A9F152
:10A40000870AE3B29D4206D8432D8CBF002001206D
:10A4100004B0BDE8F08714F809207B781A4213D005
:10A420001AF814301A0998F8013002FB06338DF837
:10A4300008300298FFF73CF8C0F30743C0F3072247
:10A44000C1B22046FFF7EAF80134DAE7084A0020F3
:10A450008E0D00202DE9FF4707460078FFF77EFBB1
:10A46000DFF870800322C4B2C0F3072508F10101B0
:10A4700002A8F6F78FF898F80460DFF85C900136D0
:10A48000B608A9F1880AE3B29D4206D8432D8CBFD5
:10A490000020012004B0BDE8F08714F809207B7883
:10A4A0001A4214D01AF8143006FB03F298F801305F
:10A4B00003EB52138DF808300298FEF7F9FFC0F352
:10A4C0000743C0F30722C1B22046FFF7A7F80134C3
:10A4D000D9E700BF084A00208E0D00202DE9F04F7B
:10A4E000074685B00078FFF739FB0A23354E8846CA
:10A4F0003579DFF8D4A0B5FBF3F5344B02351B8872
:10A50000EDB25D43C0F30729C5F30725C4B2AAF134
:10A51000870BE1B2894507D8B9F1430F8CBF002002
:10A52000012005B0BDE8F08F14F80A207B781A42AC
:10A5300029D01BF81430B078202B73782A4643EAD0
:10A540000023F07843EA00401FD9C047C0F3072337
:10A550008DF80800C0F307408DF809308DF80A0027
:10A560000298FEF7A5FFC0F30722C0F307418DF85C
:10A5700005208DF806108DF80400C3B2D2B2C9B21E
:10A580002046FFF74BF80134C3E7C047C0F3072369
:10A590008DF80C00C0F307408DF80D308DF80E00DB
:10A5A0000398FEF785FFC0F30722C0F307438DF839
:10A5B00005208DF806308DF80400DBB2D2B2C1B2AE
:10A5C000DEE700BF084A00208E0D0020104A002060
:10A5D0000149FFF783BF00BF898E0008F7B50378F4
:10A5E0000546C3B91E4B1B791033FF2B28BFFF2331
:10A5F0001A461C4B1B8802FB03330A22C3F30F23AA
:10A60000B3FBF2F102FB11339BB223B94420FEF7F6
:10A610005DFA154B18802878FFF7A0FA0446AB784E
:10A62000C6B2C4F3072493B90F4F3888864210D8B6
:10A63000A0420ED26978C0B2FFF7FCF845233B80F8
:10A6400007E030466978FFF7F5F80136F6B2A64222
:10A65000F7D3432C8CBF0020012003B0F0BD00BF16
:10A66000084A0020104A0020DE0E0020F7B50378CB
:10A670000546CBB91E4B1B791033FF2B28BFFF2398
:10A680001A461C4B1B8802FB03330522C3F30F231E
:10A69000B3FBF2F202EB82029B1A9BB223B9442075
:10A6A000FEF714FA144B18802878FFF757FA04467F
:10A6B000AB78C6B2C4F3072493B90F4F38888642EB
:10A6C00010D8A0420ED26978C0B2FFF789F84523AE
:10A6D0003B8007E030466978FFF782F80136F6B232
:10A6E000A642F7D3432C8CBF0020012003B0F0BD5D
:10A6F000084A0020104A0020DC0E00202DE9F04F0F
:10A70000804687B00078FFF729FAC3B2009398F823
:10A710000230C0F307264BB1002211461046FFF766
:10A72000B5F86C2200213C48F6F726F898F800307E
:10A730006BB93A4C208802F011FF18288CBF012217
:10A740000022374B1A7002D902F090FF20800025BA
:10A75000DFF8D0B02C46A94603E0B9F10D0F54D86C
:10A760000024314905EBC50A01EB0A031A190192CD
:10A770001B5D009A934240D3B3423ED20B4493F800
:10A78000F42098F8013009F101091A425FFA89F9B9
:10A7900033D0214B9BF803209A441AF80470A7F198
:10A7A000550323EAE373C3F1AA038DF810309BF835
:10A7B00002308DF8113007F1AA03FF2B28BFFF23C9
:10A7C00003EB43030233DBB202FB03331B128DF8AE
:10A7D00012300498FEF76CFEC0F30743C0F3072263
:10A7E000C1B201980078FEF719FF0D4B1B7823B119
:10A7F000013F27EAE7770AF804700134E4B2092C34
:10A80000AFD10135EDB20C2DA7D1432E8CBF002066
:10A81000012007B0BDE8F08FCC3000203831002097
:10A82000C9300020084A00209A0C0020F7B50378B0
:10A830000546CBB91E4B1B790533FF2B28BFFF23E1
:10A840001A461C4B1B8802FB03330522C3F30F235C
:10A85000B3FBF2F202EB82029B1A9BB223B94420B3
:10A86000FEF734F9144B18802878FFF777F904467F
:10A87000AB78C6B2C4F3072493B90F4F3888864229
:10A8800010D8A0420ED26978C0B2FEF76BFF452304
:10A890003B8007E030466978FEF764FF0136F6B288
:10A8A000A642F7D3432C8CBF0020012003B0F0BD9B
:10A8B000084A0020104A0020E40E0020F7B5037873
:10A8C0000546CBB91E4B1B790533FF2B28BFFF2351
:10A8D0001A461C4B1B8802FB03330522C3F30F23CC
:10A8E000B3FBF2F202EB82029B1A9BB223B9442023
:10A8F000FEF7ECF8144B18802878FFF72FF9044680
:10A90000AB78C6B2C4F3072493B90F4F3888864298
:10A9100010D8A0420ED26978C0B2FEF7DDFE452302
:10A920003B8007E030466978FEF7D6FE0136F6B286
:10A93000A642F7D3432C8CBF0020012003B0F0BD0A
:10A94000084A0020104A0020E20E0020F7B50378E4
:10A950000546CBB91E4B1B790533FF2B28BFFF23C0
:10A960001A461C4B1B8802FB03330522C3F30F233B
:10A97000B3FBF2F202EB82029B1A9BB223B9442092
:10A98000FEF7A4F8144B18802878FFF7E7F8044680
:10A99000AB78C6B2C4F3072493B90F4F3888864208
:10A9A00010D8A0420ED26978C0B2FEF74FFE452300
:10A9B0003B8007E030466978FEF748FE0136F6B284
:10A9C000A642F7D3432C8CBF0020012003B0F0BD7A
:10A9D000084A0020104A0020E00E002007B5007849
:10A9E000FFF7BCF8C0F3072043288CBF00200120EC
:10A9F00003B05DF804FB13B50078FFF7AFF8C0F3C0
:10AA000007242146C0B2F7F78BFB432C8CBF0020F4
:10AA1000012002B010BD00002DE9F04F764B8BB045
:10AA20001B78764D834200904FD1754A2B7812786F
:10AA300003F003039B1A18BF0123724C6278A370C2
:10AA40006B799A4205D00022114610466370FEF7DA
:10AA50001DFF009B342B3AD8013B332B51D8DFE844
:10AA600013F059005E00620066006A006E0072001A
:10AA700076007A007E00820086008A008E009200B6
:10AA800096009A009E00A200A600AA00AE00B200A6
:10AA9000B600BA00BE00C200C600D50040010B02DD
:10AAA000B902BD02C102C502C902CD02D102D5025E
:10AAB000D902DD02E102E502E902ED02F102F5024E
:10AAC000F902FD020103050309030123B5E7009B19
:10AAD000FF2B00F0D38200244A4B1A7801321A70FF
:10AAE000002C40F0D0820221474A9B781170002B45
:10AAF00040F0C982009B002B40F0C58203231370F5
:10AB0000C1E2A478002CE7D0002211461046FEF7DF
:10AB1000BDFEE0E73B48FFF7C7FB0446DCE73948EA
:10AB2000FFF7FCFBF9E73748FFF752FCF5E735483C
:10AB3000FFF790FCF1E73348FFF76AF9EDE731489A
:10AB4000FFF76CF9E9E72F48FFF76EF9E5E72D48C5
:10AB5000FFF7FAF8E1E72B48FFF7FCF8DDE72948B3
:10AB6000FFF77EF8D9E72748FFF780F8D5E72548B3
:10AB7000FFF760F9D1E72348FFF762F9CDE72148F5
:10AB8000FFF764F9C9E71F48FFF766F9C5E71D48F5
:10AB9000FFF772F8C1E71B48FFF7E2F8BDE7194875
:10ABA000FFF7E4F8B9E71748FFF76CF8B5E7154881
:10ABB000FFF7E8F9B1E71348FFF7EAF9ADE7114805
:10ABC000FFF7ECF9A9E70F48FFF702FDA5E70D48ED
:10ABD000FFF704FDA1E70B48FFF748FD9DE7094893
:10ABE000FFF740F999E70748FFF742F995E705486D
:10ABF000FFF744F991E700BFE90E0020084A002062
:10AC0000EA0E0020E60E0020EB0E0020237833B978
:10AC1000A37823B14420FDF759FF904B187020789A
:10AC2000FEF79CFFDFF83882DFF83892D8F8002072
:10AC3000D9F80030ADF81C009A42C0F307263FD285
:10AC4000864F9DF81C303A78934226D8964224D9F4
:10AC5000854B134493F8F42063781A421DD0FDF716
:10AC600023FF820731D500238DF820308DF8213065
:10AC70008DF822300898FEF71BFCC0F30722C0F3C2
:10AC800007438DF824008DF825208DF82630C1B2B9
:10AC9000DBB23878D2B2FEF7C1FC432E10D9442083
:10ACA000FDF714FF4FF4E0622979D9F8003001FB79
:10ACB000022203F50063A3EB12233870C8F80030BA
:10ACC000432E8CBF0024012406E7FDF7EDFE8DF82E
:10ACD00020008020FDF7FAFE7F30EB788DF8210010
:10ACE000C6E7DFF88891DFF87CA1D9F80020DAF810
:10ACF00000309A423FF6EFAEA3785D4EB3B100222A
:10AD0000002711461046FEF7C1FDB046BB46FDF7D1
:10AD1000CBFE830724D588F800B088F801B088F806
:10AD200002B00137442F08F10308F0D12078FEF774
:10AD300015FFADF82000C0F30727C0B200EB4008B4
:10AD4000DFF830B1B044C3B29F4228D8432F94BF3C
:10AD5000012400247FF6C0AE4FF00008013F3BE025
:10AD6000FDF7A2FE8DF824008020FDF7AFFEEB7802
:10AD70007F3007EB47028DF826308DF82500B31899
:10AD8000099802920193FEF793FB029A019BB0543B
:10AD9000C0F30722C0F307405A709870C1E710F85B
:10ADA0000B2063781A4209D098F8023098F80120F5
:10ADB00098F800100190FEF731FC019808F10308A3
:10ADC0000130C0E701EB4100013101EB41010322F9
:10ADD00031443044F5F7DEFB5FFA88F1B94208F1FF
:10ADE0000108EFDBFDF760FE10F0020F4FEA4708A5
:10ADF00017D000234744F219F355537093702B7901
:10AE000040F6B8321033FF2B28BFFF2303EB0313A8
:10AE10001B12B2FBF3F3DAF800201344C9F8003038
:10AE20005AE6FDF741FE8DF824008020FDF74EFE26
:10AE3000EB787F308DF826308DF825000998FEF7E5
:10AE400037FB4744F05506EB0708C0F30723C0F370
:10AE5000074088F8013088F80200D0E73A31002036
:10AE6000B0320020104A00209A0C0020B832002096
:10AE7000943100208E0D0020A3784BB100221146A2
:10AE80001046FEF703FD302200218048F5F774FCE0
:10AE90002078FEF763FE7E4BADF820001A687D4BEC
:10AEA000C0F307241B689A4240F28F809DF820303F
:10AEB000A87802936B784FF0000843EA0023E87803
:10AEC000754F43EA0040FEF7F3FAC0F307238DF80D
:10AED0002400C0F307408DF825308DF826006B4E16
:10AEE000049706EB8803059307F1080303930023F7
:10AEF0000193059B13F8015B0593002D67D09DF826
:10AF000024A09DF825B09DF82650049B13F8010B52
:10AF10000493039B13F801990393029B83420ED879
:10AF200084420CD95C4B034493F8F4205B4B5B7870
:10AF30001A4204D02B465A465146FEF76FFB029B3D
:10AF40004B450FD84C450DD9534B4B4493F8F42047
:10AF5000524B5B781A4205D02B465A46514648461A
:10AF6000FEF75CFB019B0133042B0193C1D108F177
:10AF70000108B8F10C0F07F10907B0D1432C24D90F
:10AF8000002503223046711CF5F77AFBFDF78CFD96
:10AF900010F0030F0CBF0123002301350C2DF370BB
:10AFA00006F10406EDD13E4B40F6B8321B79103362
:10AFB000FF2B28BFFF2303EB03131B12B2FBF3F39A
:10AFC000334A12681344334A1360432C79E6AB4684
:10AFD000AA469AE73148FFF791FB9EE52F48FEF716
:10AFE0005BFC9AE52D48FFF751F896E52B48FFF7F3
:10AFF00053F892E52948FFF7E9F88EE52748FFF76F
:10B00000F3F88AE52548FFF7F7F886E52348FFF7C8
:10B0100001F982E52148FFF705F97EE51F48FFF7B2
:10B020000FF97AE51D48FFF713F976E51B48FFF79E
:10B030001DF972E51948FFF721F96EE51748FFF78A
:10B040002BF96AE51548FEF71FFF66E51348FFF781
:10B05000EDFB62E51148FFF731FC5EE50F48FFF7B5
:10B0600075FC5AE50D48FEF723FF56E50B48FFF740
:10B07000B5FC52E50948FFF7BEFC4EE5FEF744FD7E
:10B080000222084B1A700BB0BDE8F08F643100202B
:10B09000104A0020B43200209A0C0020E60E002056
:10B0A000084A0020EB0E00200120704737B50078D9
:10B0B0000138C0B2FEF752FDC0F30724C5B22146E5
:10B0C0002846FFF7F1FF21462846FAF7D1FA03B0E8
:10B0D00030BD00002DE9F041424C2068FCF710FA29
:10B0E0000546FCF7FDF92060002406463E48A446CC
:10B0F00090F800E0C5F57F477146FF37E3B29E4503
:10B100000FD8BCF1000F00D00170384CDFF8E080A0
:10B11000257898F80070032D36D8DFE805F01A3747
:10B12000465204F10C0200EB4202537892F802807E
:10B13000013443EA08239F4229BF5B1901F1FF3123
:10B140005370C3F307233ABF4FF0010CC9B2937099
:10B15000D4E70022274B24491A70274B292227487D
:10B160001E60F5F717FA264B1B784BB9FBF764FE08
:10B17000244B984204D8244B1B789A0718BF9D088B
:10B18000012388F800502370BDE8F0813846FFF7AE
:10B1900043FC002FF8D02378022B01D1FEF7D8FC16
:10B1A000BDE8F0411348FFF781BF184B184A1F70E4
:10B1B000154B1B78C3F301031370FEF727FA032323
:10B1C000E1E7144D2B7823B10F48FBF7E4FD002392
:10B1D0002B70094B1868FCF793F90F28D4D900237A
:10B1E000D1E700BFA83200203B310020EB0E002049
:10B1F000A4320020E60E0020104A0020144A00204D
:10B20000AC320020E0930400084A0020E90E002040
:10B21000EA0E0020CA30002070B50024104B114DFA
:10B220001B68984710481022FF2100F8194BF5F7CA
:10B23000A3FA0E481022FF2100F8194BF5F79CFAEB
:10B2400001230B4E28463370FBF7A3FD2B78347097
:10B2500013F0FC0F03D1BDE87040FEF7A7B970BD35
:10B26000B4180108084A0020144A00203B3100208D
:10B27000CA30002070B504460A4E88B135787DB9D1
:10B280002846FFF7C9FB084B084A1D70084B1B787E
:10B29000C3F301031370FEF7B9F90322054B1A70CB
:10B2A000347070BDAC320020E90E0020EA0E0020A0
:10B2B000084A0020EB0E0020044A137883F00103B3
:10B2C00013700022024B1A70FEF704B8084A0020DF
:10B2D000EB0E00200020FFF7EFBF0120FFF7ECBFCF
:10B2E000064A137813F0030304BF05490B700121CC
:10B2F000137861F301031370704700BF084A002000
:10B30000EB0E002008B5FFF7EBFFBDE80840012079
:10B31000FDF7E0BF054B1A7892071EBF0021044AD3
:10B3200011701A786FF301021A707047084A0020F2
:10B33000EB0E002008B5FFF7EDFFBDE80840012047
:10B34000FDF7C8BF024B187800F00300704700BF3C
:10B35000084A002010B40B4C02462378084699078F
:10B360000ED04AB9012262F3870300222370064BF4
:10B370001A7010BCFDF7AEBF342A88BF3422F2E742
:10B3800010BC7047084A0020EB0E00200021FFF798
:10B39000E1BF000038B5FFF7BDFF0123084C094DA0
:10B3A00020462B70FBF7F5FC002320782B708307D9
:10B3B00004D0BDE838408008FFF7E8BF38BD00BFC3
:10B3C000084A0020CA3000200121FFF7C3BF000057
:10B3D000014B187880087047084A0020054B014649
:10B3E0001B789B080133352B34BF18460120FFF72B
:10B3F000B1BF00BF084A00200120FFF7EFBF0000E7
:10B40000064B01461B78C3F38503013B13F0FF0392
:10B4100014BF18463420FFF79DBF00BF084A002024
:10B420000120FFF7EDBF000030B4084C0546184678
:10B4300023789B0708D0962A28BF96226570A170B2
:10B44000E27030BCFDF746BF30BC7047084A0020B0
:10B450000023FFF7E9BF0123FFF7E6BF07B503228B
:10B46000094901A8F5F796F800209DF8043063F328
:10B4700007009DF8053063F30F209DF8063063F355
:10B48000174003B05DF804FB094A0020014B5878CF
:10B49000704700BF084A0020014B9878704700BFF2
:10B4A000084A0020014BD878704700BF084A0020A6
:10B4B000034903464878CA7808308978FFF7B4BF53
:10B4C000084A00200120FFF7F3BF0000054910B42F
:10B4D0004C780346083CCA78A0B2897810BCFFF7C4
:10B4E000A3BF00BF084A00200120FFF7EFBF000004
:10B4F00010B4064C0346A178E2781031FF2928BF2A
:10B50000FF216078C9B210BCFFF78EBF084A002047
:10B510000120FFF7EDBF000010B4064C0346A178F0
:10B52000E278103921EAE1716078C9B210BCFFF706
:10B530007BBF00BF084A00200120FFF7EDBF0000DD
:10B5400010B4064C0346E278A1781E32FF2A28BFC9
:10B55000FF226078D2B210BCFFF766BF084A002015
:10B560000120FFF7EDBF000010B4064C0346E2785F
:10B57000A1781E3A22EAE2726078D2B210BCFFF7DC
:10B5800053BF00BF084A00200120FFF7EDBF0000B5
:10B59000024B18710020FDF79DBE00BF084A002035
:10B5A000024B18710120FDF795BE00BF084A00202C
:10B5B000014B1879704700BF084A0020044A1379EC
:10B5C0002833FF2B28BFFF231371FDF783BE00BF75
:10B5D000084A00200120FFF7F1BF0000034A137959
:10B5E000283B23EAE3731371FDF774BE084A002079
:10B5F0000120FFF7F3BF0000084A5379FF2B08D062
:10B600004BB9012383F001030549CB5C5371FDF76E
:10B6100061BE0023F6E70023F6E700BF084A0020DA
:10B62000B01801080120FFF7E7BFFFF7FBBFF0B537
:10B6300045180446194610460026AC4200D3F0BD1A
:10B6400014F8012B4FEA011C424093184FEA021EE6
:10B6500041EB01004CEA127C13EB0E0340EB0C00B3
:10B660004FEA421E9B184FEA411C41EB00004CEA96
:10B67000D26C13EB0E0340EB0C004FEAC21E4FEAF4
:10B68000C11C17024CEA526C13EB0E034FEA012166
:10B6900040EB0C0041EA1261DA1940EB0101394438
:10B6A000B018CAE7FAF754B908B5082200210348D0
:10B6B000F5F762F8BDE8084000F036B9BC3200206A
:10B6C0008378C078013303F003031B1A58425841B2
:10B6D000704710B50446FFF7F3FF78B9A37801F07F
:10B6E0007F01E01841EAC21101710120013303F02A
:10B6F0000303A37023780133237010BD0020FCE7FF
:10B7000010B5C37884789C4211D003441B79C3F3ED
:10B71000C014C3F306030B701470C378013303F035
:10B720000303C370437801334370012010BD002030
:10B73000FCE700000A4601460148FFF7CABF00BF08
:10B74000BC3200200A4601460148FFF7D9BF00BFBE
:10B75000BC32002070B50025FC2686B00DF1070133
:10B760000DF10600FFF7EEFF044610B9284606B0BB
:10B7700070BD9DF806309DF807208DF8083062B343
:10B78000FD238DF8093001F071FF4FF48173ADF89E
:10B790000A00ADF80C30DDE90201FAF7ABFA6420DB
:10B7A00003F057FB9DF806309DF807208DF8103008
:10B7B000E2B1FD238DF8113001F058FF0223ADF8FE
:10B7C0001200ADF8143006AB13E90300FAF792FA51
:10B7D000642003F03EFB2546C0E78DF8096001F0C8
:10B7E00045FF40F20313ADF80A00D2E78DF811606F
:10B7F00001F03CFF0323ADF81200E2E710B5FFF7BC
:10B8000051FF044610B1FFF7A5FF04460A4B1A7812
:10B8100032B100221A70094B9A78DA701A785A708D
:10B8200000F0E6F8FFF73EFF18B1FFF793FF04437F
:10B83000E4B2204610BD00BFC4320020BC3200205C
:10B8400008B508220149F4F7A5FE08BDBC32002066
:10B850000122014B1A707047C43200204FF4165079
:10B8600003F02EB969B1084B53F82000431C0AD0ED
:10B87000012100F00F032022994020F00F0004F076
:10B88000B1BD024BF0E77047CC320020C832002037
:10B8900079B1094B53F820305A1C1FBF23F00F0217
:10B8A000106903F00F03D84014BF00F0010000201E
:10B8B0007047024BEEE700BFCC320020C8320020B8
:10B8C000704700002DE9F0410025154F3B78ECB2A0
:10B8D000A3420CD8FFF7C2FF0026DFF848803B7870
:10B8E000F5B2AB420DD8FFF7EBFFBDE8F0810021C8
:10B8F0002046FFF7B7FF01212046FFF7B3FF0135D0
:10B90000E4E700212846FFF7C3FF0121044628464B
:10B91000FFF7BEFF44EA400408F805400136DEE7C1
:10B92000D0320020C632002010B5FCF79DF800226E
:10B930000D4B0E4C1A70FCF797F880F00100207048
:10B94000FCF792F8FCF790F818B1BDE81040FFF74B
:10B95000B9BF2378002BF8D0054B064A1A60064B76
:10B96000013A1A60F1E700BFD1320020D032002046
:10B97000C832002007040040CC32002070B541EAF4
:10B980004203174A0446115CDBB201F00300834214
:10B9900024D043EA8103DBB21355124A124E1578C4
:10B9A000124A03F00F03D35C325D254413445BB2AB
:10B9B000012BEDB2335503DD00212846FFF7BAFE17
:10B9C0003357013303DA01212846FFF7B3FE33571B
:10B9D000002B03F00103B8BF5B42335570BD00BFBD
:10B9E000C6320020D1320020C5320020C41901081F
:10B9F000F8B500250A4F3B78ECB2A34200D8F8BD59
:10BA000000212046FFF744FF012106462046FFF7AC
:10BA10003FFF314602462046FFF7B0FF0135EAE717
:10BA2000D0320020C1F10301490040FA01F30222A3
:10BA300013F0010F14BF0E23082302FA01F1014293
:10BA40001ABFA3F12000C0B243F08000704700008D
:10BA500010B50A4C40F282224FF40041084804F02D
:10BA6000C1FC204603F04AFF2046064903F0D0FE01
:10BA70002046BDE8104003F0E7BE00BF1C4F002089
:10BA800000040040D419010830B5044D00EB40001B
:10BA90002C186270A370295430BD00BF3D4A0020AD
:10BAA00070B5134605460E46002420463246294608
:10BAB0000134FFF7E9FF442CF7D170BD2DE9F84FB1
:10BAC00008271D4D1D4C002695F800B095F801A0E3
:10BAD00095F80290A4F1080831465846FFF7A2FFF6
:10BAE0000136042E08F8010BF6D10026A4F1040853
:10BAF00031465046FFF796FF0136042E08F8010B39
:10BB0000F6D1A046002631464846FFF78BFF0136A6
:10BB1000042E08F8010BF6D10C37B7F54E7F05F16E
:10BB2000030504F10C04CED14FF46971BDE8F84F60
:10BB3000034A044803F0A3BE3D4A0020DE32002041
:10BB4000D23200201C4F0020FBF70EB908B5FBF7DE
:10BB50008BFF002814BF01200720FBF7ADFD00F08C
:10BB6000010008BD08B5FBF7F1FEC82003F071F92C
:10BB7000FBF7ECFEFFF7EAFF28B1FFF7E5FFBDE8B2
:10BB8000084001F08BBD08BD08B5FFF7EBFF08BD0D
:10BB9000704703460144FF20994200D1704713F8D3
:10BBA000012B5040082210F0800F4FEA400018BFD0
:10BBB00080F03100013AC0B2F5D1EDE72DE9F8434C
:10BBC000154698460246002838D0B9B3B5B3ABB392
:10BBD000034600241F4613F8100B60BB8446184E22
:10BBE00096F800E00EF10104E4B23470C4B1002311
:10BBF0004FEA031912F80990A14511D001338B4285
:10BC0000F6D1BCF1000F00D034703C7001F0F8FCAC
:10BC1000089B05447D603078C7F80880FB6006E02B
:10BC2000631CA6454FF0010CDBB202D13370BDE8B6
:10BC3000F8831C46DAE701348C42CBD10020F6E7CA
:10BC4000F836002030B568B181B18AB100240346CE
:10BC500010F8105B954206D1002201201A705A603C
:10BC60009A60DA6030BD0134A142F0D10020F9E7DA
:10BC70001046F7E72DE9F041154604460E4601F05F
:10BC8000BFFC2B680746C31A002B03DD2860002584
:10BC9000B54201D1BDE8F08194F80080B8F1000F01
:10BCA0000DD06068C31B002B09DCA368E1689847CE
:10BCB0002378434503D128B16368034463600135A9
:10BCC0001034E5E720706060A060E060F7E70000F6
:10BCD00007B50B460092082102460348FFF76EFFA6
:10BCE00003B05DF804FB00BF78360020024608214F
:10BCF0000148FFF7A7BF00BF783600200821024A9D
:10BD00000248FFF7B7BF00BFFC360020783600209E
:10BD100013B50446012100680DF1070200F046F951
:10BD200023689DF807000133236002B010BD08208E
:10BD3000704700F097B800F0B2B800F0CCB800F04F
:10BD4000E9B82DE9F84300F08BF800250026ECB2A5
:10BD500012E05FFA87F94A4641462046F9F706FEA7
:10BD6000013703464A464146204600F098F8092F1D
:10BD7000EFD101360C2E03D000275FFA86F8E8E7F2
:10BD8000012200212046F9F705FE01220346002189
:10BD9000204600F0BFF8002220461146F9F7FAFDD0
:10BDA0000022034611462046013500F0B3F8082D65
:10BDB000CCD1BDE8F88300F0C9B800F0DFB807289F
:10BDC00010B406D80B2904D8082A02D810BC00F0F9
:10BDD00049B8002010BC7047072802D809B900F004
:10BDE0007AB8002070471020704708B500F0DBF8E3
:10BDF00080B208BD00F0DAB800F0F8B808B500F07D
:10BE000030F8BDE8084000F00CB900000F2873B509
:10BE1000044613D800F0C7F8012101AA013800F048
:10BE2000C5F89DF804504DB900F0BDF806463CB980
:10BE300022460A4801A9019500F04CFD02B070BDF0
:10BE4000B542FBD00121284601AA00F0AFF89DF8C9
:10BE500004300BB9013CE4B20135E8E711BD00083C
:10BE600070477047072838B517D80B2915D8082A06
:10BE700013D81225520005FB0122D82505FB002509
:10BE800005F29D30FCF762F9040205F29E30FCF7E2
:10BE90005DF9A4B2204380B238BD0020FCE707283A
:10BEA00038B51D4616D80B2914D8082A12D81224E2
:10BEB000520004FB0122D82404FB0024190A04F2D6
:10BEC0009D30FCF7ABF9E9B204F29E30BDE8384092
:10BED000FCF7A4B938BD072870B5164618D8B9B90B
:10BEE000002A4FEA800000F65D2514BF00200220E2
:10BEF0002844FCF72BF9002E4FEA002414BF012040
:10BF000003202844FCF722F9A4B2204380B270BD7C
:10BF10000020FCE7072870B516461D4615D8A1B9C4
:10BF20008000002A00F65D2414BF00200220190AB8
:10BF30002044FCF773F9002E14BF01200320E9B25E
:10BF40002044BDE87040FCF769B970BDF8B51446EF
:10BF5000002700F29D355618B44200D1F8BD6FF4A9
:10BF60006773EB18B3F5D86F06D22846FCF7EEF8E6
:10BF7000207001350134EFE72770FAE770B51446F9
:10BF800000F29D355618B44200D170BD6FF467734E
:10BF9000EB18B3F5D86F03D228462178FCF73EF9A9
:10BFA00001340135EFE740F2835070472DE9F04747
:10BFB00000F67D2806460F461446454640F2825953
:10BFC0004FF0000AA5EB08039BB2BB4201D3BDE8CA
:10BFD000F08733444B4506D82846FCF7B7F8207065
:10BFE00001350134EEE784F800A0F9E72DE9F843C4
:10BFF00000F67D2806460F461446454640F2825913
:10C00000A5EB08039BB2BB4201D3BDE8F8833344E0
:10C010004B4503D828462178FCF700F90134013557
:10C02000EEE70023F0B55A2440F2835640F67D2512
:10C0300085B0CDE9003302930393013C01D105B0F3
:10C04000F0BD102E374628BF102729463A466846CD
:10C05000FCF7CAF83D44F61BEFE7000047F616432D
:10C06000984210B50C461BD1FAF734FD62790D4B9E
:10C0700072B100F0AA00002815BF0122002235206D
:10C0800029201A7001F04CF9FAF7E8FD002010BDE4
:10C090001B78002B14BF3520292001F05FF9F3E74E
:10C0A0000120F4E70037002010B504464879002845
:10C0B00000F01081A4F5E044A3B2222B34D88648C6
:10C0C000013CFAF762FE212C23D8DFE814F071005E
:10C0D000F1007D003400390082003E0087009600A8
:10C0E0004D00E80052009B005700A000CE005C000D
:10C0F000A500D7006300AC00B60043008C004800E8
:10C1000091006A00B100C300E200E6002E00770053
:10C11000FA00714A137843F0010313706E48FAF77E
:10C1200036FEFAF7FFF8002010BD6B4A537843F053
:10C1300008035370F2E7684A137843F00203ECE710
:10C14000654A137843F00403E7E7634A137843F042
:10C150000803E2E7604A537843F00103E9E75E4AE7
:10C16000537843F00203E4E75B4A137843F010038B
:10C17000D3E7594A137843F02003CEE7564A1378A1
:10C1800043F04003C9E7FAF7CDF8534A137843F078
:10C190008003C2E7504A137823F00C0343F00C03EA
:10C1A000BBE74D4A537823F0030343F00303C0E792
:10C1B000494B1A786FF300021A70AFE7464B5A7872
:10C1C0006FF3C3025A70A9E7434B1A786FF3410229
:10C1D000F2E7414B1A786FF38202EDE73E4B1A7893
:10C1E0006FF3C302E8E73C4B5A786FF30002E9E7CC
:10C1F000394B5A786FF34102E4E7374B1A786FF303
:10C200000412D9E7344B1A786FF34512D4E7324B56
:10C210001A786FF38612CFE7FAF784F82E4B1A7864
:10C220006FF3C712C8E72C4A137823F00C0374E7A6
:10C23000294A537823F003037BE727490B78C3F39C
:10C24000800282F00102D2B262F3820362F3C3037E
:10C250000B7063E720494B78DA4302F0010262F386
:10C26000000362F341034B7058E71B490B78C3F39B
:10C27000801282F0010262F38613E9E7FAF752F8BE
:10C2800015490B78C3F3C01282F0010262F3C713A1
:10C29000DEE70120FAF785FD40E70020FAE70E49C6
:10C2A0000B78C3F3001282F0010262F30413CFE7AC
:10C2B00009490B78C3F3000282F0010262F3000324
:10C2C000C6E705494B78C3F3C00282F0010262F36E
:10C2D000C303C8E7012027E7C849002000EB40035B
:10C2E000C3EB031300EB830003B2002B07DAB3F1B7
:10C2F000800001D503F17F0040F30720704703F170
:10C300008000F9E7164B1B78D90707D5154B18782D
:10C3100040007F281FD800B3C0B270479A0703D5EA
:10C32000104B18788000F4E75B0703D50D4B1878A5
:10C33000C000EEE70C4B1B785BB10C4A0949127840
:10C3400008789342F4D25843C000B0FBF2F080B2B8
:10C35000DFE70820E0E77F2070470120704700BF3B
:10C360000C370020F00E00200D370020F10E0020C9
:10C37000144B1B78D90705D5134B18788008F8B1F2
:10C38000C0B270479A0703D50F4B18784008F6E7FC
:10C390005B0705D50C4B18787F28F0D97F207047B4
:10C3A0000A4B1B7853B10A4A07491278087893421E
:10C3B00036BF584380B2B0FBF2F0EDE70120DFE773
:10C3C000012070470C370020F40E00200E370020AB
:10C3D000F50E0020CD2808B505D1FFF793FF4042A8
:10C3E000294BD87008BDCE2802D1FFF78BFFF7E7A5
:10C3F000CF2805D1FFF786FF4042234B9870F1E725
:10C40000D02802D1FFF77EFFF7E7D92804D1FFF744
:10C41000AFFF1D4B1871E5E7DA2803D1FFF7A8FF3E
:10C420004042F6E7DB2805D1FFF7A2FF4042164B5A
:10C430005871D7E7DC2802D1FFF79AFFF7E700F140
:10C440002F03DBB2072B08D801230F4AD13803FA98
:10C4500000F0537818435070C4E7DD2805D10B4A2B
:10C46000137843F001031370BCE7DE2804D1074AB8
:10C47000137843F00203F6E7DF28B3D1034A1378B9
:10C4800043F00403EFE700BF063700200C3700201D
:10C49000364BCD2893F902200AD193F903100029D5
:10C4A0000CDA0021D97052B90021314A117006E02E
:10C4B000CE280DD193F903100029F2DC72B11A795C
:10C4C0005B7913435AB2002B4FD12A4B1A70704735
:10C4D000CF2806D1002AF1DA00229A7093F90320BE
:10C4E000E1E7D02802D1002AF6DCE7E7D92893F962
:10C4F000041004D10029E1DD00211971DEE7DA28FA
:10C5000002D10029DADAF7E7DB2893F9051004D124
:10C510000029D3DA00215971D0E7DC2802D10029A3
:10C52000F8DCCBE700F12F01C9B2072907D80121B8
:10C53000D1388140587820EA01005870BEE7DD28E4
:10C5400005D10D48017821F001010170B6E7DE2820
:10C5500004D10948017821F00201F6E7DF28ADD1C6
:10C560000548017821F00401EFE770470637002005
:10C570000D3700200E3700200C37002008B501F0E1
:10C5800075F8094BDA7899780A431CBF074A10807E
:10C590001A795B7913431CBF054B18800248BDE82C
:10C5A000084000F0DFBD00BF063700200237002042
:10C5B00004370020062208B500210548F4F7DCF80E
:10C5C0000023044A1370044A1370044A137008BD10
:10C5D000063700200D3700200E3700200C370020D2
:10C5E00090F902305BB990F9033043B990F9043007
:10C5F0002BB990F90500003818BF012070470120C1
:10C600007047000037B5594C062221466846F3F7BB
:10C61000C1FF00239DF80220A370E37023716371B2
:10C620009DF8033013430AD0514B188800F096FF51
:10C6300050490B783BB3504A127890422CDC9DF85D
:10C6400004209DF8053013430BD04C4B188800F0A4
:10C6500085FF4B490B78002B4ED04A4A1278904206
:10C6600053DC6946414800F0B3FE18B93F48FFF774
:10C67000B7FF08B1FFF782FF062269463B48F3F790
:10C6800089FF03B030BD0A253F4A12786A439042C1
:10C69000D5DD01330B7001E0FF2BFAD19DF902507B
:10C6A0003DB1FFF72FFE002DCCBF0123FF235843E0
:10C6B000A0709DF903503DB1FFF724FE002DCCBFC3
:10C6C0000123FF235843E07094F902000028B6D0FC
:10C6D00094F90320002AB2D0FFF700FE30B1A07019
:10C6E0001046FFF7FBFD20B1E070A8E70123A3701F
:10C6F000F6E70123E370A2E70A25244A12786A4389
:10C700009042AEDD01330B7001E0FF2BFAD19DF9B1
:10C7100004503DB1FFF72CFE002DCCBF0123FF23B9
:10C72000584320719DF905503DB1FFF721FE002DC2
:10C73000CCBF0123FF235843607194F90400002803
:10C740008FD094F90520002A8BD0FFF7C7FD30B1B8
:10C7500020711046FFF7C2FD20B1607181E701230F
:10C760002371F6E7012363717BE700BF06370020E2
:10C77000023700200D370020EF0E00200437002084
:10C780000E370020F30E0020EE0E0020F20E0020E7
:10C790004B4B4C4A2DE9F04113F80080C308D55C9F
:10C7A000494A00F00700D65C484A0541D75C06417B
:10C7B00015F0010547FA00F00C4606F0010600F0FE
:10C7C000010711D0E120F9F7C7FA002C6AD04048E0
:10C7D0004FF47A72A4FB00030021002300F2E7303B
:10C7E000F3F704FD02F035FB8EB1E620F9F7B4FA59
:10C7F000002C59D036484FF47A72A4FB0003002174
:10C80000002300F2E730F3F7F1FC02F022FB2146AF
:10C810004046F9F723FB002C48D02D484FF47A729C
:10C82000A4FB00030021002300F2E730F3F7DEFC55
:10C8300002F00FFB86B1E620F9F7D6FAC4B324481C
:10C840004FF47A72A4FB00030021002300F2E730CA
:10C85000F3F7CCFC02F0FDFA85B1E120F9F7C4FA58
:10C8600044B31B484FF47A72A4FB00030021002359
:10C8700000F2E730F3F7BAFC02F0EBFAF7B12C2044
:10C88000F9F70AFBC4B112484FF47A72A4FB000412
:10C890000023002100F2E730F3F7A8FCBDE8F041E7
:10C8A00002F0D7BA01209DE70120AEE70120BFE7E3
:10C8B0000120CFE70120DFE70120EFE7BDE8F081AD
:10C8C000081A0108881A0108E8190108F81901086E
:10C8D000A08601002DE9F84F304C0546A2FB040369
:10C8E0000E46174600234FF47A72002100F2E7301B
:10C8F000F3F77CFCA04681463046A84788B1012862
:10C9000047D13046A847012804460CD13046A847F5
:10C91000F9F7C2FA002F3AD0484602F09AFA002CF2
:10C92000EAD1BDE8F88F022804D13046A847F9F7CC
:10C9300013FAEFE7032804D13046A847F9F754FA71
:10C94000E8E70428E6D13046A8474FF0000B04463C
:10C950004FF00A0A124BE15C11F004010ED1BBF159
:10C96000000F12D040F2E7304FF47A720023CBFB75
:10C970000801F3F73BFC02F06CFACBE73046A8471E
:10C98000303C0AFB0B4B0446E4E70120F3E70120AF
:10C99000C3E73946FFF7FCFEAEE700BFA086010003
:10C9A000DD110108F8B5144642791D469DF818704E
:10C9B000284B92B11C7000F059FE274B188004F1EF
:10C9C0002003DBB2072B44D8012004F00704A04069
:10C9D000C0B2BDE8F840F9F767BA1E78A6422ED17A
:10C9E0001D4B188800F0BAFDC72828D8AE4205F1C3
:10C9F000200415D006F12003DBB2072B06D8012056
:10CA000006F00706B040C0B2F9F757FAE3B2072BB9
:10CA100006D8012005F007039840C0B2F9F744FAA0
:10CA20003846E4B2F9F738FA072C12D8012005F09D
:10CA30000705A840C0B2BDE8F840F9F73EBA04F1D6
:10CA40002003DBB2072B04D8012004F00704A04028
:10CA5000F0E7F8BD0F370020103700200346A3F59C
:10CA6000F843183B07B50846062B3BD8DFE803F030
:10CA7000171E0410252C330026230093E12347F6CC
:10CA80001A411A46FFF78EFF002003B05DF804FB41
:10CA900027230093E52347F61B411A46F2E7262396
:10CAA000E022009347F61841E123EBE72723E42235
:10CAB000009347F61941E523E4E72623E222009399
:10CAC00047F61C41E123DDE72723E622009347F6E2
:10CAD0001D41E523D6E72823E522009347F61E41B2
:10CAE0000123CFE7487918B10022024B1A70CCE736
:10CAF0000120CAE70F37002047F67743984270B508
:10CB000006D047F67843984229D00124204670BDCC
:10CB10004C7994B100F02CF8F9F78AFC00F028F871
:10CB2000044600F02BF8054600F02EF82946024690
:10CB30002046F9F78BFD0024E8E700F019F8F9F733
:10CB400083FC00F015F8054600F018F8064600F0E2
:10CB50001BF8314602462846F9F778FDD6E74C79AE
:10CB600014B100F00BF8D7E700F008F8E7E7000091
:10CB7000014B1878704700BFF70E0020014B187862
:10CB8000704700BFF80E0020014B1878704700BFB7
:10CB9000F60E002007B50DF107020DF106010DF1AB
:10CBA000050000F05CFA9DF80530262B0BD19DF8AE
:10CBB0000630102B07D19DF80700431E58425841FC
:10CBC00003B05DF804FB0020FAE720B10122102138
:10CBD000262000F05BBAFF2211461046F9E77047A5
:10CBE000704710B50446FFF7FBFF2046BDE8104034
:10CBF00000F066BA08B500F031FA0020FFF7E5FF53
:10CC00000020FFF7EEFFFFF79CF8FFF7F7F8BDE80D
:10CC1000084001221021262000F038BA08B5FFF79D
:10CC2000DEFF00F047FAFFF7DBFFFFF7B3FF18B9AD
:10CC3000BDE80840FFF7DEBF08BDFEF74BBB08B5F7
:10CC40000346487940B1A3F5EE427F2A03D8D8B213
:10CC5000FFF7DCF8002008BD0120FCE72123054890
:10CC600020210370002343701D2383700423C370AD
:10CC7000F6F7F4B8094B0020222305482021037061
:10CC800001234370002383700623C370F6F7E6B8D0
:10CC9000094B002023230448202103700023437004
:10CCA0008370C370F6F7DAB8094B0020F8B54778FF
:10CCB0008678BB19442B07DDFD230F4843702021E4
:10CCC000BDE8F840F6F7CAB8092E07D80025C41CFD
:10CCD000EBB29E4204F1030403D8F8BDFE230648DC
:10CCE000ECE7781914F8013C14F8022C14F8031C32
:10CCF000FCF794FC0135EBE7094B002008B5002058
:10CD0000FEF744FBFEF706FBFEF7EAFABDE8084033
:10CD10003320FEF73BBB000027230348202103708C
:10CD200044234370F6F79AB8094B002028230348A0
:10CD30002021037002234370F6F790B8094B0020BE
:10CD4000FF23037070470020704710B50378044636
:10CD5000013B032B0BD8DFE803F0020B1215FEF7A3
:10CD6000A1FB9623C0EB0020B0FBF3F0607010BD78
:10CD7000FEF7E8FA0028F9D0FEF72AFBF6E7FEF7FF
:10CD800017FCF3E7FEF782FB6070FEF785FBA070EF
:10CD9000EDE738B503780446013B032B2CD8DFE8D8
:10CDA00003F002111E23FEF771FB0546FEF774FB2C
:10CDB0009723627801465A43A8B2120ABDE8384068
:10CDC000FEF746BB43781BB9BDE83840FEF7A2BA70
:10CDD000FEF786FA6078BDE83840FEF7D7BA4078AB
:10CDE000BDE83840FEF7D4BB45788478FEF75AFB9F
:10CDF000214602462846E1E738BD034610F8022BDB
:10CE0000082A05D0092A05D0072A05D1FFF7C1BF96
:10CE1000FFF79BBFFCF7BEBBFF221A70704708B537
:10CE20004378032B03D1BDE80840FFF7E6BFFFF7C7
:10CE300087FF08BD70B504460D46FFF784FF002844
:10CE400040F00B812378013B272B00F28380DFE841
:10CE500013F028004B007C0096009C00A800AB005B
:10CE6000AB00AB0081008100B000B400BA00C50087
:10CE7000D000D300D600E100EC00F5008100810075
:10CE8000810081008100810081008100810081009A
:10CE900081003200350038003B003F004200450071
:10CEA0004800002363700D23A37029462046BDE887
:10CEB0007040F5F7D3BFFFF7D1FEF6E7FFF7DCFED2
:10CEC000F3E7FFF7E7FEF0E72046FFF7EFFEECE7BA
:10CED000FFF714FFE9E7FEF75DFAE6E7FFF71CFF4F
:10CEE000E3E7FFF723FFE0E76378013B052B31D849
:10CEF000DFE803F0030D101F302500F081FB030E67
:10CF0000A370030CE370030A23716071CDE700F096
:10CF1000D1F8F4E7002322461946A678F0180B282A
:10CF2000C3D801330E2BD170117102F10202F5D179
:10CF3000BBE70023A370E37023716371B5E700239F
:10CF4000A370E37023710823F7E76378022B04D002
:10CF5000052B10D0FF232370A7E7E378A07840EAE1
:10CF60000320237940EA0340637940EA036000BA72
:10CF7000FFF737FE99E7A078FFF75FFE95E7E278C5
:10CF8000A1786078FEF7D5FEBDE762792379A178B4
:10CF900043EA02235BBAE27860789BB2FEF7CBFEED
:10CFA00083E7FEF7CEFE80E729462046FFF737FFEE
:10CFB0007BE7FEF718FF607077E7FEF716FF030ABE
:10CFC0006370A07071E76078A378E17840EA03208D
:10CFD00040BA221D80B2FEF70DFF66E76078A378A5
:10CFE000E17840EA032040BA221D80B2FEF704FF38
:10CFF0005BE7FEF703FF58E7FEF799FEDBE7607893
:10D00000A378E17840EA032040BA221D80B2FEF7FF
:10D01000D2FE4AE76078A378E17840EA032040BA7C
:10D02000221D80B2FEF7C9FE3FE7E278A178003A00
:10D0300018BF01226078FEF780FE64E762792379E9
:10D04000A17843EA0223E2785BBA003A18BF0122D2
:10D0500060789BB2FEF773FE27E770BD704770B52E
:10D060000D461446064620B140F29930FBF76EF8A3
:10D07000307025B140F29A30FBF768F8287024B17F
:10D0800040F29B30FBF762F8207070BD38B50D465A
:10D090001446014640F29930FBF7C0F8294640F2A9
:10D0A0009A30FBF7BBF82146BDE8384040F29B3090
:10D0B000FBF7B4B808B54FF46770FBF747F808BD45
:10D0C000C1B24FF46770FBF7A9B80000014B1860BC
:10D0D000704700BF14370020014B1868704700BF2D
:10D0E000143700207047704708B500F0F1F9431E6F
:10D0F0005842584108BD0000014B1870704700BFEE
:10D100001C37002010B5F8F723FC10B9064B18782F
:10D1100010BD064B18680028FAD000680028F7D028
:10D12000BDE81040004700BF1C3700201437002026
:10D1300008B5FFF7E7FF08BD034B1B6813B15B6839
:10D1400003B11847704700BF14370020044A126823
:10D1500022B1926812B1062101701047704700BFDA
:10D1600014370020044A126822B1D26812B1022199
:10D1700001701047704700BF143700200B4B07B5F4
:10D180001A8882420FD01880094B1B685BB11B695B
:10D190004BB103228DF80500000A8DF806008DF8CA
:10D1A000042001A8984703B05DF804FB1A3700205B
:10D1B000143700200C4B07B51A88824210D0188013
:10D1C0000A4B1B6863B11B6953B104228DF805003B
:10D1D000000A8DF806008DF804200DEB0200984738
:10D1E00003B05DF804FB00BF18370020143700209F
:10D1F0000E4B10B51C680234FFF776FF68B10C4B7C
:10D2000093F90030002B08DA0A4B1C681E23023405
:10D21000002023449C4202D110BD0623F8E714F8F5
:10D22000012B002AF6D00130C0B2F3E7D40D002064
:10D23000C8490020D80D002010B5044618B3FFF7E8
:10D2400053FFB0B1124B93F90030002B11DAEF2CE1
:10D250004FEAD40217D80F4B04F007041B6813449D
:10D260009A78012303FA04F4224214BF18460020DE
:10D2700010BD094B1B689A1C083312F8011BA14210
:10D2800003D09A42F9D10020F2E70120F0E700BF75
:10D29000C8490020D80D0020D40D00204FF0FF32E7
:10D2A000002330B5841C14F8015B8D420ED0B2F11E
:10D2B000FF3F02D1002D08BF1A460133DDB2062D13
:10D2C0005BB2F0D1531C01D01044817030BD0022FC
:10D2D00010B5831C083013F8014B8C4208BF03F8CB
:10D2E000012C8342F7D110BDEF294FEAD10308D8B2
:10D2F0001844012301F0070103FA01F1837819436F
:10D3000081707047EF294FEAD10308D818440123F0
:10D3100001F007018B40817821EA03018170704799
:10D3200010B50446FFF7E0FE214650B1084B93F9D3
:10D330000030002B05DABDE81040064B1868FFF7F7
:10D34000D3BF054BBDE810401868FFF7A7BF00BF6B
:10D35000C8490020D80D0020D40D002010B5044687
:10D36000FFF7C2FE214650B1084B93F90030002B65
:10D3700005DABDE81040064B1868FFF7C3BF054B40
:10D38000BDE810401868FFF7A2BF00BFC8490020E1
:10D39000D80D0020D40D002008B5FFF7A5FE68B118
:10D3A000084B93F90030002B08DA1E22064B186850
:10D3B0000021BDE808400230F3F7DEB9034B062236
:10D3C0001868F5E7C8490020D80D0020D40D0020CA
:10D3D00042784B789A421DD190F902301BB191F9F5
:10D3E00002209A4216D190F903301BB191F9032023
:10D3F0009A420FD190F905301BB191F905209A425C
:10D4000008D190F9040030B191F90430181A18BF0E
:10D41000012070470120704782B002B0704707B505
:10D420000190FFF7F9FF03B05DF804FB07B5002892
:10D430004FF0040214BF0223012306490DEB020042
:10D44000CB70F3F7A7F80198FFF7E9FF03B05DF899
:10D4500004FB00BFF90E002007B504220323064990
:10D460000DEB0200CB70F3F795F80198FFF7D7FFAB
:10D4700003B05DF804FB00BFF90E0020FFF7D6BF34
:10D4800007B50422012306490DEB0200CB70F3F728
:10D4900081F80198FFF7C3FF03B05DF804FB00BFFC
:10D4A000F90E0020FFF7ECBF07B5003818BF0120C8
:10D4B0000422064988700DEB0200F3F76BF801981F
:10D4C000FFF7ADFF03B05DF804FB00BFF90E0020CD
:10D4D000014B9878704700BFF90E002007B5042271
:10D4E000054948700DEB0200F3F754F80198FFF777
:10D4F00096FF03B05DF804FBF90E0020014B58784D
:10D50000704700BFF90E002007B5042205490870D6
:10D510000DEB0200F3F73EF80198FFF780FF03B030
:10D520005DF804FBF90E0020044B33F810200123B2
:10D530008B401A4214BF0120002070471E37002084
:10D5400042B90123044A8B4032F8101021EA03014A
:10D5500022F81010704700BF1E37002010B5044697
:10D5600000F084F8001B80B210BD10B5044600F036
:10D5700047F8001B10BD10B5044610220021F3F738
:10D58000FBF8204610BD08B501F0D8FDBDE8084005
:10D5900001F058BA08B5F8F750FBBDE8084040F272
:10D5A000A46001F056BC08B5F9F7AAFAF9F7BEFA7B
:10D5B000FFF7F2FEFEF7FEFF0020FFF7DFFD002081
:10D5C000FFF7F8FDBDE80840F8F745BB302383F3CB
:10D5D0001188064BDA69064B1A600023054A13606E
:10D5E000054A136083F31188704700BF484B002041
:10D5F00040370020383700203C370020FFF7E6BFD7
:10D6000070B501F045FA124D124B1349DC692B68D5
:10D610000A68E41AA242114A0AD9A3F58333E03B0F
:10D620002B6015680E4B04F583342B44E0341360F3
:10D6300016680C604FF47A7501F033FA002109483E
:10D640000023E4FB0501084AF2F7D0FD304470BD29
:10D6500040370020484B0020383700203C3700205E
:10D6600088598F029F860100A086010008B5FFF748
:10D67000C7FF80B208BD0000BFF34F8F0549064BBE
:10D68000CA6802F4E0621343CB60BFF34F8F00BF60
:10D69000FDE700BF00ED00E00400FA0508B5024A0E
:10D6A000024B1A60FFF7E8FFEFBEADDEFC6F002013
:10D6B0000A4A08B552F8041C094B99420CD10023C0
:10D6C00042F8043C83F31488064B1A6882F30888F6
:10D6D00062B65B689847FEE708BD00BF0070002097
:10D6E000EFBEADDE00E0FF1F08B5FFF7C5FF00008D
:10D6F00083B5284D284E002301210DF107008DF838
:10D70000073000F0FFF898B19DF807300F2B0FD8C5
:10D7100002F0DCFB9DF80740012184F010030DF1BD
:10D7200007008DF8073000F0C9F820B902F0D4FBEB
:10D7300000F09AF8DEE70C236343E95CEA1861B96C
:10D740000C236343E81887687FB90C2303FB045458
:10D75000217999B902F0C0FBCDE7538830681844AD
:10D7600000F0BEF80028EBD1E0E7EA5C3168C3883E
:10D7700040880B4401441046B847E6E7E388306828
:10D78000184400F09BF8044602F0A6FB002CB2D12E
:10D79000CEE700BF1C0E0020A418010807B500F05A
:10D7A000C9F80023FF2200934FF49A61034B044809
:10D7B00001F01CFB03B05DF804FB00BFF1D60008CC
:10D7C0004837002000F0C6B873B5044600F04CF8A6
:10D7D000E0B20F288DF806003FD802F077FB012158
:10D7E0000DF106009DF8066000F068F828B90024E5
:10D7F00002F072FB204602B070BDFF2301210DF143
:10D8000007008DF8073000F06BF804460028EED0D2
:10D810009DF806309DF8072083F010039A42E6D168
:10D820000C2373430E4DE95CEA1869B90C2303FB22
:10D83000065529790029DBD00A4AEB88106818447C
:10D8400000F04EF80446D3E75388064A106818449F
:10D8500000F034F80028E9D1C9E70024CAE700BF86
:10D860001C0E0020A418010873B5302484F311881D
:10D87000114D00262B685B69003B18BF01238DF812
:10D88000073086F311889DF807300BB902B070BDE0
:10D8900084F3118828680C3001F036FE86F3118875
:10D8A0009DF8073084F311882B685B69003B18BF33
:10D8B00001238DF80730E4E7080F002070B5064615
:10D8C000064B0C4618680A4603683146DD694FF47A
:10D8D000FA63A847031B5842584170BD080F002047
:10D8E00070B50646064B0C4618680A460368314672
:10D8F0001D6A4FF4FA63A847031B5842584170BD94
:10D90000080F002038B5064B0C461B681A6895684E
:10D910000A4601461846A847031B5842584138BDDD
:10D92000080F002008B5F6F78DF808BD08B5F6F722
:10D9300089F808BD10B5054C2046FFF7F7FF2068B1
:10D940000349BDE8104001F023BF00BF080F0020CD
:10D95000000F002010B5054C2046FFF7E3FF2068BC
:10D960000349BDE8104001F013BF00BF080F0020BD
:10D97000000F0020184B10B51C785CBB0122082159
:10D980001A701648224602F02DFD22462021134827
:10D9900002F028FD22461021104802F023FD4FF42A
:10D9A0007A7001F056FA41F6822208210B4802F003
:10D9B00019FD40F282222021084802F013FD40F2B6
:10D9C00082221021054802F00DFD054801F02EFFCE
:10D9D000044B1C7010BD00BF183C00200004004028
:10D9E000E84E0020303C002010B504461C4801F0F1
:10D9F00085FF1C48037823B1194801F082FF0020FD
:10DA000010BD21684B1CF7D0E288002AF4D0164BD9
:10DA100092001A826279032A05D8DFE802F0021A1E
:10DA20001D1F0022DA600124047021F00F0001F0B4
:10DA30000F019960224604FA01F1586002F0D2FC0D
:10DA40000949074801F0E4FE054801F0FDFE2046C3
:10DA5000D6E74FF48002E5E78022E3E7034AE1E7F7
:10DA6000E84E0020303C00201C3C0020800040009C
:10DA70001FB5ADF80A300123019001A88DF80810F8
:10DA80008DF809200393FFF7AFFF05B05DF804FBA5
:10DA90001FB501218DF807000DF10F0304480DF1AA
:10DAA000070201F0F8FE9DF80F0005B05DF804FBD9
:10DAB000E84E0020002307B5012106480DF10702BA
:10DAC0008DF8073001F009FF9DF8070003B05DF8FD
:10DAD00004FB00BFE84E002008B50246024801F0F2
:10DAE000EBFE002008BD00BFE84E002008B502464E
:10DAF000024801F0F2FE002008BD00BFE84E002001
:10DB000010B5084C23783BB1074801F0ABFE06483E
:10DB100001F08CFE002323700348BDE8104001F0A3
:10DB2000F0BE00BF303C0020E84E00200E4B10B588
:10DB30001A78BAB901220D4C1A70206040F2823274
:10DB40004FF480610A4802F04DFC4FF40061084830
:10DB500040F2823202F046FC2146BDE81040054802
:10DB600001F016BE10BD00BF313C00200C0F00209C
:10DB700000080040304C00204FF0FF3108B502484B
:10DB800001F0E6FCC0B208BD3C4C00200A464FF054
:10DB9000FF330146014801F080BD00BF604C00200A
:10DBA00008B5034801F019FE80F00100C0B208BDBD
:10DBB000304C002070B590F84420044602F07F03FA
:10DBC000212B51D112F0800F90F845301DD0022B3F
:10DBD00017D0032B05D0012B17D1BDE8704000F002
:10DBE00065BD90F8483090F8495053EA05253BD17F
:10DBF000FFF76EFC334B256418700120A363E063CC
:10DC000070BDBDE8704000F08BBE0A2B23D00B2BFB
:10DC100012D0092B28D194F8483094F8491043EADF
:10DC2000012323F00203FBB9274BA3630223E36321
:10DC3000264B01202364E3E794F8483094F8492008
:10DC400053EA022303D194F84600FFF72DFC00238A
:10DC5000A363E363EDE794F84700FFF755FC204624
:10DC6000BDE8704000F084BE02F09F02812A18D106
:10DC700094F84530062B14D194F84920616894F843
:10DC800048304D6843EA0223204694F8472094F830
:10DC90004610A84770B14368A3630368E363002399
:10DCA000C7E703260A4DD5F89C302BB9013E05F194
:10DCB000A805F8D10020A3E7204698470028F5D012
:10DCC0009EE700BF3C3C0020403C002019DD0008DE
:10DCD00078110020F8B50F4C0022234643F8042F9A
:10DCE00090F84B7090F8496090F8465090F84A20B0
:10DCF00090F8481090F8470042EA072241EA0621CE
:10DD000045EA002000F020FA20606068002818BF73
:10DD10002046F8BD343C0020034693F84A2093F88F
:10DD20004B30074942EA0323022B087804D101282B
:10DD300001D0062802D14878FFF7D0BB704700BF5A
:10DD4000403C002010B5064A064C117824784B1C44
:10DD500003F00F039C421EBF034C1370605410BDB0
:10DD6000394B00203A4B0020294B0020084608B5CB
:10DD7000052935D8DFE801F0203403202035302391
:10DD800083F31188214800F016FB214800F013FBB3
:10DD9000204800F010FB204800F01DFB002383F317
:10DDA00011881E4B1B7813B10520FFF7CBFF022013
:10DDB000BDE80840FFF7C6BFFFF7C4FF302383F379
:10DDC0001188124800F0D0FA114800F0CDFA11483D
:10DDD00000F0CAFA104800F0DBFA002383F3118840
:10DDE00008BD302383F31188084800F0DEFA0848A4
:10DDF00000F0DBFA074800F0D8FA074800F0D8FA3C
:10DE0000002383F311880520D2E700BF781100209A
:10DE100020120020C8120020701300203D3C00207A
:10DE2000102208B500210448F2F7A6FC0023034A9B
:10DE30001370034A137008BD294B0020394B002092
:10DE40003A4B002070B52A4D2A4C002128782378BF
:10DE5000294E984233D101B1207070BD0122237048
:10DE6000264B1A70264B93F84F10081E18BF01203E
:10DE7000FFF7F2FAE9E700222370204B1A70FFF750
:10DE800092FB1F4B93F84F10081E18BF0120FFF79D
:10DE9000F5FADAE723701A4B93F84F10081E18BFF3
:10DEA0000120FFF7C3FAD0E7002123700846F8E706
:10DEB0002370FFF7E5FA0120FFF7F6FAC5E71A46E7
:10DEC000B25C0133012103F00F03052AC1D80FF220
:10DED000080C5CF822F000BFB1DE000853DE000839
:10DEE00095DE0008A9DE00085DDE000877DE000888
:10DEF000394B00203A4B0020294B00203D3C0020AC
:10DF0000504F002070B50546184C204600F0A6F989
:10DF100004F1A806204600F0D1F9304600F09EF941
:10DF200004F5A874304600F0C9F9204600F096F9CF
:10DF300020460F4C00F0C2F9204600F0ABF9204615
:10DF400000F0CCF9284602F017F9284601F016FD3A
:10DF500041F2883000F07DFF2846064901F0FBFCC5
:10DF60002846BDE8704002F0E5B800BF78110020F7
:10DF700070130020981A01082DE9F04104461E4D47
:10DF800002F0FAF8204601F0F9FC05F1A80828464D
:10DF900000F0B3F9194E05F5A877404600F0ADF949
:10DFA000384600F0AAF9304600F0CAF941F288304C
:10DFB00000F04FFF284600F051F9284600F07EF9A6
:10DFC000404600F04BF9404600F078F9384600F042
:10DFD00045F9384600F072F9304600F05BF93046FA
:10DFE00000F07CF92046064901F0B5FC2046BDE86A
:10DFF000F04102F09FB800BF78110020701300209C
:10E00000981A010837B50023A825054C009305FB95
:10E01000004042F2107300F055FA03B030BD00BF6B
:10E020007811002010B50446FFF752FA2146BDE8EA
:10E03000104008220120FFF7E5BF01462022002002
:10E04000FFF7E0BF014606220020FFF7DBBF0146D5
:10E0500003220020FFF7D6BF20290A4603D101463C
:10E060000220FFF7CFBF704710B5084C88B00023DF
:10E0700020226946204600F092FA08B908B010BD87
:10E0800020216846FEF7D6FEF1E700BF701300209E
:10E09000FFF70EBB7047704708B5FFF7F9FF01F0B7
:10E0A000BDFEFFF7F7FF08BD08B501F0D3FEFFF78F
:10E0B000F2FF08BDFFF7F6B908B5FFF7B1FE044857
:10E0C000FFF720FFBDE8084041F2883000F0C1BEF4
:10E0D000504F00200148FEF7F9BF00BF140F002089
:10E0E000FFF7B0BE00F094BB30B5144B85B01C7880
:10E0F00014BB012268461A70FFF73DFA2346104A06
:10E10000104C04A901EB630111F8100C02EB430160
:10E110000509655D00F00F008D700025205CCD7055
:10E12000591C023302EB4101202B8870CD70E8D1DD
:10E13000422313700323537005B030BD863C00208A
:10E14000423C0020761C010810B51C46030A032B34
:10E150000FD007D8012B30D0022B07D15B20184AF3
:10E16000226010BD212B19D0222B1ED00020024688
:10E17000F6E7C0B20328F9D8DFE800F00205080B83
:10E180000420104AECE712200F4AE9E710200F4A5A
:10E19000E6E7FFF7A9FF0E4A1078E1E70229E5D884
:10E1A0000C4B092053F82120DAE70229DED80A4B6C
:10E1B00053F82120094B585CD2E71220084ACFE7D8
:10E1C000C31A0108741B0108781B01088C1B010885
:10E1D000423C0020A81A0108B41A0108C01A01081C
:10E1E0001E1B010813B5446BD4F888201378042B48
:10E1F00013D1012394F88C1012898B4013420CD157
:10E20000204601A901F07AF8024630B1019B94F84A
:10E210008C10D4F8880001F02DFC02B010BD10B5B0
:10E22000026F04461378042B13D1012390F8741065
:10E2300052898B4013420CD100F0B5FF024640B129
:10E24000E36994F87410206F043BBDE8104001F0BE
:10E25000FFBB10BD406BFFF7E2BF00001FB500F130
:10E260005C03C36490F8843013B100F1700303655C
:10E27000074B01210193D0F89030D0F898200093FB
:10E280000290D0F8943001F016F805B05DF804FB68
:10E29000E5E100081FB500F15C030365064B0121B1
:10E2A0000193836FD0F8802000930290C36F00F039
:10E2B00058FF05B05DF804FB55E20008302383F3F6
:10E2C0001188D0F8883090F88C2003EB8203986195
:10E2D000002380F8A03083F311887047302383F344
:10E2E000118890F87430026F093342F8230000233C
:10E2F00080F8843083F31188704710B530230446CA
:10E3000083F3118890F88C20D0F88830053203EB25
:10E31000820300225A6001236FF00101037200F0B2
:10E32000D8FD204600F0DEFFD4F8A43013B1DA683F
:10E330001868904700F0D0FC002383F3118810BDCB
:10E3400010B53023044683F3118801236FF00101D7
:10E35000037200F0BEFD204600F01AFF00F0BCFC86
:10E36000002383F3118810BD012310B50446037206
:10E370006FF0010100F0ADFD204600F0B3FFD4F8CE
:10E38000A43023B1BDE81040DA681868104710BD0A
:10E39000012310B5044603726FF0010100F099FDEE
:10E3A0002046BDE8104000F0F3BE00230372704722
:10E3B00000230372704710B5044690F88C1000F1EA
:10E3C0003802D0F8880001F003FB204600F08AFFF5
:10E3D0000023237210BD10B5044600F0D9FE0023BF
:10E3E00020462372BDE81040FFF719BF00EB810300
:10E3F000F7B59C6905460E4684B3302383F3118834
:10E400000023226984F8A03063699A4201D1E3684D
:10E41000B3B905EB8603DB685B691B6883B1D4F88D
:10E42000A43053B101A9204600F068FFD4F8A4300D
:10E4300001469F68019A1868B847204600F06CFFB3
:10E44000204601A900F05AFF024648B1019B31461F
:10E45000284601F00FFB002383F3118803B0F0BDC1
:10E4600005EB8603DB681A68022AF4D15A69126840
:10E47000002AF0D01B8A013B1340ECD105F1440285
:10E48000E5E701F1090210B550F82240CCB1302285
:10E4900082F3118800EB8103DB689B695B6853B1F1
:10E4A000236F94F87420204603EB8203DB689B699A
:10E4B000596800F082FE2046FFF7B1FE002383F387
:10E4C000118810BD2DE9F84F1E4604460F469246AE
:10E4D00030239DF8285083F31188D0F888301B78BA
:10E4E000042B05D0002585F311882846BDE8F88F58
:10E4F00090F8A03023B101364FF0FF3618BF002648
:10E50000002383F311884FF030094FF001083346A0
:10E5100052463946204600F03AFF82451CD989F31D
:10E52000118894F8A0304FF0000B002808BF43F08A
:10E5300001036FF0010184F8A030204684F80880C0
:10E5400000F0C7FC204600F0CDFE84F808B000F0D3
:10E55000C3FB8BF31188DAE7002DC6D1204600F00B
:10E560005BFF0125C1E7302383F31188026943690A
:10E570009A4210D1C36883B10123D0F8882090F863
:10E580008C1012898B4013420CBF01200020002305
:10E5900083F3118870470020F9E71846F7E738B58C
:10E5A00014460546302282F31188026F1278042A3D
:10E5B00003D0002080F3118838BD90F8842022B168
:10E5C00001334FF0FF3318BF0023002282F311887C
:10E5D0002246284600F02CFEB0FA80F35B0985F84D
:10E5E0008430231A58425841E6E70000006810B40E
:10E5F00040B1054C8264E469083040F8044C10BC1A
:10E60000F1F7C8BF10BC7047484B002001681346A3
:10E6100031B18A6C03F108009A640831F1F7BABF8E
:10E62000704710B50446006840B1826C0021083084
:10E63000F2F7A2F8002223681A605A6010BD0000A9
:10E6400010B40C78082C0BD850F8240040B1054CBD
:10E650008264E469083040F8044C10BCF1F79ABFBA
:10E6600010BC7047484B00200829134609D850F8C1
:10E67000211031B18A6C03F108009A640831F1F776
:10E6800089BF704770B50026051F00F1200455F8BA
:10E69000040F38B1826C00210830F2F76DF82B6856
:10E6A0001E605E60A542F2D170BD000038B590F8E2
:10E6B00048300446022B1CD890F84610082918D878
:10E6C0000D4AD25C022A14D8A8200C4B00FB02335E
:10E6D000D3F8A40060B10A4D43682A460068984701
:10E6E00005F10803A363AB6C0120E36300232364FB
:10E6F00038BD0020FCE700BF741100207811002015
:10E70000B83E0020036843B19100196003490B78BB
:10E71000002A18BF43F001030B707047043F00202C
:10E72000006810B10068C0F387007047036870B5D7
:10E730000BB9002070BD302383F3118803680021DA
:10E740001C685B6881F31188002CF2D04FF47A7654
:10E75000074A0848D569084AED1AE5FB0601002377
:10E76000F1F744FD84428CBF00200120E2E700BFA6
:10E77000484B00209F860100A08601004B1E072BFE
:10E780000BD850F8213043B19100196003490B7840
:10E79000002A18BF43F001030B707047043F0020AC
:10E7A000082906D850F8210020B10068C0F387007E
:10E7B0007047002070470000082970B501D900207B
:10E7C00070BD50F82130002BF9D0302383F311882D
:10E7D00050F8213000211C685B6881F31188002CFF
:10E7E000EDD04FF47A76074A0748D569074AED1A03
:10E7F000E5FB06010023F1F7F9FC84428CBF002001
:10E800000120DDE7484B00209F860100A086010023
:10E81000404B2DE9F74F1B78002B47D000242546AD
:10E82000DFF8F4803D4E08F1080AD6F8A4B0BBF139
:10E83000000F34D0002C3CD10127302383F3118802
:10E84000F9B2DBF81430DBF80000019198474FF083
:10E850000009002818BF45F0010589F311882F48E9
:10E86000FFF781FEC0B1DBF818300199DBF800003A
:10E87000984788B1302383F31188274ADBF80430A6
:10E880000199DBF80000984789F311885146484602
:10E89000D8F84820FFF7B6FB0137092FCDD1013456
:10E8A000032C06F1A806C0D11A4B1D7003B0BDE8B9
:10E8B000F08F302787F311880021DBF81430DBF864
:10E8C000000098474FF00009002818BF45F00105E7
:10E8D00089F311883046FFF746FE0028DFD049460D
:10E8E000DBF81830DBF8000098470028D7D087F312
:10E8F0001188094A4946DBF80430DBF800009847E4
:10E9000089F311885146D8F84820E0B2FFF77AFB26
:10E91000C5E700BF043F00206C3E002078110020B6
:10E9200010B590F848300446022B19D890F84610DC
:10E93000082915D80B4AD25C022A11D8A8200A4B04
:10E9400000FB0233D3F8A40048B14369006898473C
:10E95000064B1870A36301200023E063236410BDFD
:10E960000020FCE77411002078110020683E002090
:10E9700010B590F848300446022B19D890F846108C
:10E98000082915D80B4AD25C022A11D8A8200A4BB4
:10E9900000FB0233D3F8A40048B1036994F8472080
:10E9A0000068984700230120A363E363236410BD3C
:10E9B0000020FCE7741100207811002010B5044CF1
:10E9C000204601F0D9FB2046BDE8104000F0D6BF3C
:10E9D000504F0020024B1878031F5842584170478F
:10E9E000504F002070477047FEE7000070B50825C3
:10E9F000134C606823680146A268043B8A4219D818
:10EA0000D31C1B1AC11E23F003038A4238BF002304
:10EA10001844E368C11EDA1C121A22F0030299425C
:10EA200088BF00220021F1F7A7FE013D04F1100488
:10EA3000DFD170BD53F8046F41F8046BDEE700BF0F
:10EA4000881C010838B501230025074C2370656038
:10EA500000F044FB0549064800F04CF902232370FE
:10EA600085F3118838BD00BF404B00200C1D010804
:10EA7000484B002072B60322024BD865024B1A7035
:10EA8000FEE700BF484B0020404B002000F054B888
:10EA9000EFF3118020B9EFF30583302282F3118860
:10EAA000704710B530B9EFF30584C4F3080414B10E
:10EAB00080F3118810BD00F00FF984F31188F9E795
:10EAC000034A516853685B1A9842FBD8704700BFED
:10EAD000001000E010B50A4C23699A6891420CD8E6
:10EAE0005A6881600360426010609A685860511AE9
:10EAF00099604FF0FF33A36110BD1B68891AECE7E2
:10EB0000484B00200361002310B410BCC260436175
:10EB1000FFF7E0BF036881689A680A449A60426818
:10EB200013605A6000234FF0FF320360014B9A617B
:10EB3000704700BF484B002070B5124D2A46EB6964
:10EB40000133EB6152F8103F934206D030269A68A9
:10EB5000013A9A602C69A36803B170BD22686168AC
:10EB60000A605160236083F311882046E3682169BD
:10EB7000984786F3118861690029EBD02046FFF79A
:10EB8000A9FFE7E7484B002000238268037503696B
:10EB90001B6899689142FBD25A680360426010601A
:10EBA0005860704700238268037503691B68996881
:10EBB0009142FBD85A680360426010605860704709
:10EBC00008B50846302383F311880A7D0023052AFF
:10EBD00006D8DFE802F00B050503120E8269136008
:10EBE0004FF0FF338361FFF7CFFF002383F31188DA
:10EBF00008BD8269936801339360426803681360BB
:10EC00005A60EDE7FFF7C0BF054BD9680875186873
:10EC1000026853601A6001220275D860F1F7D0BA19
:10EC2000484B002030B50C4B0446DD684B1C87B0C8
:10EC30000FD02B466846094AFFF764FF2046FFF7CE
:10EC4000E3FF009B13B16846FFF764FFA86907B0B4
:10EC500030BDFFF7D9FFF9E7484B0020C1EB0008B2
:10EC600038B50C4D8161EB6881689A680446914221
:10EC700003D8BDE83840FFF787BF1846FFF792FF7B
:10EC80000123014623752046EC60BDE83840F1F7CA
:10EC900097BA00BF484B0020044B1A68DB689068A5
:10ECA0009B68984294BF002001207047484B002089
:10ECB000084B10B51C68D868226853601A6001229E
:10ECC0002275DC60FFF76EFF01462046BDE810406C
:10ECD000F1F776BA484B0020044B1A68DB6892685B
:10ECE0009B689A4201D9FFF7E3BF7047484B002069
:10ECF00030BFFDE770B5002504461A4B86B058605A
:10ED0000856201630E4600F0A3F904F1100323614C
:10ED100063614FF0FF33A361134BE561D9692B4663
:10ED20000A462046C4E9082304F1340180230F4A2F
:10ED300024606460A560E562E56500F01DF80123CC
:10ED40000B4AE06003750092726868460192B268EF
:10ED5000CDE90223074BCDE9043500F03FF806B0BA
:10ED600070BD00BF404B0020484B0020181D01081B
:10ED70001D1D0108F1EC000802228B604B6200238C
:10ED800008618A8208460B62CB6170478368C1685C
:10ED9000A3F14C0243F81C2C026943F84C2C426945
:10EDA0000C4843F8482C0C4A43F8180C43F82C2C18
:10EDB000022203F8142C002243F8201C03F8132C21
:10EDC00043F8041C43F8082C43F80C2CA3F128004A
:10EDD000704700BF484B0020D101000808B5FFF77D
:10EDE000D5FFBDE80840FFF70DBF000038B530245F
:10EDF00084F311882839441844F8243C049B0025E6
:10EE000044F8203C0A4BA4F1240144F8043C0223BA
:10EE1000A382084BE16020462946A260236162621A
:10EE20002562E561FFF71CFF85F31188204638BD98
:10EE3000D1010008484B0020024BDB6898610F208D
:10EE4000FFF7E2BE484B0020302383F31188FFF721
:10EE5000F3BF08B50146302383F311880820FFF77C
:10EE6000E1FE002383F3118808BD0000054BDB6839
:10EE700021B1036098610320FFF7D4BE4FF0FF304B
:10EE8000704700BF484B00200346006820B10022B5
:10EE90001A608161FFF7B6BE70470000064BDB6861
:10EEA00039B1426818605A60136043600420FFF76C
:10EEB000B9BE4FF0FF307047484B00200346006852
:10EEC000834205D002681A6053608161FFF79ABEE1
:10EED000704738B504460D462068844200D138BDDD
:10EEE000036823605C608561FFF78CFEF4E70346EE
:10EEF00010B51B68984203D09C688A689442F8D287
:10EF00005A680B604A601160596010BD00230060B0
:10EF1000406083607047000038B58168164B044636
:10EF2000DD6891B92B6A8560C360286238BD8B604B
:10EF30000B7D7BB1062B14D10B684A68886913607E
:10EF40005A60FFF7D4FF8B699968AB688A689A4268
:10EF5000EDD306E04A680B68084613605A60FFF775
:10EF600051FE20462946FFF7C2FFAC610620BDE8EE
:10EF70003840FFF749BE00BF484B002008B530239A
:10EF800083F31188FFF7C8FF002383F3118808BDBE
:10EF9000154A0346D16810B5302282F31188C26841
:10EFA00000680A6298421BD0486A82B98860186873
:10EFB00002681A605360026A9860DA600362FFF7C1
:10EFC00021FEFFF789FE002383F3118810BD14682A
:10EFD000A24203D0A468A04238BF2046D268E4E72A
:10EFE00000238360EFE700BF484B0020C36919434B
:10EFF000037DC1610A2B03D18369194205D1704792
:10F000000B2B06D183698B4303D100238361FFF768
:10F01000F9BD704770B506460D460468B44200D18C
:10F0200070BDE3682B43E36015B123691D4203D033
:10F03000A1686068FFF7DAFF2468EFE7EFF3098360
:10F04000203383F30988002383F31188704700007D
:10F05000302080F3118862B60C4B0D4AD96821F438
:10F06000E0610904090C0A43DA60D3F8FC2009497D
:10F0700042F08072C3F8FC200A6842F001020A6084
:10F080002022DA7783F82200704700BF00ED00E00D
:10F090000003FA05001000E0302310B583F3118857
:10F0A0000B4B5B6813F400630FD0EFF309844FF050
:10F0B0008073203CE36184F30988FFF7EDFD10B114
:10F0C000044BA36110BD044BFBE783F31188F9E700
:10F0D00000ED00E0E3010008E6010008024B034AEE
:10F0E0001A60034A5A607047A84B0020A84F0020BE
:10F0F00000700020F0B50B4D0446D5E90067BB1B3E
:10F100009A420CD8731E0B441A44494202EA010089
:10F110000444A74203D3A64201D82C60F0BD0020CE
:10F12000FCE700BFA84B002008B5302383F311880B
:10F13000FFF7E0FF002383F3118808BD08B500F056
:10F1400043FF01F041F900F000FB00F055FB00F037
:10F15000F4FBFEF7A9FFBDE8084000F000B801F09D
:10F160009BB90172002130B5039C043303FB0425D5
:10F17000C361049B00600363059B4060C160426102
:10F1800002618561046242628162C162436330BD93
:10F190000022416AC2604161016182626FF0010137
:10F1A000C262FFF796BE03694269934201D1C26809
:10F1B0000AB9181D70470020704703691960C268BA
:10F1C00000210132C260C269134482690361934223
:10F1D00024BF436A0361FFF771BE38B504460D468C
:10F1E000E3683BB162690020131D1268A3621344F7
:10F1F000E36207E0237A33B929462046FFF74EFE43
:10F200000028EDDA38BD6FF00100FBE7C368C26982
:10F21000013BC3604369134482694361934224BF45
:10F22000436A436100238362036B03B1184770474D
:10F230002DE9F84F04460E46904699464FF0300AA5
:10F240008AF311880025AB46A76A4FB94946204684
:10F25000FFF7C3FF20B187F311882846BDE8F88F78
:10F26000E76AA16A7A1AA8EB0507974228BF1746F2
:10F27000402F16D930464022F1F78CF9A36A403668
:10F280004033A3624035A26AE36A9A4202D3204621
:10F29000FFF7BCFF8BF311884545DED28AF3118856
:10F2A000D2E730463A46F1F775F9A36A3E443B444B
:10F2B000A3623D44E7E710B5029C04330172C361C9
:10F2C00003FB042100238362C362039B006003638A
:10F2D000049B4060C46042610261816104624262D9
:10F2E000436310BD026A6FF00101C260426A42616D
:10F2F000026100228262C262FFF7EBBD03464069F1
:10F300001A69824201D1DB681BB950F8043B0B60DB
:10F31000704700231846FAE7C368C2690133C36027
:10F3200043690021134482694361934224BF436AC5
:10F330004361FFF7C3BD38B504460D46E3683BB1F2
:10F34000236900201A1DA262E2691344E36207E008
:10F35000237A33B929462046FFF7A0FD0028EDDACD
:10F3600038BD6FF00100FBE703691960C268013A1C
:10F37000C260C269134482690361934224BF436A35
:10F38000036100238362036B03B1184770472DE9C3
:10F39000F84F04460E46904699464FF0300A8AF3DD
:10F3A00011880025AB46A76A4FB949462046FFF7AA
:10F3B000C2FF20B187F311882846BDE8F88FE76ABD
:10F3C000A06A3A1AA8EB0507974228BF1746402FB4
:10F3D00018D931464022F1F7DDF8A36A40364033B0
:10F3E000A3624035A26AE36A9A4204D3E1692046E7
:10F3F0000439FFF7B9FF8BF311884545DCD28AF356
:10F400001188D0E731463A46F1F7C4F8A36A3E4482
:10F410003B44A3623D44E5E7302208B582F31188FE
:10F42000816A29B103690439C91A01D0FFF79CFF29
:10F43000002383F3118808BDF8B5154682680B4692
:10F44000AA428169066938BF8568761AB5420446C2
:10F450000BD218462A46F1F79DF8A3692B44A36105
:10F46000A36828465B1BA360F8BD0CD9184632463A
:10F47000F1F790F8AF1B3A46E1683044F1F78AF8AB
:10F48000E3683B44EBE718462A46F1F783F8E36864
:10F49000E5E72DE9F0410446154683682769934264
:10F4A00038BF856840690E463F1ABD420BD22A46D6
:10F4B000F1F770F863692B446361A36828465B1B0E
:10F4C000A360BDE8F0810CD93A46A5EB0708F1F737
:10F4D00061F84246E068F119F1F75CF8E3684344EB
:10F4E000EAE72A46F1F756F8E368E5E710B50024A5
:10F4F000C361029BC1608161416111440060406051
:10F5000084600161036210BDC2686FF00101826115
:10F51000426100228260FFF7DCBC08B58269436962
:10F52000934201D1826882B98268013282605A1C9A
:10F53000426119700369426900219A4224BFC3687D
:10F540004361FFF7BBFC002008BD4FF0FF30FBE735
:10F5500070B5302304460D4683F31188A668A6B122
:10F56000A368A269013BA360531CA36115782269BB
:10F57000934224BFE368A361E3690BB12046984737
:10F58000002383F31188284607E029462046FFF729
:10F5900085FC0028E2DA86F3118870BD2DE9F74F6B
:10F5A00004460E4617469846D0F81C904FF0300A95
:10F5B0008AF311884FF0000B154665B12A46314693
:10F5C0002046FFF739FF034660B941462046FFF762
:10F5D00065FC0028F1D0002383F31188781B03B069
:10F5E000BDE8F08FB9F1000F03D001902046C84765
:10F5F000019B8BF31188ED1A1E448AF31188DCE716
:10F60000C361009BC1608161416111440060406041
:10F610008260016103627047F8B504460D461646E4
:10F62000302383F31188A768A7B1A368013BA360C7
:10F6300063695A1C62611D70236962699A4224BF22
:10F64000E3686361E3690BB120469847002080F3CB
:10F65000118807E031462046FFF720FC0028E2DA57
:10F6600087F31188F8BD8369426910B59A4201D1C8
:10F6700082687AB982680021013282605A1C8261F4
:10F680001C7803699A4224BFC3688361FFF716FCA4
:10F69000204610BD4FF0FF30FBE72DE9F74F044641
:10F6A0000E4617469846D0F81C904FF0300A8AF361
:10F6B00011884FF0000B154665B12A4631462046A9
:10F6C000FFF7E7FE034660B941462046FFF7E6FB39
:10F6D0000028F1D0002383F31188781B03B0BDE824
:10F6E000F08FB9F1000F03D001902046C847019B6D
:10F6F0008BF31188ED1A1E448AF31188DCE70C3075
:10F70000FFF74CBF4FF0FF330C30FFF747BF3030EF
:10F71000FFF7C3BF4FF0FF333030FFF7BEBF0C30F1
:10F72000FFF716BF4FF0FF310C30FFF711BF30303D
:10F73000FFF772BF4FF0FF323030FFF76DBF012986
:10F7400014BF6FF013000020704700F055BF000099
:10F7500037B5154602460B460C49044642F8041BD1
:10F760004260012200F154010272009080220C30AC
:10F77000FFF7BCFE2B468022009404F1D40104F173
:10F780003000FFF73DFF03B030BD00BF241D01086E
:10F7900010B53023044683F3118800F04DFF022397
:10F7A0000020237280F3118810BD38B543690446E8
:10F7B0000D461BB904210844FFF72CFC294604F12F
:10F7C0000C00FFF7AAFE002806DA201D4FF40061A6
:10F7D000BDE83840FFF71EBC38BD302383F31188E5
:10F7E0000023406983F31188B0FA80F04009704724
:10F7F0004FF0FF31FFF73ABB01F008B80123037067
:10F8000000230C3040F8083C40F8043CFFF77EBB76
:10F8100010B53023044683F31188416001F00CF8E1
:10F8200002230020237080F3118810BD10B530230F
:10F83000044683F3118801F073F80023012263600A
:10F84000227083F3118810BD302383F3118843683D
:10F8500099685A684FF480338B409361002383F397
:10F8600011887047302383F31188436899685A6878
:10F8700001238B409361002383F31188704710B5F7
:10F88000302484F311880324047001F08CF80023E1
:10F8900083F3118810BD38B50446302585F31188EF
:10F8A000032504F8085B01F067F82046FFF7A0FF86
:10F8B000002383F3118838BD10B53023044683F349
:10F8C0001188032304F8083B01F06DF82046FFF788
:10F8D0008FFF002383F3118810BD10B53023044639
:10F8E00083F31188032304F8083B01F074F82046E1
:10F8F000FFF77EFF002383F3118810BD0C30FFF764
:10F900003DBB0C30FFF744BB10B50446002101F0AD
:10F910001DFC0021204601F00BFC63681B6813B13D
:10F92000062120469847A36823F00113A360002313
:10F93000E363062384F8343010BD01F06DBA01236F
:10F9400003700023C36183620362C3624362036383
:10F9500043608360704738B50446302383F31188D1
:10F9600000254160C56005614561856101F05AFA75
:10F970000223237085F31188284638BD70B53023E3
:10F98000044683F3118801F065FA25460026012319
:10F99000666005F80C3B1C3455F8043B7BB1586994
:10F9A00020B16FF001010C30FFF76EFA55F8043CFE
:10F9B000986920B16FF001010C30FFF765FAA5429C
:10F9C00045F8046CE8D1FFF787F986F3118870BD1C
:10F9D00070B500EB8103054650690E461446DA60A7
:10F9E00018B114220021F0F7C7FEA06918B1142243
:10F9F0000021F0F7C1FE31462846BDE8704001F015
:10FA000047BAF8B504460027836800F1100503F0F3
:10FA10000113836000F11C0655F8043B7BB1586963
:10FA200020B16FF001010C30FFF72EFA55F8043CBD
:10FA3000986920B16FF001010C30FFF725FAB5424B
:10FA400045F8047CE8D12046BDE8F84001F0ACBAA6
:10FA5000F0B4012500EB8104E4684789A4698D4076
:10FA60003D43458123600023A2606360E360F0BCF6
:10FA700001F00CBBF0B4012500EB8104E4680789B8
:10FA800064698D403D43058123600023A26063606B
:10FA9000E360F0BC01F01ABB2DE9F0410223002520
:10FAA00004464FF030080370C564C563856000F1FB
:10FAB0000C0600F11C0756F8043BABB188F3118823
:10FAC00056F8043C586920B16FF001010C30FFF783
:10FAD000DBF956F8043C986920B16FF001010C3055
:10FAE000FFF7D2F985F31188BE4246F8045CE2D1F3
:10FAF000204684F8345001F039FA63681B6823B15A
:10FB00002046BDE8F04100211847BDE8F081F8B576
:10FB100003780446052B29D080F850300523037064
:10FB200043681B680BB10421984700263027A66064
:10FB300004F10C051C3455F8043BABB187F3118874
:10FB400055F8043C586920B16FF001010C30FFF703
:10FB50009BF955F8043C986920B16FF001010C3015
:10FB6000FFF792F986F31188A542E4D1F8BD017838
:10FB7000052906D190F85020436802701B6803B134
:10FB80001847704770B590F8343004463BB183682D
:10FB900023F0011383600023C36380F83430002115
:10FBA000204604F1440201F055FA63689B684BB9A2
:10FBB00094F8443013F060052BD02046BDE8704027
:10FBC000FFF7A2BE204698470028F1D094F84B20BA
:10FBD00094F84A3043EA0223E26B9A4288BFE36317
:10FBE00094F94430E16B002B80F20281002900F08F
:10FBF000F780092384F83430302383F311880021FF
:10FC00002046E36BA26BFFF735FF002383F31188D7
:10FC100070BD94F8452003F07F0343EA022340F2CD
:10FC20000232934200F0C98021D8B3F5807F4CD0D6
:10FC30000DD8012B43D0022B00F09780002BBCD1B4
:10FC400004F14C02A2630222E2632364BEE7B3F52F
:10FC5000817F00F09F80B3F5407FAED194F84630AD
:10FC6000012BAAD1B4F84C3043F0020336E0B3F5CF
:10FC7000006F51D01BD8B3F5A06F35D0A3F5C0638A
:10FC8000012B9AD894F84920616894F848304E685E
:10FC900043EA0223204694F8462094F84710B047E0
:10FCA00000288AD04368A3630368E3631AE0B3F5CE
:10FCB000106F36D040F6024293427FF47EAF544B31
:10FCC000A3630223E3630023BFE794F84630012BCC
:10FCD0007FF473AFB4F84C3023F00203A4F84C3037
:10FCE000A563E563256471E7B4F84430B3F5A06F0C
:10FCF0000ED194F84630204684F84E3001F0C0F81A
:10FD000063681B6813B101212046984703232370C1
:10FD10000023A363E36398E704F14F03A363012384
:10FD2000C3E72378042B10D1302383F311882046B6
:10FD3000FFF767FE85F311880321636884F84F504D
:10FD400021701B680BB12046984794F84630002B71
:10FD5000DED084F84F300423237063681B68002BC7
:10FD6000D6D0022120469847D2E794F84830204662
:10FD70001D0603F00F010AD501F050F9012804D047
:10FD800002287FF41AAF234B9AE7234B98E701F040
:10FD900029F9F3E794F84630002B7FF40EAF94F87E
:10FDA000483013F00F01B3D01A06204602D501F0F7
:10FDB000E5F9ADE701F0D6F9AAE794F84630002B53
:10FDC0007FF4FBAE94F8483013F00F01A0D01B066F
:10FDD000204602D501F0BAF99AE701F0A9F997E7B0
:10FDE0001423204684F83430BDE8704001F042B955
:10FDF00061B1152384F83430302383F31188002156
:10FE00002046E36BA26BFFF723FEFEE60B23E8E739
:10FE1000501D01084C1D01084E1D010808B500F0D9
:10FE2000D5F80B4B9A6C42F020029A649A6C9A6C4B
:10FE300042F040029A649A6C9A6C42F080029A6492
:10FE40009A6C9A6C42F480729A649B6C08BD00BFF5
:10FE5000000C0140704700207047162303604FF0EC
:10FE6000FF307047184670470020704708B51346AA
:10FE7000002158221846F0F77FFC4FF400524260F0
:10FE8000002008BD0120704710B500220446084636
:10FE90000121FFF749F918B90C234FF0FF30236017
:10FEA00010BD000008B50248FEF7E4FDF0F736FB90
:10FEB000521D010808B50248FEF7DCFDF0F72EFBE5
:10FEC000571D010801207047704700000148FFF7E7
:10FED00055B800BFF81300200148FFF759B800BF1C
:10FEE000F81300200122090100F1604303F561438A
:10FEF000C9B283F8001300F01F039A4043099B0026
:10FF000003F1604303F56143C3F880211A60704731
:10FF1000012200F01F039A4043099B0003F1604354
:10FF200003F56143C3F88020C3F88021002300F16A
:10FF3000604000F5614080F800337047090100F12E
:10FF40006040C9B200F56D400176704717498A6874
:10FF5000022A12D0032A26D0154B1649012A08BFBF
:10FF60000B46124A926902F07F02013252080132B6
:10FF7000B3FBF2F3104A13607047104A0B68526FDC
:10FF800049686FEA921201290CBF0A490C4902F034
:10FF9000030203324A4303F01F0301335B080133BA
:10FFA000B2FBF3F3DDE7074BDBE700BF000C0140DA
:10FFB00000127A00006CDC020814002000040140EA
:10FFC0000048E801001BB700FFF7C0BF13B50C20C5
:10FFD000032440F2BE71314B314A9C62D862C2F8B0
:10FFE000941000219962D9629C62D8628020C3F883
:10FFF0001C0CD3F81C0CC3F81C0C009101914FF49D
:020000040801F1
:100000000141C3F8481C4FF6FC71A3F57443196312
:100010000F2119600223136501234BF68031D3644D
:10002000936D03F001030193009B01330093019B47
:1000300013B9009B8B42F3D1019B03B9FEE7194B27
:1000400019498024C3F800140021A3F5884399615D
:100050001C62196A01201962202158601960196810
:10006000196019680143196054679067D16F0329BB
:10007000FCD102229A6001220021DA60074A9162D3
:10008000D1629A6C42F400429A649A6CDA6C42F43F
:100090000062DA64DB6C02B010BD00BF00000140FA
:1000A000000401400050014013000003134B834241
:1000B00023D1134B02201A6C124942F480721A6445
:1000C0001A6C42F002021A64D3F8882042F002024D
:1000D000C3F88820D3F8882022F00202C3F88820D1
:1000E00001225A63DA670864DA6608225A615A699B
:1000F0005A615A6942F001025A617047504F00201C
:10010000000C0140004C0140084B83420CD1084BCD
:100110005A6902F008025A6100225A61DA66DA6707
:100120001A6C22F002021A64704700BF504F002080
:10013000000C01400F4A936C43F4004343F020034A
:1001400093644FF080436FF4C0521A634FF07072A3
:10015000DA624FF020721A6000225A609A60DA6008
:100160004FF44C325A62012203F5A0335A70072231
:10017000DA727047000C01400E4A6FF48051936CA4
:1001800043F4004343F0200393644FF080436FF443
:10019000C0521A6300221A609A60DA6019634FF045
:1001A000807119604FF4805159605A624FF080524B
:1001B0009A617047000C014010B5074C6369DB077A
:1001C00004D5064A13680BB1506898470123636150
:1001D000BDE81040FEF760BF00180040B04B0020A3
:1001E00010B5074C63699B0704D5064A93680BB1A9
:1001F000D068984702236361BDE81040FEF74CBF0A
:1002000000180040B04B002010B5074C63695B0735
:1002100004D5064A13690BB15069984704236361FA
:10022000BDE81040FEF738BF00180040B04B00207A
:1002300010B5074C63691B0704D5064A93690BB1D7
:10024000D069984708236361BDE81040FEF724BFDA
:1002500000180040B04B002010B5074C6369DB0666
:1002600004D5064A136A0BB1506A9847102363619C
:10027000BDE81040FEF710BF00180040B04B002052
:10028000164B10B55C69A30604D5154A936A0BB1E9
:10029000D06A9847600604D5114A136B0BB1506BB6
:1002A0009847210604D50E4A936B0BB1D06B984743
:1002B000E20504D50A4A136C0BB1506C9847A305AC
:1002C00004D5074A936C0BB1D06C9847BDE8104039
:1002D0004FF47872014B5A61FEF7DEBE0018004001
:1002E000B04B00201A4B10B55C69620504D5194A61
:1002F000136D0BB1506D9847230504D5154A936DC6
:100300000BB1D06D9847E00404D5124A136E0BB1BF
:10031000506E9847A10404D50E4A936E0BB1D06E6F
:100320009847620404D50B4A136F0BB1506F98477E
:10033000230404D5074A936F0BB1D06F9847BDE8EB
:1003400010404FF47C42024B5A61FEF7A5BE00BF3D
:1003500000180040B04B0020062108B50846FFF702
:10036000C1FD06210720FFF7BDFD06210820FFF78C
:10037000B9FD06210920FFF7B5FD06210A20FFF788
:10038000B1FD06211020FFF7ADFDBDE808400621B4
:100390002120FFF7A7BD08B50620FFF7B9FD07200C
:1003A000FFF7B6FD0820FFF7B3FD0920FFF7B0FD0A
:1003B0000A20FFF7ADFD1020FFF7AAFDBDE80840B9
:1003C0002120FFF7A5BD000000231946044A013390
:1003D000102B1160516002F10802F8D1704700BF84
:1003E000B04B0020C9434FF05533016302F00301C5
:1003F0005943016042F380014160C2F3C101594396
:100400008160C2F341115943C160C2F3C1214B4322
:10041000C3624FF01133C2F3C3125A430262426205
:10042000704700001A4B70B59C6C0F2644F4C064F2
:100430009C649B6C012301F003048B4021F00301B9
:1004400001F1804101F5A0518D68A400C0F3832023
:10045000A04006FA04F425EA040528438860D8433E
:100460000C4912F0010F8C6814BF1C4304408C60CF
:1004700012F0020FCA6814BF1A430240CA60054A4C
:10048000536111680B43136053680340536070BDA0
:10049000000C0140001800404FF0E02340F2BF3252
:1004A0005A6100229A61072208210B201A61FFF786
:1004B00045BD08B5302383F31188FEF7E7FA002322
:1004C00083F3118808BD08B5FFF7F3FFBDE80840C6
:1004D000FEF7E2BD024A536843F0020353607047DF
:1004E00000380040024A536843F0020353607047EB
:1004F00000840040F8B5D0F8546105467369D80609
:10050000DCB20AD5302383F311884FF48061281DB3
:10051000FEF780FD002383F31188302383F31188D5
:100520002F1D14F00F032FD183F3118873689807E0
:1005300014D5A10612D5302383F31188E818FFF7EC
:1005400092F8002841DA0821281DFEF763FD736840
:1005500023F002037360002383F3118873689A0702
:1005600011D563060FD5302383F311886A6CAB6C09
:100570009A4205D1AB6B1BB11021281DFEF74AFD35
:10058000002383F31188F8BD14F0020F14BF4FF459
:1005900080710021620748BF41F02001230748BF56
:1005A00041F0400114F00104384618BF41F08001C9
:1005B000FEF730FD33682CB195F8581128461940E4
:1005C000FFF7F3F87469E4B2ABE73060C3E700000B
:1005D00008B50348FFF78EFFBDE80840FEF75CBD95
:1005E0008C4D002008B50348FFF784FFBDE80840A4
:1005F000FEF752BD304C002010B5094C00212046BA
:10060000084AFFF7A5F8084B0021C4F85431074CFD
:10061000074A2046FFF79CF8064BC4F8543110BD3A
:100620008C4D0020D504010800380040304C0020DB
:10063000E50401080084004038B5374D037A0029ED
:1006400018BF0D46012B044635D1344B984217D1C3
:10065000334B0A219A6C1E2042F480429A649A6CB1
:10066000D3F8902042F48042C3F89020D3F8902031
:1006700022F48042C3F89020D3F89030FFF732FC88
:10068000284B9C4217D1264B0821DA6C202042F0DF
:100690000802DA64DA6CD3F8942042F00802C3F856
:1006A0009420D3F8942022F00802C3F89420D3F8C1
:1006B0009430FFF717FCD4F85431E9791A6902F045
:1006C00050020A4329681A614A0802F1B76202F52A
:1006D0005842B2FBF1F202F00F01C3F8C0108021C2
:1006E000D960C2F3071119600021C2F307325A60C2
:1006F000D96068792A790243A8790243DA60012235
:10070000C3F89C10C3F898205A6842F005025A605A
:10071000FF2384F8583138BD5C1D01088C4D002042
:10072000000C0140304C002070B50446C5692E6BAA
:10073000C26A6B6A9A4234BFC36A6B6A013B30D2A9
:10074000E36A002B39D1EB620223237063681B68D4
:100750000BB120469847302383F31188002104F120
:100760000800FEF791FB002383F31188F30717D5E8
:10077000286A228E666AE36A616AD31A3344121ABF
:10078000934228BF134699424FF6FF7138BF636A00
:10079000013B1BD2636A1BB9EB6A23F00103EB62D6
:1007A00070BD296EE26A013AE262A26A002AC5D0EF
:1007B0001170A26A0132A262C0E7E26AEB699A4252
:1007C0009EBFE36A03F1FF33EB61CFE7626A013A50
:1007D0006262226A0AB92966DAE712F8010B286612
:1007E0002262D5E708B50348FFF79EFFBDE8084041
:1007F000FEF752BCE84E002008B50348FFF794FF0F
:10080000BDE80840FEF748BC1C4F002010B5064C60
:100810002046FEF7F3FF054BE361054C2046FEF74B
:10082000EDFF044BE36110BDE84E002000300040B6
:100830001C4F00200090004010B503780446012BA7
:1008400045D1344B98421FD1334B0A219A6C1A2060
:1008500042F480529A649A6CD3F8902042F4805209
:10086000C3F89020D3F8902022F48052C3F890204F
:10087000D3F89030FFF736FB6268E369128A5A6159
:100880001A6942F001021A61244B9C421FD1224B8B
:100890000921DA6C1B2042F01002DA64DA6CD3F81A
:1008A000942042F01002C3F89420D3F8942022F050
:1008B0001002C3F89420D3F89430FFF713FB62685A
:1008C000E369128A5A611A6942F001021A61616889
:1008D000E269CB8989890B4343F007039BB213601C
:1008E000238E4BB901239361916999420DD1013354
:1008F000B3F5807FF7D1238600239361D361D36A58
:1009000023F0FF03D362936C10BD012B08BF0023BB
:10091000F1E700BFE84E0020000C01401C4F002012
:1009200010B503780446022B1FD10022C3699A60D8
:10093000DA6A22F0FF02DA629B6C0C4B984208D113
:100940001A20FFF7E5FA0A4B9A6C22F480529A6457
:100950009B6C084B9C4208D11B20FFF7D9FA044B33
:10096000DA6C22F01002DA64DB6C10BDE84E002075
:10097000000C01401C4F002010B50C4691B1836261
:10098000038E4162C1625908A14228BF2146C36952
:10099000026299610139D961DA6A42F01102DA62C0
:1009A00001229A6010BD10B50C4699B100238362F4
:1009B000038E4162C1625908A14228BF2146C36922
:1009C000026299610139D961DA6A42F01102DA6290
:1009D00001229A6010BD10B50C4699B10023036244
:1009E000038E4162C1625908A14228BF2146C369F2
:1009F000826299610139D961DA6A42F01102DA62E0
:100A000001229A6010BD000010B590F83430044601
:100A1000B3B1063BDAB20F2A11D80F2B0FD8DFE89B
:100A200003F00F0E0E080F0F0E0E0E0E0E0E0E0E12
:100A30000F0F036C03B19847002384F8343010BDC6
:100A400000216022064B99735A7499735A74636833
:100A50001B6813B10621204698470623EDE700BF27
:100A60000040014090F8342010B5152A04460CD8F7
:100A7000012393400C4A134208D19B0205D5036C15
:100A800003B19847002384F8343010BD0021602260
:100A9000064B99735A7499735A7443681B680BB167
:100AA000062198470623EEE7410E10000040014062
:100AB0000146F8B5284C861C04EB86035F6827487E
:100AC000BB698173027DD20739D5254A9D68817340
:100AD00090F817E002EB810C827D42EA0E22A81802
:100AE00085422DD198681044986058681044586029
:100AF0001868801A1860188A013880B218827B8AB8
:100B0000934200D808BB012303FA01F2638923EA68
:100B10000203638104EB86035B68DB680BB10E485C
:100B20009847302383F3118804EB8604636898693F
:100B300041680C30FEF7A8F9002383F31188F8BD53
:100B40009CF800E005F801EBCAE7044A137D03F0C6
:100B5000FE031375F3E700BF504F00200040014033
:100B600020400140F8B5214C871C04EB87035E68E8
:100B70000146726950681568A84219D3012303FA27
:100B800001F2238923EA02032381B3680BB12046D3
:100B90009847302383F3118804EB870463680021AE
:100BA00058690C30FEF770F9002383F3118817E0C1
:100BB0000F4B9973136918445060281ADED0348A99
:100BC000844228BF04469068146103440948936036
:100BD00000EB81001C44A34203D10122044B5A7450
:100BE000F8BD13F8012B0270F5E700BF504F00204D
:100BF00000400140204001402DE9F041844B9B79A9
:100C00009C07DFB202D58348FEF7B1FF780702D513
:100C10008048FEF741FF390713D57E4C6368DB68D7
:100C200023B97B4AD37A03F0F703D3722378052BD9
:100C300002D17848FEF79BFF6368DB680BB175480B
:100C40009847734B9A781D7902F0FF06EDB252B9BE
:100C5000002D3AD1FB0702D56E48FEF758FFBDE8DC
:100C6000F041FEF719BAF20720D50022694CE0687E
:100C70009A7393F811C01CF0040F5FFA8CF11CBF3B
:100C80005A7484F83420CB0605D58022604B5A7400
:100C9000002384F8343094F834300BB1062B24D17F
:100CA000CC0703D5436800215A489847B20702D5BC
:100CB0000120FFF757FF730702D50220FFF752FF0D
:100CC000340702D50320FFF74DFFA80702D5012006
:100CD000FFF7EEFE690702D50220FFF7E9FE2A07BB
:100CE000B8D50320FFF7E4FEB4E7092B4CD1DFF8B9
:100CF00020C19CF81130DAB213F00203D6D102F011
:100D00001102112AD2D042698CF80E305168136951
:100D1000D2F800E019445160BEEB0101B0F8108038
:100D200016D0414528BF4146946811612344936021
:100D30005A18934207D1038A99422CBF02210A21F3
:100D40008CF81110B2E713F8014B8CF82040F0E753
:100D5000434504D10A238CF811301161A6E7238999
:100D600023F00103238183680BB12A48984730237D
:100D700083F311880021E36858690C30FEF784F88A
:100D8000002383F3118891E7152B8FD1DFF880E0E2
:100D90009EF81130D90789D500228369D3F808C09D
:100DA0008EF80E209EF81620D1B26244944527D1C9
:100DB0009A680A449A605A680A445A601A68521A31
:100DC0001A601A8A013A92B21A82438A8B424FF011
:100DD00000010F4B997300D8BAB948225A7463893D
:100DE00023F001036381E368DB6813B10021094844
:100DF0009847302383F31188E36898694168BCE71A
:100E00009EF820800CF8018BD0E740225A744DE701
:100E100000400140504F00200148FEF790BD00BF48
:100E2000504F002010B50478012C0ED1074AC26043
:100E3000FFF73CF90022064B0D21DA72DC715A7281
:100E40000E20BDE81040FFF74DB810BD641D01082D
:100E50000040014010B503780446012B0CD00E2051
:100E6000FFF756F80022054B2046DA72DA715A7203
:100E7000BDE81040FFF748B910BD00BF0040014079
:100E800090F84E20014B1A70704700BF004001409F
:100E900000EB8100344BC26801F00F0110B599736B
:100EA000106800F00300002956D002282CD0032837
:100EB0002AD0012827D153690BB993691BB3E020CD
:100EC000294B9874108AC0F3C700187440205874D6
:100ED0000820587458740120DC7900FA01F149B2F5
:100EE00041EA0400C0B2D871C0205875528AC2F3DA
:100EF000C702DA7480221A7510221A751A755A7A86
:100F00001143C9B2597210BD506980B10020987464
:100F1000108AC0F3C7001874402058740820587411
:100F200058740120DC7988402043C0B2D87193699D
:100F3000002BE8D000200C4B5875528AC2F3C70230
:100F4000DA7480221A7510221A751A750122587ADD
:100F500002FA01F10143D4E70028D4D1DA7942F052
:100F60000102DA71CFE700BF00400140002208B55E
:100F70000B4BDA715A724268D2681AB1DA7A42F0CF
:100F80000802DA72074B0021C360FFF781FF0122DC
:100F9000034B5A70DA7A42F00102DA7208BD00BFE0
:100FA00000400140641D010870B50D4B0021DA7945
:100FB000402602F00102DA71082401228025102067
:100FC00059729A730132D2B2042A99745E745C74B5
:100FD0005C7459751D7518751875F2D170BD00BF18
:100FE000004001400C4B01F00F029A7341B95A7C4A
:100FF00052070ED4D87910F0010018BF02207047B4
:10100000187D10F0200004D15B7A134113F0010F1A
:10101000F3E70120704700BF004001400C4B01F096
:101020000F029A7341B95A7C52070ED4D87910F046
:10103000010018BF02207047587C10F0100004D146
:10104000DB79134113F0010FF3E70120704700BF74
:101050000040014001F00F03054901EB830102F15B
:101060000803087802F8010B9342FAD1704700BFD9
:10107000204001404822044B01F00F0199735A743B
:10108000002380F8343070470040014010B501F073
:101090000F0400EB8101CB6899690A6872B1588A24
:1010A0001318013BB3FBF0F39BB20B82064B9C730E
:1010B00034B11A7D02F0FE021A7510BD0123F4E767
:1010C00040225A74F9E700BF0040014000EB810361
:1010D00011F00F0170B508BF4025DC6808BF124B46
:1010E000626904BF99735D74238A15680F4CAB4223
:1010F00028BF2B461361926804EB8104D518AA42DD
:1011000005D1094A917331B10123537470BD12F8AE
:10111000016B2670F3E7517CC168098A8B422CBFB2
:1011200002230A23F1E700BF0040014020400140B4
:10113000054B01F00F01997311B120221A75704708
:1011400060225A74704700BF00400140044B01F018
:101150000F01997311B110225A7470476022FBE796
:1011600000400140044B01F00F01997311B180223E
:101170001A7570475974704700400140044B01F0E4
:101180000F01997311B140225A7470475974704716
:0411900000400140DA
:10119400000000B400B480140000004001000040CE
:1011A4000200004003000040040000400D0800401D
:1011B4000C0400400D0400400E04004006080040EA
:1011C40007080040080800400908004004080040DF
:1011D4000508004000FF9600002020202020202049
:1011E40020202828282828202020202020202020D3
:1011F40020202020202020202088101010101010E3
:10120400101010101010101010040404040404042E
:1012140004040410101010101010414141414141C8
:1012240001010101010101010101010101010101AA
:1012340001010101101010101010424242424242BA
:10124400020202020202020202020202020202027A
:101254000202020210101010200000000000000022
:10126400000000000000000000000000000000007A
:10127400000000000000000000000000000000006A
:10128400000000000000000000000000000000005A
:10129400000000000000000000000000000000004A
:1012A400000000000000000000000000000000003A
:1012B400000000000000000000000000000000002A
:1012C400000000000000000000000000000000001A
:1012D400000000000000000000000000040C0020DA
:1012E40000000000000000000000000000000000FA
:1012F40000000000000000000000000000000000EA
:1013040000000000000000000000000000000000D9
:1013140000000000000000000000000000000000C9
:1013240000000000000000000000000000000000B9
:1013340000000000000000000000000000000000A9
:101344001B1A191817161D1E1F2000000000FF008D
:10135400FF55FFAAFF2BFFBFFF6A010100080040F1
:101364000108004002080040030800400600004055
:101374000A0400400B040040FFFFFFFFFFFFFFFFD4
:101384000C0400400D0400400E0400400608004018
:10139400070800400808004009080040040800400D
:1013A40005080040610D0A00450050004F004D0043
:1013B40041004B0045005200000032002E00340072
:1013C4004700200044006F006E0067006C00650059
:1013D400000053706C697436352D310053706C699C
:1013E4007436352D320053706C697436352D3300E4
:1013F40053706C69743635204254340053706C69F0
:10140400743635204254350000080040010800407D
:101414000208004003080040060000400A0400409F
:101424000B040040FFFFFFFFFFFFFFFF0C04004021
:101434000D0400400E040040060800400708004068
:10144400080800400908004004080040050800405E
:101454000948032181620C21C162084890F81003F5
:10146400074900F00F000A68824200D0086000209B
:10147400401C2328FCDB70470000014000F0FF1FE4
:10148400040401400748032181620C21C16206481B
:10149400016801F00F01082901D90821016000BF8A
:1014A40000BF7047000001400404014000000040F8
:1014B400010000400200004003000040040000401E
:1014C4000D080040A900AA00A900AA00A900AA00CA
:1014D400A900AA00000000000000000000000000B5
:1014E40000000000000035001E001F002000210045
:1014F40022002300000000002B0014001A00080042
:101504001500170000000000000039000400160058
:10151400070009000A00000000000000E1001D00AF
:101524001B00060019000500000000000000E00098
:10153400E300E200000000002C00000000000000B6
:101544000000000000000000000000000000000097
:10155400000024002500260027002D002E00000096
:101564002A00A8001C0018000C00120013002F0011
:10157400300031004C000B000D000E000F00330052
:101584003400000028004B00110010003600370022
:1015940038000000E50052004E0000002C0000005E
:1015A400E6002152E400500051004F00000000000A
:1015B40000000000000000000000000000002900FE
:1015C4003A003B003C003D003E003F0000000000AC
:1015D4004378007E017E027E037E17000000000037
:1015E4000000390004000252070009000A0000004C
:1015F40000000000E1001D00427806001900057E8D
:10160400000000000000067E0B70E20000000000F5
:10161400077E000000000000000000000000000041
:1016240000000000000000000000400041004200F3
:101634004300440045000000037CA8001C0018007F
:101644000C001200130046784578310049000B0065
:101654000D000E000F0048784778000028004A006B
:10166400137010003600370038000000E500497898
:101674004D0000002C000000E6000000E4004C785F
:101684004A784B78000000000000000000000000D1
:1016940000000000000035001E001F002000210093
:1016A40022002300000000002B0014001A00080090
:1016B40015001700000000000000390004001600A7
:1016C400070009000A00000000000000E1001D00FE
:1016D4001B00060019000500000000000000E000E7
:1016E400E200E300000000002C0000000000000005
:1016F40000000000000000000000000000000000E6
:10170400000024002500260027002D002E000000E4
:101714002A00A8001C0018000C00120013002F005F
:10172400300031004C000B000D000E000F003300A0
:101734003400000028004B00110010003600370070
:1017440038000000E50052004E0000002C000000AC
:10175400E7002352E400500051004F000000000055
:10176400000000000000000000000000000029004C
:101774003A003B003C003D003E003F0000000000FA
:101784004378007E017E027E037E17000000000085
:101794000000390000521600070009000A0000008A
:1017A40000000000E1001D00427806001900057EDB
:1017B400000000000000067EE200E30000000000DC
:1017C400077E000000000000000000000000000090
:1017D4000000000000000000000040004100420042
:1017E4004300440045000000037CA8001C001800CE
:1017F4000C001200130046784578310049000B00B4
:101804000D000E000F0048784778000028004A00B9
:10181400137010003600370038000000E5004978E6
:101824004D0000002C000000E700E600E4004C78C6
:101834004A784B78E200E900EA00B500B600B70048
:10184400CD008301CC008A0192019401210223027C
:1018540024022502260227022A02B300B4006F00E4
:1018640070009F01CB019F02A002E200E900EA00A0
:10187400B500B600B700CD008301CC008A01920107
:1018840094012102230224022502260227022A02AD
:10189400B300B4006F0070009F01CB019F02A0024F
:1018A4000C200020003131295A1B750AFF0000006A
:1018B40051BA000889BA0008A1BA0008BDBA0008E4
:1018C40000010101010101010101020202020202FF
:1018D40002020203030303030303030404040404D2
:1018E4000404050505050506060606060707070799
:1018F4000708080808090909090A0A0A0B0B0B0C4E
:101904000C0C0D0D0D0E0E0E0F0F0F1010111111EA
:10191400121213131414151516161717181819196B
:101924001A1A1B1B1C1D1D1E1E1F202021222223D0
:101934002424252626272829292A2B2C2D2D2E2F11
:1019440030313232333435363738393A3B3C3D3E28
:101954003F404142434445464748494A4C4D4E4F17
:1019640050515354555658595A5B5D5E5F616264D9
:10197400656668696B6C6D6F7072737577787A7B66
:101984007D7E8082838587888A8C8E8F91939596BD
:10199400989A9C9EA0A2A3A5A7A9ABADAFB1B3B5DD
:1019A400B7BABCBEC0C2C4C6C9CBCDCFD1D4D6D8B9
:1019B400DBDDDFE2E4E7E9EBEEF0F3F5F8FAFDFF57
:1019C40000FF0100010000FFFF0000010001FF0013
:1019D40000000000000400400F00000000000000B0
:1019E40020000000000000000000000000000000D3
:1019F40000000000000000000000000000000000E3
:101A04000000000000000000000000002A2B280055
:101A14000000000000000000000000000000002999
:101A2400000000002C1E3420212224342627252ED9
:101A3400362D3738271E1F20212223242526333311
:101A4400362E37381F0405060708090A0B0C0D0E3D
:101A54000F101112131415161718191A1B1C1D2F09
:101A64003130232D350405060708090A0B0C0D0E29
:101A74000F101112131415161718191A1B1C1D2FE9
:101A84003130354C000000007E0F00D4FFFFFFC74B
:101A9400000000786DDD0008D5DC0008B5DB000827
:101AA40000000000D51A0108EE1A01080E1B0108F7
:101AB400301B01089E1B0108C01B01084422B60903
:101AC400025B00030100A0FA090400000103010104
:101AD40000092111010001224400070581030800C7
:101AE40001090401000203000000092111010001A1
:101AF40022220007058203200001070502032000BB
:101B04000109040200010300000009211101000180
:101B140022B6000705830320000112010002000021
:101B240000402D34C6E4300001020301050109061A
:101B3400A101050719E029E715002501950875019C
:101B440081029501750881010507190029FF150017
:101B540026FF009506750881000508190129051559
:101B6400002501950575019102950175039101C048
:101B7400040309041203450050004F004D004100C6
:101B84004B004500520000001003530070006C002D
:101B9400690074003600350000000660FF0961A189
:101BA400010962150026FF0095207508810209636A
:101BB400150026FF00952075089102C00501090251
:101BC400A10185020901A1000509190129081500CF
:101BD4002501950875018102050109300931158136
:101BE400257F95027508810609381581257F9501A1
:101BF40075088106050C0A38021581257F95017543
:101C0400088106C0C005010980A101850319012AC4
:101C1400B700150126B700950175108100C0050CA9
:101C24000901A101850419012AA002150126A002B7
:101C3400950175108100C005010906A101850605FD
:101C44000719E029E71500250195087501810205AA
:101C540007190029EF1500250195F075018102058A
:101C640008190129059505750191029501750391DE
:101C740001C0303132333435363738394142434488
:101C84004546000064260108A44F0020A44F00200C
:101C9400A44F00206426010800000000000000009A
:101CA400000000006426010800000000000000009D
:101CB400000000006426010800000000000000008D
:101CC400000000006426010800000000000000007D
:101CD400000000006426010800000000000000006D
:101CE400000000006426010800000000000000005D
:101CF400000000006426010800000000000000004D
:101D04000000000063300000081D0108083F0020A7
:101D1400184000206D61696E0069646C6500000004
:101D24000000000015F7000805F7000835F7000863
:101D340025F700082FF700081FF700080FF7000821
:101D4400FFF600083FF70008000001000000657876
:101D54006974006B696C6C0000960000030000005D
:101D64000000000085FB0008090A0108650A010853
:101D740040004000184000201840002001000000EE
:101D84002C4000205245454E54206D616C6C6F63AD
:101D94002073756363656564656400002E2E2F2EC1
:101DA4002E2F2E2E2F2E2E2F2E2E2F2E2E2F2E2E4A
:101DB4002F2E2E2F6E65776C69622F6C6962632FEC
:101DC4007374646C69622F72616E642E6300000028
:101DD4002C2066756E6374696F6E3A2000000000F3
:101DE400617373657274696F6E2022257322206695
:101DF40061696C65643A2066696C652022257322EA
:101E04002C206C696E65202564257325730A0000F7
:101E1400232D302B20000000686C4C00656667455C
:101E24004647000030313233343536373839414291
:101E340043444546000000003031323334353637F0
:0C1E4400383961626364656600000000CC
:081E5000F4E3FE7F0100000035
:101E5800040C0020000000002413010804130108EA
:101E6800E41201080000000000000000000000006B
:101E7800000000000000000000000000000000005A
:101E8800000000000000000000000000000000004A
:101E9800000000000000000000000000000000003A
:101EA800000000000000000000000000000000002A
:101EB800000000000000FF0009270008892700082B
:101EC80051290008D12700082D280008000000002B
:101ED8000100000040771B00000000640E080201AA
:101EE8000101010101010001FFFFFFFFFFFFFFFFEB
:101EF800FFFFFF1C1B1A19181716FFFF10111213EA
:101F08001415FFFFFF020F0E0D0C0BFFFFFF03065A
:101F18000708090AFFFFFF040105FFFF00FFFFFF95
:101F2800FFFFFFFFFFFFFFFFFF1D1E1F202122FFF6
:101F380023FF2C2B2A2928272625242D2E2F303124
:101F480032FF33343C3B3A3938FF373635FF3DFFF3
:101F58003E3F404142434140134005200930024082
:101F680024401F302D303B30483056304F20412020
:101F780034202620182003101510221030103E108F
:101F88004C1053004500370029001C000E000000CB
:101F980060006E007C008A009800A500BA00D2108C
:101FA800BE10AC109F1091108310751067105A1056
:101FB8005D206B20792086209420A220B820D22092
:101FC800D230C130AE309B308D30803072306430CA
:101FD8006B4086409440A240B040BF40D2400404C9
:101FE80004040404040404040404040404040404A9
:101FF8000404040404040404040404040404040499
:102008000404040404040404040404040404040488
:102018000404040404040404040404040404040478
:1020280004040000901F0020981F002095760008E7
:102038000008004001080040020800400308004072
:10204800060000400A0400400B040040FFFFFFFFA9
:10205800FFFFFFFF000000400100004002000040B9
:1020680003000040040000400D080040000000008C
:102078000100000000000000000000000C00020049
:10208800000000000C000E0000000000000000002E
:102098000000000001001A0000000000000000001D
:1020A80008001B0000000000000000000000000005
:1020B800A97B0008040024000000000000000000C4
:1020C80001002800000000000000000001002900B5
:1020D800000000000000000001002A0000000000CD
:1020E800000000000C002C000000000000000000B0
:1020F8000400380000000000897B000820003C0034
:10210800000000000000000001003900000000008D
:10211800AD7B00080000000020005C00000000000B
:10212800000000000000000000000000450045001D
:1021380045004500450000FF00FFFF033905011475
:102148000A1E0150082803010200000100000000D7
:1021580000C20100030000008C4D00200096000022
:1021680003000000FDD4000825E000083BE000085B
:1021780045E000084FE0000859E0000800000000B2
:102188000000000002000000000000000000000045
:102198000000000000000000000000000000000037
:1021A8000000000000000000000000000000000027
:1021B8000000000000000000000000000000000017
:1021C8000000000006000000000000000000000001
:1021D80003000000000000000000000000000000F4
:1021E80000000000000000000000000000000000E7
:1021F80000000000000000000000000000000000D7
:1022080000000000000000000000000000000000C6
:1022180003000000000000000000000000000000B3
:1022280000000000000000000000000000000000A6
:102238000000000000000000000000000000000096
:102248000000000000000000000000000000000086
:102258000000000000000000000000002000000056
:10226800C40F0020101000200DE60008EDE500085E
:1022780023E6000805E7000821E700082DE7000825
:102288000000000000000000040000000000000042
:102298000000000000000000000000000000000036
:1022A8000000000000000000000000000000000026
:1022B8000000000000000000000000000000000016
:1022C8000000000000000000030000000000000003
:1022D80000000000060000000000000000000000F0
:1022E80000000000000000000000000000000000E6
:1022F80000000000000000000000000000000000D6
:1023080000000000000000000000000000000000C5
:102318000000000020000000000000000000000095
:102328002C0F0020780F0020301000200000000043
:102338007C1000200000000000000000C8100020F1
:1023480069E6000841E6000885E600087DE7000820
:10235800A1E70008B9E7000800000000000000003D
:102368000000000000000000000000000000000065
:102378000000000000000000000000000000000055
:102388000000000000000000000000000000000045
:102398000000000000000000000000000000000035
:1023A8000800000008110020541100200DE6000864
:1023B800EDE5000823E6000805E7000821E7000826
:1023C8002DE70008010200000000000000000000E6
:1023D80000000000000000000000000000000000F5
:1023E80000000000000000000000000000000000E5
:1023F80000000000000000000000000000000000D5
:102408000300000000000000EDE3000800000000E9
:102418002000000000000000000000000200000092
:1024280000000000000000000000000000000000A4
:102438000000000000000000000000000000000094
:102448000000000000000000000000000000000084
:10245800504F00200300000004000000200000008E
:10246800D83D00200000000000000000EC10002013
:102478000000000000000000000000000000000054
:102488000000000000000000000000000000000044
:102498000000000000000000000000000000000034
:1024A8000000000000000000030000000000000021
:1024B800EDE3000800000000080000000000000034
:1024C8000000000002000000000000000000000002
:1024D80000000000000000000000000000000000F4
:1024E80000000000000000000000000000000000E4
:1024F8000000000000000000504F00200100000014
:102508000400000008000000883C002000000000D3
:10251800000000005811002000000000000000002A
:1025280000000000000000000000000000000000A3
:102538000000000000000000000000000000000093
:102548000000000000000000000000000000000083
:102558000300000000000000EDE3000883E4000829
:102568002000200000000000000000000200000021
:102578000000000000000000000000000000000053
:102588000000000000000000000000000000000043
:102598000000000000000000000000000100000032
:1025A800504F00200200000004000000200000003E
:1025B800B83C0020000000000000000014100020BB
:1025C8000000000000000000000000000000000003
:1025D80000000000000000000000000000000000F3
:1025E80000000000000000000000000000000000E3
:1025F80000000000000000000000000000000000D3
:1026080000000000000000000000000000000000C2
:1026180000000000000000000000000000000000B2
:1026280000000000000000000000000000000000A2
:10263800504F0020020000000400000020000000AD
:10264800483D002000000000F8130020F813002087
:0C265800000000000000000000D8B805E1
:04000005080001B935
:00000001FF
