:020000040800F2
:1000000000040020B9010008BB010008BB01000882
:10001000BB010008BB010008BB010008BB010008D0
:10002000BB010008BB010008BB01000839EE000855
:10003000BB010008BB010008BB010008C3020108A6
:10004000BB010008BB010008BB010008BB010008A0
:10005000BB010008BB010008B5FF0008DDFF000878
:10006000050001082D00010855000108BB0100082A
:10007000BB010008BB010008F5090108BB0100082D
:100080007D000108BB010008BB010008BB0100089E
:10009000BB010008BB010008BB010008BB01000850
:1000A000BB010008BB010008E1050108F5050108D6
:1000B000BB010008BB010008CD030108BB0100081B
:1000C000E1030108E1000108BB010008BB010008D1
:1000D000BB010008BB010008BB010008BB01000810
:1000E00072B6264880F30888254880F30988254899
:1000F00025490860022080F31488BFF36F8F0EF04B
:100100006FFB0DF0C7FE4FF0553020491B4A91425E
:100110003CBF41F8040BFAE71D49194A91423CBF24
:1001200041F8040BFAE71B491B4A1C4B9A423EBF9D
:1001300051F8040B42F8040BF8E700201849194A5B
:1001400091423CBF41F8040BFAE70EF04DFB0EF074
:1001500048FB154C154DAC4203DA54F8041B884794
:10016000F9E707F0D5FE124C124DAC4203DA54F811
:10017000041B8847F9E70EF035BB0000000400209F
:10018000000C00200000000808ED00E00000002046
:1001900000040020541C0108000C00200C14002056
:1001A00010140020A44F0020E0000008E000000828
:1001B000E0000008E000000892E700F000F8FEE729
:1001C0002DE9F04FC1F80CD0C3689D46BDE8F08F13
:1001D000002383F311882846A04700200EF032FD4B
:1001E000FEE70EF063FC00DFFEE7000053B94AB9FA
:1001F000002908BF00281CBF4FF0FF314FF0FF302F
:1002000000F08AB9ADF1080C6DE904CE00F01AF8DF
:10021000DDF804E0DDE9022304B07047430803F091
:100220005533C01A830803F0333300F033301844D9
:1002300000EB101000F00F3000EB002000EB00404E
:10024000000E70472DE9F047089E0D46044688468B
:10025000002B4DD18A42944668D9B2FA82F252B14B
:1002600001FA02F3C2F1200120FA01F10CFA02FCBA
:1002700041EA030894404FEA1C41B8FBF1F71FFA2A
:100280008CFE01FB178807FB0EF0230C43EA0843A2
:1002900098420AD91CEB030307F1FF3580F01E8159
:1002A000984240F21B81023F63441B1AB3FBF1F0FA
:1002B00001FB103300FB0EFEA4B244EA0344A64542
:1002C0000AD91CEB040400F1FF3380F00981A64534
:1002D00040F20681644402380021A4EB0E0440EA97
:1002E00007401EB10023D440C6E90043BDE8F087B3
:1002F0008B4208D9002E00F0EE800021C6E90005EF
:100300000846BDE8F087B3FA83F100294AD1AB4231
:1003100002D3824200F2FC80841A65EB03030120C1
:100320009846002EE2D0C6E90048DFE702B9FFDEBA
:10033000B2FA82F2002A40F09180A1EB0C00012178
:100340004FEA1C471FFA8CFEB0FBF7F307FB1300C4
:10035000250C45EA00450EFB03F0A84208D91CEB2A
:10036000050503F1FF3802D2A84200F2CE804346D1
:100370002D1AB5FBF7F007FB10550EFB00FEA4B2DB
:1003800044EA0544A64508D91CEB040400F1FF35F6
:1003900002D2A64500F2B6802846A4EB0E0440EA3D
:1003A00003409EE7C1F120078B4022FA07FC4CEA8C
:1003B000030C25FA07FA4FEA1C49BAFBF9F820FAB0
:1003C00007F309FB18AA8D401FFA8CFE1D4300FAA3
:1003D00001F308FB0EF02C0C44EA0A44A04202FA96
:1003E00001F20BD91CEB040408F1FF3A80F088807D
:1003F000A04240F28580A8F102086444241AB4FBAC
:10040000F9F009FB104400FB0EFEADB245EA0444CE
:10041000A64508D91CEB040400F1FF356CD2A645B3
:100420006AD90238644440EA0840A0FB0295A4EB74
:100430000E04AC42C846AE4656D353D0002E69D007
:10044000B3EB080264EB0E0422FA01F304FA07F797
:100450001F43CC40C6E90074002147E70CFA02FCB8
:10046000C2F1200125FA01F34FEA1C4720FA01F1FD
:1004700095400D43B3FBF7F107FB11331FFA8CFED8
:10048000280C40EA034001FB0EF3834204FA02F415
:1004900008D91CEB000001F1FF382FD283422DD97F
:1004A00002396044C01AB0FBF7F307FB1300ADB28A
:1004B00045EA004503FB0EF0A84208D91CEB0505F0
:1004C00003F1FF3816D2A84214D9023B6544281A1A
:1004D00043EA014138E73146304607E72F46E4E674
:1004E0001846F9E64B45A9D2B9EB020865EB0C0EAC
:1004F0000138A3E74346EAE7284694E74146D1E7B7
:10050000D0467BE76444023847E7023B65442FE767
:10051000084606E73146E9E6704700BF062008B501
:1005200000F08AFA01200FF0BBFB00BF032A10B5D0
:1005300016D940EA010C1CF0030F04460B4622D1E9
:1005400019462046D1F800E0D0F800C00433F44545
:1005500004F1040417D1043A032A20461946EFD8BF
:10056000541EA2B100F1FF3C013901E0C3180CD0C8
:100570001CF801EF11F8012FA4EB0C039645F5D000
:10058000AEEB020010BD541EECE7184610BD10463D
:1005900010BD00BF844641EA000313F0030349D1B4
:1005A000403A23D30B6803604B6843608B688360D9
:1005B000CB68C3600B6903614B6943618B698361DD
:1005C000CB69C3610B6A03624B6A43628B6A8362C5
:1005D000CB6AC3620B6B03634B6B43638B6B8363AD
:1005E000CB6BC36340304031403ADBD230320BD367
:1005F0000B6803604B6843608B688360CB68C360A3
:1006000010301031103AF3D20C3205D351F8043BBC
:1006100040F8043B043AF9D2043208D0D2071CBF98
:1006200011F8013B00F8013B01D30B8803806046C1
:10063000704700BF082A13D38B07B1D010F0030313
:10064000AED0C3F10403D21ADB071CBF11F8013B83
:1006500000F8013BA4D331F8023B20F8023B9FE7AE
:10066000043AD9D3013A11F8013B00F8013BF9D221
:100670000B7803704B7843708B78837060467047BB
:1006800088420DD98B1883420AD900EB020CBAB10B
:10069000624613F801CD994202F801CDF9D17047B5
:1006A0000F2A0ED8034602F1FF3C4AB10CF1010CAF
:1006B000013B8C4411F8012B614503F8012FF9D15E
:1006C000704740EA01039B074FD1A2F1100370B5B8
:1006D00001F1200C23F00F0501F1100E00F11004C0
:1006E000AC441B095EF8105C0EF1100E44F8105C6F
:1006F0005EF81C5C103444F81C5C5EF8185C44F82E
:10070000185C5EF8145CE64544F8145CEAD10133E9
:1007100012F00C0F01EB031102F00F0400EB0313B6
:1007200027D08E46043C24F003064FEA940C1E4466
:100730001C1F5EF8045B44F8045FB442F9D10CF16D
:10074000010402F0030203EB840301EB840102F1D4
:10075000FF3C4AB10CF1010C013B8C4411F8012B18
:10076000614503F8012FF9D170BD034602F1FF3C4A
:100770009CE72246EBE700BF830730B548D0541E04
:10078000002A3FD00346CAB201E0013C3AD303F845
:10079000012B9D07F9D1032C2DD9CDB245EA0525B2
:1007A0000F2C45EA054536D9A4F1100222F00F0CB2
:1007B00003F1200EE6444FEA121C03F1100242E955
:1007C000045542E9025510327245F8D10CF101028C
:1007D00014F00C0F03EB021204F00F0C13D0ACF169
:1007E000040323F003030433134442F8045B9342ED
:1007F000FBD10CF003042CB1CAB21C4403F8012B4A
:100800009C42FBD130BD64461346002CF4D1F9E77D
:1008100003461446BFE71A46A446E0E738B5124B34
:1008200004461D68AA6B1AB10023C2E9044338BD0F
:10083000182000F02DFA0246A86378B100210B239E
:1008400001209381C2E90401084B0949094DC2E91D
:10085000011300231560C2E9044338BD4221064B51
:10086000064800F0CDF900BF000C0020ECDE0500CA
:1008700034126DE60E33CDAB841B01089C1B0108BE
:1008800038B5194B1C68A26B8AB1136917495469B2
:1008900003FB01F1164800FB0411A3FB00300133F8
:1008A00041EB0001C2E9043121F0004038BD1820BD
:1008B00000F0EEF90246A06388B1012400250B2365
:1008C0000A480C49C2E90445116001460A4D0B4C27
:1008D00093810B4BC2E90154C2E9043138BD4E216A
:1008E000084B094800F08CF9000C00202DF45158F9
:1008F0002D7F954C0E33CDAB34126DE6ECDE05004A
:100900002E7F954C841B01089C1B010838B5446C54
:100910000CB1002038BD8021054600F02FFA0246B8
:10092000686430B1031F7C3243F8044F9342FBD11B
:10093000EFE74FF0FF3038BD1F29F8B5054608D85E
:10094000466C0C4617464EB156F8240046F8247003
:10095000F8BD16234FF0FF302B60F8BD802100F06A
:100960000DFA0646686440B10021031F00F17C05C2
:1009700043F8041F9D42FBD1E6E74FF0FF30F8BD7E
:100980001F2938B5054620D8426C0C466AB152F88A
:10099000213053B1012B16D0591C10D00025204610
:1009A00042F824509847284638BD284600F0F8F809
:1009B000224601462846BDE8384000F0DDB816233F
:1009C00001202B6038BD002038BD16234FF0FF30CA
:1009D0002B6038BD1F292BD8426C38B50C46054614
:1009E00082B152F8243002EB84024BB1591C1AD068
:1009F000012B16D00025204615609847284638BDA3
:100A0000012038BD802100F0B9F90246686460B168
:100A10000020131F02F17C0143F8040F9942FBD11F
:100A2000DFE7032038BD022038BD4FF0FF3038BD6E
:100A30004FF0FF30704700BF38B5144B1F281D68BA
:100A40001FD86A6C044662B152F820304BB1012BBA
:100A500015D0591C0FD0002542F820509847284641
:100A600038BD284600F09CF8224601462846BDE8DD
:100A7000384000F081B8162301202B6038BD0020DB
:100A800038BD16234FF0FF302B6038BD000C00201E
:100A9000124B1F2870B51E6808D80D46716C0446AD
:100AA00049B151F8240041F8245070BD16234FF08D
:100AB000FF30336070BD8021304600F05FF90146A1
:100AC000706440B10022031F00F17C0C43F8042F36
:100AD0006345FBD1E5E74FF0FF3070BD000C00200F
:100AE00038B50B4B1D686C6C0CB1002038BD8021F3
:100AF000284600F043F9686438B1031F00F17C0216
:100B000043F8044F9342FBD1EFE74FF0FF3038BD7D
:100B1000000C002038B5174B1F281D6827D86A6CB9
:100B2000044682B152F8243002EB84024BB1591CC6
:100B30001BD0012B17D0002520461560984728466A
:100B400038BD012038BD8021284600F017F9024643
:100B5000686460B10020131F02F17C0143F8040FA8
:100B60008B42FBD1DEE7032038BD022038BD4FF0B9
:100B7000FF3038BD000C002070B50026074D04463C
:100B8000084611462E600FF093F8431C00D070BD4C
:100B90002B68002BFBD0236070BD00BF1814002011
:100BA0000FF08EB820F0030110F00300C0F1000038
:100BB00051F8043B00F1040C4FEACC0C6FF000023A
:100BC0001CBF22FA0CF213434FF0010C4CEA0C2C20
:100BD0004CEA0C4CA3EB0C0222EA030212EACC1200
:100BE00004BF51F8043B0430F4D0C2F1000102EA22
:100BF0000102B2FA82F2C2F11F0200EBD20070478A
:100C0000144600B51A460A4B0D461B6885B0DE68CF
:100C100003464CB1074901913046074902940095BB
:100C200000F022F8FFF77AFC04490C46F3E700BF16
:100C3000000C0020D01B0108E01B0108DC1B010890
:100C400008B513460022FFF7DBFF00BF0CB400B568
:100C500083B004AB53F8042B019300F025F903B0E3
:100C60005DF804EB02B070470EB400B5074A82B0DD
:100C700003AB0146106853F8042B019300F014F9FC
:100C800002B05DF804EB03B0704700BF000C002019
:100C9000024B0146186800F071B800BF000C00203C
:100CA000024B0146186800F003B800BF000C00209A
:100CB000002952D038B551F8043C0C1F002BB8BFA6
:100CC000E418054601F0AEF92B4A1368002B45D015
:100CD000A3420CD921686018834228D0636028465B
:100CE0001460BDE8384001F09FB9A3420FD81A46FE
:100CF0005B68002BF9D11168501884421DD034D3A1
:100D0000636054602846BDE8384001F08DB9116831
:100D10005018A04215D028D8216860188342EFD11E
:100D200018685B680144C4E900135460EAE7186876
:100D30005B680144C4E90013D1E7236819441160DA
:100D4000E0E720680144501883421160DAD1D3E90A
:100D500000030144C2E90013D4E7704728466360EA
:100D60001460BDE8384001F05FB90C2328462B60C1
:100D7000BDE8384001F058B910140020F8B5CD1C7A
:100D800025F0030508350C2D38BF0C25002D06462F
:100D900023DBA94221D8264F01F044F93A6822B357
:100DA000144603E063682246FBB11C4623685B1BC4
:100DB000F8D40B2B15D8636894420CBF3B6053608A
:100DC000304601F031F904F10B00231D20F007003B
:100DD000C21A01D01B1AA350F8BD0C2300203360A7
:100DE000F8BD23601C442560EAE77968D1B1294643
:100DF00030460EF047FF431C01460CD0C41C24F0C3
:100E00000304A04205D03046611A0EF03BFF0130CA
:100E100001D02560D4E70C233046336001F004F99B
:100E20000020F8BD30460EF02DFF7860DFE700BFF0
:100E3000101400209368013B002B936005DAD2F870
:100E400018C0634507DB0A2905D01368581C1060D9
:100E500008461970704700F069BB00BF9BB1F8B538
:100E6000134406460F46541E5D1E01E0AC4208D0F6
:100E70003A46304614F8011FFFF7DCFF431CF5D15A
:100E8000F8BD0020F8BD0020704700BF936810B582
:100E9000144613B91846536010BD00F031FE00230C
:100EA000C4E9013310BD00BF2DE9F04F0E46924654
:100EB0001C4607469FB018B18369002B00F0A8803C
:100EC000954B9E4200F0AA80944B9E4200F0B58064
:100ED000934B9E4208BFFE68B389180740F1A38078
:100EE0003369002B00F09F80002320220B933023D6
:100EF0009AF80010059401258A4C8DF831208DF860
:100F0000323000297DD0D1460B4604E019F8013F6C
:100F1000002B00F09480252BF8D1B9EB0A0B40F0A0
:100F2000918099F80030002B6BD000234FF0FF32F6
:100F300009F10109CDE90723069309938DF85B3088
:100F40001C9304E0001B05FA00F018430690CA4603
:100F50000522204619F8011B01F01CF8069B002809
:100F6000F0D1D90644BF20228DF85B201A0748BF74
:100F70002B229AF8001048BF8DF85B202A2972D1E5
:100F8000059A1168043200290592C0F2A0800991E7
:100F90009AF801100AF1010A2E2976D0DFF888911B
:100FA0000322484600F0F6FF48B14022069BA0EB22
:100FB000090002FA00F003430AF1010A06931AF845
:100FC000011B062259488DF8301000F0E3FF00287D
:100FD00000F08380564B002B6CD005A9009132465F
:100FE0003846544B06A9AFF300800390039B0133AE
:100FF00007D00B9B039A9AF8001013440B93002917
:1010000081D1B3895B0615D40B981FB0BDE8F08F72
:1010100000F056FD404B9E427FF456AF7E68B38988
:1010200018073FF55DAF3146384600F0E1FA002879
:101030003FF45AAF4FF0FF30E7E7BE684CE7B9EB3B
:101040000A0BDED0D046CAF1010A03E0934538D935
:1010500018F8011F32463846FFF7ECFE01300AEB64
:101060000802F3D1CDE7A1F13002092A94D8099BF7
:101070001AF8011F03EB830302EB4303A1F13002D3
:10108000092AF5D92E29099388D19AF801102A291D
:101090002DD1059B0AF102001A680433002A05933A
:1010A000B8BF4FF0FF339AF8021007928246B8BFDC
:1010B000079373E7059B073323F007030833059372
:1010C00097E70B9A99F800305A440B922BE7494264
:1010D00043F00203099106935AE705A900913246AD
:1010E0003846144B06A900F0CBF803907EE70023A6
:1010F000A1F13002092A0AF1010A07933FF64EAF27
:101100001AF8011F03EB830302EB4303A1F1300242
:10111000092AF5D9079341E72011010800110108B8
:10112000E0100108101C0108181C01081C1C010813
:10113000000000005D0E00088C4600B58646134690
:10114000034A714610685DF804EB6246FFF7ACBED7
:10115000000C00202DE9F04791461E460A698B6875
:101160000C469A42B8BF1A46C9F8002091F843309D
:101170000546DDF8208013B10132C9F8002022684D
:1011800091065DD5D9F800300233C9F800302268E5
:1011900012F0060F11461ED1E168CB1A002BD8BF02
:1011A000114618DD002704F1190A06E0D9F80030CD
:1011B000E268A2EB030CBC450CDD0123524631462C
:1011C0002846C047013007F10107EFD14FF0FF304B
:1011D000BDE8F087216894F84330003B18BF012335
:1011E0008A060AD53021E21882F8431094F8451097
:1011F0005A1C2244023382F843103146284604F137
:101200004302C0470130E1D0236803F00603042BFA
:101210001DD0A3682269934225DD00279B1A1F4435
:1012200004F11A09002401E0BC421CDA01234A46F9
:1012300031462846C047013004F10104F4D1C5E726
:1012400012F0060F12D0003B18BF0123D5E7D9F8E2
:101250000030E1682269C91AA36821EAE177934264
:10126000DCDC0029DCDC0020BDE8F087E168D9F88F
:101270000030CB1A002BD8BF114693DCABE700BF80
:101280002DE9F04317460A7E85B00C46064698467F
:101290000C9D01F1430C002A33D0A2F15803D9B2BE
:1012A000202967D8202B65D8DFE813F0DD00640023
:1012B000640064006400640064006400640064000E
:1012C0006400A3006E0064006400640064006E00AB
:1012D000640064006400640021007F00BF006400BB
:1012E0006400AE0064007F0064006400E4002368D2
:1012F0001A0640F102812B686269191D29601B687A
:101300001A600023E14623613B4621463046CDF872
:10131000008003AAFFF71EFF013020D04A4639465D
:1013200030462369C047013019D02368E0689B0725
:10133000039919D5431A002B16DD002504F119096C
:1013400004E0E0680399431AAB420DDD01234A46ED
:1013500039463046C047013005F10105F1D14FF063
:10136000FF3005B0BDE8F0838842B8BF084605B03D
:10137000BDE8F083012384F8422004F1420923618F
:10138000002384F84330BFE72368190602D45A06C5
:1013900000F1BF8029680A68043129601146002ADB
:1013A0006ADB0A25DFF87CE110E02368180640F1CB
:1013B0009A802B68191D296019686F2A0CBF0825AF
:1013C0000A25DFF860E1002384F843306268002AD0
:1013D000A2607DDB236823F004032360002959D138
:1013E000002A77D1E146082D63D0ACEB09032361D5
:1013F0008AE701222B6804F14209196804332B6043
:1014000084F842102261BBE72B6800211A1D2A6074
:10141000D3F800906268484600F0BCFD00287FD0F9
:10142000A0EB090060602061AAE7236843F0200375
:1014300023607822DFF8F0E084F845202A68111D47
:101440002960190642D45D0640D51188D80744BFEB
:1014500043F020032360002943D12368102523F0A3
:1014600020032360AFE75823DFF8B8E084F8453065
:101470002368E3E72368DCE72D2284F843206268D1
:101480004942002AA26002DB23F0040323600A25FC
:10149000DFF890E0E146B1FBF5F30A4605FB1310D7
:1014A00019461EF80030AA4209F8013DF3D2082D72
:1014B0009BD12368D90798D5626823699A4294DC46
:1014C000302309F1FF3989F800308EE71168BDE754
:1014D0000029DFD19EF8003004F1420984F842303F
:1014E00081E710256FE713F0400F2B6803F104012B
:1014F00029600CBF196819885FE713F0400F2B684B
:10150000626903F1040129601B6814BF1A801A6024
:10151000F7E62A68B2F9001004322A600A463EE76C
:10152000606880E7241C0108381C0108F8B50646ED
:101530000D46144608B1836943B3254B9C422AD01B
:10154000244B9C4229D0244B9C4208BFF468A269DA
:10155000A389A2601A0722D5236903B322686169AF
:10156000D31AEDB299422F4629DD0133A168013922
:10157000A160511C2160157062699A4216D0A3893E
:10158000DB0701D50A2D11D03846F8BD00F098FAD6
:101590000F4B9C42D4D17468D9E7B468D7E7214691
:1015A000304600F025F838B92369D7E721463046A0
:1015B00000F024F90028E7D04FF0FF37E4E7214698
:1015C000304600F01BF90028F6D101232268CDE750
:1015D0002011010800110108E010010803460A4625
:1015E000024908681946FFF7A1BF00BF000C0020A0
:1015F0003C4B70B51D6806460C460DB1AB69E3B1B6
:10160000394B9C421FD0394B9C424DD0384B9C42A9
:1016100008BFEC68B4F90C3018079AB219D52169E3
:1016200011B312F001002FD000256069A56040427F
:10163000A06100292ED0002070BD284600F040FA9D
:10164000294B9C42DFD16C68B4F90C3018079AB270
:10165000E5D4D1063ED5520728D4216943F00803CA
:10166000A3819AB20029DCD102F42070B0F5007F8A
:10167000D7D02146304600F0FFFBB4F90C30216989
:101680009AB212F00100CFD1950758BF6069A060EF
:101690000029D0D1120658BF0846CDD543F04003EB
:1016A0004FF0FF30A38170BDAC68B3E7616B51B1FF
:1016B00004F14402914204D03046FFF7F9FAB4F93C
:1016C0000C30002262630022216923F02403C4E964
:1016D0000012C3E7092243F0400332604FF0FF30AD
:1016E000A38170BD000C0020201101080011010829
:1016F000E0100108F8B58B890C46190707463BD462
:101700006268002A55DDE66A002E50D000223D684E
:101710003A6013F4805250D101233846216AB04711
:10172000421C5CD0A389E66A5B0705D56368C01AD2
:10173000636B0BB1236CC01A0246216A0023384642
:10174000B047411C3BD13B68002B38D01D2B01D04A
:10175000162B4BD100232269C4E90023616B3D6045
:1017600029B304F14403994202D03846FFF7A0FAA6
:10177000002318466363F8BD2669C6B19A0718BFEF
:101780000023256808BF63692660AD1BA3600CE0D9
:101790002B463246D4F828C03846216AE047B0F1DB
:1017A000000CA5EB0C05664412DD002DF0DC0020DA
:1017B000F8BD226C002AA6DCF9E7606DB4E70022D0
:1017C000236962602360A389DB04C7D56065C5E730
:1017D000A3894FF0FF3043F04003A381F8BD3B687D
:1017E000002B9FD01D2B06D0162B04D0A38943F0CD
:1017F0004003A381F8BD00203D60F8BD38B50B69FA
:10180000BBB10C46054608B18369B3B10D4B9C4290
:1018100011D00D4B9C4213D00C4B9C4208BFEC687E
:10182000B4F90C302BB121462846BDE83840FFF70B
:1018300061BF002038BD6C68F2E700F041F9E5E7D0
:10184000AC68EDE72011010800110108E010010863
:1018500038B540B303690446E3B1174B1D680DB1B9
:10186000AB69CBB1154B9C420FD0154B9C4221D09C
:10187000144B9C4208BFEC68B4F90C3053B12146BC
:101880002846BDE83840FFF735BF6C68B4F90C3026
:10189000002BF4D1002038BD284600F011F9074B89
:1018A0009C42E2D1F1E7084B08491868BDE838408E
:1018B00000F0BEBAAC68DFE7000C00202011010880
:1018C00000110108E0100108DC100108FD170008F4
:1018D00000207047014900F0ABBA00BFFD170008B7
:1018E00000207047682270B54D1E02FB05F50E46BC
:1018F00005F17401FFF742FA044640B100210C30B3
:10190000C4E9016005F168022160FEF735FF204659
:1019100070BD00BF274B2DE9F0411E680746B36933
:1019200053B34FF004084836D6E90134013B04D5DF
:101930001EE05A1C04F168041AD0B4F90C50013BA3
:10194000002DF6D11C4B08222946C4E90055C4E9F4
:101950000253C4E904556566A56104F15C00FEF715
:101960000BFFC4E90D55C4E912552046BDE8F081CE
:1019700035682DB12E46D7E7304600F01FF8D0E786
:101980004FF4D6713846FFF7F9F9044668B105609F
:1019900029460546C0F804800C304FF4D072A06090
:1019A000FEF7EAFE34602E46BEE70C2330603B6053
:1019B000DBE700BFDC1001080100FFFF0023334A12
:1019C0002DE9F0471268C0E912339042036508BF61
:1019D00001232F4908BF836181620546FFF79AFF03
:1019E000034628466B60FFF795FFA8602846002451
:1019F000FFF790FF04236E68DFF898A0DFF8989057
:101A0000DFF89880264FE8600822F3602146C6E997
:101A10000044C6E904447466B460B46106F15C0035
:101A2000FEF7AAFE1F4BC6E9086AC6E90A983763A3
:101A3000AE680822F3602146C6E90044C6E90444C2
:101A40007466B460B46106F15C00FEF795FE164B57
:101A5000C6E9086AC6E90A983763EE682146F3606A
:101A60000822C6E90044C6E904447466B460B4615F
:101A700006F15C00FEF780FE0123C6E9086AC6E9AC
:101A80000B87C6F82890AB61BDE8F087DC10010831
:101A9000D51800087D200008A5200008E5200008D2
:101AA000052100080900010012000200024B034951
:101AB000186800F0BDB900BFDC100108FD17000870
:101AC000836903B97AE77047704700BF704700BF6A
:101AD000704700BF704700BF024B0349186800F011
:101AE00087B900BF000C0020D1180008024B034941
:101AF000186800F07DB900BF000C0020E118000854
:101B00009368002B00F0B7802DE9F04FB1F90C304D
:101B10000C4619078046174683B098B225D523692D
:101B20001BB310F002033D682DD04FF0000B5E4652
:101B3000DFF8B8A2002E00F08B80564533465A4697
:101B400028BF53464046216AD4F828C0E047002801
:101B500040F38780BB6883441B1A361ABB60002B96
:101B6000E8D1002003B0BDE8F08F21464046FFF7E2
:101B70003FFD002840F03681B4F90C303D6898B242
:101B800010F00203D1D110F0010976D14E46002E9B
:101B90005AD08205D4F808B040F1B580B3455A4612
:101BA00000F2CD8010F4906F00F0CB8023682169A3
:101BB000A3EB010B636903EB430A0AEBDA7A0BF13F
:101BC00001034FEA6A0A33445345524684BF9A469A
:101BD0005246430540F1EA8011464046FFF7CEF8F1
:101BE000002800F0F9805A4621690190FEF7D2FCE6
:101BF000A289019B22F4906242F08002A28103EB51
:101C00000B0023613246AAEB0B03B346C4F814A0C1
:101C1000A3602060B246002649460192FEF730FDDF
:101C2000A3682168019AA3EB0B030A44A360226016
:101C3000B868D144A0EB0A00B860002891D0B4F98C
:101C40000C0080B2002EA4D1D5E9009608359EE79D
:101C5000D5E900B608356DE721464046FFF7CEFDD1
:101C600080B3B4F90C304FF0FF3043F04003A38150
:101C700003B0BDE8F08F002070471E46AA46994683
:101C800018461D4656B3002832D04A4620682169BE
:101C9000B24228BF32468842636904D9A16803EB87
:101CA000010B5A4574DC934265DC2A464046216AA2
:101CB000D4F828C0E047B0F1000BD2DDB9EB0B0936
:101CC000CAD00120BB685D44A3EB0B03A6EB0B0657
:101CD000BB60002B3FF445AF002ED4D10AF10803BE
:101CE00053F8046C9A4653F8085C0833002EF7D07A
:101CF00032460A21284600F04DF9002869D001300B
:101D0000A0EB0509C1E72068236998421BD86369E5
:101D1000B34218D86FF0004CB44528BFB4469CFBC2
:101D2000F3FC4A4603FB0CF34046216AD4F828C072
:101D3000E047B0F1000A94DDA6EB0A0678E7B34667
:101D40003246206866E7B345DA4628BFB2464946C0
:101D50005246FEF795FCA3682268A3EB0A0352449F
:101D6000A3602260002BE7D121464046FFF746FDE5
:101D70000028E1D075E7294693460192FEF780FCE2
:101D8000A368019A9B1AA36023681A44226095E70E
:101D900029465A46FEF774FC236821465B444046B8
:101DA0002360FFF72BFD002888D05AE7404600F05B
:101DB0003DF9034600287FF422AF40462169FEF733
:101DC00077FF0C22B4F90C30C8F8002023F0800310
:101DD00049E7721C914659E70C22B4F90C30C8F857
:101DE000002040E74FF0FF30BCE600BF00FCFF7F63
:101DF0002DE9F0410026884600F14807D7E9015453
:101E0000013D0ED4A389013D012B06D9B4F90E3052
:101E1000013302D02046C04706436B1C04F168041E
:101E2000F0D13F68002FE9D13046BDE8F08100BF16
:101E30002DE9F8434FF000090746884600F14806AF
:101E4000D6E90154013D10D4A389013D012B08D9E5
:101E5000B4F90E30013304D021463846C04749EA70
:101E600000096B1C04F16804EED13668002EE7D13E
:101E70004846BDE8F88300BFF0B58B890C4699074A
:101E800097B007D5012204F14703C4E90432236067
:101E900017B0F0BDB4F90E10054600292DDB6A46D7
:101EA0000DF0E2FE002827DB019E4FF4806706F468
:101EB0007046A6F50056B6FA86F6394628467609E3
:101EC000FEF75CFF30B3A3891A4A43F08003AA628D
:101ED000C4E90407A3812060002ED9D02846B4F9B4
:101EE0000E100DF0CDFE0028D2D0A38923F00303FD
:101EF00043F00103A381CBE7A38913F0800F14BF44
:101F000040274FF48067284639460026FEF736FF03
:101F10000028D8D1B4F90C309A05B9D4012123F0A6
:101F2000030304F1470243F00203C4E90421A3813F
:101F30002260ADE7D518000870B50C46B1F90E1057
:101F4000164600291D4696B013DB6A460DF08CFE3E
:101F500000280EDB01994FF4806301F47041A1F574
:101F60000051B1FA81F1002049092960336016B0AF
:101F700070BD0022B4F90C302A601B0604D5402342
:101F80000020336016B070BD4FF4806300203360D2
:101F900016B070BD5FFA81FC810710D00346511E58
:101FA0002AB90AE09A0718460AD0013905D318461B
:101FB00013F8012B6245F5D1704700207047114698
:101FC00003290CD80029F8D00346014401E08B42D4
:101FD000F3D0184613F8012B6245F8D1ECE702461E
:101FE00010B54CEA0C2444EA044410460368043259
:101FF0006340A3F1013E2EEA030313F0803F04D1B6
:10200000043903291046F0D851B10346014401E0D8
:102010008B4205D0184613F8012B6245F8D110BD4C
:10202000002010BD704700BF704700BFF8B51446D0
:10203000F9B1CAB106460D4600F068F8A04202D3D5
:102040002F463846F8BD21463046FEF797FE074634
:102050000028F6D022462946FEF79CFA304629464B
:10206000FEF726FE3846F8BD2746FEF721FE384625
:10207000F8BD1146BDE8F840FEF780BE10B50C462D
:10208000B1F90E100DF0E7FD002803DB636D03448A
:10209000636510BDA38923F48053A38110BD00BFE5
:1020A000002070472DE9F0410C46B1F90C101F4695
:1020B000CB05054616460BD421F48051A1813B4641
:1020C00032462846B4F90E10BDE8F0410DF0C8BD07
:1020D000B4F90E10022300220DF0C4FDB4F90C1067
:1020E000EAE700BF10B50C46B1F90E100DF0BAFDCD
:1020F000A389421C0EBF23F4805343F480536065D0
:10210000A38110BDB1F90E100DF0A3BD51F8040C60
:102110000028A0F10400BCBF0B58C018704700BFD6
:102120002DE9F74304460D4609F0B8F800274FF0B3
:1021300012092D4EDFF8B4807080E0B2854250D98C
:1021400000232B4A0FE01CF801EBBEF1FF0F01D07A
:1021500070451BD001310929F5D10133DBB20C2BBD
:1021600002F109023BD094460021ECE7012A07D195
:10217000012B05D173888DF800708DF8017016E081
:102180008DF801308DF80010738810E0D8F8002029
:102190002AB309FB032333F81120110AD3B2120A20
:1021A000E4D1002BECD18DF800308DF801308DF8A2
:1021B0000230009806F048FBC0F307238DF80400B6
:1021C000C0F307408DF805308DF806009DF8063005
:1021D00020469DF805209DF8041007F01BF90134F6
:1021E000ABE703B0BDE8F083640C00201C140020B2
:1021F0009A0C0020032805D8D82202FB00F10248DF
:1022000005F026B9704700BF20140020074B084A8C
:1022100010B51A600023074C2370607009F03EF877
:1022200060806078BDE81040FFF7E4BF1C14002018
:1022300020140020640C0020024B1878431E5842E2
:1022400058417047640C0020F0B5124B18780128F3
:102250001DD1114B1B68A3B112244A7804FB023331
:102260000A780E4933F812500E4631F8027BC4B298
:10227000AF4207D104F0070136F81110012023F80E
:102280001210F0BD01300928EFD10021F6E700203F
:10229000F7E700BF640C00201C1400204C1101085B
:1022A000704700002DE9F0431F4B85B01B784BB3FE
:1022B000002201AC1146104607F0E4F90025A046C3
:1022C0000A27DFF868900A2249464046FEF762F97D
:1022D00000F086FE0378EAB2B3FBF7F3934200D82E
:1022E000EAB900F07DFE03782678312B0DD9002362
:1022F000962219463046013507F08CF80A2D04F174
:102300000104E0D105B0BDE8F08300F069FE037878
:102310001D2B4FF00003EBD81A469621EAE7002365
:1023200020781A461946E6E734400020401101089B
:10233000F8B50D4616460446364F002845D00BF03A
:102340005DF8354B38601A69570402D51A691104D3
:1023500042D41A69520402D41B691F043ED42E4A87
:102360001169C1F38033490405D5136913F4004F93
:1023700014BF002302232A78511E042930D9062ACB
:1023800030D0002A0CBF03200020244A14B9117851
:10239000994202D11C1A18BF0124022B137023D0BA
:1023A000032B2AD0012B31D102232B7094B100F0E2
:1023B00071FA0022314600F0B7F90BF01FF8184B04
:1023C00018600AF0EEFF012005E038680AF0CBFF44
:1023D0003228B4D80020F8BD0323CCE70123CAE794
:1023E0000120D2E70220D0E703232B70002CF1D08C
:1023F00000F050FA00220621DDE701232B70002CAB
:10240000E8D000F047FA00221146D4E7002CE1D0D2
:10241000D3E700BF0015002000080040FC14002096
:10242000F8140020014B1860704700BFF81400201A
:1024300070B503F089F90446B8B100F0CDFD284D20
:1024400002782B789A4206D000F0C6FD002203786D
:102450002B70244B1A6000F0BFFD0378022B16D0BE
:10246000032B04D00BB91F4A1360204670BD1D4DCD
:102470002E689EB90AF0C2FF286000F00BFA0546EC
:1024800000F008FA32460146284601F0E5FE154DF7
:102490002868C0B90AF0B2FF2860E6E730460AF0C3
:1024A00062FF47F22F539842F1D90AF0A7FF286044
:1024B000112000F051FF44F620600CF0C8FB012011
:1024C00000F0F0FBE3E70AF04EFF074B9842CCD94F
:1024D0000AF094FF2860012000F0E4FBC5E700BF8C
:1024E000FD140020F8140020DF93040013B58DF8CC
:1024F00007100DF10701FFF71BFF044608B9FFF7AE
:1025000097FF204602B010BD2DE9F04103F01CF901
:10251000002828D020224FF4804158480DF060FE5A
:1025200000BF00BF00BF00BF00BF00BF00BF00BFB3
:1025300000BF00BF00BF00BF00BF00BF00BF00BFA3
:1025400000BF00BF00BF00BF00BF00BF00BF00BF93
:10255000302383F3118803220E2148480DF060FEDA
:10256000002383F3118803F0EFF8002828D02022FD
:102570004FF4004141480DF033FE00BF00BF00BFE3
:1025800000BF00BF00BF00BF00BF00BF00BF00BF53
:1025900000BF00BF00BF00BF00BF00BF00BF00BF43
:1025A00000BF00BF00BF00BF00BF302383F311880E
:1025B00003220F2131480DF033FE002383F31188ED
:1025C0002F4B1B7873B309244FF001082D4E56F89A
:1025D000041B4A1C0BD021F00F0701F00F0108FA71
:1025E00001F50122294638460DF0FAFDBD61013C96
:1025F00014F0FF04EBD14FF00108234E56F8041BF2
:102600004B1C0BD021F00F0701F00F0108FA01F568
:102610000122294638460DF0E3FDBD610134E4B2E4
:10262000092CEBD1002280214FF080400DF0D8FD25
:1026300000BF00BF00BF00BF00BF00BF00BF00BFA2
:1026400000BF00BF00BF00BF00BF00BF00BF00BF92
:1026500000BF00BF00BF00BF00BF00BF00BF00BF82
:10266000302383F31188012207214FF080400DF0C1
:10267000D7FD002383F31188BDE8F08100080040F6
:10268000F41E00205C11010880110108072805D004
:102690000E38012804D8072000F0E4BA0320FBE735
:1026A0007047000008B503F04FF838B14FF0804391
:1026B0004FF400129A614FF000729A61074B1B7839
:1026C0005BB1112000F048FE44F620600CF0BFFA28
:1026D000BDE80840022000F0C5BA08BDF41E002085
:1026E00010B5084C237863B100F0C2FA0338012812
:1026F0009DBF0023032023700220BDE8104000F09E
:10270000A3BA10BDF41E002008B500F065FC0378E4
:10271000022B03D100F068FC007808BD0020FCE724
:1027200000F04ABC70470000F8B50C461546064656
:10273000F8B921BB134F3B78A34200D13DB100F063
:102740004BFC0323037000F04FFC002303703C702C
:1027500004F07AFA2946204600F09AFE2A462146DD
:10276000304601F079FD2A4621463046FFF7DAFF70
:10277000F8BD0029DED1012000F00EFADAE70220D0
:10278000FAE700BF1A15002037B5044600F024FC14
:102790000378012B0DD00025CDE9005500F01CFC7D
:1027A0000378022B07D0094B2A4619780846FFF711
:1027B000BBFF03B030BD24B1082221466846FDF7B7
:1027C000E9FE684600F026FDF3E700BF1A15002079
:1027D00037B5044600F000FC0378012B0ED000252D
:1027E00000958DF8045000F0F7FB0378022B07D01A
:1027F0000D4B2A4619780846FFF796FF03B030BD07
:1028000074B163788DF80030A3788DF80130E378E7
:102810008DF8023063798DF8033023798DF8043018
:10282000684600F05BFDE9E71A15002037B504465D
:1028300000F0D2FB0378012B0DD00025ADF8065037
:1028400000F0CAFB0378022B07D0114B2A461978F7
:102850000846FFF769FF03B030BD002CFBD063785A
:10286000A27843EA0223ADF80630813B022B09D857
:1028700001220DF1060002FA03F3ADF8063000F074
:1028800011FDE8E70DF1060000F0F6FCE3E700BFFC
:102890001A150020014B1878704700BF1A15002048
:1028A00038B5154C00252378032B22D8DFE803F038
:1028B000020B131B0A2311488370C5700AF050FBEA
:1028C0000123237038BDF6230C48C37085700AF0CD
:1028D00047FB0223F5E7F62308488370C5700AF02A
:1028E0003FFB0323EDE70A2304488570C3700AF019
:1028F00037FB2570E6E700BF041500200C1500200B
:102900007047000010B5FFF7FBFF00F079FA00F008
:1029100075FB01F03BFA00F05BF9012803D1BDE83B
:10292000104000F05BB900F089F968B9074C2068E5
:1029300004F0E2FC40F6B733984205D900F00EFEF1
:1029400010B104F0C9FC206010BD00BF08150020C4
:102950002DE9F04F00258FB08146CDE90255049551
:10296000ADF8145000F038FB0378012B0AD000F0CA
:1029700033FB0378022B08D05C4B2A4619780846B3
:10298000FFF7D2FE0FB0BDE8F08FB9F1000F00F0F5
:10299000A4804FF01E082022494606A8FDF7FAFD44
:1029A000534F9DF819300DF11A063B7016F8010BC4
:1029B000FDF734FC08F1FF34054414F0FF08EDB2D4
:1029C000F4D14C4E4FF0060BB2461AF8013B9BB3C4
:1029D00000242246D3B29D420BD81AF8013CA342F0
:1029E00018BF0AF8018C22E001331E2B04D11C46CB
:1029F00007E000230DF11A0111F8010BDCB20028E9
:102A0000F2D004F138036B4413F81E0C019203F06A
:102A10002AF840EAC404E4B2214606A80AF070FB92
:102A20001AF8013C019AA34202F10102D2D10BF142
:102A3000FF3B1BF0FF0BC8D14946202206A8FDF73B
:102A4000A9FD4FF000084FF001095FFA88F39D429D
:102A50000FD800F095FA002845D125480AF06AFA07
:102A600002A800F0F0FB8DE701331E2B04D11C46B9
:102A700007E000230DF11A0212F8011BDCB2002955
:102A8000F2D004F138036B4413F81E0C02F0EBFF94
:102A900040EAC404E4B2214606A80AF031FB3246FB
:102AA000002312F8011BA14202D021B93B449C70C3
:102AB00008F10108C9E70133062BF2D16F2CF7D8D2
:102AC0000EAB03EBD40313F8301C04F0070409FA2F
:102AD00004F40C4303F8304CEAE708224946044862
:102AE000FDF74AFEB5E7FFF70DFFB2E71A15002024
:102AF000121500201415002070B5044660B10AF0CC
:102B0000E9F90D4B834215D018460AF0DDF9BDE80E
:102B1000704001200AF0C6BB00F05EFA0378022B79
:102B200008D1054D20466B6898472046AB68BDE844
:102B30007040184770BD00BF680C002038B50446CF
:102B400088B10AF0C7F9114C84421ED00122104B03
:102B50001A7001F051F80F480BF00CF92046BDE84F
:102B600038400AF0B1B90B4B1B78042B05D1074D47
:102B70006B6898472046AB68984706480CF0FCFD08
:102B800004480DF0F7F901F03FF838BD140F0020AC
:102B90003D3C0020504F002010B50C4B04461A78E5
:102BA000824204D00128187002D0022807D010BD3C
:102BB0000020FFF7A1FF2046FFF7C0FFF7E7002046
:102BC000FFF7BCFF0120FFF797FFF0E7800C002024
:102BD000014B1878704700BF800C002010B5FFF73C
:102BE00059FE0E4CB0B90E4B1B78052B12D1236841
:102BF00013B904F071FB2060206804F07DFB41F6FE
:102C00005733984208D9002301202360BDE81040C3
:102C100000F048B80023236010BD00BF1C15002041
:102C2000504F002008B5044B186804F065FBC72816
:102C300094BF0020012008BD24150020014B187806
:102C4000704700BF20150020014B1870704700BF6F
:102C50002015002008B504F03FFB014B186008BDAB
:102C600024150020014B1870704700BF2815002064
:102C7000014B1878704700BF28150020302310B58D
:102C800083F3118800F0A0FC002484F3118872B64D
:102C900000F052FE00F094FD04F092FC84F31188E1
:102CA00062B610BD014B1870704700BF2915002097
:102CB00010B5074C237828B11BB1FFF7CBFF0323D6
:102CC000237010BD002BFCD10122024B1A70F8E7D3
:102CD0002015002029150020F8B50F4B0F4E1F6856
:102CE00001F001F8054618B9002434702046F8BDFB
:102CF000FFF7D0FD18B90A4B1B78042BF4D03478B9
:102D00001CB100232C463370F0E7002FEED003F007
:102D10008FFFB842EAD3F4E7840C00202915002085
:102D2000504F002008B500F0E1FF18B1BDE80840A1
:102D3000FFF778BF08BD0120704708B5FFF7FBFF1C
:102D400018B1BDE80840FFF76DBF08BD70B5FFF7CB
:102D5000A1FD044668B9084E3578012D09D100F06F
:102D60004BFF30460BF006F8224621462846FFF777
:102D7000DBFC012070BD00BF504F002008B5FFF7FD
:102D8000E5FF18B1BDE80840FFF74CBF08BD70472C
:102D900008B508F0D3F9003818BF0120044B1870AB
:102DA00008F0B4F90AF0F4FAFFF7F1FF08BD00BF2C
:102DB0002A150020002310B5074C2370FFF772FC82
:102DC000FFF75CFF2378054A022B18BF032313701B
:102DD000FFF786FC10BD00BF28150020201500203D
:102DE00008B5064B1B780BB108F076F90AF0D9FA52
:102DF00002F086FCBDE8084003F026BF2A1500203B
:102E000010B5154C2378032B1BD8DFE803F0020A1A
:102E1000131BFFF761FFA0B1FFF71CFF0123237015
:102E20000FE0FFF77FFF60B1FFF7B2FFFFF712FF80
:102E30000223F4E7FFF781FF18B1FFF70BFFFFF75D
:102E4000B9FF10BDFFF79AFF0028FAD0FFF7C8FFBF
:102E5000FFF700FF0023E2E720150020202938B506
:102E600005460C4610D1FFF7B3FE012806D12246D5
:102E70002946BDE8384002200AF0C2BF2146284654
:102E8000BDE8384000F0E0BA38BD09F0D1BE00001E
:102E9000054A064B06495A60116051609A60DA6033
:102EA000002219611A707047101D0020FC1C0020C0
:102EB0002B1500202DE9F041174C0E466768A568D8
:102EC00007F59C784545E36804D19F4206D1002070
:102ED000BDE8F08105F108029342F7E70F49226946
:102EE00001F2CF739B1A312B98BF2161322EEED89D
:102EF0002369014632461846FDF74CFB034645451B
:102F0000334428606B6018BF08354FF0010023611F
:102F10000CBFA760A560DBE7FC1C00202B15002080
:102F2000074A10B5D3689268934207D0D3E90014DA
:102F3000641A2246FDF72EFB204610BD0024FBE755
:102F4000FC1C0020074BDA6899688A4208D059684F
:102F500001F59C70824201D1D96070470832DA6075
:102F6000704700BFFC1C0020014B1878704700BF61
:102F7000FC1C0020014B1870704700BFFC1C002097
:102F8000034BD8689B68C01A18BF0120704700BF68
:102F9000FC1C00200246002330B50C1812F8015B1F
:102FA0002B44A242DBB2F9D1435430BD012070471B
:102FB00008B5FFF7FBFF08BD08B54FF4E1300AF094
:102FC000B3FCFFF765FFBDE808402422002101485B
:102FD000FDF7D2BB551E002000487047880C00202A
:102FE000004870478B0C002000487047890C002077
:102FF00018B111B189B20AF0C7BC704773B5FFF7B9
:10300000B3FF03280FD8DFE800F040022D3B774BD9
:10301000186804F071F90A2805D900220220744BBF
:103020001A70FFF7A7FF734D734C0AF0B7FC002826
:1030300056D00AF09FFC2A68012A38D0022A3ED0D6
:10304000002A5BD161282FD85F2804D8A0F15A0349
:10305000DBB2032BE9D8012302222B60674B2070DF
:103060001A70E2E7624A13780133DBB2282B02D8E8
:1030700013700020D5E700231370FFF763FFF8E714
:10308000FFF760FF0020FFF775FF5D48FFF748FF7F
:1030900001460028C7D05A48FFF7AAFF04F01CF9E0
:1030A000524B18600120BCE7AF28BED1D3E7022302
:1030B000524A2B6013786070013B1370B5E7237898
:1030C000612B0FD163780D2B18D10A2816D1FFF789
:1030D0004BFF012802D10320FFF74CFF00232B6098
:1030E00002B070BDAF2B09D16378602B06D10323EA
:1030F0002B60424BA0700130187096E73F49531C7B
:103100002B600B78A054013BDBB20B70002B8CD1F1
:10311000194639488A421FD1A25C9A4230D1032213
:10312000384901A8FDF736FA032101A80AF02CFC62
:1031300020462978FFF73CFF0028D1D02378602B68
:1031400010D8592B1CD95A3B062B19D8DFE803F0AD
:103150001B1F3F431818470010F8016B013133441F
:10316000DBB2D7E7AF2B0BD1A678202E08D12649AA
:1031700032462648FDF70EFA31462448FFF785FE11
:1031800000232B6051E76278214B5A70F8E763788F
:10319000313B052BF4D801A252F823F0B5310008D9
:1031A000BD310008C33100088131000881310008B9
:1031B000C93100080122164B1A70E1E70222144BB4
:1031C000FAE70322124BF7E70422114BF4E7627887
:1031D0000F4BDA70D4E762780D4B9A70D0E76078C5
:1031E000431E58425841FFF763FDC9E7C01E002047
:1031F000BD1E0020501E0020991E0020541E0020DD
:10320000551E0020A41101089C1E0020791E0020DC
:10321000880C00201FB5002301930293ADF80C30F9
:10322000A123082201460DF105008DF80430FDF7B9
:10323000B1F901A80921FFF7ADFE0A21FFF73AFE17
:1032400005B05DF804FB1FB50023CDE90033029300
:103250000393A2230E2201460DF101008DF80030E8
:10326000FDF798F968460F21FFF794FE1021FFF74C
:1032700021FE05B05DF804FB002307B50193A323ED
:10328000022201460DF105008DF80430FDF782F9A8
:1032900001A80321FFF77EFE0421FFF70BFE03B018
:1032A0005DF804FB37B5022504462A460A4901A801
:1032B000FDF770F900238DF80630A4238DF8043053
:1032C0002378294601A88DF80530FFF763FE032116
:1032D000FFF7F0FD03B030BD900F0108002307B5E4
:1032E0000093ADF804308DF80630A823052201467E
:1032F0000DF101008DF80030FDF74CF9684606210C
:10330000FFF748FE0721FFF7D5FD03B05DF804FB8A
:1033100030B50021054687B0112201A80091FDF7C4
:103320002BFA2846FDF73EFCC4B2122C11D8A92373
:10333000224629460DF102008DF800308DF801403B
:10334000FDF728F9A11C6846FFF724FE1521FFF7B9
:10335000B1FD07B030BD000037B5022504462A464E
:103360000A4901A8FDF716F900238DF80630A623B7
:10337000294601A88DF804308DF80540FFF70AFEB4
:103380000321FFF797FD03B030BD00BF900F010888
:1033900030B50C4600218FB005462D2202A80191C0
:1033A000FDF7EAF92E2C11D8AB23224629460DF160
:1033B00006008DF804308DF80540FDF7EBF8A11CF0
:1033C00001A8FFF7E7FDE11CFFF774FD0FB030BD6A
:1033D00030B50C4600218FB005462D2202A8019180
:1033E000FDF7CAF92E2C11D8AC23224629460DF13F
:1033F00006008DF804308DF80540FDF7CBF8A11CD0
:1034000001A8FFF7C7FDE11CFFF754FD0FB030BD69
:103410001FB5002304220293ADF80C30AD2340EA1F
:10342000014001900DEB02010DF109008DF808300B
:10343000FDF7B0F802A80521FFF7ACFD0621FFF764
:1034400039FD05B05DF804FB30B50C4600218BB0AA
:103450000546202202A80191FDF78EF9202C14D1F7
:10346000AF238DF804306123224629460DF1070071
:103470008DF805308DF80640FDF78CF8232101A862
:10348000FFF788FD2421FFF715FD0BB030BD0000CC
:1034900010B50C46062851D8DFE800F004212C3581
:1034A0003E4709001120BDE81040FFF755BF30200E
:1034B000FFF752FF002C41D012212148FFF768FF8F
:1034C00018212048FFF784FF43F22D404EF2C641F9
:1034D000FFF79EFF5220FFF73FFF5120E3E7312027
:1034E000FFF73AFF54B35220FFF736FF1648FFF7B5
:1034F0000FFFF2E73220FFF72FFFFCB15220FFF75A
:103500002BFF1248F3E73320FFF726FFB4B1522018
:10351000FFF722FF0E48EAE73420FFF71DFF6CB1EA
:103520005220FFF719FF0B48E1E73520FFF714FFA2
:1035300024B15220FFF710FF0748D8E710BD00BFA5
:10354000A8110108BA110108D2110108DC11010803
:10355000E6110108F0110108FC11010808B5FFF798
:103560000FFD20B95320FFF7F7FE012008BD002012
:10357000FCE7000010B5C4B20B2C03D0122C0ED007
:10358000012000E00220FFF76DFB2046FFF77EF8E8
:103590000CF0FFFD4FF0FF32024B5A6110BD0420CA
:1035A000F1E700BF001800400023054A0549C2E9C1
:1035B00000130133102B02F10802F8D1704700BF4D
:1035C000B04B0020753500082DE9F041FFF7ECFF06
:1035D00002F0BAF8002800F0938009254FF00108A6
:1035E000724E56F8041B481C0CD021F00F0701F056
:1035F0000F0108FA01F421460522384624040CF094
:10360000EFFDBC61013D15F0FF05EAD1062401265E
:103610003027674D55F8040B411C2ED000F00F01E8
:10362000202206FA01F120F00F000CF0D9FD00BFB6
:1036300000BF00BF00BF00BF00BF00BF00BF00BF92
:1036400000BF00BF00BF00BF00BF00BF00BF00BF82
:1036500000BF00BF00BF00BF00BF00BF00BF87F3B7
:10366000118855F8040C022200F00F0120F00F0021
:103670000CF0D6FD002383F31188013C14F0FF0405
:10368000C8D100224FF480614FF080400CF0A8FDBB
:1036900000BF00BF00BF00BF00BF00BF00BF00BF32
:1036A00000BF00BF00BF00BF00BF00BF00BF00BF22
:1036B00000BF00BF00BF00BF00BF00BF00BF00BF12
:1036C000302585F3118803220A214FF080400CF049
:1036D000A7FD002484F3118885F3118801220C21B1
:1036E0004FF080400CF09CFD84F3118806212320CC
:1036F0000CF0F6FAFEF708FFBDE8F0410CF02ABD29
:1037000009254FF001082B4E56F8041B4A1C0CD01B
:1037100021F00F0701F00F0108FA01F421460522FC
:10372000384624040CF05CFDBC61013D15F0FF053A
:10373000EAD10624012630271F4D55F8040B431CFF
:103740002ED000F00F01202206FA01F120F00F0028
:103750000CF046FD00BF00BF00BF00BF00BF00BFB0
:1037600000BF00BF00BF00BF00BF00BF00BF00BF61
:1037700000BF00BF00BF00BF00BF00BF00BF00BF51
:1037800000BF00BF87F3118855F8040C022200F037
:103790000F0120F00F000CF043FD002383F311888C
:1037A000013C14F0FF04C8D16BE700BF0812010808
:1037B000AC1201082C120108AC120108704700007D
:1037C00008B50AF067FB03222B4B2C499A620C22A6
:1037D000DA62D1F890202A4822F01802C1F890202D
:1037E00000229A62DA62D3F8402C03F5406342F477
:1037F00080721A641A6C4FF4006142F002021A647B
:1038000001225A63DA67DA6608225A615A695A61F4
:103810005A6942F001025A619A6C42F4C0629A6499
:103820009A6C9A6C42F480429A649A6CDA6C42F018
:103830000802DA64DA6C9A6C42F480529A649A6CE8
:10384000DA6C42F01002DA6440F28232DB6C0CF087
:10385000C7FC40F282324FF400714FF080400CF010
:10386000BFFC40F282324FF480614FF080400CF098
:10387000B7FCFFF7A3FF08BD0000014000040140B2
:10388000000800404FF0E02210B500210124136928
:1038900023F001031361224B224A5A6100228B005C
:1038A00003F1604303F56143D3F80001D040C00742
:1038B00048BF04FA02F002F1010248BFC3F88001D8
:1038C000202AF1D101310829E8D1174C636843F06F
:1038D00000736360154B1A6802F009021A601A68D7
:1038E00042F46C3242F004021A6040F2B3321A62BF
:1038F0000F4B43F001039847236943F0040323610E
:1039000030BF0C4B43F0010398474FF0E02223698E
:1039100023F004032361136943F00103136110BD15
:1039200000180040FFFF070000ED00E0000001402C
:103930008412010850120108FFF7A4BF0B8807B5D5
:10394000A3F5FC43032B1ED8DFE803F002213B550F
:10395000364A012013789278C3F3420302F007023B
:103960000DF107018DF80730FEF7E2FC9DF80730F6
:10397000042B02D013F0FD0F05D1FEF78BFF0122BF
:103980001146FEF7D1FE002003B05DF804FB274A84
:10399000012013789278C3F3420302F007020DF17D
:1039A00007018DF80730FEF7C3FC9DF80730042BA4
:1039B00002D013F0FD0FE6D1FEF76CFF01220221C9
:1039C000DFE71A4A012013789278C3F3420302F02A
:1039D00007020DF107018DF80730FEF7A9FC9DF8ED
:1039E0000730042B02D013F0FD0FCCD1FEF752FFAD
:1039F00001220321C5E70D4A012013789278C3F311
:103A0000420302F007020DF107018DF80730FEF7BF
:103A10008FFC9DF80730DA1E012A01D9002BB2D1A4
:103A2000FEF738FF01220621ABE700BFAC490020BA
:103A300008B540F282324FF400714FF080400CF034
:103A4000CFFBBDE8084040F282324FF480614FF076
:103A500080400CF0C5BB000010B50A4C238803F071
:103A60000E0363F0FE032380A37823F00F0343F0DB
:103A70000103A370FEF714FC2068BDE8104003F0BA
:103A80008AB800BFAC490020002310B586B08DF87D
:103A90000C3004938DF8143055238DF8083005232D
:103AA00004AC8DF809008DF80A108DF80B2019462A
:103AB000009402AA0F2004F0D9F906B010BD00004E
:103AC00008B503F066F8044B186018B9BDE8084063
:103AD000FFF7C2BF08BD00BFAC49002008B5FFF723
:103AE000EFFF09F08BFC3C4B186001F02DFE01222A
:103AF000202100285CD04FF080400CF071FB07F0D3
:103B0000CDFB18B14FF0804320229A6101224FF47F
:103B100080714FF080400CF063FB07F0BFFB20B1D9
:103B20004FF080434FF480729A6120224FF480411D
:103B30002A480CF055FB20224FF4004127480CF096
:103B40004FFB4FF4003326480122836102210CF021
:103B500047FB002280214FF080400CF041FB4FF4E6
:103B6000004120224FF080400CF03AFBFEF7D8FDD8
:103B700009F044FC1B4B186003F0AFF81A4B18789F
:103B80000009FEF743FB07F065FB184BC0F3072263
:103B90001870C0F307405A709870FFF721FA144B61
:103BA000027814491A700F20BDE8084004F050B99B
:103BB0004FF080400CF014FB01224FF480714FF065
:103BC00080400CF00DFB07F069FB0028ADD04FF0F2
:103BD000804320229A61A5E7EC1E002000080040E7
:103BE00000040040F81E0020AC490020A849002035
:103BF00038400020295600084FF40032014B9A61EA
:103C0000704700BF000400400222014B9A617047D8
:103C1000000400407FB5FFF70BFF042200210DF1E7
:103C20000900FCF7A9FD002204AB04928DF81420D2
:103C30000093CC2205238DF80820194602AA0F20F4
:103C400004F014F907B05DF804FB10B501F07CFD39
:103C500070B107F023FB18B14FF0804320229A6126
:103C600007F01CFB20B14FF080434FF480729A6143
:103C7000FEF710FE0446FEF70DFE00220146204628
:103C8000FEF752FDFFF7C6FF09F0B8FBBDE8104094
:103C9000FEF7C8BB7FB5042200210DF10900FCF737
:103CA0006BFD002204AB04928DF814200093BB221C
:103CB00005238DF80820194602AA0F2004F0D6F833
:103CC00007B05DF804FB08B501F03EFD38B14FF0D8
:103CD00080434FF400129A614FF080729A61BDE800
:103CE0000840FFF7D7BF00207047000010B586B02E
:103CF00001F02AFD48B30023ADF80A308DF80C30EE
:103D000004938DF81430AA238DF808301A4B04AAB6
:103D10001B780F208DF8093005230092194602AA5E
:103D200004F0A4F8154B1B7813F00E0F0DD00422ED
:103D30004FF480614FF080400CF052FA04224FF4AF
:103D400000714FF080400CF04BFAFEF7A3FD78B9FC
:103D50000B4B1B7863B90B4C2378012B08D0022244
:103D6000094B20469A610CF005F920460BF004FD42
:103D7000012006B010BD00BFF41E0020AC49002099
:103D8000D01E0020504F00200004004038B5144DD4
:103D9000144C2868C8B109F0E6FA632815D97020D8
:103DA000FFF7DAFA5520FFF7D7FA5720FFF7D4FAD2
:103DB0000022217811F00E0F0CBF01201046C1F334
:103DC0004201FEF7B1FC00232B60A278217800208D
:103DD000BDE8384002F00702C1F34201FEF786BB9E
:103DE000F81E0020AC490020554B37B51880A0F5CF
:103DF000FC400C46032800F2A080DFE800F002350A
:103E00005778504A012013789278C3F3420302F0A6
:103E100007020DF107018DF80730FEF789FA9DF8CA
:103E20000730042B02D013F0FD0F1AD16579464CF0
:103E3000002D7DD0FEF72EFD012805D0FEF72AFDCE
:103E400000220121FEF770FC237833B940F6B83028
:103E50003B4A3E4907F038FE207009F0CFFAFEF7E2
:103E6000E1FA002003B030BD364A01201378927881
:103E7000C3F3420302F007020DF107018DF807308A
:103E8000FEF756FA9DF80730042B02D013F0FD0F11
:103E9000E7D165792C4C002D4AD0FEF7FBFC0228B7
:103EA000D2D0FEF7F7FC00220221CBE7254A012001
:103EB00013789278C3F3420302F007020DF1070171
:103EC0008DF80730FEF734FA9DF80730042B02D046
:103ED00013F0FD0FC5D165791B4C4DB3FEF7DAFC2D
:103EE0000328B1D0FEF7D6FC00220321AAE7154A29
:103EF000012013789278C3F3420302F007020DF118
:103F000007018DF80730FEF713FA9DF80730DA1E27
:103F1000012A01D9002BA4D165790B4C45B1FEF7DC
:103F2000B9FC062890D0FEF7B5FC0022062189E7EF
:103F3000207807F0D7FD25708FE7012092E700BFBA
:103F4000DE1E0020AC490020FF1E00203D39000885
:103F50002DE9F04104460D4601F096FC0646A0B35B
:103F6000244B1A783AB16A792AB1002211461046D8
:103F70001A7005F087FBFFF72FF80378022B03D1A7
:103F800009F03CFAFEF74EFA45F223239C4207D093
:103F900047F643039C4218D045F221239C4217D197
:103FA00095F80580B8F1000F0FD1FEF745F90746E7
:103FB00058B1114E33782BB12946204686F800803F
:103FC000FEF742F9012333703E463046BDE8F081EA
:103FD000FEF732F90028F8D0A4F5A443203B1F2BAC
:103FE000F3D96B79002BF0D029462046FEF72CF947
:103FF0000026EAE7FE1E00205840002013B507F017
:10400000E3F80128374C0CD107F024F9C0F307235B
:1040100010F0FF008DF8053013D1DBB2C3B10323DC
:10402000237023780133DBB20B2B237020D10023C4
:10403000237007F063F823782B4AD05C07F0C0F8B0
:1040400022E0782810D005D8282809D0502809D097
:104050000923E5E7A02809D0C828F9D10823DFE71C
:104060000423DDE70523DBE70623D9E70723D7E7AA
:104070000A2BDED107F0EEF8FF21C0F30742002043
:1040800007F0E5F807F052F807F0E4F82378C0F3FA
:104090000742092B24D8DFE803F01D2323050C0F6A
:1040A0001215181BFF21002002B0BDE8104007F0D8
:1040B000CEB8FF212820F7E7FF215020F4E7FF21A9
:1040C0007820F1E7FF21A020EEE7FF21C820EBE7F1
:1040D0000021E8E7FF2002B0BDE8104007F05CB91E
:1040E000C820F8E7F51E00208C0C002030B587B002
:1040F000FEF7D0FB20B93E4B1B780BB1FEF7D0FB8F
:10410000FEF700FC4FF080431B693A4CC3F3C01329
:10411000237001F019FB40B3374D286809F023F9EB
:10412000B0F57A7F21D309F069F90023ADF80A30A0
:104130008DF80C3004938DF81430F1238DF808308D
:10414000237804AA8DF809300523286019460092C7
:104150000F2002AA03F08AFE38B109F04FF9274B6D
:104160009DF811201860264B1A704FF080431B6990
:10417000244AC3F3C0331370227882B3002B14BFD8
:1041800066246424204D286858BB09F037F928605C
:104190002046FFF7E1F85320FFF7DEF801F0D4FAEC
:1041A000C0B11A4C206809F0DEF8B0F5FA6F11D9E9
:1041B00009F024F92060FEF713FF154D03782B70EA
:1041C000FEF768FB0446FEF765FB2A7801462046A9
:1041D000FFF75AFC07B0BDE8304002F09ABD6524F5
:1041E000D0E709F0C0F8B0F57A7FCED8D6E700BFA7
:1041F00035400020D01E0020E81E0020EC1E0020CC
:10420000E41E0020C41E0020D81E0020E01E002056
:104210003840002073B5154606461C46019109F04A
:10422000EDF8084B03221860074B64001E60074B33
:1042300001A91D60064B07481C60FCF7ABF902B0F2
:1042400070BD00BF0C1F0020001F0020041F0020B5
:10425000101F0020091F0020F7B55E4B5E4D0E4673
:104260002F7814461A70FEF715FBC7F342078742F2
:1042700013D0FEF70FFB2B7800F0070060F3430329
:104280002B7003F00E032BB103289EBFAB7860F3B5
:104290000203AB70286802F07EFC711E052900F253
:1042A0009780DFE801F0031F374F677FFF237CB162
:1042B00000228DF806308DF804208DF805200123AA
:1042C000C8221120019903B0BDE8F040FFF7A2BF5A
:1042D0008DF806304FF4FA7201238DF804408DF802
:1042E0000540EEE7FF235CB100228DF806308DF823
:1042F00004208DF805200123C82212200199E2E74D
:104300008DF806304FF4FA7201238DF804408DF8D1
:104310000540F2E7FF235CB100228DF806308DF8EE
:1043200004208DF805200123C82213200199CAE733
:104330008DF806304FF4FA7201238DF804408DF8A1
:104340000540F2E7FF235CB100228DF806308DF8BE
:1043500004208DF805200123C82229200199B2E705
:104360008DF806304FF4FA7201238DF804408DF871
:104370000540F2E7FF235CB100228DF806308DF88E
:1043800004208DF805200123C8222A2001999AE7EC
:104390008DF806304FF4FA7201238DF804408DF841
:1043A0000540F2E7FF238DF804304CB10023C8220A
:1043B0008DF805308DF8063001231420019982E72D
:1043C00001234FF4FA728DF805408DF80640F4E7AA
:1043D00003B0F0BD081F0020AC49002010B5FEF767
:1043E000FBFD0378022B0CD0FEF754FA0446FEF7CF
:1043F00051FA064B01461A782046FFF72DFF01209F
:1044000010BD01F057FB0020FAE700BF081F002095
:1044100070B5164C2068D0B108F0A5FF144B154DAF
:104420001B68984208D2144B18682B6813F00103DC
:1044300013D11A46194614E008F0E0FF2B682060FB
:1044400033B900232360FFF7C9FF0028EBD170BD0B
:10445000013B2B60002BE6D1F3E708498B784A78C3
:104460000978BDE8704004F0D5BF00BF0C1F0020E4
:10447000041F0020101F0020001F0020091F002023
:10448000F7B50C4C1D46237806461746019173B9C3
:104490000123237008F0B2FF6D006060032201A9C0
:1044A00004F11100A760E5602674FCF773F803B00F
:1044B000F0BD00BF3C40002010B5124C237803B380
:1044C000606808F050FFA36898420FD308F096FF89
:1044D000E368606033B900232370636000231A46E9
:1044E000194609E0013BE360002BF4D0E368DB07E9
:1044F000F4D5E37CA27C617C207CBDE8104004F014
:1045000089BF10BD3C40002013B501F01DF9002803
:104510004AD0264B1C78B4B1254B26491A78264B35
:104520001B785BB100230B60002A3DD01A46FF21A7
:104530003F2002B0BDE8104004F06CBF0B609AB39E
:10454000FF221946F4E7FEF74BFD0378052B29D827
:10455000FF238DF805408DF804308DF806400123C7
:1045600047F230523F200199FFF78AFFFEF738FDEE
:104570000378CBB90F4C236813B908F03FFF2060D4
:10458000206888B108F0EFFE4EF6602398420BD900
:10459000002301202360094B187002B0BDE81040D1
:1045A000FEF780BB034B1C6002B010BDD01E002084
:1045B000DC1E0020CC1E0020C41E0020F41E0020A3
:1045C0002DE9F34106461D46182000231746134ADD
:1045D000019100FB03F111F802808C18B8F1000F73
:1045E00017D10123237008F009FF6D0060600322DA
:1045F000A760E560267401A904F11100FBF7CAFF6A
:10460000FF2E0ABF064BC4F81480636102B0BDE8F8
:10461000F0810133632BDCD1F8E700BF604000205C
:10462000B54600081FB500248DF800408DF8014004
:104630008DF8024000990123FA223620FFF7C0FFCF
:104640008DF804408DF805408DF80640019901234E
:10465000FA224220FFF7B4FF8DF808408DF8094098
:104660008DF80A4002990123FA224320FFF7A8FFA0
:104670000123FA2241208DF80C408DF80D408DF871
:104680000E40039904B0BDE81040FFF799BF102316
:1046900007B58DF804308DF805308DF80630FA2214
:1046A0000323FF200199FFF78BFF012003B05DF882
:1046B00004FB00001822144B82B002FB0030437C44
:1046C0006E2B10D1827CE2B9C27CD2B98DF8043055
:1046D0008DF805208DF806200123FA22FF2001998C
:1046E00002B0FFF76DBF63B9837C6E2B09D1C37C29
:1046F0003BB98DF804308DF805306F238DF8063006
:10470000EAE702B0704700BF60400020094A00237A
:10471000114610B5147C844206D11822534300225E
:10472000C818C260CA5410BD0133632B02F11802CD
:10473000F0D1F8E76040002070B586B005460E461F
:10474000FFF706FC18B90024204606B070BD3146BC
:104750002846FFF749FB04460028F4D0452D7FD8B2
:104760001D2DF1D91E3D272DEED801A353F825F0BC
:10477000054C00084D4C0008954C0008E94C000819
:104780003D4D0008894D0008CB4D0008134E000830
:104790005B4E0008A34E000849470008834F0008FD
:1047A000ED4F00084947000849470008EB4E000854
:1047B000334F0008494700084947000849470008A7
:1047C000494700084947000849470008B14F000819
:1047D0004947000849470008494700084947000879
:1047E0003B49000875490008AF490008E94900083D
:1047F000234A00085D4A0008974A0008D14A000889
:104800001D4B0008574B0008914B0008CB4B00088C
:10481000A5F5FC45053D022D00F25584DFE815F0B5
:10482000620512043D04A5F5F045433D092D8BD8E2
:1048300001A353F825F000BF69520008494700085A
:104840004947000849470008494700084947000808
:10485000135100086D510008E5500008FF50000892
:1048600047F64C039D424BD847F642039D42DAD8A7
:10487000B5F5A44F00F0A5841FD8E32D00F0038503
:10488000E72D7FF461AFA14D287801F0ECF8022804
:1048900040F01C859E4B1B78DB067FF555AFFDF77E
:1048A000CBFC00287FF450AF7579E720002D00F095
:1048B000158500F0B3FF2C4646E745F202239D42E2
:1048C00000F0A98447F213039D427FF43DAFFDF74A
:1048D000B3FC002840F0B8837579002D3FF434AF65
:1048E00000236E228DF810308DF811208DF81230D3
:1048F000FA220123FF200499FFF762FE2C4623E7EA
:1049000047F607639D423FF61FAF47F603639D429C
:104910003FF67EAFB5F5F84F00F0CA8347F6034384
:104920009D427FF411AF74797A4D002C00F0D7834B
:1049300008F064FD0024286006E7774B9B78D906D1
:104940007FF502AF714D287801F08DF8022805D16E
:10495000747954B9AF2000F077FFF5E6287801F0BC
:1049600082F803287FF4F0AEF2E7AF2000F056FFA4
:104970000024E9E6684B9B78DA067FF5E5AE634DE7
:10498000287801F070F8022805D1747954B9AA206A
:1049900000F05AFFD8E6287801F065F803287FF484
:1049A000D3AEF2E7AA2000F039FF0024CCE65A4B40
:1049B0009B78DB067FF5C8AE544D287801F053F89C
:1049C000022805D1747954B9A92000F03DFFBBE657
:1049D000287801F048F803287FF4B6AEF2E7A92062
:1049E00000F01CFF0024AFE64B4B9B78DD067FF503
:1049F000ABAE464D287801F036F8022805D174791F
:104A000054B9A82000F020FF9EE6287801F02BF88A
:104A100003287FF499AEF2E7A82000F0FFFE0024FF
:104A200092E63D4B9B78D8067FF58EAE374D2878C1
:104A300001F019F8022805D1747954B9AD2000F0BD
:104A400003FF81E6287801F00EF803287FF47CAE9E
:104A5000F2E7AD2000F0E2FE002475E62E4B9B78D5
:104A6000D9067FF571AE294D287800F0FCFF0228A9
:104A700005D1747954B9AC2000F0E6FE64E62878DC
:104A800000F0F1FF03287FF45FAEF2E7AC2000F006
:104A9000C5FE002458E6204B9B78DA067FF554AE1D
:104AA0001A4D287800F0DFFF022805D1747954B937
:104AB000AE2000F0C9FE47E6287800F0D4FF0328B6
:104AC0007FF442AEF2E7AE2000F0A8FE00243BE601
:104AD000114B9B78DB067FF537AE0C4D287800F044
:104AE000C2FF022805D1747954B9AB2000F0ACFEA6
:104AF0002AE6287800F0B7FF03287FF425AEF2E716
:104B0000AB2000F08BFE00241EE600BF1A1F002021
:104B1000C8490020D41E0020AC490020984B9B7847
:104B2000DD067FF511AE974D287800F09CFF022836
:104B300005D1747954B9B12000F086FE04E62878D6
:104B400000F091FF03287FF4FFADF2E7B12000F001
:104B500065FE0024F8E58A4B9B78D8067FF5F4AD16
:104B6000884D287800F07FFF022805D1747954B968
:104B7000B52000F069FEE7E5287800F074FF03280F
:104B80007FF4E2ADF2E7B52000F048FE0024DBE55B
:104B90007B4B9B78D9067FF5D7AD7A4D287800F00E
:104BA00062FF022805D1747954B9B22000F04CFE9E
:104BB000CAE5287800F057FF03287FF4C5ADF2E777
:104BC000B22000F02BFE0024BEE56D4B9B78DA0688
:104BD0007FF5BAAD6B4D287800F045FF022805D16E
:104BE000747954B9B42000F02FFEADE5287800F0B8
:104BF0003AFF03287FF4A8ADF2E7B42000F00EFEE0
:104C00000024A1E55E4B9B78DB067FF59DAD5D4CF6
:104C1000207800F028FF02280ED0207800F023FF33
:104C2000032809D074793A201CB100F091FF0024C8
:104C30008AE500F0D5FF87E57479BE201CB100F04D
:104C400087FF002480E500F0CBFF7DE54C4B9B788F
:104C5000DD067FF579AD4B4C207800F004FF02288B
:104C60000ED0207800F0FFFE032809D074793B2095
:104C70001CB100F06DFF002466E500F0B1FF63E5B4
:104C80007479BD201CB100F063FF00245CE500F0E6
:104C9000A7FF59E53A4B9B78D8067FF555AD394CBF
:104CA000207800F0E0FE02280ED0207800F0DBFE35
:104CB000032809D074793C201CB100F049FF00247E
:104CC00042E500F08DFF3FE57479E32034B100F058
:104CD0003FFF2B2000F03CFF002435E500F080FF73
:104CE0002B2000F07DFF2FE5254B9B78D9067FF523
:104CF0002BAD244C207800F0B6FE02280ED0207890
:104D000000F0B1FE032809D074793D201CB100F0F9
:104D10001FFF002418E500F063FF15E57479E32018
:104D200034B100F015FF082000F012FF00240BE55D
:104D300000F056FF082000F053FF05E5104B9B786C
:104D4000DA067FF501AD0F4C207800F08CFE0228CA
:104D50000ED0207800F087FE032809D074793E2019
:104D60001CB100F0F5FE0024EEE400F039FFEBE4A6
:104D700073790BB90024E7E406F002FB0024E3E4B6
:104D8000AC4900201A1F0020954B9B78DB067FF56D
:104D9000DBAC944C207800F066FE02280ED0207820
:104DA00000F061FE032809D074793F201CB100F0A7
:104DB000CFFE0024C8E400F013FFC5E47379002B94
:104DC000D8D006F0C9FA0024BEE4854B9B78DD06F6
:104DD0007FF5BAAC834C207800F045FE02280ED057
:104DE000207800F040FE032809D0747940201CB1DF
:104DF00000F0AEFE0024A7E400F0F2FEA4E4747913
:104E0000AC201CB100F0A4FE00249DE400F0E8FEFC
:104E10009AE4734B9B78D8067FF596AC714C20785A
:104E200000F021FE02280ED0207800F01CFE03289E
:104E300009D0747941201CB100F08AFE002483E47B
:104E400000F0CEFE80E47479AE201CB100F080FE4C
:104E5000002479E400F0C4FE76E4614B9B78D90627
:104E60007FF572AC5F4C207800F0FDFD02280ED07B
:104E7000207800F0F8FD032809D0747942201CB195
:104E800000F066FE00245FE400F0AAFE5CE47479A2
:104E9000AB201CB100F05CFE002455E400F0A0FE45
:104EA00052E44F4B9B78DA067FF54EAC4D4C2078A0
:104EB00000F0D9FD02280ED0207800F0D4FD0328A0
:104EC00009D0747943201CB100F042FE00243BE479
:104ED00000F086FE38E47479A8201CB100F038FE9A
:104EE000002431E400F07CFE2EE43D4B9B78DB0691
:104EF0007FF52AAC3B4C207800F0B5FD02280ED09F
:104F0000207800F0B0FD032809D0747944201CB14A
:104F100000F01EFE002417E400F062FE14E4747931
:104F2000AA201CB100F014FE00240DE400F058FE8D
:104F30000AE42B4B9B78DD067FF506AC294C2078E4
:104F400000F091FD022810D0207800F08CFD03289D
:104F50000BD07479452024B100F0FAFD0024FFF74E
:104F6000F3BB00F03DFEFFF7EFBB7479A92024B13D
:104F700000F0EEFD0024FFF7E7BB00F031FEFFF785
:104F8000E3BB174B9B78D8067FF5DEAB164B1B783F
:104F900013F00A057FF4D8AB7479352024B100F002
:104FA000D7FD2C46FFF7D0BB00F01AFEFFF7CCBBB5
:104FB0000B4B9B78D9067FF5C7AB0B4B1B7813F0D7
:104FC0000A057FF4C1AB7479292024B100F0C0FD3B
:104FD0002C46FFF7B9BB00F003FEFFF7B5BB00BFDF
:104FE000AC4900201A1F00201E1F00207579DDB17A
:104FF00001F06CFC10F0220F3FF4A6AB0122C04B75
:10500000C04C1A7001F062FC00F02200207001F028
:105010006BFC462000F002FC01F01CFD207801F042
:105020005BFC0024FFF790BBB54B1A78002A3FF4D5
:105030008BAB46201D702C4600F006FC01F00AFDEB
:10504000FFF782BB737913B90024FFF77DBBAE4D28
:105050000024AB7883F01002C2F3001262F3041351
:10506000AB70286801F097FDF0238DF80830AB781D
:1050700004AAC3F300138DF80930052300921946E2
:1050800002AA0F20ADF80A408DF80C4004948DF868
:10509000144002F0EBFEFFF757BB73799B4A23B134
:1050A00001211C461170FFF74FBB1370FFF74CBB7B
:1050B0007579002D3FF448AB01F052FD2C4608F005
:1050C000EBF9FFF741BBFDF7B7F804460028BBD169
:1050D0007379002BB8D0FEF791FFFFF735BB2C603A
:1050E000FFF732BB7379002B3FF42EAB06F05CF96F
:1050F000D6287FF629ABFFF795FAFFF725BB737922
:10510000002B3FF421AB06F04FF95F283FF61CABB4
:10511000F1E77579002D3FF417AB05F0EFFF00F0D4
:1051200013FB30B14FF0804320229A614FF480721C
:105130009A6106F0B3F895287FF606AB06F0AEF854
:1051400000F11E039BB2962B28BF9623DBB28DF88D
:1051500010308DF811308DF81230FA2202233620EB
:105160000499FFF72DFA2C46FFF7EEBA7579002D5A
:105170003FF4EAAA06F092F81E283FF6E5AA0024BA
:10518000002320461A461946013404F043F9442C02
:10519000F6D106F083F800F11E039BB2962B28BFD0
:1051A0009623DBB28DF810308DF811308DF8123067
:1051B000FA22022342200499FFF702FA2C46FFF755
:1051C000C3BA7379002B3FF43FAF00210E20FFF7E5
:1051D0009DFAFF234E4C8DF810308DF811308DF86C
:1051E0001230FA2203230F200499FFF7E9F92078FF
:1051F00000F039FC022808D1002000F0EDFB00206F
:1052000001F00BF80024FFF79FBA207800F02BFC88
:105210000328F7D1F0E77379002B3FF415AF002195
:105220000F20FFF773FAFF23394C8DF810308DF8FB
:1052300011308DF81230FA2203230E200499FFF763
:10524000BFF9207800F00FFC02280AD0207800F087
:105250000AFC032805D0022000F0BEFB002000F06D
:10526000DCFF0024FFF770BA7379002B3FF46CAABF
:1052700005F0AAFF1D287FF467AA1F2005F0A0FFF4
:105280000024FFF761BA224D287800F0ECFB0228D9
:1052900011D1204B1B78DA067FF556AAFCF7CCFF1C
:1052A00000287FF451AA7579E3205DB100F0B6FAC9
:1052B0002C46FFF749BA287800F0D5FB03287FF485
:1052C00043AAE6E700F0C0FAFFF73EBA287800F0FC
:1052D000CAFB03287FF438AAFFF7DCBA00F0B4FA5F
:1052E000FFF732BA084B0C4A1B78002413F00E0368
:1052F00018BF737903F001031370FFF725BA00BFDD
:10530000FC1E0020FD1E0020AC490020DC1E0020F9
:105310001A1F0020C849002034400020F8B500259D
:105320002E461D4C237873B1606808F01CF8A36802
:10533000984212D308F062F8E36860604BB9636981
:1053400026706660C3B90135632D04F11804E9D1F4
:10535000F8BD013BE360002BF1D0E368207C13F043
:10536000010311D0FF28677CA17CE37C07D11A469A
:10537000384604F087F9E6E7E8B29847E3E70A46DB
:10538000394604F047F8DEE7FF281A4602D11946ED
:105390001846EEE71946F4E7604000207FB500F0BC
:1053A000D3F9A0B1042200210DF10900FBF7E4F9C3
:1053B000002204AB04928DF814200093DD22052313
:1053C0008DF8082019460F2002AA02F04FFD002296
:1053D0000B4B1A7001F00EFC03F0E4FF094801F0DA
:1053E000D0FBFFF754F940B108F008F8FDF71AF8C0
:1053F00007B05DF804EBFEF771BB07B05DF804FB86
:10540000970C0020C849002073B505F047FF00F154
:105410001E04A4B2962C28BF9624754BE4B21E78C5
:10542000A6B1002496238DF804408DF806308DF83F
:105430000540019803F008FAC0F30742C0F30721C2
:10544000C0B204F01FF9204602B070BD694D286853
:1054500040B107F088FF40F6B833984202D9FFF711
:105460009DFF2E6007F062FD810705D500232146D0
:105470001A46022003F0CEFF5F4D287800F0F3FAC1
:1054800002280ED0287800F0EEFA032809D05B4BF2
:105490001B78DA0605D5002321461A46012003F0C1
:1054A000B9FF574DFEF7B4FF2B7863B9554E3068FE
:1054B00007F059FFB0F5FA6F16D901232B7007F0EA
:1054C0009DFF306010E0504B1B786BB9FCF7B4FEC9
:1054D00038B9FEF7F1FFFFF717F807F08FFF494BD8
:1054E00018602B78002BE1D0FFF718FF474B9B7813
:1054F000DB0609D51625002328461A462146013524
:1055000003F088FF232DF6D1414B186898BB012387
:10551000404E414D3278FF2A45D133702B78FF2B16
:105520004AD032789A4247D03C4B186807F01BFFAC
:10553000B0F5166F2CBF0025012507F05FFF4FF473
:105540004873B0FBF3F2367802FB1300B6BB75B1BB
:10555000B0F5C87F0BD2334622463146042003F013
:1055600059FF334622463146402003F053FFFCF7F3
:1055700099FE012068E707F0F6FEB0F5FA6FC6D293
:1055800000F0E2F858B1FDF785F940B9244B254AFF
:105590001B781278003B18BF01239A4201D10023E7
:1055A000B6E70223B4E79A42B8D033702A7007F006
:1055B00025FF1A4B1860B1E70025BEE715B1B0F51D
:1055C000C87FD4D2012E09D1002321461A460420D7
:1055D00003F020FF00231A462146C5E76508002393
:1055E0002A462146042003F015FF00232A46F3E74C
:1055F000FE1E0020D41E00201A1F0020C8490020D3
:10560000970C0020C81E0020DD1E0020AC490020A1
:10561000EC1E0020990C0020980C0020F01E0020A9
:10562000E41E0020D01E002038B51C460B780D4625
:10563000CC2B41D006D8AA2B15D0BB2B33D0552B61
:1056400009D038BDF02B3ED0F12B43D0DD2BF8D163
:10565000FFF7A4FE04E0002289786878FDF764F87B
:1056600000232370EDE7214B1B7813F00E0F0DD0B4
:1056700004224FF480614FF080400AF0B1FD042213
:105680004FF400714FF080400AF0AAFD0023237010
:105690006B78174A003B18BF012301201370BDE847
:1056A0003840FDF7FFBA4FF400124FF080439A6183
:1056B0004FF080729A61D3E720224FF080439A61C5
:1056C0004FF48072F6E7094B49789A7861F3041237
:1056D0009A70C5E707F092FE064B6A781860064B91
:1056E0001A70064B1B786370BAE700BFAC49002004
:1056F000F41E0020EC1E0020E41E0020D01E00201E
:1057000008B5104B00209A78197802F00702C1F30F
:105710004201FCF7EBFE41F2883009F098FA00F004
:1057200013F805F0BBFD4FF0804328B120229A61A9
:105730004FF480729A6108BD4FF400129A614FF0E5
:105740008072F7E7AC49002010B5054C00222046D6
:105750004FF400710AF044FD2069C0F3402010BDF1
:105760000004004003280DD80B290BD8082A09D8BB
:105770006C2301EBC10103FB0011034B0A4433F816
:105780001200704701207047D4120108032808D87E
:1057900039B9054B82F0010202EB400033F81000EA
:1057A00070470120704700BFC4120108A0F5807344
:1057B000B3F5F85F10B526D210F4805F00F4807363
:1057C00000F4007400F4806100F400620DD0002B3E
:1057D0000CBF002010200CB140F0200009B140F0B7
:1057E00040000AB140F0800010BD181E18BF012013
:1057F0000CB140F0020009B140F00400002AF3D0DF
:1058000040F00800F0E70020EEE710B50C46FFF787
:10581000CDFF2346BDE8104018470000A0F1E0038B
:10582000072B10B5044600D940B920460449FFF7BC
:10583000ECFFE0B2BDE8104000F08AB90149F6E79C
:10584000A15C0008C960000810B50446C0B200F0B1
:10585000C7F9A4F1E003072B00D92CB9034920466E
:10586000BDE81040FFF7D1BF0149F8E7B35C00087D
:10587000DB600008012070470120704708B5FFF782
:10588000FBFF08BD0120704701207047704770473B
:1058900008B5FFF7FCFF08BD01207047704770474F
:1058A00013B502AB03E903000F4B1B78B3B99DF8A6
:1058B000053073B16AB100F063FD044601460098FB
:1058C00000F01CFD2046009902B0BDE8104001F038
:1058D000DBBB009800F034FD0446F3E7009800F0CD
:1058E0004FFD0099F0E700BF191F0020034610B4D8
:1058F00000885C880A4640EA0440998810BCFFF79B
:10590000CFBF10B504460121FFF7F0FF2146FFF796
:10591000B1FF30B101212046FFF7E8FF2146FFF734
:10592000ADFF00F0010010BD38B500210446FFF7BF
:10593000DDFF05462146FFF7A9FF21462846FFF770
:10594000A7FF38BD38B501210446FFF7CFFF214638
:105950000546FFF797FFB8B321462846FEF7ECFE51
:1059600090B32146284607F067F868B321462846D9
:1059700006F070FF40B32146284606F091FA18B3AE
:105980002146284606F066FAF0B12146284602F084
:1059900047FEC8B12146284602F08CFEA0B1214640
:1059A000284606F0A5FF78B12146284601F0B4FC50
:1059B00050B12146284601F0BFFC28B121462846B7
:1059C000BDE8384001F0D4BC002038BD012303FA03
:1059D00000F0C0B200F0F3BB10B504460120A040B7
:1059E000C0B201F0CCF82046BDE81040FFF7EEBF92
:1059F0000120704708B5FFF7FBFF08BD10B504464E
:105A000000F08CFB2046FFF747FF2046FFF7F2FF30
:105A100010BD08B50120FFF7F1FFBDE8084007F011
:105A20003BBD08B50020FFF7E9FFBDE8084007F0DF
:105A300059BD08B5FFF732FFFEF745F905F046FA04
:105A400000F033F8BDE80840012005F00FBB08B5B1
:105A500000F030F8002005F009FBFFF720FFBDE85B
:105A60000840FEF7F2B8034600091CBF03460420B5
:105A70009A081EBF13460230C0B25B081CBF01303B
:105A8000C0B2704701207047704738B50546FFF730
:105A9000F9FF044610B12846FFF7F6FF204638BD4F
:105AA000704708B5FFF7F1FF08BD08B50020FFF704
:105AB000F8FF08BD08B507F023FAFFF7F2FF08BDAD
:105AC00010B507F01DFA074B04461A78824207D03A
:105AD000187007F093FC044B18602046FFF7E1FFB5
:105AE00010BD00BF181F0020141F00201FB56C46FA
:105AF00084E803009DF805300BB100F013FF00238C
:105B0000ADF80E3094E80300ADF80C10C9B2029065
:105B100002AC29B994E8030000F05EFE04B010BDA9
:105B20002046FFF7EEFE0028F4D1F7E70379012BBA
:105B300002D1008800F044BC704708B529B106F0D6
:105B400045FBBDE8084006F015BC06F09DFBF8E7F4
:105B500010B50446002840D0031FDBB2A02B0ED89E
:105B600007F068FA20B1204607F0F6FA00F072FF5D
:105B7000204607F0D3FABDE8104000F06BBF00F1FB
:105B80002003DBB2072B07D800F007040120A04058
:105B9000C0B200F0A1FEEEE700F15B03DBB2022B26
:105BA00005D8BDE81040243880B207F0E5B900F10F
:105BB0005803DBB21A2B06D8BDE81040074A32F86A
:105BC000130007F0F5B93334E4B2122C05D806F00F
:105BD000FDFABDE8104006F0CDBB10BD341601083B
:105BE00008B50346A0B3021FD2B2A02A05D807F019
:105BF000B3FABDE8084000F02DBF00F12002D2B298
:105C0000072A07D800F0070301209840C0B200F02F
:105C10006BFEEEE700F15B02D2B2022A04D8BDE8C7
:105C20000840002007F0A8B900F15802D2B21A2AA1
:105C300004D8BDE80840002007F0BAB93333DBB21E
:105C4000122B05D806F020FBBDE8084006F092BBF9
:105C500008BD000038B50C460546FFF779FF9CB13A
:105C600040F2E73009494FF47A72A4FB0141201851
:105C70004FF0000341F10001FAF7B8FA08F0E7FF2E
:105C80002846FFF7ADFF38BD0120F7E7A0860100E9
:105C900008B539280CBF50210021FFF7DBFF08BDF4
:105CA00008B528B100F018FEBDE8084000F0D2BEEB
:105CB00008BD08B528B100F017FEBDE8084000F0A7
:105CC000C9BE08BD2DE9F047877981460C46457964
:105CD00000F0F2FD3F09064608B32E46FDB1C4F3BD
:105CE000072303F0F002402A0CD0E1B201F12002B8
:105CF000D2B2072A26D903F0E003202B02D10129D2
:105D000020D90FB3A04B5E7816F0040607D002200E
:105D100000F0DCFE00F0D0FD80F00106F6B2C4F326
:105D2000033ABAF10B0F3ED8DFE81AF0100010006A
:105D300049004900A300BA003D003D00BF001D011D
:105D4000300130010026EAE73E46E8E7C4F30723C6
:105D5000C4F3032713F0F00F18BF3F01E4B285B17D
:105D600057B104F12003DBB2072B384600D92CB918
:105D700000F0B2FD00F06EFE204640E000F0C2FDF3
:105D8000F8E72046FFF72CFF6FB104F12003DBB2E8
:105D9000072B384600D914B900F0A6FD01E000F049
:105DA000B9FD00F057FEAAF1080ABAF1030F00F29C
:105DB000428107F0A5F8BDE8F047FFF772BEC4F3D3
:105DC000072303F0F003C4F30328202BE4B218BF29
:105DD0004FEA08182CB1012C34D0002D3CD0DFB193
:105DE000CAE7694B5B785A0714D45DB1B8F1000F6C
:105DF00004D0404600F070FD00F02CFE0020FFF7BC
:105E0000A7FED0E72846FFF7EBFEB8F1000FCAD097
:105E10004046C1E755B11FB94046FFF741FFC2E711
:105E2000012FC0D1404600F09DFDBCE7002FBAD144
:105E30004046FFF73EFF404600F0A2FD404600F01E
:105E40007DFDB0E715B1052FADD8E5E7042FAAD841
:105E50004046FFF72EFFA6E7002FF9D0392C0CBFE4
:105E60004FF4FA50012008F0F2FE2046FFF7B8FE8A
:105E700099E714F4406FC4F3812307D0012B92D12A
:105E800065B1C4F3090007F093F88CE725B1C4F3BA
:105E9000090007F071F886E72846FAE72846F2E796
:105EA0002946E0B2FFF749FE7DE714F4407F29D18F
:105EB000002D7FF478AFC4F342108000C2B204F02A
:105EC0000F0014F0100300FA02F0C5B21EBF0F203D
:105ED0009040C043C4F3812418BFC3B2022C43EAEC
:105EE000050009D0032C0AD0012C02D000F072F971
:105EF00059E700F067F956E700F074F953E700F04E
:105F00005EF950E7C4F301220DB312F0010F3FF424
:105F10004AAFC4F342108000C2B204F00F0014F084
:105F2000100300FA02F0C5B21EBF0F209040C0431C
:105F3000C4F3812418BFC3B2022C43EA05000CD07D
:105F4000032C0DD0012C05D000F098F92BE712F0AE
:105F5000020FDCE700F08AF925E700F097F922E765
:105F600000F04EF91FE7E7B2C4F3032425B1204641
:105F700000F05AF9384650E73846FFF79AFE2046B7
:105F800000F05EF90FE700BFC84900205FFA84F80F
:105F9000A8F1F003042B39D8DFE803F003220E1533
:105FA0001E003DB1042F3FF6FEAEC4F3042000F006
:105FB00051F9F8E6052FF6E7C4F30420002DDFD1F0
:105FC00000F032F9EFE625B1C4F3042000F025F922
:105FD000E9E600F01FF9E6E6224B5B785B0704D4A4
:105FE000C4F30420002DCBD0EAE72DB10321C4F384
:105FF000042000F049FDD6E6012000F067FD012FE6
:106000007FF6D1AE022000F061FDCCE62DB10FB1DC
:106010004046F4E6C4F30420D2E74FB1B8F1390F9B
:106020000CBF4FF4FA50012008F011FE40461DE766
:10603000C4F30420A4E79EB100F036FC10F0010088
:106040000ED189F8050000F029FC00F0EDF8484673
:1060500000F01CF800F022FCBDE8F04700F0F0B8BA
:10606000BDE8F087C849002038B50188044640796A
:1060700000F0B2F9054600F011F900F09FF829464A
:106080002046BDE83840FFF71DBE0000037910B57B
:106090000446B3B1FFF756FC68B900F00DFC80B1BF
:1060A000637973B1074B5B785B070AD5BDE8104095
:1060B000022000F00BBD2046FFF7D6FF2046FFF779
:1060C00033FC10BDC849002008B528B100F01AFC07
:1060D000BDE8084000F0BEBC08BD08B528B100F01E
:1060E00019FCBDE8084000F0B5BC08BD08B50020AB
:1060F00006F042FF002006F05BFF00F013FC00F00A
:10610000A9FC06F053F9BDE8084006F033B908B51C
:1061100007F040F8BDE80840FFF7E8BF08B500F019
:10612000EBFBBDE80840FFF7F2BFC0F30333062BDB
:10613000C2B213D094BF0E33063303F00F03012B0A
:1061400010D8F02A10D004D8E72A8CBF00200120F4
:106150007047F42A14BF002001207047E72A03D9B2
:10616000F12AF7E7002070470120704708B5034681
:10617000007930B1188800F023F9BDE80840FFF736
:10618000D4BF08BD82B002AB03E9030002B0704780
:1061900082B002AB03E9030002B07047704708B554
:1061A000FFF7FCFF08BD704708B5FFF7FCFFFFF7DE
:1061B000F6FF014B187008BD1A1F00207047FFF74B
:1061C000F3BF0000024B1B781843FFF7EDBF00BF81
:1061D0001A1F0020024B1B781840FFF7E5BF00BFD5
:1061E0001A1F0020024B1B785840FFF7DDBF00BF8D
:1061F0001A1F0020704708B5FFF7FCFF08BD704765
:1062000008B5FFF7FCFFFFF7F6FF014B187008BD5C
:106210001E1F00200020FFF7F3BF012303FA00F048
:10622000C0B2FFF7EDBF0000012303FA00F0034BFB
:106230001B781843C0B2FFF7E3BF00BF1E1F00204A
:106240000123034A8340107820EA0300FFF7D8BFF8
:106250001E1F0020012303FA00F0034B1B78584057
:10626000C0B2FFF7CDBF00BF1E1F0020024B1B783E
:106270001843FFF7C5BF00BF1E1F0020024B1B784D
:106280001840FFF7BDBF00BF1E1F0020024B1B7848
:106290005840FFF7B5BF00BF1E1F0020704701F038
:1062A0000703C90830B501EB41010124013911444C
:1062B00000229C40E4B211F8015F20FA02F343F39C
:1062C00000036B40234001326B40032A0B70F2D174
:1062D00030BD002210B500F00704C00800EB4000FC
:1062E000014410468B5CE34003F00103934001320C
:1062F0001843032AC0B2F5D110BD000017B40C46F4
:10630000ADF80400C1B2C0F307200B280AD8082951
:106310000ED801EBC001084A0144204603B010BC6E
:10632000FFF7BDBF031DDBB2012B01D8034AF4E721
:1063300003B010BC704700BF1F1F00201B1F0020B0
:1063400082B0ADF80400C3B2C0F307200B2808D810
:10635000082B0DD803EBC0030749184402B0FFF720
:10636000B8BF0430C0B2012802D818460349F5E787
:10637000002002B0704700BF1F1F00201B1F00201D
:1063800073B507240C4BADF804001E780B4B1B783B
:106390001E4346FA04F3DB07E5B205D4013CF8D20C
:1063A0000025284602B070BD2846019900F08BFEFA
:1063B00080B20128F2D0F4E71E1F00201A1F00202F
:1063C00007B5ADF804000198FFF7DAFF019903B0B3
:1063D0005DF804EB00F077BE13B5104BADF8041078
:1063E0001B782BB1019802B0BDE81040FFF7E8BF61
:1063F00070B10198FFF7C4FF044601460198FFF70A
:106400007DFF2046019902B0BDE8104000F05BBE60
:106410000198FFF795FF0446F3E700BF191F00201E
:1064200010B5012404FA01F104FA02F20A43D1B2D0
:1064300002408A4204FA03F406BF2043C0B2A043DC
:1064400010BD000008B513460A460146034800780F
:10645000FFF7E6FFBDE80840FFF7D2BE1E1F002091
:10646000F8B50C4B0C4E1C780C4D3378A34200D180
:10647000F8BD05EBC40335F834005F889A88D988E5
:1064800040EA074042EA01410134FFF781FE04F08F
:106490000704EAE7931F0020921F0020521F0020EC
:1064A000064B10B418885C889A88D98840EA044062
:1064B00042EA014110BCFFF76BBE00BF4A1F00203B
:1064C0001A4AF8B5937913F0F00F0AD1537943B112
:1064D000174B18491B780D7816885788164CAB4215
:1064E00000D1F8BD04EBC3010879D0B134F8330012
:1064F000B04216D14879A0B94888C01B80B2C728DD
:106500000FD80120937960F3071393718B7960F3AF
:1065100007138B710548FFF7B9FDBDE8F840FFF799
:106520009FBF013303F00703D9E700BF4A1F0020D4
:10653000931F0020921F0020521F0020F0B50D4B2A
:106540000D4C1B7826780D4CB34201D10020F0BDD4
:1065500004EBC3056F788F4206D114F8337087427D
:1065600002D16D79954203D1013303F00703EBE7C4
:106570000120ECE7931F0020921F0020521F0020F3
:106580002DE9FF47E8460446924D06220146404663
:10659000FAF700F82B7967792279C3B9AAB18FB1DC
:1065A0002046FFF7E3FD064660B108222146284653
:1065B000F9F7F0FF2846FFF7B9FAFFF781FFFFF779
:1065C0006FFF4CE02046FFF761FD012647E0B4F87D
:1065D00002906B886E79A9EB03039BB2002E00F04A
:1065E000B280C72B00F28A80002A38D0AB79298884
:1065F00013F0F00F228850D191420FD1002F40F0BC
:10660000E380012262F30713AB71FFF749FF2846CD
:10661000FFF73CFDAB79A371002620E0002F40F08E
:10662000D38025783A4628466178FFF787FF2846C9
:10663000FFF784FF05460028EED10098FFF7C0FE63
:10664000C0F30332032AC3B20DD8012A15D910F4BE
:10665000706F17D0A27912F0F00F13D12E4630468A
:1066600004B0BDE8F087063202F00F02012A0ED90D
:106670002046FFF70BFD3546F0E710F4706F01D0B0
:10668000002BEBD02033DBB2072BE7D9F0E7EF2B61
:10669000E4D90F33DBB2022BF7E791420AD14FB9AD
:1066A0002046A371FFF7F2FC082221462846F9F79D
:1066B00071FF84E72046FFF759FD002882D0002FA4
:1066C00080D0AB791F2B0FD92A8802A8ADF80820FB
:1066D0002A79ADF80A908DF80C2000228DF80E3042
:1066E0008DF80D20FFF7D2FC082221463948F9F732
:1066F00051FFFFF7E5FEFFF7D3FE66E7AB7913F036
:10670000F00A0ED198E80300FFF73CFD2846FFF79A
:10671000BDFC082251462846FAF72EF8FFF7C0FEC6
:106720007AE7002A9BD0298822889142C2D1002F83
:10673000C0D12046A371FFF7A9FC0822394628469C
:10674000FAF71AF88BE7C72B34D8002A3FF43DAF8D
:106750003E46002F3FF436AF2A8823889A421CD148
:10676000AB79DA0713D413F0F00210D0F02AA3713A
:1067700006D0DBB2C3F30312013262F30713A37135
:106780002046FFF783FC0822214612488FE70822A3
:1067900021461048F9F7FEFE61E72046FFF7E6FCC8
:1067A0000028A1D1AB79204643F00103AB71FFF77C
:1067B0006DFC54E798E80300FFF7E4FC082231463B
:1067C0002846F9F7D9FFFAE6AB7943F00103AB713C
:1067D00022E700BF4A1F0020F0B585B06C4684E870
:1067E00003002046FFF7CCFE284F0646284D68B12F
:1067F0009DF804301BB194E80300FFF7C9FC254C59
:1068000028783B78834226D105B0F0BD9DF804205E
:1068100002AB94E8030083E80300002AEFD0387845
:106820002A78441C04F0070494420AD01946194BF4
:10683000082203EBC000F9F7ADFE3C70FFF710FE35
:10684000DDE7FFF76BFC0822314613483E702E70DF
:10685000F9F792FFD3E704EBC000FFF791FE0028A1
:10686000D2D02B7834F8330004EBC3035E889A88C7
:10687000D98840EA064042EA0141FFF789FC2B78BB
:10688000013303F007032B70BAE700BF921F00200B
:10689000931F0020521F00204A1F0020014B187830
:1068A000C0087047E41F0020024B187800F0070072
:1068B000704700BFE41F0020034B187810F007005A
:1068C00018BF0120704700BFE41F0020014B18785B
:1068D000704700BFE71F0020024B1A781043187062
:1068E000704700BFE71F0020024A137823EA000325
:1068F00013707047E71F00200022014B1A70704789
:10690000E71F0020024B1A7810431870704700BF31
:10691000E81F0020024A137823EA0003137070472F
:10692000E81F00200022014B1A707047E81F00206A
:10693000704708B5FFF7FCFF08BD000008B5054A21
:106940001378034204D023EA00001070FFF7F1FF30
:1069500008BD00BFE51F0020704708B5FFF7FCFF2A
:1069600008BD000008B505490B7830EA030C03D0D8
:1069700003430B70FFF7F1FF08BD00BFE61F0020C7
:1069800008B5054A1378034204D023EA00001070CA
:10699000FFF7E3FF08BD00BFE61F002008B5044B6A
:1069A0001A781AB100201870FFF7D7FF08BD00BF92
:1069B000E61F002010B5084B1C78084B1B781C43C1
:1069C000074B1B782BB11C4306F010FB08B1FFF7F7
:1069D000E5FF204610BD00BFE71F0020E81F002094
:1069E000E61F002038B50B4C2568FFF7E3FF287041
:1069F0002468082220460849F9F798FD48B1214645
:106A000008220548F9F7C6FD2046BDE8384006F0E3
:106A100091BA38BDD40D0020DC1F002038B50B4CD6
:106A20002568FFF7C7FF68702468202220460849C0
:106A3000F9F77CFD48B1214620220548F9F7AAFD67
:106A40002046BDE8384006F07FBA38BDD80D00209A
:106A5000BC1F002008B506F045FA40B1064B93F97B
:106A60000030002B03DABDE80840FFF7D7BFBDE8D0
:106A70000840FFF7B7BF00BFC8490020704708B5FE
:106A8000FFF7FCFF08BD0000094A10B55278520715
:106A90000AD5084C41EAC0012170FFF7C5FB2078F8
:106AA000C008FFF7ECFF10BDBDE81040FFF7BCBB0E
:106AB000C8490020E41F0020002008B5024B1870D0
:106AC000FFF7DDFF08BD00BFE41F002008B50A4A3C
:106AD000137823EA0000107042070CD198420AD0C4
:106AE000064B5B785B0706D5C008FFF7A9FBBDE83E
:106AF0000840FFF7E1BF08BDE41F0020C84900209F
:106B00000246094808B54378C3F38001914209D091
:106B100062F38203437000F036F8BDE808400220BB
:106B2000FFF7D4BF08BD00BFC8490020044B587808
:106B3000C0F3800080F0010000F00100FFF7E0BF2B
:106B4000C84900200120FFF7DBBF0020FFF7D8BFB6
:106B5000704708B5002000F06AFCFFF7F9FF08BD98
:106B600000F032BC08B500F020FC18B1BDE80840C8
:106B700005F00CBF08BD00F032BC00F03BBC00F0DB
:106B80003CBC00F03EBC00F043BC00F045BC00F053
:106B900047BC00F049BC00F04ABC00F04CBC00F01F
:106BA0004EBC000007B500F0FDFB00F008FC002320
:106BB00068468DF8003000F019FC01200B4B18706E
:106BC00000F01BFC0A4B01A81B88ADF8043000F054
:106BD0001FFC02F0E7FBFBF763FB05F008FFFFF784
:106BE000B8FF02F0D3FB03B05DF804FB1A1F0020CE
:106BF000960F0108FFF7D6BF73B506F035FC0B4DB5
:106C000004462B8883420ED00026ADF8006006F0C3
:106C10002BFCADF80460ADF8020002AB13E90300F1
:106C2000FEF764FF2C8002B070BD00BFFC1F002087
:106C3000014B186800F060BBF01F0020014B186882
:106C4000704700BFF41F002008B500F045FB024B61
:106C50001860024B186008BDF01F0020F41F0020D0
:106C6000014B1868704700BFEC1F002008B500F00A
:106C700033FB024B1860024B186008BDF01F002068
:106C8000EC1F0020014B1868704700BFF81F002060
:106C9000074B91421860074B196038BF1146064BED
:106CA0001A60064B81422CBF19601860704700BF04
:106CB000F41F0020EC1F0020F81F0020F01F002010
:106CC0007047704708B5FFF7FCFF08BD704708B56F
:106CD000FFF7FCFFFFF7F6FF08BD7047704708B5E8
:106CE000FFF7FCFFFCF7FAFE08BD0120704700002B
:106CF00008B5054800F0CCFB01F0B6F9FFF7E0FF5E
:106D0000BDE80840FFF7E3BF15730008FEF71CBDA0
:106D10007047704708B5FFF7FBFFFDF7E7F9FFF78E
:106D2000F8FF08BD08B5FFF71DFF08B9FFF762FFC0
:106D30000848FFF720FF0848FFF723FF04F020FE74
:106D4000FFF71BFFFFF73BFA044B1878BDE808403C
:106D5000FFF751BAFE1F0020C84900201E1F002067
:106D600008B506F049FB00F0A3FA05F054FE00F068
:106D70007DFD04F095FB00F093FCFFF7D3FF06F0D8
:106D8000AFF8FEF78DFE04F043F904F0FDFD00F0CE
:106D90007FFDBDE80840FFF7A2BF70B504460D4671
:106DA000164602F029FD324629462046BDE87040CD
:106DB00006F0C4BA08B5FEF7C7FC18B1BDE8084034
:106DC00006F08FB808BD00002DE9F04F85B0FFF741
:106DD0008CFF88B9FFF710FFFFF7ECFF04F076F89F
:106DE00004F008FC08B1FFF741FF05F007FB05B010
:106DF000BDE8F04FFEF764BEDFF8C88000F0A2FCEB
:106E000046460024E0B236F8025B00F051FB0B2C42
:106E100054D0854204F10104F4D02B4B1B789B071E
:106E200001D500F04BFBFFF771FF002701905FFADF
:106E300087F9484600F03CFB38F8026B0446B04244
:106E400036D04FF0000A01254640B6B22E4224D07B
:106E5000019B2C4214BF4FF0010B4FF0000BBBB154
:106E60005146484606F05EFA90B98DF808A08DF8B4
:106E7000099006F0F9FA4FF00103ADF80A008DF819
:106E80000C308DF80DB002AB93E80300FEF72EFE38
:106E90005A4651464846FFF780FF0AF101035FFA60
:106EA00083FA6D00BAF1090FADB2CFD128F8024CC8
:106EB00001370C2FBBD1FFF7C7FE8DE78542ACD160
:106EC00088E700BFB0490020FE1F002038B500F061
:106ED00005F9B0F5A44F044643D2B0F5A04F80F0B9
:106EE000AC80DF2816D8CC2800F28A80A7280AD8E0
:106EF000A42878D8012804D0031F9BB2A12B28BF57
:106F00000024204638BDA0F1A8039BB21A2B6FD9EC
:106F10000024F6E7B0F5804F19D2B0F5005F80F09D
:106F2000A080E728EDD9A0F580739BB2B3F5F85F98
:106F3000EED2C0F3072000F057F90546E0B200F0AA
:106F4000CDF82D0205F4F8550543ACB2D9E7C0B22F
:106F500000F0C4F804F47064044344F42044A4B280
:106F6000CFE7B0F5A54F21D245F25F23984251D823
:106F700045F23F2398420ED845F21F23984242D84B
:106F80000124C0F3850300F00300844044EA431465
:106F900044F40D44E3E70124C0F3820300F003004E
:106FA000844044EA431444F40C44D8E745F2BF2338
:106FB00098420AD845F29F23984200F01F0034D827
:106FC0004AF2F40444EA00249BE7A0F5A543403BC1
:106FD0009BB21F2B9CD8040204F4F85444F42044C0
:106FE00044F0F0048DE7A0F1240444F48044B6E7B3
:106FF000244B5834E4B233F8144044F4884480E716
:1070000040F4A044ABE74AF2F10300F01F0443EA66
:10701000042476E70124C0F3820300F003008440D7
:1070200044EA431444F40A4499E700F0DDF804020A
:1070300004F4F85444F4005463E700F01F0000F037
:10704000D3F8C30648BF0001C4F343144FEA042435
:107050004CBF00F0F00000B2204340F4104084B276
:107060004FE7C0F3042000F0BFF80546E0B200F09F
:1070700035F82D0205F4F85545EA000444F40054AF
:107080006DE700BF6A16010882B0ADF80410CBB2FC
:10709000C1F307210B2905D8082B11D81A4602B0D5
:1070A00004F089BDFD2905D153B90122194602B06A
:1070B00004F08EBDFC2903D113B91A461946F6E730
:1070C000002002B0704707B5ADF804100199FFF732
:1070D000DBFF03B05DF804EBFFF7F8BEE72850D8FC
:1070E000DF2807D8312865D00ED8292858D02A287B
:1070F00067D07047A0F1E003072B42D8DFE803F028
:107100001541242933413D42392804D0822802D038
:10711000352840D07047334B1A7892075CD15B78A2
:1071200013F0080F18BF292070472E4A1378D9078B
:107130004ED4527812F0010F23D013F0100F08BF75
:10714000E32018BF00207047264B1B7813F0040F74
:10715000F2E7244A137859073CD45278D2073BD43B
:1071600013F0100FEDE71F4B5A78910709D51B78E4
:1071700013F0100F08BFE720E3E71A4B1B781A073C
:10718000F6D47047174A1378190727D45278910715
:10719000E6D5E4207047134B1B7813F0200FC1E7AE
:1071A000104B1A7892061BD45B7813F0080F18BFA7
:1071B000392070470B4B1B7813F0400F18BF2A2063
:1071C0007047084B1B7813F0400F18BF31207047F1
:1071D00039207047E2207047E0207047E620704772
:1071E0003520CEE7C849002010B5304C21784B0738
:1071F00013D500F01402A2F1040C00F01803DCF126
:10720000000242EB0C02A3F1080CDCF1000343EB9B
:107210000C039A4218BF80F00C000B0713D500F046
:107220001402A2F1140C00F01803DCF1000242EB8E
:107230000C02A3F1180CDCF1000343EB0C039A429F
:1072400018BF80F00C006478E30713D500F011023A
:1072500002F1FF3C00F01803DCF1000242EB0C02EB
:10726000A3F1080CDCF1000343EB0C039A4218BFB6
:1072700080F00900A30711D500F0110200F01803F7
:10728000A2F111046242A3F1180C6241DCF1000387
:1072900043EB0C039A4218BF80F00900CA0603D5DD
:1072A000030748BF00F0E70010BD00BFC849002039
:1072B0000022014B1A607047CC49002010B50446EB
:1072C000FEF742FA20B906F099F8024B241A1C6026
:1072D00010BD00BFCC49002008B5FEF735FA18B143
:1072E000BDE8084006F08AB806F088F8014B1B6834
:1072F000184408BDCC49002010B50446FEF724FA16
:1073000020B12046BDE8104006F02DB8FFF7E4FF9D
:10731000001B10BD00207047A0F5A543603B1F2B4C
:1073200010B507D84C791CB900F01F00FEF754FBCC
:10733000204610BD0124FBE708B503464879A8B1F3
:1073400047F65B4293420ED047F65C42934206D02A
:1073500047F65A42934205D1FFF7F4FB01E0FFF7ED
:10736000E5FB002008BDFFF7F0FBFAE70120F9E795
:1073700008B50346487998B147F6014293420CD0CC
:1073800047F60342934206D0B3F5F84F02D1FEF719
:1073900040FB002008BDFFF7E3FBFEF742FBF8E7E8
:1073A0000120F7E7002000F061BE08B5002000F0E2
:1073B000D8FD4FF6E363C31A5842584108BD4FF653
:1073C000E361002000F034BE08B5002000F04EFE5E
:1073D000BDE808404FF6FF71002000F029BE10B54F
:1073E0000446022000F0AEFD207010BD017802209E
:1073F00000F010BE032000F0A5BD0146032000F000
:1074000009BE10B50446042000F0ABFD208010BD7D
:107410000188042000F00CBE0822172100F028BECD
:107420000822172100F0DCBD0F2000F0A9BD0146A5
:107430000F2000F00BBE01460E2000F0EBBD08B59A
:10744000132000F09DFDA0F55D735842584108BD22
:1074500070B50E4605461446FFF7A1FB014680B104
:107460003444B4F55D7F88BF40F2993406F12501BC
:1074700098BF2534641A2246284600F0F9FD2046BC
:1074800070BD22462846F9F777F9F8E700207047E3
:10749000014B1860704700BFDC0D0020704708B535
:1074A000FFF7FCFF08BD704708B5FFF7FCFF08BDFC
:1074B000014B33F810007047EA49002070474FF441
:1074C000346007F0FBB900BF00BF00BF00BF00BFC2
:1074D00000BF00BF00BF00BF00BF00BF00BF00BFB4
:1074E00000BF00BF00BF00BF00BF00BF00BF00BFA4
:1074F00000BF00BF00BF704708B5FFF7E0FF08BD41
:10750000704708B5FFF7FCFF08BD00007FB5FEF728
:107510001BF91E4D04461E4A60B30023107801A9D2
:1075200005EB400001930293039300F0C5F9194E57
:1075300080B1194B0C22187801A905EB4000F8F72F
:10754000F5FF0123337060B90024FFF7ADFF20463B
:1075500004B070BD3378002BF6D0019002900390F8
:1075600030700D4B0C22187801A905EB4000F9F79B
:1075700011F8EAE7084B1178187805EB410105EBA3
:10758000400000F0FBF9FFF7BCFFE0E7EA4900200C
:10759000024A0020FF1F0020D049002008B53023F8
:1075A00083F31188012100F00F039940202220F07D
:1075B0000F0008F015FE002383F3118808BD0000BA
:1075C00038B509240B4D55F8040B421C01D0FFF7C8
:1075D000E5FF013C14F0FF04F5D10624064D55F8F3
:1075E000040B431C01D0FFF7D9FF013C14F0FF044A
:1075F000F5D138BDE00D0020040E00202DE9F84340
:10760000DFF89480174658F8213005465A1C0E467C
:1076100040D0302282F31188012223F00F0903F0B9
:107620000F0302FA03F421464846240408F0D8FD6B
:10763000C9F81840002484F31188FFF744FF6FEA6B
:10764000070C1648AA1E0A3550F8041B32F8023FF0
:10765000B1F1FF3F1AD021F00F0EDEF810E001F07B
:107660000F012EFA01F1C90710D401243B43138006
:107670009542E9D158F82600431C01D0FFF78EFF50
:1076800021463046BDE8F843FFF736BF0CEA030356
:107690001380EDE7BDE8F883E00D0020040E002024
:1076A000F0B591B000F0DCF8F0B91F4C01AD0FCC93
:1076B0000FC594E8030085E803001C4E01AF0FCF0F
:1076C0000FC695E80300083407AD86E803000FCC29
:1076D0000FC50FCC0FC52668154C2E6007AD0FCD1A
:1076E0000FC40FCD0FC4266000F0BAF8002814BFF5
:1076F000002306230F4A13700F4AC3F106031370C9
:10770000FFF75EFF182200210C48F9F735F8182220
:1077100000210B48F9F730F800F04CF811B0BDE843
:10772000F040FFF7BCBE00BF980F0108040E002018
:10773000E00D0020024A0020D0490020EA49002044
:10774000D249002030B587B0182200216846F9F7E9
:1077500013F8002501242246E9B268460135FFF7F7
:107760004DFF6400092DA4B2F5D1182269460E48D8
:10777000F8F7DCFE002814BF0124002404D01822EE
:1077800069460948F8F706FF084B22461978084B66
:10779000054803EB410100F00FF80446FFF7B6FE81
:1077A0002043C0B207B030BDD2490020024A0020B9
:1077B000EA490020704700002DE9F04106460D46D9
:1077C0001446134F42B101233B7005F017FE114BD5
:1077D00018600020BDE8F08197F80080B8F1000F34
:1077E000F7D00C4B186805F0BEFD0028F1D00C2234
:1077F00031462846F8F79AFE28B10C223146284631
:10780000F8F7C8FE4446002320463B70E2E700BF7D
:10781000002000200420002010B5074C00224FF467
:107820000071204608F0DCFC4FF4165007F046F8D3
:107830002069C0F3402010BD0004004038B5C824C2
:1078400006F0C6FF054648B9013C4FF47A70A4B271
:1078500007F0FDF9002CF3D106F0AEFF284638BD45
:10786000014B5878704700BF0B20002010B5FFF780
:10787000E5FF064C2070FFF7CFFF6070FDF764FF57
:1078800018B1BDE8104000F045B810BD0B20002035
:1078900008B5FDF759FF18B9BDE8084000F03CB83D
:1078A00008BD0000034B187809288CBF0020012078
:1078B000704700BF0A20002070B5144D04462B7895
:1078C0000E46092B16D82046314600F055F80446DE
:1078D000C8B92B78FF2B1CBF01332B702B78092BD9
:1078E00094BF0124002403D905F0BEFD084B188085
:1078F000204670BD064B188805F02EFDB0F5FA7FC6
:10790000E1D20024F4E700232B70F1E70A200020E5
:107910000820002005F054BE05F03EBEF8B5044630
:107920001E46BDF8187062B10C234343104DE85C4D
:107930001D44904238BF02466B880E481844F8F741
:1079400029FE204605F03EFE054670B16FB10C20C1
:10795000074900FB04110A79CB880649BA4228BFBF
:107960003A4630461944F8F715FE2846F8BD00BFE0
:107970001C0E00201020002000F0CEB900F008BA44
:10798000054B1A68054B92F83A1083F8901092F85C
:107990003B2083F8AC207047A01601081C0E002085
:1079A00003F052BE114B70B51C68032104F139007D
:1079B00003F0EBFF94F83830834215D194F9392065
:1079C0000F2A11DC0C210A4B01FB02339D685DB1CB
:1079D000AC4694F83B2094F83A0004F15C0304F1BF
:1079E0003C01BDE87040604770BD00BFA0160108B3
:1079F0001C0E00202DE9F04390461D460022012375
:107A000085B000930E46DDE90C9711460DF10F038A
:107A1000FFF784FF044650B3D8F8000005F0A3FC3C
:107A200063281CD90022BBB21146009330462B4676
:107A3000FFF774FF39460446484603F0A6FF9DF859
:107A40000F30834214BF002404F001041CB105F080
:107A5000D5FCC8F80000204605B0BDE8F0833946E3
:107A6000484603F092FF9DF80F308342DAD13A4640
:107A700049462846F8F78EFDEDE700001E4B2DE93C
:107A8000F0411E68082386B006F11B08019304210B
:107A900003201A4ACDF8008004ABFFF7ABFF054680
:107AA00020B1174FB27E3B789A4215D1284606B0D6
:107AB000BDE8F0819DF80F109DF80E0003F036FD33
:107AC000044650B9002305201A4619460093FFF7D3
:107AD00025FF2040C5B20BE0002440460DF10F0207
:107AE0000DF10E0103F008FD0028E3D1002CE9D1CF
:107AF000B37E3B70DAE700BFA0160108B420002077
:107B00008C20002070B50C260E4B86B01B680D46ED
:107B100002330093012100200B4A01960DEB06036E
:107B2000FFF768FF044628B1324608480DEB06010E
:107B3000F8F730FD0C2228460449F8F72BFD2046C3
:107B400006B070BDA0160108AC20002098200020CF
:107B5000F7B5044608680D4617461E4605F003FCB7
:107B6000632800D87FB1002320463146BDF820208D
:107B70000093FFF7D3FE044610B105F03FFC2860E8
:107B8000204603B0F0BD0124FAE72DE9F041144688
:107B9000069F05460E463A4619462046F8F7C6FCAB
:107BA000021E234631462846BDE8F04118BF012297
:107BB000FFF7CEBF7FB5FFF741F80390FFF750F80E
:107BC0000490FFF75FF80C22064B05901B680092AB
:107BD00005492C336A440A20FFF7D7FF07B05DF848
:107BE00004FB00BFA0160108A820002007B50C2147
:107BF000054B02461B6800910E3304490220FFF733
:107C0000C4FF03B05DF804FBA0160108B0200020FB
:107C10001FB505F075F90122074B8DF80F001B68A1
:107C2000009206492A330DF10F020920FFF7ADFF3C
:107C300005B05DF804FB00BFA0160108BC200020C1
:107C400037B501240E4B07201D680E4B95F8281000
:107C50001A7800948A1A18BF01220B49FFF778FF9F
:107C600058B10A4B95F829101A7808208A1A18BFBB
:107C7000012207490094FFF76BFF03B030BD00BF3E
:107C8000A01601081E1F0020942000201A1F0020AB
:107C90009020002030B50E4D85B0286805F063FBBC
:107CA000632812D9FFF718FB002302300390042247
:107CB0000620009303A9FFF731FE044610B105F03A
:107CC0009DFB2860204605B030BD0124FAE700BFC7
:107CD000B82000202DE9F04706460F469046FFF7F2
:107CE000E1FD002814BF4FF00A094FF001090125FA
:107CF00039463046C04710B901354D4501DDBDE874
:107D0000F087044605FB05FA4FF47070013406F065
:107D1000D5FD5445F8D1EBE738B5164A04460D4673
:107D2000FFF7D8FF20B329462046134AFFF7D2FFBA
:107D3000F0B129462046114AFFF7CCFFC0B12946D1
:107D400020460F4AFFF7C6FF90B1294620460D4A4C
:107D5000FFF7C0FF60B1294620460B4AFFF7BAFF84
:107D600030B129462046BDE83840084AFFF7B2BF87
:107D7000002038BD057B0008ED7B00087D7A0008F7
:107D8000957C0008417C0008117C0008B57B000848
:107D900070B50E46054607F097FF294B0C221C686C
:107DA0003146A31C1846F8F7F5FB0C2103F0EDFD56
:107DB000264606F80E0B07F08DFF07F085FF0C2214
:107DC0003146284604F11B05F8F7E4FB07F082FF73
:107DD00007F07AFF284603F02FFC0821284603F01D
:107DE000D4FDA07607F076FF07F06EFF154B606AB2
:107DF0001A68904202D01860FFF760FA07F06AFF35
:107E000007F062FF94F828200F4B1A7094F829208D
:107E10000E4B1A7007F05EFF07F056FF94F82A0029
:107E200005F068F807F056FF07F04EFF04F12C004C
:107E300007C8FEF72DFFBDE8704007F04BBF00BF3D
:107E4000A0160108A42000201E1F00201A1F0020D9
:107E50000E2808DD0C22044B02FB00303C2343803B
:107E60005C238160C38070471C0E0020F0B587B092
:107E70000E4617461D468DF80F00FFF713FD10B98B
:107E8000002007B0F0BD9DF90F300E2BF8DD202E3D
:107E9000F6D8202DF4D8002403210DF115008DF81B
:107EA00015308DF814408DF816608DF8175003F0DA
:107EB0006CFD154B8DF8140083F8906083F8AC507E
:107EC000042223460B20009405A9FFF727FD002874
:107ED000D6D02346324639460C200094FFF71EFDCB
:107EE0000028CDD0234601220D2000940DF10F0172
:107EF000FFF714FD0028C3D0224621460C9B0095B5
:107F00000E20FFF70BFDBCE71C0E0020FEF75CBF48
:107F100008B505F036FA05F0CBFFFEF7E9FE05F0EF
:107F2000C9FFFEF71DFF05F0D3FF05F0D7FFFFF7F0
:107F3000EDFF05F0D5FF05F095FF03F0DBFDFEF743
:107F4000E9FEF2E7002307B5014601220DF1070023
:107F50008DF8073000F08CF89DF8070003B05DF84D
:107F600004FB002307B5014602220DF10600ADF81F
:107F7000063000F07DF8BDF8060003B05DF804FBA4
:107F800007B50422002301460DEB0200019300F027
:107F90006FF8019803B05DF804FB07B501228DF876
:107FA000071001460DF1070000F067F803B05DF817
:107FB00004FB07B50222ADF8061001460DF10600DC
:107FC00000F05BF803B05DF804FB07B504220191F3
:107FD00001460DEB020000F050F803B05DF804FB21
:107FE000F8B505461446D31D23F0070300AFADEBEB
:107FF000030D68460E4600F03BF8224669462846C7
:10800000F8F794FA20B122463146284600F035F8B8
:10801000BD46F8BD38B50C460546FFF793FFA042B4
:1080200005D021462846BDE83840FFF7B6BF38BD29
:1080300038B50C460546FFF794FFA04205D021460F
:108040002846BDE83840FFF7B4BF38BD38B50C4608
:108050000546FFF795FFA04205D021462846BDE81A
:108060003840FFF7B2BF38BD00F012B900F038B8A1
:108070000B460146184600F04DB80B46014618461F
:1080800000F09AB808B5064B4FF48052184600210C
:10809000F8F772FB41F2080200F580531A6008BD40
:1080A000C020002010B5054C23792BB900F069F9E8
:1080B00008B10120207110BD0220FCE7C030002073
:1080C00010B5064C237933B100F065F910B10023E7
:1080D0000120237110BD0220FCE700BFC03000204A
:1080E00038B5FFF7DFFF044618B9FFF7E9FF204670
:1080F00038BD00F048F90546FFF7C4FF012C06D152
:10810000FFF7DEFF00280CBF002505F001052C4617
:10811000EDE7000008B5034608469918B1F5805F01
:1081200005D804491944F8F735FA012008BD0020A4
:10813000FCE700BFC020002038B500F024F9044659
:1081400008B3FFF7AFFF4FF4007205461249002055
:1081500000F03EF970B10EA3D3E900234FF4805133
:108160000D4803F060F902460B464FF4805000F0D2
:1081700061F950B90024012D01D1FFF7A1FF41F2AF
:108180000802064B1A60204638BD0224F3E700BF00
:1081900025232284E49CF2CBC0200020C0300020A4
:1081A000044B1B68B3F5005F01D3FFF7C5BF012087
:1081B000704700BFC03000208318B3F5805F2DE901
:1081C000F34705460F4616461AD8304C00EB040814
:1081D00041463846F8F7AAF9002854D032463946C5
:1081E0004046F8F7D7F9FFF75DFF814630B104F557
:1081F00080583EB9FFF7D4FF044639E0FFF760FF2F
:1082000000243CE0052EB24628BF4FF0050A0522A7
:1082100000210DF10300F8F7AFFAC5F3024343EA7A
:10822000CA03524639468DF800300DF103002B0A7F
:108230008DF801308DF80250F8F7ACF9DDE9002334
:10824000D8F8000000F0F6F8044688B1D8F80030FD
:108250000833C8F80030FFF7A3FF0128044604D113
:10826000A6EB0A0655445744C3E7022818BF00246A
:10827000B9F1010F03D1FFF723FF0028C0D020463A
:1082800002B0BDE8F0870124F9E700BFC02000205C
:108290007FB5FFF7F7FE00F06FF8044610B9FFF75F
:1082A000F1FE5BE04FF400720020314900F075F8F8
:1082B0002F4D044610B9FFF7E5FEF0E72AA3D3E9F6
:1082C00000234FF48051284603F0ADF806460C46D3
:1082D0004FF4805002A900F078F8DDE902239C42B7
:1082E00008BF964201D0FFF7CDFE41F2080469466F
:1082F000204600F06AF8034640B3DDE9000350EA87
:10830000030220D010F0C00FCDE9020304F10804ED
:10831000C1B2C0F3811318D10A0400F47F46C0F340
:10832000074002F4E02230431043CA0800EBD101B9
:10833000B1F5805F0AD80DF10B012844F8F72AF94E
:10834000B4F5005FD3D1012300E00023094A146093
:108350003BB9FFF7F1FE04460028A0D0204604B048
:1083600070BDFFF71DFFF6E725232284E49CF2CBC6
:10837000C0200020C030002008B500F0DDF801204A
:1083800008BD0120704708B5002000F0D7F8B0FA0A
:1083900080F0400908BD0120704738B5D5002A4655
:1083A0000C4600F0E8F818B921462544A94203D14B
:1083B000B0FA80F0400938BDD1E90023D243DB4355
:1083C00041F8082B41F8043CF0E70122FFF7E5BF34
:1083D0002DE9F0470646884615460027C0B0202DF7
:1083E000A94628BF4FF020094FEAC90A52466846FD
:1083F00008EBC701F8F7CEF800246B464C450DD1C9
:1084000052466946304600F0D4F888B92D1B5644D0
:108410002744E4D1012040B0BDE8F087D3E9000152
:10842000C043C94343F8080B43F8041C0134E5E793
:108430000020F0E707B5CDE9002369460122FFF7E8
:10844000C7FF03B05DF804FB002208231146014872
:1084500005F00CBA0C08004008B5FFF7F5FF30B185
:10846000062005F013FA05F049FA002008BD4FF088
:10847000FF30FBE7F7B51F468DF807100B0A090C14
:10848000064615468DF804008DF806308DF8051067
:10849000FFF7DAFFE8B104210DEB010005F01AFA4D
:1084A000044648B945B1022E0BD0032E0ED1284602
:1084B000B9B205F019FA044605F020FA204603B0D7
:1084C000F0BD2846B9B205F005FAF4E74FF0FF34E5
:1084D000F2E74FF0FF34F1E710B5FFF7B5FF88B1D1
:1084E000052005F0D3F905F0E3F9044605F006FA96
:1084F000002C05DB14F0010F14BF6FF003040024FF
:10850000204610BD4FF0FF34FAE710B5044604F0E2
:1085100075FF4FF47A7303FB040404F06FFFA0426D
:1085200004D2FFF7D9FF031DF7D010BD6FF0010093
:10853000FBE70120FFF7E9BF05F01AB900F580332A
:10854000B3F5002F10B5044612D283B283B9FFF7FA
:10855000F0FF78B9FFF780FF60B903460246214675
:10856000D820FFF787FF28B9BDE81040FFF7E1BF2B
:108570004FF0FF3010BD2DE9F04107460D4616467D
:10858000FFF7D7FF0446804638B13246002128461F
:10859000F8F7F2F82046BDE8F08133462A4639461E
:1085A0000320FFF767FF04460028F3D03246414618
:1085B000EDE72DE9F04106460F46154675B9FFF780
:1085C000B8FF044638B9FFF73FFF30B3042005F089
:1085D0005DF905F093F92046BDE8F0815FFA86F871
:1085E000C8F58078A84528BFA846FFF7A2FF044633
:1085F0000028F0D1FFF730FF04460028EBD14346B6
:108600003A4631460220FFF735FF04460028E2D102
:1086100047444644A5EB0805D0E74FF0FF34DAE7BE
:1086200038B54C790546002C42D0FEF74FF900F0E2
:108630002203A5F5F04020380A280AD8DFE800F028
:10864000060B0F14181D21262A2F330002F041FDBE
:108650000024204638BD23B102F0DEFDF8E7002BF0
:10866000FAD002F0C5FDF3E723B102F039FEEFE7DF
:10867000002BFAD002F022FEEAE723B102F058FE06
:10868000E6E7002BFAD002F03FFEE1E723B102F06B
:1086900077FEDDE7002BFAD002F05EFED8E723B1CB
:1086A00002F0A2FED4E7002BFAD002F08FFECFE753
:1086B0000124CEE738B54D790446A5B9FEF706F991
:1086C00000F02203A4F5F04040380E2849D8DFE836
:1086D00000F0080C0F12161B1F24282D31363A3FCC
:1086E000430002F00BFD284638BD02F01FFDFAE7FB
:1086F00002F0EFFCF7E723B102F08EFDF3E7002B69
:10870000FAD002F075FDEEE723B102F0E9FDEAE7E9
:10871000002BFAD002F0D2FDE5E723B102F008FE0B
:10872000E1E7002BFAD002F0EFFDDCE723B102F025
:1087300027FED8E7002BFAD002F00EFED3E723B1D4
:1087400002F052FECFE7002BFAD002F03FFECAE75C
:1087500023B102F066FEC6E7002BFAD002F05EFEFF
:10876000C1E70125BFE7000030B510F47F4F85B0A9
:108770000190C0F30725C0F3074217D109B1314B6F
:108780009A5C8DF80C208DF80D208DF80E200020BD
:108790009DF80C3063F307009DF80D3063F30F2054
:1087A0009DF80E3063F3174005B030BD9DF80440CE
:1087B00061B3244B9A5C0620FF236043591BB0FB36
:1087C000F3F06FF05403434303EB440303EB430321
:1087D000DBB203FB05F4C3F1FF036B4324121B124E
:1087E000C4F1FF04C3F1FF03514354435343C1F3A6
:1087F0000721C4F30724C3F30723D2B206281CD8E9
:10880000DFE800F006080F12161B060092B2D2E74E
:1088100014461A468DF80C408DF80D208DF80E1078
:10882000B5E70C461946F5E723460C461146F0E736
:1088300010461C460A460146ECE7234614460A4603
:10884000F0E700BFC0160108012184B004B0FFF7B3
:108850008BBF012830B501D8C0B230BDB0F5F75F8D
:1088600088BFFF224FF001049EBF42090832D2B2F6
:10887000A3185910C3F34705C3F34F035B439BB2DF
:10888000834205D96A1ED2B29442F1D9601EE3E751
:10889000FF2902D06C1CE4B2F6E70846DDE70000D1
:1088A000074B188800EB402200EB820000F558507F
:1088B000193080B2188000EB1020C0B2704700BFA2
:1088C000EC0E002008B50146FFF7EAFF4843C0F36D
:1088D000072008BD10F0400316BFC2430246D2B2C3
:1088E00010B502F00F0103B10131094CC2F30112BE
:1088F00004EB42035B78594314F81230020603EB91
:108900002113DBB244BF5B42DBB283F0800010BDB9
:10891000A41601081FB5C0F3074401905008FFF7E3
:10892000D9FFA0F180035BB2002BBCBFC0F1800077
:1089300043B200205B00DBB204FB03331B128DF853
:108940000630019BDAB262F30700C3F3072262F339
:108950000F20C3F3074363F3174004B010BD0000BA
:10896000144B84B003EB4103E521019093F86C3084
:10897000C0F307204B43C2EB13231C33002BB8BFBB
:108980005B42A0EBC3031BB223EAE37300FB033398
:1089900000201B128DF80530019BDAB262F307004C
:1089A000C3F3072262F30F20C3F3074363F31740B7
:1089B00004B070479A0C0020144B84B003EB4103C1
:1089C000E521019093F86C30C0F307404B43C2EBB4
:1089D00013231C33002BB8BF5B42A0EBC3031BB2B5
:1089E00023EAE37300FB033300201B128DF80630EB
:1089F000019BDAB262F30700C3F3072262F30F2090
:108A0000C3F3074363F3174004B070479A0C002088
:108A100084B0019000208DF80420019BDAB262F34B
:108A20000700C3F3072262F30F20C3F3074363F386
:108A3000174004B07047000084B001900B4800EB71
:108A4000410090F86C3000209B1A8DF80430019B97
:108A5000DAB262F30700C3F3072262F30F20C3F315
:108A6000074363F3174004B0704700BF9A0C00201F
:108A700084B001900B4800EB410090F86D3000206D
:108A80009B1A8DF80430019BDAB262F30700C3F33E
:108A9000072262F30F20C3F3074363F3174004B0C8
:108AA000704700BF9A0C002030B5134B85B03431AD
:108AB000019003EB4104657903EB4103A5F1200428
:108AC00064B21B79002CBCBFC5F1200464B29A1AB1
:108AD0002244C0B210448DF804000020019BDAB299
:108AE00062F30700C3F3072262F30F20C3F30743C7
:108AF00063F3174005B030BD9A0C002084B001909C
:108B000000209DF8102003EB430302EB53038DF884
:108B10000430019BDAB262F30700C3F3072262F369
:108B20000F20C3F3074363F3174004B070471FB52A
:108B300092B2019048B2002802FB02F2BCBF494247
:108B400048B2C0F1380000FB002080B21C46FFF79D
:108B500080FE00EB4000044400208DF80440019B9F
:108B6000DAB262F30700C3F3072262F30F20C3F304
:108B7000074363F3174004B010BD000084B00190B8
:108B800003F13400104B03EB400358791B79203874
:108B9000703B4B4302FB003200209DF80410002A7A
:108BA000B8BF7F3201EBE2128DF80420019BDAB2EC
:108BB00062F30700C3F3072262F30F20C3F30743F6
:108BC00063F3174004B070479A0C002084B0019002
:108BD00003F13400104B03EB400358791B79203824
:108BE000703B4B4302FB003200209DF80410002A2A
:108BF000B8BF3F3201EBA2128DF80420019BDAB21C
:108C000062F30700C3F3072262F30F20C3F30743A5
:108C100063F3174004B070479A0C002030B5174C2E
:108C200085B03433019004EB430425796379A5F1D1
:108C3000700464B2203B002C02FB03F3BCBFC5F1FF
:108C4000700464B2C4F1380201FB023212EB42023A
:108C5000C0B248BF7F3200EBE21200208DF8042042
:108C6000019BDAB262F30700C3F3072262F30F201D
:108C7000C3F3074363F3174005B030BD9A0C0020DF
:108C800001F13403114984B0019001EB43014879AB
:108C90000B792028A3EB00034FF0000003EB430304
:108CA000DBB28CBFD2189A1AD2B28DF80420019B85
:108CB000DAB262F30700C3F3072262F30F20C3F3B3
:108CC000074363F3174004B0704700BF9A0C0020BD
:108CD0001FB5C4B201905008FFF7FCFDA0F180035E
:108CE0005BB2002BBCBFC0F1800043B20D205B0023
:108CF000DBB24343002004EB13238DF80430019BC7
:108D0000DAB262F30700C3F3072262F30F20C3F362
:108D1000074363F3174004B010BD000030B50D46A3
:108D200085B00190C4B21046FFF7D4FD124901EBA3
:108D3000450191F86C2002440D20D2B2A2F18003CB
:108D40005BB2002BBCBFC2F1800253B25B00DBB24E
:108D50004343002004EB13238DF80430019BDAB267
:108D600062F30700C3F3072262F30F20C3F3074344
:108D700063F3174005B030BD9A0C0020114B84B04E
:108D8000019003EB410393F86C10C0B28B1A5BB2F5
:108D9000002BBCBF521A53B21922DBB2534300EB73
:108DA00013208DF804000020019BDAB262F3070063
:108DB000C3F3072262F30F20C3F3074363F31740A3
:108DC00004B070479A0C0020FF2928BFFF21C94337
:108DD00084B00190C9B2C0F3074000FB011100202C
:108DE00009128DF80610019BDAB262F30700C3F393
:108DF000072262F30F20C3F3074363F3174004B065
:108E00007047FF2928BFFF21C94384B0C9B2019030
:108E100001EB8111C0B200EB112100208DF804108C
:108E2000019BDAB262F30700C3F3072262F30F205B
:108E3000C3F3074363F3174004B0704784B003EBF8
:108E40008302BDF81030019013449BB2FF2B28BF62
:108E5000FF23DB43C0F30740DBB20344FF2B28BFF3
:108E6000FF2300208DF80630019BDAB262F3070081
:108E7000C3F3072262F30F20C3F3074363F31740E2
:108E800004B0704700291FB5B8BF4942002AB8BFD7
:108E9000524209B2090112B2FF294FEA0212A8BFD9
:108EA000FF21FF2AA8BFFF22BDF8184009B21C44C9
:108EB00012B2A4B29142D4BF6418A418A3B2FF2B7B
:108EC00028BFFF23DB430190DBB2C0F3074003441C
:108ED000FF2B28BFFF2300208DF80630019BDAB25C
:108EE00062F30700C3F3072262F30F20C3F30743C3
:108EF00063F3174004B010BD1FB5482B0190C0F3B9
:108F0000074030D8BDF81840E31A9BB2FF2B28BFAA
:108F1000FF23083189B2102905D902F1080189B26D
:108F2000112928BFFF23DB43DBB20344002AB8BF6B
:108F30000332FF2B28BFFF2300200C498DF8063099
:108F4000497801EBA2028DF80420019BDAB262F3AA
:108F50000700C3F3072262F30F20C3F3074363F351
:108F6000174004B010BDFF23D3E700BF084A00201C
:108F700084B0BDF81020C0F30741D31A9BB2FF2B79
:108F800028BFFF23DBB2DA43D2B21144FF2928BF46
:108F9000FF210190034400208DF804308DF8061065
:108FA000019BDAB262F30700C3F3072262F30F20DA
:108FB000C3F3074363F3174004B0704784B0BDF8B0
:108FC00010200190D31A9BB2FF2B28BFFF23DB4355
:108FD000C0F30740DBB20344FF2B28BFFF23002070
:108FE0008DF80630019BDAB262F30700C3F3072263
:108FF00062F30F20C3F3074363F3174004B07047D5
:109000007FB5164E1546735C0190C0F3074413B943
:10901000FFF746FC7054705C28444008FFF75AFC88
:10902000A0F180035BB2002BBCBFC0F1800043B253
:1090300000205B00DBB204FB03331B128DF806300B
:10904000019BDAB262F30700C3F3072262F30F2039
:10905000C3F3074363F3174004B070BD60320020D0
:109060001FB5184B0190C0F3074401EB810118684C
:10907000154BC1EB811108441979C90800FB0100A7
:10908000C0F30720FFF726FCA0F180035BB2002BA2
:10909000BCBFC0F1800043B200205B00DBB204FB28
:1090A00003331B128DF80630019BDAB262F307001E
:1090B000C3F3072262F30F20C3F3074363F31740A0
:1090C00004B010BD104A0020084A0020024B1A7854
:1090D00010431870704700BFCA30002010B5044616
:1090E00020B90029ACBF0020802010BD80EAE073C9
:1090F000A3EBE0731BB2002903EB0102A7BFCB1A5D
:109100005B015B1A5201ABBF93FBF2F392FBF3F3EB
:10911000C3F12003C3F160035BB2D8B2002CBCBF23
:109120004042C0B2E1E730B5C0F3072585B0EB1A85
:1091300001901046DCB2FFF7D1FFC0EB801300EBCB
:10914000830300201C44E3B205FB03331B128DF89C
:109150000530019BDAB262F30700C3F3072262F322
:109160000F20C3F3074363F3174005B030BD30B59C
:10917000C0F3074585B0EB1A01901046DCB2FFF74B
:10918000ADFFC0EB801300EB830300201C44E3B26F
:1091900005FB03331B128DF80630019BDAB262F334
:1091A0000700C3F3072262F30F20C3F3074363F3FF
:1091B000174005B030BD30B585B09DF82040C0F3F4
:1091C0000725019010461C1BFFF788FF2C44E4B2D2
:1091D000241A0020E3B205FB03331B128DF805307F
:1091E000019BDAB262F30700C3F3072262F30F2098
:1091F000C3F3074363F3174005B030BD30B585B006
:109200009DF82040C0F30745019010461C1BFFF756
:1092100065FF2C44E4B2241A0020E3B205FB0333BB
:109220001B128DF80630019BDAB262F30700C3F31C
:10923000072262F30F20C3F3074363F3174005B01F
:1092400030BD1FB5019010461C46FFF747FF204474
:109250008DF804000020019BDAB262F30700C3F32B
:10926000072262F30F20C3F3074363F3174004B0F0
:1092700010BD1FB59DF81840019010461C1BFFF74C
:109280002DFFE4B2241A00208DF80440019BDAB2CD
:1092900062F30700C3F3072262F30F20C3F307430F
:1092A00063F3174004B010BD84B004B0FFF7CCBA2C
:1092B0002DE9F74FDFF8CCA000EBC0080AEB08035C
:1092C0005B5C0746FF2B0E462BD000252E4A9044B0
:1092D0004FF0000B05EBC50403F134090AEB040160
:1092E0000AEB4909144411F801EBBEF1FF0F0ED04F
:1092F000E8B2874218D15FFA8BF0864214D118F891
:1093000006002030FF2828BFFF2008F806000BF1D8
:10931000010BBBF1090F04F10104E4D101350C2D5F
:10932000D6D103B0BDE8F08F0EF1340E0AEB4E0E2D
:109330009EF8040099F804C09EF805E0ACEB000C20
:1093400099F805000191A0EB0E0080B240430CFBA0
:109350000C0080B20093FFF77CFA2828009B01994B
:10936000094AD4D894F800C0C0F12800C0B210282F
:1093700094BF84440CF1100C6046FF2828BFFF20E6
:109380002070C4E79A0C0020CC30002008B50348B8
:10939000FDF7FDFB0022024B1A7008BD084A0020B1
:1093A000CA30002010B5094C352320460322084955
:1093B00000F8013BF7F7EEF84FF67F732046A380E5
:1093C000FDF7E5FB0022034B1A7010BD084A002090
:1093D000D40F0108CA3000200020704770B5044641
:1093E0000E461546FFF7F8FF054B04EBC4041C447A
:1093F000A35DFF2B1EBF2B540130C0B270BD00BF58
:109400009A0C0020014BDB68184700BFB01601081A
:1094100070470000F7B50C4615461E46FFF7F8FFEB
:1094200000280ADB064F21467C6833462A46A446BC
:10943000019403B0BDE8F040604703B0F0BD00BF49
:10944000B0160108F7B51F4B0546034493F8F430F6
:10945000194234D01C4E1D4B34791B88E40804FBA0
:109460000333711C1C1203226846F7F793F8E0B22D
:10947000FFF730FAA0F1800464B2002CBCBFC0F149
:10948000800044B21F207778F678FFF71BFA64005B
:10949000E4B206FB0444074424128DF800708DF8F2
:1094A00002400098FFF700FFC0F30743C0F3072214
:1094B000C1B2284603B0BDE8F040FFF7ABBF03B030
:1094C000F0BD00BF9A0C0020084A0020104A00207E
:1094D000F7B51F4B0546034493F8F430194234D0D6
:1094E0001C4E1D4B34791B88E40804FB0333711CAC
:1094F0001C1203226846F7F74DF8E0B2FFF7EAF9CD
:10950000A0F1800464B2002CBCBFC0F1800044B262
:109510001F20B778F678FFF7D5F96400E4B206FBB0
:109520000444074424128DF801708DF8024000981D
:10953000FFF7BAFEC0F30743C0F30722C1B22846C3
:1095400003B0BDE8F040FFF765BF03B0F0BD00BF5A
:109550009A0C0020084A0020104A002073B51B4BCB
:109560000446034493F8F43019422DD0184E194B99
:1095700035791B88ED0805FB0333711C1D1203228E
:109580006846F7F707F8E8B2FFF7A4F9A0F18003FF
:109590005BB2002BBCBFC0F1800043B2F6785B0029
:1095A000DBB206FB03331B128DF802300098FFF785
:1095B0007BFEC0F30743C0F30722C1B2204602B0CE
:1095C000BDE87040FFF726BF02B070BD9A0C0020C6
:1095D000084A0020104A002013B5124B04460344E9
:1095E00093F8F43019421BD0FFF75AF98DF80000B8
:1095F0008020FFF767F90C4B7F30DB788DF8010096
:109600008DF802300098FFF74FFEC0F30743C0F318
:109610000722C1B2204602B0BDE81040FFF7FABEF3
:1096200002B010BD9A0C0020084A002037B5134B39
:109630000446034493F8F43019421DD0104D032220
:10964000691C6846F6F7A6FF03206D78FFF73AF924
:109650006FF01F0303FB00558DF800500098FFF7D3
:1096600023FEC0F30743C0F30722C1B2204603B074
:10967000BDE83040FFF7CEBE03B030BD9A0C0020ED
:10968000084A0020014B9B68184700BFB01601082C
:109690002DE9F04F524B87B0DC78524E04EB440377
:1096A0004FEAA30B9B080293FF23B3FBF4F3019350
:1096B00083785BB1002211461046FFF7E3FF6C226E
:1096C00000214948F7F758F8002333700025474F29
:1096D000DFF814A13B7801333B70D0464FF000090E
:1096E00032785FFA89F31A4363D10393F7F7C8F826
:1096F0003F4B9842039B5CDC8AF8004029461846A1
:1097000004AAFFF76BFE98B198F80020029B9DF821
:1097100010009A425CD9A2EB0B030BFB03F3A4EB02
:109720000B0293FBF2F32246DBB21946FFF772FEFF
:1097300009F10109B9F10C0F08F10908D0D101357F
:10974000EDB2092D0AF1010AC7D13B78019A934283
:1097500004BF00233B7033780133DBB21C2B3DD9AF
:1097600000233370234E0B233546671E30462946AF
:1097700009220B2B04D190F800C0644508BF077084
:1097800011F809CC013AA44524BF01F8097C0C70FA
:1097900012F0FF0201F1010100F10100E9D1013BEA
:1097A00013F0FF03A5F10905E0D1002007B0BDE8E3
:1097B000F08F98F80020002AA0D094429ED93978E2
:1097C0000198814204BF02F1FF3288F8002095E73A
:1097D0006243B2FBFBF20023D2B2A6E73370E4E7A8
:1097E000084A0020CB300020CC300020C8300020B8
:1097F000545555052F3100202DE9F04F85B0064610
:109800000F461546FBF7A0FF8046002852D0002DDA
:1098100053D03946304602AAFFF7E0FD0446DFF890
:10982000D49099F800302344082B23DDC4F1080AB2
:10983000611C5246494409F10100F6F7ABFE04F100
:1098400009015246494409F10900F6F7A3FE09EB64
:1098500044014FEA4A02193109F11900F6F79AFE5C
:1098600004F111015246494409F11100F6F792FE44
:1098700089F800A0002299F800C011469146DFF84F
:1098800074E00DF1080BD0B200EB0C03DBB28442A4
:10989000019314D86444E4B209B1164B1C704DB165
:1098A000154B1B7803F0FC03802B03D1394630465F
:1098B000FFF7FEFC05B0BDE8F08F2C46AFE7019B3B
:1098C0001BF801AB0EEB03000C4B0AF1340103EB68
:1098D00041010B7949794370019B41720C330EEBC6
:1098E0004303414680F811A083F8019083F8029069
:1098F0000132C8E73B310020084A00209A0C0020C2
:109900000C4B1B68C3F38123022B0CD0032B0ED00E
:10991000012B4FF0000203D011461420FFF7B2BE16
:1099200014211046FAE7002114220846F6E7142213
:10993000F2E700BF104A0020012070470120704765
:1099400008B5FFF7FBFF08BD08B5FFF7F5FFFFF708
:10995000F7FF08BDC0EBC00043000020DBB203F1FD
:109960000E02D2B2442A63F30700134628BF4423F1
:1099700082B063F30F2002B0704700002DE9F04F72
:10998000074689B000780291FFF7E4FFDFF8BC805A
:109990002F4A98F80450C4B26B081588C0F3072BFF
:1099A00003FB05552B4BC5F3072503EB440603F1D9
:1099B000F409E3B29B4507D8BBF1430F8CBF0020ED
:1099C000012009B0BDE8F08F14F809207B781A4215
:1099D00038D096F86D2096F86C10203A92B202FBBF
:1099E00002F070391FFA81FA0AFB0A0080B2039272
:1099F000FEF72FFF98F801C0034698F8020098F888
:109A000003E0039A4CEA002012B20FFA8AF1DDF863
:109A100008C040EA0E400095E047C0F307238DF8E8
:109A20001C00C0F307408DF81D308DF81E0007980C
:109A3000FFF73AFCC0F30743C0F30722C1B2204648
:109A4000FFF7E8FC02360134B3E700BF084A002004
:109A5000104A00209A0C00200149FFF78FBF00BF79
:109A6000B79100080149FFF789BF00BFFD910008C9
:109A70000149FFF783BF00BFFD8A00080149FFF7D6
:109A80007DBF00BF739200082DE9F04F074685B0F7
:109A90000078FFF75FFF8A46DFF89880264A98F83B
:109AA0000450C4B26B081588C0F3072B03FB05559F
:109AB000224BC5F3072503EB440603F1F409E3B297
:109AC0009B4507D8BBF1430F8CBF0020012005B098
:109AD000BDE8F08F14F809207B781A4226D098F858
:109AE000023098F8010098F803C096F86D2096F8B7
:109AF0006C1040EA0320203A70392B4640EA0C40B3
:109B0000D047C0F307238DF80C00C0F307408DF851
:109B10000D308DF80E000398FFF7C6FBC0F3074326
:109B2000C0F30722C1B22046FFF774FC02360134AD
:109B3000C5E700BF084A0020104A00209A0C002008
:109B40000149FFF7A1BF00BF279100080149FFF7B6
:109B50009BBF00BF6F9100080149FFF795BF00BF91
:109B60002F8B00080149FFF78FBF00BF4392000809
:109B70002DE9FF4706460078FFF7ECFE88461F4FA9
:109B80001F4B3D791B88AD0802355D43DFF874A09B
:109B9000C0F30729C5F30725C4B2E1B2894507D848
:109BA000B9F1430F8CBF0020012004B0BDE8F0875D
:109BB00014F80A2073781A421DD0B8787B782A46A8
:109BC00043EA0023F87843EA0040C047C0F3072384
:109BD0008DF80C00C0F307408DF80D308DF80E00A5
:109BE0000398FFF761FBC0F30743C0F30722C1B23C
:109BF0002046FFF70FFC0134CFE700BF084A0020E2
:109C0000104A00208E0D00200149FFF7B1BF00BFB0
:109C1000158900080149FFF7ABBF00BF6189000843
:109C20000149FFF7A5BF00BFB98900080149FFF747
:109C30009FBF00BF118A00080149FFF799BF00BF0D
:109C4000398A00080149FFF793BF00BF718A0008F5
:109C50000149FFF78DBF00BFA98A00080149FFF73E
:109C600087BF00BFD18C00080149FFF781BF00BF4B
:109C70001D8D00080149FFF77BBF00BF7D8D0008E7
:109C8000837810B5044623B1442200210448F6F736
:109C900073FD2046BDE810400249FFF769BF00BFD1
:109CA00060320020019000080149FFF761BF00BF4A
:109CB000619000082DE9F04F814689B0007803914A
:109CC000FFF748FEDFF8A8A02A4A9AF80440C6B277
:109CD000A3081488C0F3072503FB0444C4F3072436
:109CE00004F14000C0B2FEF7F5FDA0F18007204668
:109CF000FEF7F0FDDFF880B0A0F180087FB24FFAE8
:109D000088F8F3B29D4206D8432D8CBF0020012075
:109D100009B0BDE8F08F16F80B1099F80120114238
:109D200024D09AF802209AF801009AF803C040EA79
:109D300002203946424640EA0C400094DDF80CC04F
:109D4000E047C0F307238DF81C00C0F307408DF8EF
:109D50001D308DF81E000798FFF7A6FAC0F30743E1
:109D6000C0F30722C1B23046FFF754FB0136C8E703
:109D7000084A0020104A00208E0D00200149FFF7FC
:109D800099BF00BF7D8B00080149FFF793BF00BF5B
:109D9000CD8B00080149FFF78DBF00BF1D8C000867
:109DA0002DE9F04F334D074685B00078FFF7D2FD1F
:109DB0002E794FF6FF730136FF2E28BFFF26884607
:109DC000B3FBF6F6DFF8B0B0DFF8B0A0C0F30729B8
:109DD000C4B2E0B2814507D8B9F1430F8CBF00206F
:109DE000012005B0BDE8F08F14F80B207B781A42F3
:109DF0002ED09AF800302249013B5BB21A0629D5D1
:109E000032462B79A878591CFF290B4628BFFF231F
:109E100003FB02226B78C2F30F2143EA0023E878A8
:109E200043EA0040C047C0F307238DF80C00C0F39D
:109E300007408DF80D308DF80E000398FFF734FAC7
:109E4000C0F30743C0F30722C1B22046FFF7E2FA8E
:109E50000134BEE75A5C82420AD103F10C020AEBDC
:109E6000420292F801C092784CEA0222B242C8D370
:109E7000013BC3E7084A00208E0D0020144A002051
:109E8000254A00200149FFF78BBF00BFC98D00089C
:109E90000149FFF785BF00BF038E00082DE9F04F91
:109EA00082468DB008780492FFF754FD8B46414BF3
:109EB000C5B21B78C0F3072903933F4B03EB45075B
:109EC000F4330593EBB2994507D8B9F1430F8CBF32
:109ED000002001200DB0BDE8F08F059BEA5C9BF8E7
:109EE00001301A4221D0D0460024032233490AA867
:109EF000F6F750FB2F4B0AF101061E44039A5FFA56
:109F000088F39A4214D82E4BD87800FB04442412CC
:109F10008DF82A400A98FFF7C7F9C0F30743C0F34A
:109F20000722C1B22846FFF775FA01350237C9E7A3
:109F300016F8013B97F86C1097F86D20C91AF37961
:109F400089B2D21A92B202FB02F001FB010080B288
:109F500007920691FEF77DFC194B164A93F804E030
:109F600008F10C030EF1010EBEF1FF0F28BF4FF0F8
:109F7000FF0E02EB430393F801C09B78079A4CEA6B
:109F8000032C0EFB0CCC0699CCF30F238DF82A4042
:109F90000093049C034612B20A9809B2A047C0F38A
:109FA00007238DF828008DF82930C0F3074408F105
:109FB0000108A3E7144A00209A0C0020094A002057
:109FC000084A0020044B01461B78044A013B23EA5F
:109FD000E373D8B2FFF762BF144A00203D8E000839
:109FE0000146024A0020FFF759BF00BF3D8E00081E
:109FF000044B01461B78044A013B23EAE373D8B2C1
:10A00000FFF74CBF144A0020858E00080146024A23
:10A010000020FFF743BF00BF858E0008044B0146B8
:10A020001B78044A013B23EAE373D8B2FFF736BF3B
:10A03000144A0020F98E00080146024A0020FFF76A
:10A040002DBF00BFF98E0008044B01461B78044A5F
:10A05000013B23EAE373D8B2FFF720BF144A002084
:10A06000718F00080146024A0020FFF717BF00BFAA
:10A07000718F0008044B01461B78044A013B23EA18
:10A08000E373D8B2FFF70ABF144A0020BD8F00085F
:10A090000146024A0020FFF701BF00BFBD8F000844
:10A0A000F7B506460078FFF755FC184AC5B2537855
:10A0B000C0F307249078164F43EA0023D07843EA90
:10A0C0000040FFF7F1F8C0F307238DF80530C0F327
:10A0D00007438DF804008DF80630EBB29C4205D89A
:10A0E000432C8CBF0020012003B0F0BDEA5D7378E3
:10A0F0001A4208D028469DF806309DF805209DF8A4
:10A100000410FFF787F90135E7E700BF084A002090
:10A110008E0D00202DE9FF4106460078FFF71AFC5E
:10A12000DFF89C80032208F10101C4B2C0F30725C7
:10A1300001A8F6F72FFA019898F80170FFF7B4F824
:10A14000C0F307238DF8093098F804308DF8080023
:10A150001F448DF80470C0F307408DF80A00019881
:10A16000FFF7A2F8C0F307238DF80D30154FC0F3A9
:10A1700007438DF80C008DF80E30E3B29D4206D8EF
:10A18000432D8CBF0020012004B0BDE8F081E35DC9
:10A190007278134211D0DB07204643BF9DF80E3082
:10A1A0009DF80D209DF80C109DF80A305CBF9DF8BD
:10A1B00009209DF80810FFF72DF90134DDE700BFF5
:10A1C000084A00208E0D00202DE9FF470746007841
:10A1D000FFF7C0FBDFF86C800322C4B2C0F3072591
:10A1E00008F1010102A8F6F7D5F998F80460DFF844
:10A1F00058900136B608A9F1870AE3B29D4206D805
:10A20000432D8CBF0020012004B0BDE8F08714F876
:10A2100009207B781A4213D01AF814301A0998F8DA
:10A22000013002FB06338DF808300298FFF73CF846
:10A23000C0F30743C0F30722C1B22046FFF7EAF894
:10A240000134DAE7084A00208E0D00202DE9FF478F
:10A2500007460078FFF77EFBDFF870800322C4B268
:10A26000C0F3072508F1010102A8F6F793F998F861
:10A270000460DFF85C900136B608A9F1880AE3B201
:10A280009D4206D8432D8CBF0020012004B0BDE8BC
:10A29000F08714F809207B781A4214D01AF8143089
:10A2A00006FB03F298F8013003EB52138DF80830E7
:10A2B0000298FEF7F9FFC0F30743C0F30722C1B2CB
:10A2C0002046FFF7A7F80134D9E700BF084A00206D
:10A2D0008E0D00202DE9F04F074685B00078FFF77E
:10A2E00039FB0A23354E88463579DFF8D4A0B5FB13
:10A2F000F3F5344B02351B88EDB25D43C0F30729FB
:10A30000C5F30725C4B2AAF1870BE1B2894507D886
:10A31000B9F1430F8CBF0020012005B0BDE8F08FDC
:10A3200014F80A207B781A4229D01BF81430B07830
:10A33000202B73782A4643EA0023F07843EA004052
:10A340001FD9C047C0F307238DF80800C0F30740AA
:10A350008DF809308DF80A000298FEF7A5FFC0F3CA
:10A360000722C0F307418DF805208DF806108DF8FF
:10A370000400C3B2D2B2C9B22046FFF74BF8013491
:10A38000C3E7C047C0F307238DF80C00C0F30740B4
:10A390008DF80D308DF80E000398FEF785FFC0F3A1
:10A3A0000722C0F307438DF805208DF806308DF89D
:10A3B0000400DBB2D2B2C1B2DEE700BF084A00201F
:10A3C0008E0D0020104A00200149FFF783BF00BF17
:10A3D000818C0008F7B503780546C3B91E4B1B797D
:10A3E0001033FF2B28BFFF231A461C4B1B8802FB90
:10A3F00003330A22C3F30F23B3FBF2F102FB113341
:10A400009BB223B94420FEF75DFA154B18802878DB
:10A41000FFF7A0FA0446AB78C6B2C4F3072493B999
:10A420000F4F3888864210D8A0420ED26978C0B249
:10A43000FFF7FCF845233B8007E030466978FFF7DB
:10A44000F5F80136F6B2A642F7D3432C8CBF0020B4
:10A45000012003B0F0BD00BF084A0020104A0020D0
:10A46000DE0E0020F7B503780546CBB91E4B1B79ED
:10A470001033FF2B28BFFF231A461C4B1B8802FBFF
:10A4800003330522C3F30F23B3FBF2F202EB820284
:10A490009B1A9BB223B94420FEF714FA144B188080
:10A4A0002878FFF757FA0446AB78C6B2C4F30724FE
:10A4B00093B90F4F3888864210D8A0420ED26978DF
:10A4C000C0B2FFF789F845233B8007E03046697842
:10A4D000FFF782F80136F6B2A642F7D3432C8CBFC1
:10A4E0000020012003B0F0BD084A0020104A0020DF
:10A4F000DC0E00202DE9F04F804687B00078FFF792
:10A5000029FAC3B2009398F80230C0F307264BB182
:10A51000002211461046FFF7B5F86C2200213C4896
:10A52000F6F72AF998F800306BB93A4C208802F017
:10A5300013FF18288CBF01220022374B1A7002D952
:10A5400002F092FF20800025DFF8D0B02C46A9460B
:10A5500003E0B9F10D0F54D80024314905EBC50AC9
:10A5600001EB0A031A1901921B5D009A934240D332
:10A57000B3423ED20B4493F8F42098F8013009F12D
:10A5800001091A425FFA89F933D0214B9BF8032065
:10A590009A441AF80470A7F1550323EAE373C3F150
:10A5A000AA038DF810309BF802308DF8113007F1B6
:10A5B000AA03FF2B28BFFF2303EB43030233DBB2C5
:10A5C00002FB03331B128DF812300498FEF76CFE69
:10A5D000C0F30743C0F30722C1B201980078FEF729
:10A5E00019FF0D4B1B7823B1013F27EAE7770AF8E3
:10A5F00004700134E4B2092CAFD10135EDB20C2D59
:10A60000A7D1432E8CBF0020012007B0BDE8F08FFA
:10A61000CC30002038310020C9300020084A00200A
:10A620009A0C0020F7B503780546CBB91E4B1B7971
:10A630000533FF2B28BFFF231A461C4B1B8802FB48
:10A6400003330522C3F30F23B3FBF2F202EB8202C2
:10A650009B1A9BB223B94420FEF734F9144B18809F
:10A660002878FFF777F90446AB78C6B2C4F307241D
:10A6700093B90F4F3888864210D8A0420ED269781D
:10A68000C0B2FEF76BFF45233B8007E03046697898
:10A69000FEF764FF0136F6B2A642F7D3432C8CBF17
:10A6A0000020012003B0F0BD084A0020104A00201D
:10A6B000E40E0020F7B503780546CBB91E4B1B7995
:10A6C0000533FF2B28BFFF231A461C4B1B8802FBB8
:10A6D00003330522C3F30F23B3FBF2F202EB820232
:10A6E0009B1A9BB223B94420FEF7ECF8144B188058
:10A6F0002878FFF72FF90446AB78C6B2C4F30724D5
:10A7000093B90F4F3888864210D8A0420ED269788C
:10A71000C0B2FEF7DDFE45233B8007E03046697896
:10A72000FEF7D6FE0136F6B2A642F7D3432C8CBF15
:10A730000020012003B0F0BD084A0020104A00208C
:10A74000E20E0020F7B503780546CBB91E4B1B7906
:10A750000533FF2B28BFFF231A461C4B1B8802FB27
:10A7600003330522C3F30F23B3FBF2F202EB8202A1
:10A770009B1A9BB223B94420FEF7A4F8144B18800F
:10A780002878FFF7E7F80446AB78C6B2C4F307248D
:10A7900093B90F4F3888864210D8A0420ED26978FC
:10A7A000C0B2FEF74FFE45233B8007E03046697894
:10A7B000FEF748FE0136F6B2A642F7D3432C8CBF13
:10A7C0000020012003B0F0BD084A0020104A0020FC
:10A7D000E00E002007B50078FFF7BCF8C0F30720B3
:10A7E00043288CBF0020012003B05DF804FB13B5A3
:10A7F0000078FFF7AFF8C0F307242146C0B2F7F79F
:10A800008FFC432C8CBF0020012002B010BD000043
:10A810002DE9F04F764B8BB01B78764D834200903C
:10A820004FD1754A2B78127803F003039B1A18BF97
:10A830000123724C6278A3706B799A4205D0002292
:10A84000114610466370FEF71DFF009B342B3AD86B
:10A85000013B332B51D8DFE813F059005E00620052
:10A8600066006A006E00720076007A007E00820048
:10A8700086008A008E00920096009A009E00A20038
:10A88000A600AA00AE00B200B600BA00BE00C20028
:10A89000C600D50040010B02B902BD02C102C502CB
:10A8A000C902CD02D102D502D902DD02E102E502E0
:10A8B000E902ED02F102F502F902FD0201030503CE
:10A8C00009030123B5E7009BFF2B00F0D38200248E
:10A8D0004A4B1A7801321A70002C40F0D0820221C3
:10A8E000474A9B781170002B40F0C982009B002BD7
:10A8F00040F0C58203231370C1E2A478002CE7D096
:10A90000002211461046FEF7BDFEE0E73B48FFF788
:10A91000C7FB0446DCE73948FFF7FCFBF9E737489B
:10A92000FFF752FCF5E73548FFF790FCF1E73348B5
:10A93000FFF76AF9EDE73148FFF76CF9E9E72F48CF
:10A94000FFF76EF9E5E72D48FFF7FAF8E1E72B4846
:10A95000FFF7FCF8DDE72948FFF77EF8D9E727483D
:10A96000FFF780F8D5E72548FFF760F9D1E72348DE
:10A97000FFF762F9CDE72148FFF764F9C9E71F48FF
:10A98000FFF766F9C5E71D48FFF772F8C1E71B48F6
:10A99000FFF7E2F8BDE71948FFF7E4F8B9E7174811
:10A9A000FFF76CF8B5E71548FFF7E8F9B1E713488A
:10A9B000FFF7EAF9ADE71148FFF7ECF9A9E70F480F
:10A9C000FFF702FDA5E70D48FFF704FDA1E70B48DF
:10A9D000FFF748FD9DE70948FFF740F999E7074869
:10A9E000FFF742F995E70548FFF744F991E700BF03
:10A9F000E90E0020084A0020EA0E0020E60E0020A2
:10AA0000EB0E0020237833B9A37823B14420FDF75F
:10AA100059FF904B18702078FEF79CFFDFF83882C2
:10AA2000DFF83892D8F80020D9F80030ADF81C00D3
:10AA30009A42C0F307263FD2864F9DF81C303A78E1
:10AA4000934226D8964224D9854B134493F8F42098
:10AA500063781A421DD0FDF723FF820731D500230A
:10AA60008DF820308DF821308DF822300898FEF7CF
:10AA70001BFCC0F30722C0F307438DF824008DF8B8
:10AA800025208DF82630C1B2DBB23878D2B2FEF77D
:10AA9000C1FC432E10D94420FDF714FF4FF4E062AF
:10AAA0002979D9F8003001FB022203F50063A3EBFA
:10AAB00012233870C8F80030432E8CBF00240124C4
:10AAC00006E7FDF7EDFE8DF820008020FDF7FAFE89
:10AAD0007F30EB788DF82100C6E7DFF88891DFF84A
:10AAE0007CA1D9F80020DAF800309A423FF6EFAEA8
:10AAF000A3785D4EB3B10022002711461046FEF741
:10AB0000C1FDB046BB46FDF7CBFE830724D588F8D0
:10AB100000B088F801B088F802B00137442F08F17E
:10AB20000308F0D12078FEF715FFADF82000C0F340
:10AB30000727C0B200EB4008DFF830B1B044C3B221
:10AB40009F4228D8432F94BF012400247FF6C0AE33
:10AB50004FF00008013F3BE0FDF7A2FE8DF8240016
:10AB60008020FDF7AFFEEB787F3007EB47028DF8D2
:10AB700026308DF82500B318099802920193FEF74C
:10AB800093FB029A019BB054C0F30722C0F3074025
:10AB90005A709870C1E710F80B2063781A4209D0F8
:10ABA00098F8023098F8012098F800100190FEF70C
:10ABB00031FC019808F103080130C0E701EB4100C6
:10ABC000013101EB4101032231443044F5F7E2FC4D
:10ABD0005FFA88F1B94208F10108EFDBFDF760FE8A
:10ABE00010F0020F4FEA470817D000234744F2192C
:10ABF000F355537093702B7940F6B8321033FF2B16
:10AC000028BFFF2303EB03131B12B2FBF3F3DAF8A5
:10AC100000201344C9F800305AE6FDF741FE8DF8D4
:10AC200024008020FDF74EFEEB787F308DF8263033
:10AC30008DF825000998FEF737FB4744F05506EBE1
:10AC40000708C0F30723C0F3074088F8013088F8ED
:10AC50000200D0E73A310020B0320020104A002034
:10AC60009A0C0020B8320020943100208E0D002074
:10AC7000A3784BB1002211461046FEF703FD3022A7
:10AC800000218048F5F778FD2078FEF763FE7E4BC3
:10AC9000ADF820001A687D4BC0F307241B689A4268
:10ACA00040F28F809DF82030A87802936B784FF0A7
:10ACB000000843EA0023E878754F43EA0040FEF7B6
:10ACC000F3FAC0F307238DF82400C0F307408DF892
:10ACD00025308DF826006B4E049706EB880305930C
:10ACE00007F10803039300230193059B13F8015B0D
:10ACF0000593002D67D09DF824A09DF825B09DF800
:10AD00002650049B13F8010B0493039B13F801993D
:10AD10000393029B83420ED884420CD95C4B0344BC
:10AD200093F8F4205B4B5B781A4204D02B465A46CA
:10AD30005146FEF76FFB029B4B450FD84C450DD992
:10AD4000534B4B4493F8F420524B5B781A4205D096
:10AD50002B465A4651464846FEF75CFB019B0133A1
:10AD6000042B0193C1D108F10108B8F10C0F07F1D0
:10AD70000907B0D1432C24D9002503223046711C89
:10AD8000F5F77EFCFDF78CFD10F0030F0CBF0123DF
:10AD9000002301350C2DF37006F10406EDD13E4B76
:10ADA00040F6B8321B791033FF2B28BFFF2303EB8B
:10ADB00003131B12B2FBF3F3334A12681344334AF2
:10ADC0001360432C79E6AB46AA469AE73148FFF771
:10ADD00091FB9EE52F48FEF75BFC9AE52D48FFF7B7
:10ADE00051F896E52B48FFF753F892E52948FFF70D
:10ADF000E9F88EE52748FFF7F3F88AE52548FFF7DD
:10AE0000F7F886E52348FFF701F982E52148FFF7C7
:10AE100005F97EE51F48FFF70FF97AE51D48FFF7B2
:10AE200013F976E51B48FFF71DF972E51948FFF79E
:10AE300021F96EE51748FFF72BF96AE51548FEF78B
:10AE40001FFF66E51348FFF7EDFB62E51148FFF7CA
:10AE500031FC5EE50F48FFF775FC5AE50D48FEF73B
:10AE600023FF56E50B48FFF7B5FC52E50948FFF70D
:10AE7000BEFC4EE5FEF744FD0222084B1A700BB0F3
:10AE8000BDE8F08F64310020104A0020B432002069
:10AE90009A0C0020E60E0020084A0020EB0E00204D
:10AEA0000120704737B500780138C0B2FEF752FD77
:10AEB000C0F30724C5B221462846FFF7F1FF21461B
:10AEC0002846FAF7A1FA03B030BD00002DE9F041A1
:10AED000424C2068FCF710FA0546FCF7FDF92060AB
:10AEE000002406463E48A44690F800E0C5F57F479A
:10AEF0007146FF37E3B29E450FD8BCF1000F00D07A
:10AF00000170384CDFF8E080257898F80070032D48
:10AF100036D8DFE805F01A37465204F10C0200EB90
:10AF20004202537892F80280013443EA08239F4298
:10AF300029BF5B1901F1FF315370C3F307233ABFF7
:10AF40004FF0010CC9B29370D4E70022274B24497B
:10AF50001A70274B292227481E60F5F71BFB264B4A
:10AF60001B784BB9FBF764FE244B984204D8244B62
:10AF70001B789A0718BF9D08012388F8005023709A
:10AF8000BDE8F0813846FFF743FC002FF8D0237866
:10AF9000022B01D1FEF7D8FCBDE8F0411348FFF7C2
:10AFA00081BF184B184A1F70154B1B78C3F3010360
:10AFB0001370FEF727FA0323E1E7144D2B7823B132
:10AFC0000F48FBF7E4FD00232B70094B1868FCF7D2
:10AFD00093F90F28D4D90023D1E700BFA83200206D
:10AFE0003B310020EB0E0020A4320020E60E0020B2
:10AFF000104A0020144A0020AC320020C0D40100C6
:10B00000084A0020E90E0020EA0E0020CA30002085
:10B0100070B50024104B114D1B6898471048102242
:10B02000FF2100F8194BF5F7A7FB0E481022FF216E
:10B0300000F8194BF5F7A0FB01230B4E284633709F
:10B04000FBF7A3FD2B78347013F0FC0F03D1BDE8A0
:10B050007040FEF7A7B970BDB0160108084A00207D
:10B06000144A00203B310020CA30002070B504464D
:10B070000A4E88B135787DB92846FFF7C9FB084BE1
:10B08000084A1D70084B1B78C3F301031370FEF7C9
:10B09000B9F90322054B1A70347070BDAC32002030
:10B0A000E90E0020EA0E0020084A0020EB0E0020E6
:10B0B000044A137883F0010313700022024B1A70C4
:10B0C000FEF704B8084A0020EB0E00200020FFF72E
:10B0D000EFBF0120FFF7ECBF064A137813F003031C
:10B0E00004BF05490B700121137861F3010313704C
:10B0F000704700BF084A0020EB0E002008B5FFF79C
:10B10000EBFFBDE808400120FDF7E0BF054B1A78D2
:10B1100092071EBF0021044A11701A786FF30102D2
:10B120001A707047084A0020EB0E002008B5FFF7A0
:10B13000EDFFBDE808400120FDF7C8BF024B1878BD
:10B1400000F00300704700BF084A002010B40B4C09
:10B1500002462378084699070ED04AB9012262F3C5
:10B16000870300222370064B1A7010BCFDF7AEBF98
:10B17000342A88BF3422F2E710BC7047084A002006
:10B18000EB0E00200021FFF7E1BF000038B5FFF70C
:10B19000BDFF0123084C094D20462B70FBF7F5FC41
:10B1A000002320782B70830704D0BDE83840800846
:10B1B000FFF7E8BF38BD00BF084A0020CA300020B2
:10B1C0000121FFF7C3BF0000014B187880087047CA
:10B1D000084A0020054B01461B789B080133352B9C
:10B1E00034BF18460120FFF7B1BF00BF084A002056
:10B1F0000120FFF7EFBF0000064B01461B78C3F3A9
:10B200008503013B13F0FF0314BF18463420FFF7FA
:10B210009DBF00BF084A00200120FFF7EDBF0000DE
:10B2200030B4084C0546184623789B0708D0962A68
:10B2300028BF96226570A170E27030BCFDF746BF52
:10B2400030BC7047084A00200023FFF7E9BF012304
:10B25000FFF7E6BF07B50322094901A8F5F79AF9F8
:10B2600000209DF8043063F307009DF8053063F378
:10B270000F209DF8063063F3174003B05DF804FB20
:10B28000094A0020014B5878704700BF084A002047
:10B29000014B9878704700BF084A0020014BD878CE
:10B2A000704700BF084A0020034903464878CA781F
:10B2B00008308978FFF7B4BF084A00200120FFF763
:10B2C000F3BF0000054910B44C780346083CCA7827
:10B2D000A0B2897810BCFFF7A3BF00BF084A0020C6
:10B2E0000120FFF7EFBF000010B4064C0346A17821
:10B2F000E2781031FF2928BFFF216078C9B210BC65
:10B30000FFF78EBF084A00200120FFF7EDBF0000C5
:10B3100010B4064C0346A178E278103921EAE171B5
:10B320006078C9B210BCFFF77BBF00BF084A00209D
:10B330000120FFF7EDBF000010B4064C0346E27891
:10B34000A1781E32FF2A28BFFF226078D2B210BC3B
:10B35000FFF766BF084A00200120FFF7EDBF00009D
:10B3600010B4064C0346E278A1781E3A22EAE27253
:10B370006078D2B210BCFFF753BF00BF084A00206C
:10B380000120FFF7EDBF0000024B18710020FDF710
:10B390009DBE00BF084A0020024B18710120FDF736
:10B3A00095BE00BF084A0020014B1879704700BFC6
:10B3B000084A0020044A13792833FF2B28BFFF23B3
:10B3C0001371FDF783BE00BF084A00200120FFF77C
:10B3D000F1BF0000034A1379283B23EAE37313719A
:10B3E000FDF774BE084A00200120FFF7F3BF0000FC
:10B3F000084A5379FF2B08D04BB9012383F001038E
:10B400000549CB5C5371FDF761BE0023F6E70023CD
:10B41000F6E700BF084A0020AC1601080120FFF73C
:10B42000E7BFFFF7FBBFF0B54518044619461046C5
:10B430000026AC4200D3F0BD14F8012B4FEA011CEA
:10B44000424093184FEA021E41EB01004CEA127C85
:10B4500013EB0E0340EB0C004FEA421E9B184FEA21
:10B46000411C41EB00004CEAD26C13EB0E0340EBA5
:10B470000C004FEAC21E4FEAC11C17024CEA526C84
:10B4800013EB0E034FEA012140EB0C0041EA12617D
:10B49000DA1940EB01013944B018CAE7FAF754B998
:10B4A00008B5082200210348F5F766F9BDE8084011
:10B4B00000F036B9BC3200208378C078013303F045
:10B4C00003031B1A58425841704710B50446FFF752
:10B4D000F3FF78B9A37801F07F01E01841EAC211C7
:10B4E00001710120013303F00303A37023780133BA
:10B4F000237010BD0020FCE710B5C37884789C420F
:10B5000011D003441B79C3F3C014C3F306030B70BB
:10B510001470C378013303F00303C370437801331D
:10B520004370012010BD0020FCE700000A460146E0
:10B530000148FFF7CABF00BFBC3200200A460146DF
:10B540000148FFF7D9BF00BFBC32002070B500250D
:10B55000FC2686B00DF107010DF10600FFF7EEFFA6
:10B56000044610B9284606B070BD9DF806309DF817
:10B5700007208DF8083062B3FD238DF8093001F003
:10B5800073FF4FF48173ADF80A00ADF80C30DDE9BC
:10B590000201FAF7ABFA642003F059FB9DF806307C
:10B5A0009DF807208DF81030E2B1FD238DF81130A1
:10B5B00001F05AFF0223ADF81200ADF8143006ABCB
:10B5C00013E90300FAF792FA642003F040FB2546E2
:10B5D000C0E78DF8096001F047FF40F20313ADF8B2
:10B5E0000A00D2E78DF8116001F03EFF0323ADF8A9
:10B5F0001200E2E710B5FFF751FF044610B1FFF764
:10B60000A5FF04460A4B1A7832B100221A70094B82
:10B610009A78DA701A785A7000F0E6F8FFF73EFF71
:10B6200018B1FFF793FF0443E4B2204610BD00BFFA
:10B63000C4320020BC32002008B508220149F4F7CA
:10B64000A9FF08BDBC3200200122014B1A707047CF
:10B65000C43200204FF4165003F030B969B1084BE2
:10B6600053F82000431C0AD0012100F00F032022D0
:10B67000994020F00F0004F0B3BD024BF0E7704793
:10B68000CC320020C832002079B1094B53F8203069
:10B690005A1C1FBF23F00F02106903F00F03D8409C
:10B6A00014BF00F0010000207047024BEEE700BF1E
:10B6B000CC320020C8320020704700002DE9F04154
:10B6C0000025154F3B78ECB2A3420CD8FFF7C2FF20
:10B6D0000026DFF848803B78F5B2AB420DD8FFF783
:10B6E000EBFFBDE8F08100212046FFF7B7FF012105
:10B6F0002046FFF7B3FF0135E4E700212846FFF7B6
:10B70000C3FF012104462846FFF7BEFF44EA400478
:10B7100008F805400136DEE7D0320020C6320020AE
:10B7200010B5FCF79DF800220D4B0E4C1A70FCF77B
:10B7300097F880F001002070FCF792F8FCF790F881
:10B7400018B1BDE81040FFF7B9BF2378002BF8D03F
:10B75000054B064A1A60064B013A1A60F1E700BF32
:10B76000D1320020D0320020C8320020070400402F
:10B77000CC32002070B541EA4203174A0446115CFE
:10B78000DBB201F00300834224D043EA8103DBB241
:10B790001355124A124E1578124A03F00F03D35C68
:10B7A000325D254413445BB2012BEDB2335503DD0A
:10B7B00000212846FFF7BAFE3357013303DA01218F
:10B7C0002846FFF7B3FE3357002B03F00103B8BF41
:10B7D0005B42335570BD00BFC6320020D13200201D
:10B7E000C5320020C0170108F8B500250A4F3B7884
:10B7F000ECB2A34200D8F8BD00212046FFF744FF79
:10B80000012106462046FFF73FFF3146024620460B
:10B81000FFF7B0FF0135EAE7D0320020C1F10301A4
:10B82000490040FA01F3022213F0010F14BF0E2366
:10B83000082302FA01F101421ABFA3F12000C0B2AD
:10B8400043F080007047000010B50A4C40F282229D
:10B850004FF40041084804F0C3FC204603F04CFFBD
:10B860002046064903F0D2FE2046BDE8104003F012
:10B87000E9BE00BF1C4F002000040040D0170108A3
:10B8800030B5044D00EB40002C186270A3702954B1
:10B8900030BD00BF3D4A002070B5134605460E4638
:10B8A00000242046324629460134FFF7E9FF442CA4
:10B8B000F7D170BD2DE9F84F08271D4D1D4C00260E
:10B8C00095F800B095F801A095F80290A4F1080849
:10B8D00031465846FFF7A2FF0136042E08F8010B47
:10B8E000F6D10026A4F1040831465046FFF796FF32
:10B8F0000136042E08F8010BF6D1A0460026314689
:10B900004846FFF78BFF0136042E08F8010BF6D1ED
:10B910000C37B7F54E7F05F1030504F10C04CED1C9
:10B920004FF46971BDE8F84F034A044803F0A5BE1F
:10B930003D4A0020DE320020D23200201C4F002081
:10B94000FBF70EB908B5FBF78BFF002814BF0120E9
:10B950000720FBF7ADFD00F0010008BD08B5FBF7BF
:10B96000F1FEC82003F073F9FBF7ECFEFFF7EAFFE6
:10B9700028B1FFF7E5FFBDE8084001F08DBD08BD27
:10B9800008B5FFF7EBFF08BD704703460144FF20F1
:10B99000994200D1704713F8012B5040082210F053
:10B9A000800F4FEA400018BF80F03100013AC0B26A
:10B9B000F5D1EDE72DE9F8431546984602460028F3
:10B9C00038D0B9B3B5B3ABB3034600241F4613F860
:10B9D000100B60BB8446184E96F800E00EF101048F
:10B9E000E4B23470C4B100234FEA031912F809908D
:10B9F000A14511D001338B42F6D1BCF1000F00D02C
:10BA000034703C7001F0FAFC089B05447D6030788E
:10BA1000C7F80880FB6006E0631CA6454FF0010CE8
:10BA2000DBB202D13370BDE8F8831C46DAE701349B
:10BA30008C42CBD10020F6E7F836002030B568B153
:10BA400081B18AB10024034610F8105B954206D1FB
:10BA5000002201201A705A609A60DA6030BD013409
:10BA6000A142F0D10020F9E71046F7E72DE9F041B7
:10BA7000154604460E4601F0C1FC2B680746C31A62
:10BA8000002B03DD28600025B54201D1BDE8F0811F
:10BA900094F80080B8F1000F0DD06068C31B002B34
:10BAA00009DCA368E16898472378434503D128B1AE
:10BAB00063680344636001351034E5E7207060601B
:10BAC000A060E060F7E7000007B50B460092082190
:10BAD00002460348FFF76EFF03B05DF804FB00BFAA
:10BAE00078360020024608210148FFF7A7BF00BFB3
:10BAF000783600200821024A0248FFF7B7BF00BF8E
:10BB0000FC3600207836002013B504460121006879
:10BB10000DF1070200F046F923689DF80700013394
:10BB2000236002B010BD0820704700F097B800F005
:10BB3000B2B800F0CCB800F0E9B82DE9F84300F055
:10BB40008BF800250026ECB212E05FFA87F94A462E
:10BB500041462046F9F706FE013703464A4641466C
:10BB6000204600F098F8092FEFD101360C2E03D0B3
:10BB700000275FFA86F8E8E7012200212046F9F75E
:10BB800005FE012203460021204600F0BFF80022F6
:10BB900020461146F9F7FAFD0022034611462046D9
:10BBA000013500F0B3F8082DCCD1BDE8F88300F0E2
:10BBB000C9B800F0DFB8072810B406D80B2904D89C
:10BBC000082A02D810BC00F049B8002010BC704709
:10BBD000072802D809B900F07AB800207047102071
:10BBE000704708B500F0DBF880B208BD00F0DAB8A5
:10BBF00000F0F8B808B500F030F8BDE8084000F0F3
:10BC00000CB900000F2873B5044613D800F0C7F82C
:10BC1000012101AA013800F0C5F89DF804504DB982
:10BC200000F0BDF806463CB922460A4801A9019534
:10BC300000F04CFD02B070BDB542FBD0012128469A
:10BC400001AA00F0AFF89DF804300BB9013CE4B252
:10BC50000135E8E709BB000870477047072838B589
:10BC600017D80B2915D8082A13D81225520005FB1E
:10BC70000122D82505FB002505F29D30FCF762F96D
:10BC8000040205F29E30FCF75DF9A4B2204380B2B5
:10BC900038BD0020FCE7072838B51D4616D80B290B
:10BCA00014D8082A12D81224520004FB0122D824E6
:10BCB00004FB0024190A04F29D30FCF7ABF9E9B249
:10BCC00004F29E30BDE83840FCF7A4B938BD07281F
:10BCD00070B5164618D8B9B9002A4FEA800000F6A8
:10BCE0005D2514BF002002202844FCF72BF9002E0C
:10BCF0004FEA002414BF012003202844FCF722F956
:10BD0000A4B2204380B270BD0020FCE7072870B5C4
:10BD100016461D4615D8A1B98000002A00F65D24FC
:10BD200014BF00200220190A2044FCF773F9002EEA
:10BD300014BF01200320E9B22044BDE87040FCF7A5
:10BD400069B970BDF8B51446002700F29D35561844
:10BD5000B44200D1F8BD6FF46773EB18B3F5D86F38
:10BD600006D22846FCF7EEF8207001350134EFE7E3
:10BD70002770FAE770B5144600F29D355618B442A4
:10BD800000D170BD6FF46773EB18B3F5D86F03D2B1
:10BD900028462178FCF73EF901340135EFE740F2FF
:10BDA000835070472DE9F04700F67D2806460F4680
:10BDB0001446454640F282594FF0000AA5EB0803AD
:10BDC0009BB2BB4201D3BDE8F08733444B4506D854
:10BDD0002846FCF7B7F8207001350134EEE784F807
:10BDE00000A0F9E72DE9F84300F67D2806460F4646
:10BDF0001446454640F28259A5EB08039BB2BB426C
:10BE000001D3BDE8F88333444B4503D82846217855
:10BE1000FCF700F901340135EEE70023F0B55A24B0
:10BE200040F2835640F67D2585B0CDE9003302937C
:10BE30000393013C01D105B0F0BD102E374628BF59
:10BE4000102729463A466846FCF7CAF83D44F61BD7
:10BE5000EFE7000047F61643984210B50C461BD199
:10BE6000FAF734FD62790D4B72B100F0AA00002898
:10BE700015BF01220022352029201A7001F04EF949
:10BE8000FAF7E8FD002010BD1B78002B14BF352009
:10BE9000292001F061F9F3E70120F4E700370020E1
:10BEA00010B504464879002800F01081A4F5E0445C
:10BEB000A3B2222B34D88648013CFAF762FE212C2B
:10BEC00023D8DFE814F07100F1007D003400390060
:10BED00082003E00870096004D00E80052009B0063
:10BEE0005700A000CE005C00A500D7006300AC00A6
:10BEF000B60043008C00480091006A00B100C30006
:10BF0000E200E6002E007700FA00714A137843F051
:10BF1000010313706E48FAF736FEFAF7FFF80020B7
:10BF200010BD6B4A537843F008035370F2E7684A38
:10BF3000137843F00203ECE7654A137843F00403F7
:10BF4000E7E7634A137843F00803E2E7604A53786F
:10BF500043F00103E9E75E4A537843F00203E4E764
:10BF60005B4A137843F01003D3E7594A137843F040
:10BF70002003CEE7564A137843F04003C9E7FAF7A7
:10BF8000CDF8534A137843F08003C2E7504A137840
:10BF900023F00C0343F00C03BBE74D4A537823F026
:10BFA000030343F00303C0E7494B1A786FF3000221
:10BFB0001A70AFE7464B5A786FF3C3025A70A9E77D
:10BFC000434B1A786FF34102F2E7414B1A786FF353
:10BFD0008202EDE73E4B1A786FF3C302E8E73C4B71
:10BFE0005A786FF30002E9E7394B5A786FF3410250
:10BFF000E4E7374B1A786FF30412D9E7344B1A7819
:10C000006FF34512D4E7324B1A786FF38612CFE7FD
:10C01000FAF784F82E4B1A786FF3C712C8E72C4A48
:10C02000137823F00C0374E7294A537823F00303B1
:10C030007BE727490B78C3F3800282F00102D2B27A
:10C0400062F3820362F3C3030B7063E720494B780A
:10C05000DA4302F0010262F3000362F341034B7022
:10C0600058E71B490B78C3F3801282F0010262F398
:10C070008613E9E7FAF752F815490B78C3F3C012B3
:10C0800082F0010262F3C713DEE70120FAF785FDB3
:10C0900040E70020FAE70E490B78C3F3001282F064
:10C0A000010262F30413CFE709490B78C3F30002DE
:10C0B00082F0010262F30003C6E705494B78C3F33F
:10C0C000C00282F0010262F3C303C8E7012027E740
:10C0D000C849002000EB4003C3EB031300EB8300CF
:10C0E00003B2002B07DAB3F1800001D503F17F0022
:10C0F00040F30720704703F18000F9E7164B1B78E7
:10C10000D90707D5154B187840007F281FD800B3F2
:10C11000C0B270479A0703D5104B18788000F4E737
:10C120005B0703D50D4B1878C000EEE70C4B1B786E
:10C130005BB10C4A0949127808789342F4D258430B
:10C14000C000B0FBF2F080B2DFE70820E0E77F201C
:10C1500070470120704700BF0C370020F00E002010
:10C160000D370020F10E0020144B1B78D90705D5A0
:10C17000134B18788008F8B1C0B270479A0703D5FE
:10C180000F4B18784008F6E75B0705D50C4B18787D
:10C190007F28F0D97F2070470A4B1B7853B10A4A99
:10C1A000074912780878934236BF584380B2B0FBF3
:10C1B000F2F0EDE70120DFE7012070470C370020A7
:10C1C000F40E00200E370020F50E0020CD2808B513
:10C1D00005D1FFF793FF4042294BD87008BDCE2808
:10C1E00002D1FFF78BFFF7E7CF2805D1FFF786FFD6
:10C1F0004042234B9870F1E7D02802D1FFF77EFF31
:10C20000F7E7D92804D1FFF7AFFF1D4B1871E5E719
:10C21000DA2803D1FFF7A8FF4042F6E7DB2805D173
:10C22000FFF7A2FF4042164B5871D7E7DC2802D136
:10C23000FFF79AFFF7E700F12F03DBB2072B08D8CF
:10C2400001230F4AD13803FA00F053781843507095
:10C25000C4E7DD2805D10B4A137843F001031370BE
:10C26000BCE7DE2804D1074A137843F00203F6E75F
:10C27000DF28B3D1034A137843F00403EFE700BF8C
:10C28000063700200C370020364BCD2893F90220CA
:10C290000AD193F9031000290CDA0021D97052B9A0
:10C2A0000021314A117006E0CE280DD193F9031018
:10C2B0000029F2DC72B11A795B7913435AB2002B70
:10C2C0004FD12A4B1A707047CF2806D1002AF1DAD5
:10C2D00000229A7093F90320E1E7D02802D1002AC6
:10C2E000F6DCE7E7D92893F9041004D10029E1DD51
:10C2F00000211971DEE7DA2802D10029DADAF7E73E
:10C30000DB2893F9051004D10029D3DA00215971F3
:10C31000D0E7DC2802D10029F8DCCBE700F12F01BF
:10C32000C9B2072907D80121D1388140587820EABD
:10C3300001005870BEE7DD2805D10D48017821F0D5
:10C3400001010170B6E7DE2804D10948017821F027
:10C350000201F6E7DF28ADD10548017821F004019C
:10C36000EFE77047063700200D3700200E3700201A
:10C370000C37002008B501F077F8094BDA78997886
:10C380000A431CBF074A10801A795B7913431CBF0C
:10C39000054B18800248BDE8084000F0E1BD00BF31
:10C3A000063700200237002004370020062208B597
:10C3B00000210548F4F7E0F90023044A1370044A09
:10C3C0001370044A137008BD063700200D37002093
:10C3D0000E3700200C37002090F902305BB990F93D
:10C3E000033043B990F904302BB990F905000038B7
:10C3F00018BF0120704701207047000037B5594C25
:10C40000062221466846F4F7C5F800239DF802206D
:10C41000A370E370237163719DF8033013430AD056
:10C42000514B188800F098FF50490B783BB3504AA5
:10C43000127890422CDC9DF804209DF805301343BF
:10C440000BD04C4B188800F087FF4B490B78002B22
:10C450004ED04A4A1278904253DC6946414800F077
:10C46000B5FE18B93F48FFF7B7FF08B1FFF782FFE5
:10C47000062269463B48F4F78DF803B030BD0A2523
:10C480003F4A12786A439042D5DD01330B7001E0D8
:10C49000FF2BFAD19DF902503DB1FFF72FFE002D81
:10C4A000CCBF0123FF235843A0709DF903503DB139
:10C4B000FFF724FE002DCCBF0123FF235843E0707B
:10C4C00094F902000028B6D094F90320002AB2D0D3
:10C4D000FFF700FE30B1A0701046FFF7FBFD20B162
:10C4E000E070A8E70123A370F6E70123E370A2E759
:10C4F0000A25244A12786A439042AEDD01330B705C
:10C5000001E0FF2BFAD19DF904503DB1FFF72CFE5D
:10C51000002DCCBF0123FF23584320719DF9055006
:10C520003DB1FFF721FE002DCCBF0123FF2358436F
:10C53000607194F9040000288FD094F90520002A36
:10C540008BD0FFF7C7FD30B120711046FFF7C2FD59
:10C5500020B1607181E701232371F6E70123637144
:10C560007BE700BF06370020023700200D37002090
:10C57000EF0E0020043700200E370020F30E0020BD
:10C58000EE0E0020F20E00204B4B4C4A2DE9F041FC
:10C5900013F80080C308D55C494A00F00700D65C58
:10C5A000484A0541D75C064115F0010547FA00F0FD
:10C5B0000C4606F0010600F0010711D0E120F9F762
:10C5C000C7FA002C6AD040484FF47A72A4FB0003EB
:10C5D0000021002300F2E730F3F708FE02F037FBFA
:10C5E0008EB1E620F9F7B4FA002C59D036484FF452
:10C5F0007A72A4FB00030021002300F2E730F3F776
:10C60000F5FD02F024FB21464046F9F723FB002C00
:10C6100048D02D484FF47A72A4FB00030021002378
:10C6200000F2E730F3F7E2FD02F011FB86B1E620FD
:10C63000F9F7D6FAC4B324484FF47A72A4FB000386
:10C640000021002300F2E730F3F7D0FD02F0FFFAFB
:10C6500085B1E120F9F7C4FA44B31B484FF47A726C
:10C66000A4FB00030021002300F2E730F3F7BEFD36
:10C6700002F0EDFAF7B12C20F9F70AFBC4B1124829
:10C680004FF47A72A4FB00040023002100F2E7308B
:10C69000F3F7ACFDBDE8F04102F0D9BA01209DE707
:10C6A0000120AEE70120BFE70120CFE70120DFE74F
:10C6B0000120EFE7BDE8F0810418010884180108A3
:10C6C000E4170108F4170108A08601002DE9F84FCE
:10C6D000304C0546A2FB04030E46174600234FF4D8
:10C6E0007A72002100F2E730F3F780FDA046814620
:10C6F0003046A84788B1012847D13046A8470128CD
:10C7000004460CD13046A847F9F7C2FA002F3AD0B8
:10C71000484602F09CFA002CEAD1BDE8F88F0228C6
:10C7200004D13046A847F9F713FAEFE7032804D1FC
:10C730003046A847F9F754FAE8E70428E6D130462E
:10C74000A8474FF0000B04464FF00A0A124BE15C79
:10C7500011F004010ED1BBF1000F12D040F2E7300E
:10C760004FF47A720023CBFB0801F3F73FFD02F090
:10C770006EFACBE73046A847303C0AFB0B4B044629
:10C78000E4E70120F3E70120C3E73946FFF7FCFEA9
:10C79000AEE700BFA0860100D90F0108F8B5144626
:10C7A00042791D469DF81870284B92B11C7000F01C
:10C7B0005BFE274B188004F12003DBB2072B44D823
:10C7C000012004F00704A040C0B2BDE8F840F9F72A
:10C7D00067BA1E78A6422ED11D4B188800F0BCFD0A
:10C7E000C72828D8AE4205F1200415D006F1200351
:10C7F000DBB2072B06D8012006F00706B040C0B216
:10C80000F9F757FAE3B2072B06D8012005F0070322
:10C810009840C0B2F9F744FA3846E4B2F9F738FA6A
:10C82000072C12D8012005F00705A840C0B2BDE8CA
:10C83000F840F9F73EBA04F12003DBB2072B04D825
:10C84000012004F00704A040F0E7F8BD0F370020F6
:10C85000103700200346A3F5F843183B07B50846F8
:10C86000062B3BD8DFE803F0171E0410252C3300FD
:10C8700026230093E12347F61A411A46FFF78EFF5D
:10C88000002003B05DF804FB27230093E52347F65F
:10C890001B411A46F2E72623E022009347F618418F
:10C8A000E123EBE72723E422009347F61941E52330
:10C8B000E4E72623E222009347F61C41E123DDE76B
:10C8C0002723E622009347F61D41E523D6E72823D8
:10C8D000E522009347F61E410123CFE7487918B1BE
:10C8E0000022024B1A70CCE70120CAE70F37002064
:10C8F00047F67743984270B506D047F6784398429A
:10C9000029D00124204670BD4C7994B100F02CF858
:10C91000F9F78AFC00F028F8044600F02BF80546E9
:10C9200000F02EF8294602462046F9F78BFD002438
:10C93000E8E700F019F8F9F783FC00F015F8054670
:10C9400000F018F8064600F01BF83146024628466B
:10C95000F9F778FDD6E74C7914B100F00BF8D7E77A
:10C9600000F008F8E7E70000014B1878704700BFB7
:10C97000F70E0020014B1878704700BFF80E00201A
:10C98000014B1878704700BFF60E002007B50DF177
:10C9900007020DF106010DF1050000F05EFA9DF8A9
:10C9A0000530262B0CD19DF80630092B08D19DF8B7
:10C9B0000700A0F116035842584103B05DF804FB8C
:10C9C0000020FAE720B116220921262000F05CBAE7
:10C9D000FF2211461046F9E77047704710B504462C
:10C9E000FFF7FBFF2046BDE8104000F067BA08B52E
:10C9F00000F032FA0020FFF7E5FF0020FFF7EEFF1E
:10CA0000FFF79BF8FFF7F6F8BDE80840162209216A
:10CA1000262000F039BA08B5FFF7DEFF00F048FA2B
:10CA2000FFF7DBFFFFF7B2FF18B9BDE80840FFF7DB
:10CA3000DEBF08BDFEF74ABB08B50346487940B1E2
:10CA4000A3F5EE427F2A03D8D8B2FFF7DBF8002027
:10CA500008BD0120FCE700002123054820210370C8
:10CA6000002343701D2383700423C370F6F7F6B9C7
:10CA7000094B002022230548202103700123437025
:10CA8000002383700623C370F6F7E8B9094B002032
:10CA90002323044820210370002343708370C37054
:10CAA000F6F7DCB9094B0020F8B547788678BB1952
:10CAB000442B07DDFD230F4843702021BDE8F840DB
:10CAC000F6F7CCB9092E07D80025C41CEBB29E425C
:10CAD00004F1030403D8F8BDFE230648ECE77819F7
:10CAE00014F8013C14F8022C14F8031CFCF792FC17
:10CAF0000135EBE7094B002008B50020FEF742FBAB
:10CB0000FEF704FBFEF7E8FABDE808403320FEF725
:10CB100039BB0000272303482021037044234370BE
:10CB2000F6F79CB9094B0020282303482021037005
:10CB300002234370F6F792B9094B0020FF230370DC
:10CB400070470020704710B503780446013B032B63
:10CB50000BD8DFE803F0020B1215FEF79FFB9623BC
:10CB6000C0EB0020B0FBF3F0607010BDFEF7E6FAFA
:10CB70000028F9D0FEF728FBF6E7FEF715FCF3E7EF
:10CB8000FEF780FB6070FEF783FBA070EDE738B521
:10CB900003780446013B032B2CD8DFE803F0021195
:10CBA0001E23FEF76FFB0546FEF772FB97236278A4
:10CBB00001465A43A8B2120ABDE83840FEF744BB0A
:10CBC00043781BB9BDE83840FEF7A0BAFEF784FAF7
:10CBD0006078BDE83840FEF7D5BA4078BDE8384007
:10CBE000FEF7D2BB45788478FEF758FB2146024613
:10CBF0002846E1E738BD034610F8022B082A05D085
:10CC0000092A05D0072A05D1FFF7C1BFFFF79BBF4F
:10CC1000FCF7BCBBFF221A70704708B54378032BA2
:10CC200003D1BDE80840FFF7E6BFFFF787FF08BD67
:10CC300070B504460D46FFF784FF002840F00B81D5
:10CC40002378013B272B00F28380DFE813F02800D4
:10CC50004B007C0096009C00A800AB00AB00AB0032
:10CC600081008100B000B400BA00C500D000D3003C
:10CC7000D600E100EC00F500810081008100810018
:10CC800081008100810081008100810081003200EB
:10CC9000350038003B003F004200450048000023BB
:10CCA00063700D23A37029462046BDE87040F6F757
:10CCB000D5B8FFF7D1FEF6E7FFF7DCFEF3E7FFF7A5
:10CCC000E7FEF0E72046FFF7EFFEECE7FFF714FF83
:10CCD000E9E7FEF75BFAE6E7FFF71CFFE3E7FFF79C
:10CCE00023FFE0E76378013B052B31D8DFE803F051
:10CCF000030D101F302500F081FB030EA370030C01
:10CD0000E370030A23716071CDE700F0D1F8F4E716
:10CD1000002322461946A678F0180B28C3D8013301
:10CD20000E2BD170117102F10202F5D1BBE7002385
:10CD3000A370E37023716371B5E70023A370E37000
:10CD400023710823F7E76378022B04D0052B10D05A
:10CD5000FF232370A7E7E378A07840EA0320237934
:10CD600040EA0340637940EA036000BAFFF736FE09
:10CD700099E7A078FFF75EFE95E7E278A178607802
:10CD8000FEF7D3FEBDE762792379A17843EA022357
:10CD90005BBAE27860789BB2FEF7C9FE83E7FEF7E4
:10CDA000CCFE80E729462046FFF737FF7BE7FEF7FA
:10CDB00016FF607077E7FEF714FF030A6370A07038
:10CDC00071E76078A378E17840EA032040BA221D39
:10CDD00080B2FEF70BFF66E76078A378E17840EA5F
:10CDE000032040BA221D80B2FEF702FF5BE7FEF788
:10CDF00001FF58E7FEF797FEDBE76078A378E1785C
:10CE000040EA032040BA221D80B2FEF7D0FE4AE776
:10CE10006078A378E17840EA032040BA221D80B20E
:10CE2000FEF7C7FE3FE7E278A178003A18BF01227B
:10CE30006078FEF77EFE64E762792379A17843EAA1
:10CE40000223E2785BBA003A18BF012260789BB2F5
:10CE5000FEF771FE27E770BD704770B50D461446AA
:10CE6000064620B140F29930FBF76CF8307025B1DE
:10CE700040F29A30FBF766F8287024B140F29B30FC
:10CE8000FBF760F8207070BD38B50D4614460146BA
:10CE900040F29930FBF7BEF8294640F29A30FBF792
:10CEA000B9F82146BDE8384040F29B30FBF7B2B8F4
:10CEB00008B54FF46770FBF745F808BDC1B24FF4F1
:10CEC0006770FBF7A7B80000014B1860704700BF00
:10CED00014370020014B1868704700BF143700203A
:10CEE0007047704708B500F0F1F9431E58425841A9
:10CEF00008BD0000014B1870704700BF1C370020B0
:10CF000010B5F8F721FC10B9064B187810BD064B88
:10CF100018680028FAD000680028F7D0BDE8104053
:10CF2000004700BF1C3700201437002008B5FFF76A
:10CF3000E7FF08BD034B1B6813B15B6803B11847DB
:10CF4000704700BF14370020044A126822B192686B
:10CF500012B1062101701047704700BF143700203E
:10CF6000044A126822B1D26812B10221017010473E
:10CF7000704700BF143700200B4B07B51A88824258
:10CF80000FD01880094B1B685BB11B694BB10322A2
:10CF90008DF80500000A8DF806008DF8042001A820
:10CFA000984703B05DF804FB1A37002014370020BF
:10CFB0000C4B07B51A88824210D018800A4B1B68A8
:10CFC00063B11B6953B104228DF80500000A8DF886
:10CFD00006008DF804200DEB0200984703B05DF8C1
:10CFE00004FB00BF18370020143700200E4B10B58B
:10CFF0001C680234FFF776FF68B10C4B93F90030E0
:10D00000002B08DA0A4B1C681E230234002023443C
:10D010009C4202D110BD0623F8E714F8012B002A28
:10D02000F6D00130C0B2F3E7D40D0020C84900208B
:10D03000D80D002010B5044618B3FFF753FFB0B168
:10D04000124B93F90030002B11DAEF2C4FEAD40287
:10D0500017D80F4B04F007041B6813449A78012378
:10D0600003FA04F4224214BF1846002010BD094BF5
:10D070001B689A1C083312F8011BA14203D09A4284
:10D08000F9D10020F2E70120F0E700BFC8490020F5
:10D09000D80D0020D40D00204FF0FF32002330B512
:10D0A000841C14F8015B8D420ED0B2F1FF3F02D117
:10D0B000002D08BF1A460133DDB2062D5BB2F0D158
:10D0C000531C01D01044817030BD002210B5831C68
:10D0D000083013F8014B8C4208BF03F8012C83423F
:10D0E000F7D110BDEF294FEAD10308D81844012326
:10D0F00001F0070103FA01F1837819438170704749
:10D10000EF294FEAD10308D81844012301F00701A1
:10D110008B40817821EA03018170704710B5044685
:10D12000FFF7E0FE214650B1084B93F90030002B89
:10D1300005DABDE81040064B1868FFF7D3BF054B72
:10D14000BDE810401868FFF7A7BF00BFC84900201E
:10D15000D80D0020D40D002010B50446FFF7C2FE04
:10D16000214650B1084B93F90030002B05DABDE899
:10D170001040064B1868FFF7C3BF054BBDE81040D1
:10D180001868FFF7A2BF00BFC8490020D80D0020D3
:10D19000D40D002008B5FFF7A5FE68B1084B93F940
:10D1A0000030002B08DA1E22064B18680021BDE86B
:10D1B00008400230F3F7E0BA034B06221868F5E79F
:10D1C000C8490020D80D0020D40D002042784B78AB
:10D1D0009A421DD190F902301BB191F902209A4276
:10D1E00016D190F903301BB191F903209A420FD167
:10D1F00090F905301BB191F905209A4208D190F9B8
:10D20000040030B191F90430181A18BF012070479A
:10D210000120704782B002B0704707B50190FFF758
:10D22000F9FF03B05DF804FB07B500284FF00402D6
:10D2300014BF0223012306490DEB0200CB70F3F764
:10D24000A9F90198FFF7E9FF03B05DF804FB00BFFF
:10D25000F90E002007B50422032306490DEB020056
:10D26000CB70F3F797F90198FFF7D7FF03B05DF89C
:10D2700004FB00BFF90E0020FFF7D6BF07B504225C
:10D28000012306490DEB0200CB70F3F783F90198F7
:10D29000FFF7C3FF03B05DF804FB00BFF90E0020E9
:10D2A000FFF7ECBF07B5003818BF0120042206497C
:10D2B00088700DEB0200F3F76DF90198FFF7ADFFF1
:10D2C00003B05DF804FB00BFF90E0020014B987815
:10D2D000704700BFF90E002007B5042205494870C9
:10D2E0000DEB0200F3F756F90198FFF796FF03B034
:10D2F0005DF804FBF90E0020014B5878704700BF21
:10D30000F90E002007B50422054908700DEB020054
:10D31000F3F740F90198FFF780FF03B05DF804FBD5
:10D32000F90E0020044B33F8102001238B401A42E1
:10D3300014BF0120002070471E37002042B901238E
:10D34000044A8B4032F8101021EA030122F8101031
:10D35000704700BF1E37002010B5044600F084F867
:10D36000001B80B210BD10B5044600F047F8001B4A
:10D3700010BD10B5044610220021F3F7FDF9204638
:10D3800010BD08B501F0D8FDBDE8084001F058BA5D
:10D3900008B5F8F74EFBBDE8084040F2A46001F084
:10D3A00056BC08B5F9F7A8FAF9F7BCFAFFF7F2FE90
:10D3B000FEF7FCFF0020FFF7DFFD0020FFF7F8FD80
:10D3C000BDE80840F8F743BB302383F31188064BD0
:10D3D000DA69064B1A600023054A1360054A136098
:10D3E00083F31188704700BF484B0020403700206E
:10D3F000383700203C370020FFF7E6BF70B501F05A
:10D4000045FA124D124B1349DC692B680A68E41A7D
:10D41000A242114A0AD9A3F58333E03B2B60156879
:10D420000E4B04F583342B44E034136016680C6013
:10D430004FF47A7501F033FA002109480023E4FB28
:10D440000501084AF2F7D2FE304470BD4037002093
:10D45000484B0020383700203C37002088598F0285
:10D460009F860100A086010008B5FFF7C7FF80B2C4
:10D4700008BD0000BFF34F8F0549064BCA6802F490
:10D48000E0621343CB60BFF34F8F00BFFDE700BFE7
:10D4900000ED00E00400FA0508B5024A024B1A60EC
:10D4A000FFF7E8FFEFBEADDEFC6F00200A4A08B5CB
:10D4B00052F8041C094B99420CD1002342F8043C59
:10D4C00083F31488064B1A6882F3088862B65B6897
:10D4D0009847FEE708BD00BF00700020EFBEADDE3C
:10D4E00000E0FF1F08B5FFF7C5FF000083B5284D1A
:10D4F000284E002301210DF107008DF8073000F0C0
:10D50000FFF898B19DF807300F2B0FD802F0DCFB25
:10D510009DF80740012184F010030DF107008DF8FC
:10D52000073000F0C9F820B902F0D4FB00F09AF8F7
:10D53000DEE70C236343E95CEA1861B90C2363431B
:10D54000E81887687FB90C2303FB0454217999B943
:10D5500002F0C0FBCDE753883068184400F0BEF8F5
:10D560000028EBD1E0E7EA5C3168C38840880B44CF
:10D5700001441046B847E6E7E3883068184400F0F5
:10D580009BF8044602F0A6FB002CB2D1CEE700BF08
:10D590001C0E0020A016010807B500F0C9F80023F2
:10D5A000FF2200934FF49A61034B044801F01CFBE7
:10D5B00003B05DF804FB00BFEDD40008483700203D
:10D5C00000F0C6B873B5044600F04CF8E0B20F287E
:10D5D0008DF806003FD802F077FB01210DF106001F
:10D5E0009DF8066000F068F828B9002402F072FB8C
:10D5F000204602B070BDFF2301210DF107008DF818
:10D60000073000F06BF804460028EED09DF8063095
:10D610009DF8072083F010039A42E6D10C23734350
:10D620000E4DE95CEA1869B90C2303FB065529790C
:10D630000029DBD00A4AEB881068184400F04EF845
:10D640000446D3E75388064A1068184400F034F8BB
:10D650000028E9D1C9E70024CAE700BF1C0E00205A
:10D66000A016010873B5302484F31188114D0026EB
:10D670002B685B69003B18BF01238DF8073086F3E8
:10D6800011889DF807300BB902B070BD84F3118882
:10D6900028680C3001F036FE86F311889DF80730BB
:10D6A00084F311882B685B69003B18BF01238DF858
:10D6B0000730E4E7080F002070B50646064B0C461D
:10D6C00018680A4603683146DD694FF4FA63A847D3
:10D6D000031B5842584170BD080F002070B5064624
:10D6E000064B0C4618680A46036831461D6A4FF41B
:10D6F000FA63A847031B5842584170BD080F002029
:10D7000038B5064B0C461B681A6895680A460146F0
:10D710001846A847031B5842584138BD080F00203F
:10D7200008B5F6F785F908BD08B5F6F781F908BD23
:10D7300010B5054C2046FFF7F7FF20680349BDE808
:10D74000104001F023BF00BF080F0020000F002091
:10D7500010B5054C2046FFF7E3FF20680349BDE8FC
:10D76000104001F013BF00BF080F0020000F002081
:10D77000184B10B51C785CBB012208211A701648A2
:10D78000224602F02DFD22462021134802F028FDFA
:10D7900022461021104802F023FD4FF47A7001F068
:10D7A00056FA41F6822208210B4802F019FD40F298
:10D7B00082222021084802F013FD40F2822210212B
:10D7C000054802F00DFD054801F02EFF044B1C70CA
:10D7D00010BD00BF183C002000040040E84E0020AF
:10D7E000303C002010B504461C4801F085FF1C4861
:10D7F000037823B1194801F082FF002010BD216891
:10D800004B1CF7D0E288002AF4D0164B92001A8203
:10D810006279032A05D8DFE802F0021A1D1F0022F0
:10D82000DA600124047021F00F0001F00F0199600B
:10D83000224604FA01F1586002F0D2FC0949074877
:10D8400001F0E4FE054801F0FDFE2046D6E74FF466
:10D850008002E5E78022E3E7034AE1E7E84E0020A3
:10D86000303C00201C3C0020800040001FB5ADF87B
:10D870000A300123019001A88DF808108DF80920C5
:10D880000393FFF7AFFF05B05DF804FB1FB501215F
:10D890008DF807000DF10F0304480DF1070201F0A8
:10D8A000F8FE9DF80F0005B05DF804FBE84E00207F
:10D8B000002307B5012106480DF107028DF8073056
:10D8C00001F009FF9DF8070003B05DF804FB00BFFD
:10D8D000E84E002008B50246024801F0EBFE0020A9
:10D8E00008BD00BFE84E002008B50246024801F01E
:10D8F000F2FE002008BD00BFE84E002010B5084C25
:10D9000023783BB1074801F0ABFE064801F08CFEDE
:10D91000002323700348BDE8104001F0F0BE00BFB3
:10D92000303C0020E84E00200E4B10B51A78BAB9F2
:10D9300001220D4C1A70206040F282324FF4806157
:10D940000A4802F04DFC4FF40061084840F2823270
:10D9500002F046FC2146BDE81040054801F016BE25
:10D9600010BD00BF313C00200C0F0020000800401B
:10D97000304C00204FF0FF3108B5024801F0E6FCC2
:10D98000C0B208BD3C4C00200A464FF0FF330146B0
:10D99000014801F080BD00BF604C002008B503487D
:10D9A00001F019FE80F00100C0B208BD304C00202B
:10D9B00070B590F84420044602F07F03212B51D12A
:10D9C00012F0800F90F845301DD0022B17D0032B9A
:10D9D00005D0012B17D1BDE8704000F065BD90F86F
:10D9E000483090F8495053EA05253BD1FFF76EFCCB
:10D9F000334B256418700120A363E06370BDBDE85C
:10DA0000704000F08BBE0A2B23D00B2B12D0092BB9
:10DA100028D194F8483094F8491043EA012323F0C0
:10DA20000203FBB9274BA3630223E363264B0120C8
:10DA30002364E3E794F8483094F8492053EA02233A
:10DA400003D194F84600FFF72DFC0023A363E363A2
:10DA5000EDE794F84700FFF755FC2046BDE870401D
:10DA600000F084BE02F09F02812A18D194F845305C
:10DA7000062B14D194F84920616894F848304D6819
:10DA800043EA0223204694F8472094F84610A8471A
:10DA900070B14368A3630368E3630023C7E7032609
:10DAA0000A4DD5F89C302BB9013E05F1A805F8D1F7
:10DAB0000020A3E7204698470028F5D09EE700BF46
:10DAC0003C3C0020403C002015DB00087811002081
:10DAD000F8B50F4C0022234643F8042F90F84B7002
:10DAE00090F8496090F8465090F84A2090F8481015
:10DAF00090F8470042EA072241EA062145EA002061
:10DB000000F020FA20606068002818BF2046F8BDA9
:10DB1000343C0020034693F84A2093F84B300749E1
:10DB200042EA0323022B087804D1012801D00628F9
:10DB300002D14878FFF7D0BB704700BF403C0020BF
:10DB400010B5064A064C117824784B1C03F00F03DD
:10DB50009C421EBF034C1370605410BD394B002013
:10DB60003A4B0020294B0020084608B5052935D836
:10DB7000DFE801F0203403202035302383F31188BF
:10DB8000214800F016FB214800F013FB204800F06C
:10DB900010FB204800F01DFB002383F311881E4B6F
:10DBA0001B7813B10520FFF7CBFF0220BDE808402A
:10DBB000FFF7C6BFFFF7C4FF302383F31188124875
:10DBC00000F0D0FA114800F0CDFA114800F0CAFA7E
:10DBD000104800F0DBFA002383F3118808BD3023DE
:10DBE00083F31188084800F0DEFA084800F0DBFAF9
:10DBF000074800F0D8FA074800F0D8FA002383F36A
:10DC000011880520D2E700BF7811002020120020E3
:10DC1000C8120020701300203D3C0020102208B5DF
:10DC200000210448F2F7A8FD0023034A1370034AB9
:10DC3000137008BD294B0020394B00203A4B0020BF
:10DC400070B52A4D2A4C002128782378294E984215
:10DC500033D101B1207070BD01222370264B1A70A0
:10DC6000264B93F84F10081E18BF0120FFF7F2FA59
:10DC7000E9E700222370204B1A70FFF792FB1F4B3D
:10DC800093F84F10081E18BF0120FFF7F5FADAE7E6
:10DC900023701A4B93F84F10081E18BF0120FFF78E
:10DCA000C3FAD0E7002123700846F8E72370FFF796
:10DCB000E5FA0120FFF7F6FAC5E71A46B25C013330
:10DCC000012103F00F03052AC1D80FF2080C5CF8FC
:10DCD00022F000BFADDC00084FDC000891DC00083A
:10DCE000A5DC000859DC000873DC0008394B002073
:10DCF0003A4B0020294B00203D3C0020504F002093
:10DD000070B50546184C204600F0A6F904F1A806A7
:10DD1000204600F0D1F9304600F09EF904F5A874D1
:10DD2000304600F0C9F9204600F096F920460F4C25
:10DD300000F0C2F9204600F0ABF9204600F0CCF923
:10DD4000284602F017F9284601F016FD41F2883006
:10DD500000F07DFF2846064901F0FBFC2846BDE89F
:10DD6000704002F0E5B800BF781100207013002069
:10DD7000941801082DE9F04104461E4D02F0FAF80E
:10DD8000204601F0F9FC05F1A808284600F0B3F997
:10DD9000194E05F5A877404600F0ADF9384600F079
:10DDA000AAF9304600F0CAF941F2883000F04FFF7E
:10DDB000284600F051F9284600F07EF9404600F070
:10DDC0004BF9404600F078F9384600F045F93846FE
:10DDD00000F072F9304600F05BF9304600F07CF953
:10DDE0002046064901F0B5FC2046BDE8F04102F0AE
:10DDF0009FB800BF7811002070130020941801080C
:10DE000037B50023A825054C009305FB004042F2DE
:10DE1000107300F055FA03B030BD00BF7811002038
:10DE200010B50446FFF752FA2146BDE8104008221B
:10DE30000120FFF7E5BF014620220020FFF7E0BFE9
:10DE4000014606220020FFF7DBBF01460322002027
:10DE5000FFF7D6BF20290A4603D101460220FFF76B
:10DE6000CFBF704710B5084C88B000232022694608
:10DE7000204600F092FA08B908B010BD202168468B
:10DE8000FEF7D6FEF1E700BF70130020FFF70EBBD0
:10DE90007047704708B5FFF7F9FF01F0BDFEFFF7C7
:10DEA000F7FF08BD08B501F0D3FEFFF7F2FF08BD8C
:10DEB000FFF7F6B908B5FFF7B1FE0448FFF720FFFA
:10DEC000BDE8084041F2883000F0C1BE504F00204C
:10DED0000148FEF7F9BF00BF140F0020FFF7B0BEE6
:10DEE00000F094BB30B5144B85B01C7814BB0122F4
:10DEF00068461A70FFF73DFA2346104A104C04A9F1
:10DF000001EB630111F8100C02EB43010509655D9B
:10DF100000F00F008D700025205CCD70591C02337D
:10DF200002EB4101202B8870CD70E8D142231370A1
:10DF30000323537005B030BD863C0020423C0020D6
:10DF4000721A010810B51C46030A032B0FD007D81C
:10DF5000012B30D0022B07D15B20184A226010BD64
:10DF6000212B19D0222B1ED000200246F6E7C0B28A
:10DF70000328F9D8DFE800F00205080B0420104A56
:10DF8000ECE712200F4AE9E710200F4AE6E7FFF717
:10DF9000A9FF0E4A1078E1E70229E5D80C4B0920C9
:10DFA00053F82120DAE70229DED80A4B53F8212062
:10DFB000094B585CD2E71220084ACFE7BF18010886
:10DFC000701901087419010888190108423C0020E1
:10DFD000A4180108B0180108BC1801081A19010892
:10DFE00013B5446BD4F888201378042B13D1012384
:10DFF00094F88C1012898B4013420CD1204601A951
:10E0000001F07AF8024630B1019B94F88C10D4F8F4
:10E01000880001F02DFC02B010BD10B5026F04465F
:10E020001378042B13D1012390F8741052898B407C
:10E0300013420CD100F0B5FF024640B1E36994F8F9
:10E040007410206F043BBDE8104001F0FFBB10BD11
:10E05000406BFFF7E2BF00001FB500F15C03C36433
:10E0600090F8843013B100F170030365074B012170
:10E070000193D0F89030D0F8982000930290D0F817
:10E08000943001F016F805B05DF804FBE1DF0008FC
:10E090001FB500F15C030365064B01210193836FFB
:10E0A000D0F8802000930290C36F00F058FF05B0B5
:10E0B0005DF804FB51E00008302383F31188D0F8A9
:10E0C000883090F88C2003EB82039861002380F85D
:10E0D000A03083F311887047302383F3118890F8C0
:10E0E0007430026F093342F82300002380F8843033
:10E0F00083F31188704710B53023044683F31188E9
:10E1000090F88C20D0F88830053203EB820300228F
:10E110005A6001236FF00101037200F0D8FD204620
:10E1200000F0DEFFD4F8A43013B1DA681868904725
:10E1300000F0D0FC002383F3118810BD10B530230C
:10E14000044683F3118801236FF00101037200F08C
:10E15000BEFD204600F01AFF00F0BCFC002383F354
:10E16000118810BD012310B5044603726FF0010140
:10E1700000F0ADFD204600F0B3FFD4F8A43023B189
:10E18000BDE81040DA681868104710BD012310B5CB
:10E19000044603726FF0010100F099FD2046BDE8CE
:10E1A000104000F0F3BE0023037270470023037297
:10E1B000704710B5044690F88C1000F13802D0F882
:10E1C000880001F003FB204600F08AFF0023237241
:10E1D00010BD10B5044600F0D9FE0023204623727E
:10E1E000BDE81040FFF719BF00EB8103F7B59C694C
:10E1F00005460E4684B3302383F311880023226939
:10E2000084F8A03063699A4201D1E368B3B905EBA1
:10E210008603DB685B691B6883B1D4F8A43053B113
:10E2200001A9204600F068FFD4F8A43001469F6899
:10E23000019A1868B847204600F06CFF204601A9F3
:10E2400000F05AFF024648B1019B3146284601F0D2
:10E250000FFB002383F3118803B0F0BD05EB8603A9
:10E26000DB681A68022AF4D15A691268002AF0D0D1
:10E270001B8A013B1340ECD105F14402E5E701F1B3
:10E28000090210B550F82240CCB1302282F3118837
:10E2900000EB8103DB689B695B6853B1236F94F8E3
:10E2A0007420204603EB8203DB689B69596800F009
:10E2B00082FE2046FFF7B1FE002383F3118810BDD4
:10E2C0002DE9F84F1E4604460F46924630239DF82E
:10E2D000285083F31188D0F888301B78042B05D0A0
:10E2E000002585F311882846BDE8F88F90F8A03006
:10E2F00023B101364FF0FF3618BF0026002383F309
:10E3000011884FF030094FF0010833465246394624
:10E31000204600F03AFF82451CD989F3118894F811
:10E32000A0304FF0000B002808BF43F001036FF04E
:10E33000010184F8A030204684F8088000F0C7FC72
:10E34000204600F0CDFE84F808B000F0C3FB8BF34C
:10E350001188DAE7002DC6D1204600F05BFF0125C9
:10E36000C1E7302383F31188026943699A4210D1CF
:10E37000C36883B10123D0F8882090F88C101289EB
:10E380008B4013420CBF01200020002383F311882F
:10E3900070470020F9E71846F7E738B514460546F8
:10E3A000302282F31188026F1278042A03D00020F1
:10E3B00080F3118838BD90F8842022B101334FF0EA
:10E3C000FF3318BF0023002282F31188224628461B
:10E3D00000F02CFEB0FA80F35B0985F88430231A34
:10E3E00058425841E6E70000006810B440B1054CBF
:10E3F0008264E469083040F8044C10BCF2F7CAB8F3
:10E4000010BC7047484B00200168134631B18A6C3C
:10E4100003F108009A640831F2F7BCB8704710B5F0
:10E420000446006840B1826C00210830F2F7A4F97C
:10E43000002223681A605A6010BD000010B40C78E6
:10E44000082C0BD850F8240040B1054C8264E469D4
:10E45000083040F8044C10BCF2F79CB810BC704770
:10E46000484B00200829134609D850F8211031B133
:10E470008A6C03F108009A640831F2F78BB8704790
:10E4800070B50026051F00F1200455F8040F38B1BF
:10E49000826C00210830F2F76FF92B681E605E6015
:10E4A000A542F2D170BD000038B590F8483004465E
:10E4B000022B1CD890F84610082918D80D4AD25CB7
:10E4C000022A14D8A8200C4B00FB0233D3F8A40076
:10E4D00060B10A4D43682A460068984705F1080371
:10E4E000A363AB6C0120E3630023236438BD0020E9
:10E4F000FCE700BF7411002078110020B83E002016
:10E50000036843B19100196003490B78002A18BFD2
:10E5100043F001030B707047043F0020006810B106
:10E520000068C0F387007047036870B50BB900201E
:10E5300070BD302383F31188036800211C685B6879
:10E5400081F31188002CF2D04FF47A76074A0848FC
:10E55000D569084AED1AE5FB06010023F1F746FEEE
:10E5600084428CBF00200120E2E700BF484B00201E
:10E570009F860100A08601004B1E072B0BD850F888
:10E58000213043B19100196003490B78002A18BF6C
:10E5900043F001030B707047043F0020082906D8A0
:10E5A00050F8210020B10068C0F3870070470020B8
:10E5B00070470000082970B501D9002070BD50F8DF
:10E5C0002130002BF9D0302383F3118850F821300B
:10E5D00000211C685B6881F31188002CEDD04FF49A
:10E5E0007A76074A0748D569074AED1AE5FB06011E
:10E5F0000023F1F7FBFD84428CBF00200120DDE702
:10E60000484B00209F860100A0860100404B2DE969
:10E61000F74F1B78002B47D000242546DFF8F48005
:10E620003D4E08F1080AD6F8A4B0BBF1000F34D073
:10E63000002C3CD10127302383F31188F9B2DBF899
:10E640001430DBF80000019198474FF000090028D2
:10E6500018BF45F0010589F311882F48FFF781FEA7
:10E66000C0B1DBF818300199DBF80000984788B199
:10E67000302383F31188274ADBF804300199DBF853
:10E680000000984789F3118851464846D8F8482039
:10E69000FFF7B6FB0137092FCDD10134032C06F16A
:10E6A000A806C0D11A4B1D7003B0BDE8F08F30270B
:10E6B00087F311880021DBF81430DBF8000098475D
:10E6C0004FF00009002818BF45F0010589F31188B3
:10E6D0003046FFF746FE0028DFD04946DBF8183009
:10E6E000DBF8000098470028D7D087F31188094A43
:10E6F0004946DBF80430DBF80000984789F31188BD
:10E700005146D8F84820E0B2FFF77AFBC5E700BFD2
:10E71000043F00206C3E00207811002010B590F8D6
:10E7200048300446022B19D890F84610082915D80D
:10E730000B4AD25C022A11D8A8200A4B00FB0233F4
:10E74000D3F8A40048B1436900689847064B187095
:10E75000A36301200023E063236410BD0020FCE7D5
:10E760007411002078110020683E002010B590F848
:10E7700048300446022B19D890F84610082915D8BD
:10E780000B4AD25C022A11D8A8200A4B00FB0233A4
:10E79000D3F8A40048B1036994F84720006898476B
:10E7A00000230120A363E363236410BD0020FCE782
:10E7B000741100207811002010B5044C204601F09F
:10E7C000D9FB2046BDE8104000F0D6BF504F0020D6
:10E7D000024B1878031F584258417047504F002091
:10E7E00070477047FEE7000070B50825134C60685D
:10E7F00023680146A268043B8A4219D8D31C1B1A1D
:10E80000C11E23F003038A4238BF00231844E36883
:10E81000C11EDA1C121A22F00302994288BF00229C
:10E820000021F1F7A9FF013D04F11004DFD170BD13
:10E8300053F8046F41F8046BDEE700BF841A010847
:10E8400038B501230025074C2370656000F044FBB8
:10E850000549064800F04CF90223237085F311881E
:10E8600038BD00BF404B0020081B0108484B00206A
:10E8700072B60322024BD865024B1A70FEE700BF46
:10E88000484B0020404B002000F054B8EFF31180BB
:10E8900020B9EFF30583302282F31188704710B559
:10E8A00030B9EFF30584C4F3080414B180F3118880
:10E8B00010BD00F00FF984F31188F9E7034A51689D
:10E8C00053685B1A9842FBD8704700BF001000E005
:10E8D00010B50A4C23699A6891420CD85A68816035
:10E8E0000360426010609A685860511A99604FF056
:10E8F000FF33A36110BD1B68891AECE7484B002069
:10E900000361002310B410BCC2604361FFF7E0BF95
:10E91000036881689A680A449A60426813605A6082
:10E9200000234FF0FF320360014B9A61704700BF34
:10E93000484B002070B5124D2A46EB690133EB615C
:10E9400052F8103F934206D030269A68013A9A60F6
:10E950002C69A36803B170BD226861680A605160C8
:10E96000236083F311882046E3682169984786F382
:10E97000118861690029EBD02046FFF7A9FFE7E77E
:10E98000484B002000238268037503691B6899685F
:10E990009142FBD25A680360426010605860704731
:10E9A00000238268037503691B6899689142FBD84C
:10E9B0005A680360426010605860704708B50846A6
:10E9C000302383F311880A7D0023052A06D8DFE867
:10E9D00002F00B050503120E826913604FF0FF333E
:10E9E0008361FFF7CFFF002383F3118808BD82699D
:10E9F0009368013393604268036813605A60EDE7DF
:10EA0000FFF7C0BF054BD9680875186802685360E6
:10EA10001A6001220275D860F1F7D2BB484B002082
:10EA200030B50C4B0446DD684B1C87B00FD02B462D
:10EA30006846094AFFF764FF2046FFF7E3FF009BA3
:10EA400013B16846FFF764FFA86907B030BDFFF750
:10EA5000D9FFF9E7484B0020BDE9000838B50C4D57
:10EA60008161EB6881689A680446914203D8BDE8E9
:10EA70003840FFF787BF1846FFF792FF0123014692
:10EA800023752046EC60BDE83840F1F799BB00BF24
:10EA9000484B0020044B1A68DB6890689B689842DA
:10EAA00094BF002001207047484B0020084B10B550
:10EAB0001C68D868226853601A6001222275DC60E5
:10EAC000FFF76EFF01462046BDE81040F1F778BB26
:10EAD000484B0020044B1A68DB6892689B689A4296
:10EAE00001D9FFF7E3BF7047484B002030BFFDE777
:10EAF00070B5002504461A4B86B0586085620163E4
:10EB00000E4600F0A3F904F11003236163614FF096
:10EB1000FF33A361134BE561D9692B460A462046B2
:10EB2000C4E9082304F1340180230F4A246064609F
:10EB3000A560E562E56500F01DF801230B4AE06081
:10EB400003750092726868460192B268CDE90223AB
:10EB5000074BCDE9043500F03FF806B070BD00BFAB
:10EB6000404B0020484B0020141B0108191B0108D2
:10EB7000EDEA000802228B604B62002308618A8262
:10EB800008460B62CB6170478368C168A3F14C02F1
:10EB900043F81C2C026943F84C2C42690C4843F89A
:10EBA000482C0C4A43F8180C43F82C2C022203F88A
:10EBB000142C002243F8201C03F8132C43F8041CE7
:10EBC00043F8082C43F80C2CA3F12800704700BF31
:10EBD000484B0020D101000808B5FFF7D5FFBDE87C
:10EBE0000840FFF70DBF000038B5302484F31188CA
:10EBF0002839441844F8243C049B002544F8203C60
:10EC00000A4BA4F1240144F8043C0223A382084BDC
:10EC1000E16020462946A260236162622562E561C7
:10EC2000FFF71CFF85F31188204638BDD10100088D
:10EC3000484B0020024BDB6898610F20FFF7E2BED3
:10EC4000484B0020302383F31188FFF7F3BF08B54A
:10EC50000146302383F311880820FFF7E1FE0023EB
:10EC600083F3118808BD0000054BDB6821B1036008
:10EC700098610320FFF7D4BE4FF0FF30704700BF0C
:10EC8000484B00200346006820B100221A608161D1
:10EC9000FFF7B6BE70470000064BDB6839B142682B
:10ECA00018605A60136043600420FFF7B9BE4FF04C
:10ECB000FF307047484B002003460068834205D070
:10ECC00002681A6053608161FFF79ABE704738B5D9
:10ECD00004460D462068844200D138BD0368236095
:10ECE0005C608561FFF78CFEF4E7034610B51B6896
:10ECF000984203D09C688A689442F8D25A680B60A4
:10ED00004A601160596010BD00230060406083605C
:10ED10007047000038B58168164B0446DD6891B92C
:10ED20002B6A8560C360286238BD8B600B7D7BB128
:10ED3000062B14D10B684A68886913605A60FFF784
:10ED4000D4FF8B699968AB688A689A42EDD306E074
:10ED50004A680B68084613605A60FFF751FE204668
:10ED60002946FFF7C2FFAC610620BDE83840FFF737
:10ED700049BE00BF484B002008B5302383F31188FB
:10ED8000FFF7C8FF002383F3118808BD154A034627
:10ED9000D16810B5302282F31188C26800680A6217
:10EDA00098421BD0486A82B98860186802681A6065
:10EDB0005360026A9860DA600362FFF721FEFFF792
:10EDC00089FE002383F3118810BD1468A24203D08A
:10EDD000A468A04238BF2046D268E4E700238360DD
:10EDE000EFE700BF484B0020C3691943037DC161B1
:10EDF0000A2B03D18369194205D170470B2B06D129
:10EE000083698B4303D100238361FFF7F9BD70470A
:10EE100070B506460D460468B44200D170BDE36883
:10EE20002B43E36015B123691D4203D0A1686068DC
:10EE3000FFF7DAFF2468EFE7EFF30983203383F36A
:10EE40000988002383F3118870470000302080F385
:10EE5000118862B60C4B0D4AD96821F4E0610904AF
:10EE6000090C0A43DA60D3F8FC20094942F08072A9
:10EE7000C3F8FC200A6842F001020A602022DA7717
:10EE800083F82200704700BF00ED00E00003FA05A0
:10EE9000001000E0302310B583F311880B4B5B6842
:10EEA00013F400630FD0EFF309844FF08073203C1C
:10EEB000E36184F30988FFF7EDFD10B1044BA36112
:10EEC00010BD044BFBE783F31188F9E700ED00E088
:10EED000E3010008E6010008024B034A1A60034AF6
:10EEE0005A607047A84B0020A84F002000700020F7
:10EEF000F0B50B4D0446D5E90067BB1B9A420CD810
:10EF0000731E0B441A44494202EA01000444A7421A
:10EF100003D3A64201D82C60F0BD0020FCE700BF5F
:10EF2000A84B002008B5302383F31188FFF7E0FFDA
:10EF3000002383F3118808BD08B500F043FF01F0FA
:10EF400041F900F000FB00F055FB00F0F4FBFEF788
:10EF5000A9FFBDE8084000F000B801F09BB90172BC
:10EF6000002130B5039C043303FB0425C361049BDB
:10EF700000600363059B4060C1604261026185617E
:10EF8000046242628162C162436330BD0022416A11
:10EF9000C2604161016182626FF00101C262FFF7EC
:10EFA00096BE03694269934201D1C2680AB9181D2D
:10EFB00070470020704703691960C2680021013260
:10EFC000C260C269134482690361934224BF436AE9
:10EFD0000361FFF771BE38B504460D46E3683BB1E7
:10EFE00062690020131D1268A3621344E36207E004
:10EFF000237A33B929462046FFF74EFE0028EDDA82
:10F0000038BD6FF00100FBE7C368C269013BC36014
:10F010004369134482694361934224BF436A436155
:10F0200000238362036B03B1184770472DE9F84F43
:10F0300004460E46904699464FF0300A8AF31188EE
:10F040000025AB46A76A4FB949462046FFF7C3FFE4
:10F0500020B187F311882846BDE8F88FE76AA16AD6
:10F060007A1AA8EB0507974228BF1746402F16D9F2
:10F0700030464022F1F78EFAA36A40364033A3624D
:10F080004035A26AE36A9A4202D32046FFF7BCFFEA
:10F090008BF311884545DED28AF31188D2E73046DA
:10F0A0003A46F1F777FAA36A3E443B44A3623D44F3
:10F0B000E7E710B5029C04330172C36103FB04212E
:10F0C00000238362C362039B00600363049B406070
:10F0D000C46042610261816104624262436310BDA7
:10F0E000026A6FF00101C260426A4261026100225D
:10F0F0008262C262FFF7EBBD034640691A69824231
:10F1000001D1DB681BB950F8043B0B60704700234A
:10F110001846FAE7C368C2690133C3604369002136
:10F12000134482694361934224BF436A4361FFF7FA
:10F13000C3BD38B504460D46E3683BB123690020E2
:10F140001A1DA262E2691344E36207E0237A33B92D
:10F1500029462046FFF7A0FD0028EDDA38BD6FF004
:10F160000100FBE703691960C268013AC260C26925
:10F17000134482690361934224BF436A03610023FD
:10F180008362036B03B1184770472DE9F84F0446BB
:10F190000E46904699464FF0300A8AF311880025B2
:10F1A000AB46A76A4FB949462046FFF7C2FF20B1D8
:10F1B00087F311882846BDE8F88FE76AA06A3A1AF3
:10F1C000A8EB0507974228BF1746402F18D93146AC
:10F1D0004022F1F7DFF9A36A40364033A36240359D
:10F1E000A26AE36A9A4204D3E16920460439FFF730
:10F1F000B9FF8BF311884545DCD28AF31188D0E73B
:10F2000031463A46F1F7C6F9A36A3E443B44A3624D
:10F210003D44E5E7302208B582F31188816A29B1BF
:10F2200003690439C91A01D0FFF79CFF002383F357
:10F23000118808BDF8B5154682680B46AA42816957
:10F24000066938BF8568761AB54204460BD218465F
:10F250002A46F1F79FF9A3692B44A361A3682846C6
:10F260005B1BA360F8BD0CD918463246F1F792F942
:10F27000AF1B3A46E1683044F1F78CF9E3683B4450
:10F28000EBE718462A46F1F785F9E368E5E72DE94B
:10F29000F0410446154683682769934238BF856864
:10F2A00040690E463F1ABD420BD22A46F1F772F969
:10F2B00063692B446361A36828465B1BA360BDE8B8
:10F2C000F0810CD93A46A5EB0708F1F763F94246FD
:10F2D000E068F119F1F75EF9E3684344EAE72A468A
:10F2E000F1F758F9E368E5E710B50024C361029B24
:10F2F000C1608161416111440060406084600161CE
:10F30000036210BDC2686FF0010182614261002298
:10F310008260FFF7DCBC08B582694369934201D182
:10F32000826882B98268013282605A1C4261197017
:10F330000369426900219A4224BFC3684361FFF711
:10F34000BBFC002008BD4FF0FF30FBE770B5302359
:10F3500004460D4683F31188A668A6B1A368A26986
:10F36000013BA360531CA36115782269934224BF1B
:10F37000E368A361E3690BB120469847002383F358
:10F380001188284607E029462046FFF785FC00281B
:10F39000E2DA86F3118870BD2DE9F74F04460E4678
:10F3A00017469846D0F81C904FF0300A8AF311881F
:10F3B0004FF0000B154665B12A4631462046FFF74F
:10F3C00039FF034660B941462046FFF765FC002837
:10F3D000F1D0002383F31188781B03B0BDE8F08FD0
:10F3E000B9F1000F03D001902046C847019B8BF371
:10F3F0001188ED1A1E448AF31188DCE7C361009B73
:10F40000C1608161416111440060406082600161BE
:10F4100003627047F8B504460D461646302383F361
:10F420001188A768A7B1A368013BA36063695A1C50
:10F4300062611D70236962699A4224BFE368636157
:10F44000E3690BB120469847002080F3118807E05C
:10F4500031462046FFF720FC0028E2DA87F31188C6
:10F46000F8BD8369426910B59A4201D182687AB9C0
:10F4700082680021013282605A1C82611C78036913
:10F480009A4224BFC3688361FFF716FC204610BD73
:10F490004FF0FF30FBE72DE9F74F04460E461746C5
:10F4A0009846D0F81C904FF0300A8AF311884FF03C
:10F4B000000B154665B12A4631462046FFF7E7FEA8
:10F4C000034660B941462046FFF7E6FB0028F1D02D
:10F4D000002383F31188781B03B0BDE8F08FB9F1E6
:10F4E000000F03D001902046C847019B8BF3118881
:10F4F000ED1A1E448AF31188DCE70C30FFF74CBF8D
:10F500004FF0FF330C30FFF747BF3030FFF7C3BF7A
:10F510004FF0FF333030FFF7BEBF0C30FFF716BFA0
:10F520004FF0FF310C30FFF711BF3030FFF772BFE3
:10F530004FF0FF323030FFF76DBF012914BF6FF07D
:10F5400013000020704700F055BF000037B5154686
:10F5500002460B460C49044642F8041B4260012255
:10F5600000F154010272009080220C30FFF7BCFEC3
:10F570002B468022009404F1D40104F13000FFF7FF
:10F580003DFF03B030BD00BF201B010810B5302384
:10F59000044683F3118800F04DFF022300202372FC
:10F5A00080F3118810BD38B5436904460D461BB978
:10F5B00004210844FFF72CFC294604F10C00FFF756
:10F5C000AAFE002806DA201D4FF40061BDE838408D
:10F5D000FFF71EBC38BD302383F311880023406938
:10F5E00083F31188B0FA80F0400970474FF0FF3183
:10F5F000FFF73ABB01F008B80123037000230C3079
:10F6000040F8083C40F8043CFFF77EBB10B53023BF
:10F61000044683F31188416001F00CF802230020B6
:10F62000237080F3118810BD10B53023044683F396
:10F63000118801F073F8002301226360227083F3C4
:10F64000118810BD302383F31188436899685A6884
:10F650004FF480338B409361002383F3118870470C
:10F66000302383F31188436899685A6801238B40DB
:10F670009361002383F31188704710B5302484F31D
:10F6800011880324047001F08CF8002383F311889F
:10F6900010BD38B50446302585F31188032504F8DC
:10F6A000085B01F067F82046FFF7A0FF002383F313
:10F6B000118838BD10B53023044683F31188032325
:10F6C00004F8083B01F06DF82046FFF78FFF002398
:10F6D00083F3118810BD10B53023044683F31188DD
:10F6E000032304F8083B01F074F82046FFF77EFF7F
:10F6F000002383F3118810BD0C30FFF73DBB0C30A5
:10F70000FFF744BB10B50446002101F01DFC0021A9
:10F71000204601F00BFC63681B6813B106212046EC
:10F720009847A36823F00113A3600023E363062333
:10F7300084F8343010BD01F06DBA0123037000234A
:10F74000C36183620362C362436203634360836095
:10F75000704738B50446302383F311880025416093
:10F76000C56005614561856101F05AFA0223237085
:10F7700085F31188284638BD70B53023044683F3DD
:10F78000118801F065FA254600260123666005F818
:10F790000C3B1C3455F8043B7BB1586920B16FF029
:10F7A00001010C30FFF76EFA55F8043C986920B15E
:10F7B0006FF001010C30FFF765FAA54245F8046CC3
:10F7C000E8D1FFF787F986F3118870BD70B500EBBB
:10F7D0008103054650690E461446DA6018B11422BA
:10F7E0000021F0F7C9FFA06918B114220021F0F739
:10F7F000C3FF31462846BDE8704001F047BAF8B56E
:10F8000004460027836800F1100503F001138360AC
:10F8100000F11C0655F8043B7BB1586920B16FF02C
:10F8200001010C30FFF72EFA55F8043C986920B11D
:10F830006FF001010C30FFF725FAB54245F8047C62
:10F84000E8D12046BDE8F84001F0ACBAF0B401259B
:10F8500000EB8104E4684789A4698D403D434581FC
:10F8600023600023A2606360E360F0BC01F00CBB86
:10F87000F0B4012500EB8104E468078964698D40D8
:10F880003D43058123600023A2606360E360F0BC18
:10F8900001F01ABB2DE9F0410223002504464FF088
:10F8A00030080370C564C563856000F10C0600F183
:10F8B0001C0756F8043BABB188F3118856F8043C9A
:10F8C000586920B16FF001010C30FFF7DBF956F8F1
:10F8D000043C986920B16FF001010C30FFF7D2F9B8
:10F8E00085F31188BE4246F8045CE2D1204684F8D4
:10F8F000345001F039FA63681B6823B12046BDE833
:10F90000F04100211847BDE8F081F8B503780446BE
:10F91000052B29D080F850300523037043681B68FD
:10F920000BB10421984700263027A66004F10C058E
:10F930001C3455F8043BABB187F3118855F8043CEF
:10F94000586920B16FF001010C30FFF79BF955F8B1
:10F95000043C986920B16FF001010C30FFF792F977
:10F9600086F31188A542E4D1F8BD0178052906D1B6
:10F9700090F85020436802701B6803B11847704725
:10F9800070B590F8343004463BB1836823F001131E
:10F9900083600023C36380F834300021204604F1E3
:10F9A000440201F055FA63689B684BB994F84430FF
:10F9B00013F060052BD02046BDE87040FFF7A2BED3
:10F9C000204698470028F1D094F84B2094F84A300C
:10F9D00043EA0223E26B9A4288BFE36394F944301E
:10F9E000E16B002B80F20281002900F0F7800923EF
:10F9F00084F83430302383F3118800212046E36BF0
:10FA0000A26BFFF735FF002383F3118870BD94F8D4
:10FA1000452003F07F0343EA022340F2023293427F
:10FA200000F0C98021D8B3F5807F4CD00DD8012BD0
:10FA300043D0022B00F09780002BBCD104F14C0284
:10FA4000A2630222E2632364BEE7B3F5817F00F084
:10FA50009F80B3F5407FAED194F84630012BAAD1F8
:10FA6000B4F84C3043F0020336E0B3F5006F51D0E8
:10FA70001BD8B3F5A06F35D0A3F5C063012B9AD87E
:10FA800094F84920616894F848304E6843EA0223AC
:10FA9000204694F8462094F84710B04700288AD0B2
:10FAA0004368A3630368E3631AE0B3F5106F36D0CD
:10FAB00040F6024293427FF47EAF544BA36302238D
:10FAC000E3630023BFE794F84630012B7FF473AF64
:10FAD000B4F84C3023F00203A4F84C30A563E5637E
:10FAE000256471E7B4F84430B3F5A06F0ED194F8F3
:10FAF0004630204684F84E3001F0C0F863681B6839
:10FB000013B1012120469847032323700023A363E8
:10FB1000E36398E704F14F03A3630123C3E723786A
:10FB2000042B10D1302383F311882046FFF767FEA2
:10FB300085F311880321636884F84F5021701B6896
:10FB40000BB12046984794F84630002BDED084F85D
:10FB50004F300423237063681B68002BD6D002212A
:10FB600020469847D2E794F8483020461D0603F017
:10FB70000F010AD501F050F9012804D002287FF4C2
:10FB80001AAF234B9AE7234B98E701F029F9F3E7E3
:10FB900094F84630002B7FF40EAF94F8483013F001
:10FBA0000F01B3D01A06204602D501F0E5F9ADE702
:10FBB00001F0D6F9AAE794F84630002B7FF4FBAEAB
:10FBC00094F8483013F00F01A0D01B06204602D550
:10FBD00001F0BAF99AE701F0A9F997E71423204652
:10FBE00084F83430BDE8704001F042B961B11523AA
:10FBF00084F83430302383F3118800212046E36BEE
:10FC0000A26BFFF723FEFEE60B23E8E74C1B01087F
:10FC1000481B01084A1B010808B500F0D5F80B4B3A
:10FC20009A6C42F020029A649A6C9A6C42F04002FC
:10FC30009A649A6C9A6C42F080029A649A6C9A6CFC
:10FC400042F480729A649B6C08BD00BF000C0140B6
:10FC5000704700207047162303604FF0FF30704755
:10FC6000184670470020704708B5134600215822F7
:10FC70001846F0F781FD4FF400524260002008BDA5
:10FC80000120704710B50022044608460121FFF705
:10FC900049F918B90C234FF0FF30236010BD000064
:10FCA00008B50248FEF7E4FDF0F738FC4E1B0108EA
:10FCB00008B50248FEF7DCFDF0F730FC531B0108E5
:10FCC00001207047704700000148FFF755B800BF9A
:10FCD000F81300200148FFF759B800BFF8130020BF
:10FCE0000122090100F1604303F56143C9B283F8C1
:10FCF000001300F01F039A4043099B0003F1604387
:10FD000003F56143C3F880211A607047012200F0B7
:10FD10001F039A4043099B0003F1604303F56143CD
:10FD2000C3F88020C3F88021002300F1604000F573
:10FD3000614080F800337047090100F16040C9B2AA
:10FD400000F56D400176704717498A68022A12D083
:10FD5000032A26D0154B1649012A08BF0B46124A22
:10FD6000926902F07F02013252080132B3FBF2F3D2
:10FD7000104A13607047104A0B68526F49686FEA67
:10FD8000921201290CBF0A490C4902F00302033206
:10FD90004A4303F01F0301335B080133B2FBF3F363
:10FDA000DDE7074BDBE700BF000C014000127A00E3
:10FDB000006CDC0208140020000401400048E80147
:10FDC000001BB700FFF7C0BF13B50C20032440F29F
:10FDD000BE71314B314A9C62D862C2F89410002146
:10FDE0009962D9629C62D8628020C3F81C0CD3F857
:10FDF0001C0CC3F81C0C009101914FF40141C3F895
:10FE0000481C4FF6FC71A3F5744319630F21196068
:10FE10000223136501234BF68031D364936D03F005
:10FE200001030193009B01330093019B13B9009BD5
:10FE30008B42F3D1019B03B9FEE7194B194980248A
:10FE4000C3F800140021A3F5884399611C62196A64
:10FE50000120196220215860196019681960196819
:10FE60000143196054679067D16F0329FCD10222C6
:10FE70009A6001220021DA60074A9162D1629A6C8D
:10FE800042F400429A649A6CDA6C42F40062DA64DA
:10FE9000DB6C02B010BD00BF000001400004014057
:10FEA0000050014013000003134B834223D1134B36
:10FEB00002201A6C124942F480721A641A6C42F0E1
:10FEC00002021A64D3F8882042F00202C3F88820A4
:10FED000D3F8882022F00202C3F8882001225A6356
:10FEE000DA670864DA6608225A615A695A615A69FF
:10FEF00042F001025A617047504F0020000C01404F
:10FF0000004C0140084B83420CD1084B5A6902F067
:10FF100008025A6100225A61DA66DA671A6C22F026
:10FF200002021A64704700BF504F0020000C0140CD
:10FF30000F4A936C43F4004343F0200393644FF063
:10FF400080436FF4C0521A634FF07072DA624FF060
:10FF500020721A6000225A609A60DA604FF44C32C4
:10FF60005A62012203F5A0335A700722DA727047F1
:10FF7000000C01400E4A6FF48051936C43F400432F
:10FF800043F0200393644FF080436FF4C0521A6330
:10FF900000221A609A60DA6019634FF0807119606C
:10FFA0004FF4805159605A624FF080529A61704705
:10FFB000000C014010B5074C6369DB0704D5064A05
:10FFC00013680BB15068984701236361BDE8104086
:10FFD000FEF760BF00180040B04B002010B5074C82
:10FFE00063699B0704D5064A93680BB1D0689847AC
:10FFF00002236361BDE81040FEF74CBF00180040CB
:020000040801F1
:10000000B04B002010B5074C63695B0704D5064A66
:1000100013690BB15069984704236361BDE8104030
:10002000FEF738BF00180040B04B002010B5074C59
:1000300063691B0704D5064A93690BB1D0699847D9
:1000400008236361BDE81040FEF724BF001800409C
:10005000B04B002010B5074C6369DB0604D5064A97
:10006000136A0BB1506A984710236361BDE81040D2
:10007000FEF710BF00180040B04B0020164B10B523
:100080005C69A30604D5154A936A0BB1D06A9847F8
:10009000600604D5114A136B0BB1506B98472106CB
:1000A00004D50E4A936B0BB1D06B9847E20504D58B
:1000B0000A4A136C0BB1506C9847A30504D5074A44
:1000C000936C0BB1D06C9847BDE810404FF4787238
:1000D000014B5A61FEF7DEBE00180040B04B002015
:1000E0001A4B10B55C69620504D5194A136D0BB142
:1000F000506D9847230504D5154A936D0BB1D06D0B
:100100009847E00404D5124A136E0BB1506E98471D
:10011000A10404D50E4A936E0BB1D06E98476204C9
:1001200004D50B4A136F0BB1506F9847230404D5C5
:10013000074A936F0BB1D06F9847BDE810404FF45A
:100140007C42024B5A61FEF7A5BE00BF001800407A
:10015000B04B0020062108B50846FFF7C1FD062177
:100160000720FFF7BDFD06210820FFF7B9FD062196
:100170000920FFF7B5FD06210A20FFF7B1FD062192
:100180001020FFF7ADFDBDE8084006212120FFF754
:10019000A7BD08B50620FFF7B9FD0720FFF7B6FD9C
:1001A0000820FFF7B3FD0920FFF7B0FD0A20FFF795
:1001B000ADFD1020FFF7AAFDBDE808402120FFF7A4
:1001C000A5BD000000231946044A0133102B11601D
:1001D000516002F10802F8D1704700BFB04B002017
:1001E000C9434FF05533016302F0030159430160E5
:1001F00042F380014160C2F3C10159438160C2F3FF
:1002000041115943C160C2F3C1214B43C3624FF056
:100210001133C2F3C3125A430262426270470000B4
:100220001A4B70B59C6C0F2644F4C0649C649B6CA4
:10023000012301F003048B4021F0030101F180410F
:1002400001F5A0518D68A400C0F38320A04006FAF8
:1002500004F425EA040528438860D8430C4912F0C9
:10026000010F8C6814BF1C4304408C6012F0020F15
:10027000CA6814BF1A430240CA60054A5361116834
:100280000B43136053680340536070BD000C014082
:10029000001800404FF0E02340F2BF325A610022C4
:1002A0009A61072208210B201A61FFF745BD08B5A6
:1002B000302383F31188FEF7E7FA002383F31188D4
:1002C00008BD08B5FFF7F3FFBDE80840FEF7E2BD43
:1002D000024A536843F002035360704700380040FD
:1002E000024A536843F002035360704700840040A1
:1002F000F8B5D0F8546105467369D806DCB20AD562
:10030000302383F311884FF48061281DFEF780FDB0
:10031000002383F31188302383F311882F1D14F0F9
:100320000F032FD183F311887368980714D5A106A2
:1003300012D5302383F31188E818FFF792F80028CC
:1003400041DA0821281DFEF763FD736823F00203DC
:100350007360002383F3118873689A0711D56306CD
:100360000FD5302383F311886A6CAB6C9A4205D1A8
:10037000AB6B1BB11021281DFEF74AFD002383F350
:100380001188F8BD14F0020F14BF4FF480710021E2
:10039000620748BF41F02001230748BF41F04001F8
:1003A00014F00104384618BF41F08001FEF730FD1B
:1003B00033682CB195F8581128461940FFF7F3F827
:1003C0007469E4B2ABE73060C3E7000008B50348E6
:1003D000FFF78EFFBDE80840FEF75CBD8C4D0020A6
:1003E00008B50348FFF784FFBDE80840FEF752BD9B
:1003F000304C002010B5094C00212046084AFFF778
:10040000A5F8084B0021C4F85431074C074A204690
:10041000FFF79CF8064BC4F8543110BD8C4D0020FA
:10042000D102010800380040304C0020E1020108F0
:100430000084004038B5374D037A002918BF0D46B7
:10044000012B044635D1344B984217D1334B0A2146
:100450009A6C1E2042F480429A649A6CD3F89020E1
:1004600042F48042C3F89020D3F8902022F48042D6
:10047000C3F89020D3F89030FFF732FC284B9C4211
:1004800017D1264B0821DA6C202042F00802DA64EA
:10049000DA6CD3F8942042F00802C3F89420D3F821
:1004A000942022F00802C3F89420D3F89430FFF788
:1004B00017FCD4F85431E9791A6902F050020A4362
:1004C00029681A614A0802F1B76202F55842B2FB84
:1004D000F1F202F00F01C3F8C0108021D960C2F31D
:1004E000071119600021C2F307325A60D960687998
:1004F0002A790243A8790243DA600122C3F89C10EA
:10050000C3F898205A6842F005025A60FF2384F825
:10051000583138BD581B01088C4D0020000C01409B
:10052000304C002070B50446C5692E6BC26A6B6AF8
:100530009A4234BFC36A6B6A013B30D2E36A002B34
:1005400039D1EB620223237063681B680BB120462C
:100550009847302383F31188002104F10800FEF747
:1005600091FB002383F31188F30717D5286A228EA5
:10057000666AE36A616AD31A3344121A934228BF47
:10058000134699424FF6FF7138BF636A013B1BD295
:10059000636A1BB9EB6A23F00103EB6270BD296E3D
:1005A000E26A013AE262A26A002AC5D01170A26A28
:1005B0000132A262C0E7E26AEB699A429EBFE36A37
:1005C00003F1FF33EB61CFE7626A013A6262226AAC
:1005D0000AB92966DAE712F8010B28662262D5E724
:1005E00008B50348FFF79EFFBDE80840FEF752BC80
:1005F000E84E002008B50348FFF794FFBDE8084027
:10060000FEF748BC1C4F002010B5064C2046FEF7F4
:10061000F3FF054BE361054C2046FEF7EDFF044B6D
:10062000E36110BDE84E0020003000401C4F002068
:100630000090004010B503780446012B45D1344B9F
:1006400098421FD1334B0A219A6C1A2042F48052EF
:100650009A649A6CD3F8902042F48052C3F89020A8
:10066000D3F8902022F48052C3F89020D3F8903031
:10067000FFF736FB6268E369128A5A611A6942F031
:1006800001021A61244B9C421FD1224B0921DA6CD2
:100690001B2042F01002DA64DA6CD3F8942042F0A6
:1006A0001002C3F89420D3F8942022F01002C3F86B
:1006B0009420D3F89430FFF713FB6268E369128A41
:1006C0005A611A6942F001021A616168E269CB89D4
:1006D00089890B4343F007039BB21360238E4BB908
:1006E00001239361916999420DD10133B3F5807F64
:1006F000F7D1238600239361D361D36A23F0FF03EC
:10070000D362936C10BD012B08BF0023F1E700BF3B
:10071000E84E0020000C01401C4F002010B503786B
:100720000446022B1FD10022C3699A60DA6A22F0C4
:10073000FF02DA629B6C0C4B984208D11A20FFF73B
:10074000E5FA0A4B9A6C22F480529A649B6C084B2F
:100750009C4208D11B20FFF7D9FA044BDA6C22F037
:100760001002DA64DB6C10BDE84E0020000C014082
:100770001C4F002010B50C4691B18362038E41627C
:10078000C1625908A14228BF2146C369026299612A
:100790000139D961DA6A42F01102DA6201229A6003
:1007A00010BD10B50C4699B100238362038E4162DF
:1007B000C1625908A14228BF2146C36902629961FA
:1007C0000139D961DA6A42F01102DA6201229A60D3
:1007D00010BD10B50C4699B100230362038E41622F
:1007E000C1625908A14228BF2146C369826299614A
:1007F0000139D961DA6A42F01102DA6201229A60A3
:1008000010BD000010B590F834300446B3B1063B7B
:10081000DAB20F2A11D80F2B0FD8DFE803F00F0E32
:100820000E080F0F0E0E0E0E0E0E0E0E0F0F036C97
:1008300003B19847002384F8343010BD00216022B2
:10084000064B99735A7499735A7463681B6813B191
:100850000621204698470623EDE700BF00400140EF
:1008600090F8342010B5152A04460CD80123934083
:100870000C4A134208D19B0205D5036C03B198477B
:10088000002384F8343010BD00216022064B997398
:100890005A7499735A7443681B680BB106219847C0
:1008A0000623EEE7410E1000004001400146F8B576
:1008B000284C861C04EB86035F682748BB6981735C
:1008C000027DD20739D5254A9D68817390F817E0DB
:1008D00002EB810C827D42EA0E22A81885422DD1BE
:1008E0009868104498605868104458601868801AD6
:1008F0001860188A013880B218827B8A934200D827
:1009000008BB012303FA01F2638923EA020363812E
:1009100004EB86035B68DB680BB10E489847302315
:1009200083F3118804EB86046368986941680C308E
:10093000FEF7A8F9002383F31188F8BD9CF800E0C6
:1009400005F801EBCAE7044A137D03F0FE031375B3
:10095000F3E700BF504F002000400140204001401D
:10096000F8B5214C871C04EB87035E680146726969
:1009700050681568A84219D3012303FA01F22389AC
:1009800023EA02032381B3680BB120469847302342
:1009900083F3118804EB87046368002158690C30E5
:1009A000FEF770F9002383F3118817E00F4B99735A
:1009B000136918445060281ADED0348A844228BF54
:1009C00004469068146103440948936000EB810079
:1009D0001C44A34203D10122044B5A74F8BD13F8FE
:1009E000012B0270F5E700BF504F0020004001408E
:1009F000204001402DE9F041844B9B799C07DFB2F8
:100A000002D58348FEF7B1FF780702D58048FEF78C
:100A100041FF390713D57E4C6368DB6823B97B4AF5
:100A2000D37A03F0F703D3722378052B02D17848E9
:100A3000FEF79BFF6368DB680BB175489847734B03
:100A40009A781D7902F0FF06EDB252B9002D3AD125
:100A5000FB0702D56E48FEF758FFBDE8F041FEF7F0
:100A600019BAF20720D50022694CE0689A7393F80E
:100A700011C01CF0040F5FFA8CF11CBF5A7484F88B
:100A80003420CB0605D58022604B5A74002384F8AD
:100A9000343094F834300BB1062B24D1CC0703D575
:100AA000436800215A489847B20702D50120FFF752
:100AB00057FF730702D50220FFF752FF340702D514
:100AC0000320FFF74DFFA80702D50120FFF7EEFE38
:100AD000690702D50220FFF7E9FE2A07B8D50320EF
:100AE000FFF7E4FEB4E7092B4CD1DFF820C19CF8F6
:100AF0001130DAB213F00203D6D102F01102112A3A
:100B0000D2D042698CF80E3051681369D2F800E0F7
:100B100019445160BEEB0101B0F8108016D0414578
:100B200028BF414694681161234493605A18934248
:100B300007D1038A99422CBF02210A218CF8111097
:100B4000B2E713F8014B8CF82040F0E7434504D19D
:100B50000A238CF811301161A6E7238923F00103E1
:100B6000238183680BB12A489847302383F3118887
:100B70000021E36858690C30FEF784F8002383F302
:100B8000118891E7152B8FD1DFF880E09EF81130A6
:100B9000D90789D500228369D3F808C08EF80E20C2
:100BA0009EF81620D1B26244944527D19A680A442F
:100BB0009A605A680A445A601A68521A1A601A8A65
:100BC000013A92B21A82438A8B424FF000010F4BD6
:100BD000997300D8BAB948225A74638923F0010383
:100BE0006381E368DB6813B100210948984730232B
:100BF00083F31188E36898694168BCE79EF8208018
:100C00000CF8018BD0E740225A744DE700400140B8
:100C1000504F00200148FEF790BD00BF504F00200C
:100C200010B50478012C0ED1074AC260FFF73CF9D9
:100C30000022064B0D21DA72DC715A720E20BDE8DB
:100C40001040FFF74DB810BD601B01080040014087
:100C500010B503780446012B0CD00E20FFF756F890
:100C60000022054B2046DA72DA715A72BDE8104054
:100C7000FFF748B910BD00BF0040014090F84E207A
:100C8000014B1A70704700BF0040014000EB81002B
:100C9000344BC26801F00F0110B59973106800F071
:100CA0000300002956D002282CD003282AD001287E
:100CB00027D153690BB993691BB3E020294B987472
:100CC000108AC0F3C7001874402058740820587464
:100CD00058740120DC7900FA01F149B241EA0400BC
:100CE000C0B2D871C0205875528AC2F3C702DA74F4
:100CF00080221A7510221A751A755A7A1143C9B2D0
:100D0000597210BD506980B100209874108AC0F3E8
:100D1000C700187440205874082058745874012073
:100D2000DC7988402043C0B2D8719369002BE8D0A9
:100D300000200C4B5875528AC2F3C702DA74802225
:100D40001A7510221A751A750122587A02FA01F1E1
:100D50000143D4E70028D4D1DA7942F00102DA71F4
:100D6000CFE700BF00400140002208B50B4BDA710D
:100D70005A724268D2681AB1DA7A42F00802DA721C
:100D8000074B0021C360FFF781FF0122034B5A701C
:100D9000DA7A42F00102DA7208BD00BF0040014079
:100DA000601B010870B50D4B0021DA79402602F076
:100DB0000102DA71082401228025102059729A73E9
:100DC0000132D2B2042A99745E745C745C745975F1
:100DD0001D7518751875F2D170BD00BF0040014037
:100DE0000C4B01F00F029A7341B95A7C52070ED492
:100DF000D87910F0010018BF02207047187D10F05C
:100E0000200004D15B7A134113F0010FF3E70120B6
:100E1000704700BF004001400C4B01F00F029A7375
:100E200041B95A7C52070ED4D87910F0010018BF8E
:100E300002207047587C10F0100004D1DB79134178
:100E400013F0010FF3E70120704700BF004001409D
:100E500001F00F03054901EB830102F10803087853
:100E600002F8010B9342FAD1704700BF20400140C5
:100E70004822044B01F00F0199735A74002380F843
:100E8000343070470040014010B501F00F0400EB12
:100E90008101CB6899690A6872B1588A1318013BBD
:100EA000B3FBF0F39BB20B82064B9C7334B11A7DFB
:100EB00002F0FE021A7510BD0123F4E740225A74B5
:100EC000F9E700BF0040014000EB810311F00F0182
:100ED00070B508BF4025DC6808BF124B626904BFCB
:100EE00099735D74238A15680F4CAB4228BF2B465B
:100EF0001361926804EB8104D518AA4205D1094A0E
:100F0000917331B10123537470BD12F8016B2670D7
:100F1000F3E7517CC168098A8B422CBF02230A2364
:100F2000F1E700BF0040014020400140054B01F0C7
:100F30000F01997311B120221A75704760225A74FB
:100F4000704700BF00400140044B01F00F0199734E
:100F500011B110225A7470476022FBE70040014033
:100F6000044B01F00F01997311B180221A7570477B
:100F70005974704700400140044B01F00F01997310
:100F800011B140225A7470475974704700400140B3
:100F9000000000B400B480140000004001000040D4
:100FA0000200004003000040040000400D08004023
:100FB0000C0400400D0400400E04004006080040F0
:100FC00007080040080800400908004004080040E5
:100FD0000508004000FF960000202020202020204F
:100FE00020202828282828202020202020202020D9
:100FF00020202020202020202088101010101010E9
:101000001010101010101010100404040404040434
:1010100004040410101010101010414141414141CE
:1010200001010101010101010101010101010101B0
:1010300001010101101010101010424242424242C0
:101040000202020202020202020202020202020280
:101050000202020210101010200000000000000028
:101060000000000000000000000000000000000080
:101070000000000000000000000000000000000070
:101080000000000000000000000000000000000060
:101090000000000000000000000000000000000050
:1010A0000000000000000000000000000000000040
:1010B0000000000000000000000000000000000030
:1010C0000000000000000000000000000000000020
:1010D000000000000000000000000000040C0020E0
:1010E0000000000000000000000000000000000000
:1010F00000000000000000000000000000000000F0
:1011000000000000000000000000000000000000DF
:1011100000000000000000000000000000000000CF
:1011200000000000000000000000000000000000BF
:1011300000000000000000000000000000000000AF
:101140001B1A191817161D1E1F2000000000FF0093
:10115000FF55FFAAFF2BFFBFFF6A010100080040F7
:10116000010800400208004003080040060000405B
:101170000A0400400B040040FFFFFFFFFFFFFFFFDA
:101180000C0400400D0400400E040040060800401E
:101190000708004008080040090800400408004013
:1011A00005080040610D0A00450050004F004D0049
:1011B00041004B0045005200000032002E00340078
:1011C0004700200044006F006E0067006C0065005F
:1011D000000053706C697436352D310053706C69A2
:1011E0007436352D320053706C697436352D3300EA
:1011F00053706C69743635204254340053706C69F6
:101200007436352042543500000800400108004083
:101210000208004003080040060000400A040040A5
:101220000B040040FFFFFFFFFFFFFFFF0C04004027
:101230000D0400400E04004006080040070800406E
:101240000808004009080040040800400508004064
:101250000948032181620C21C162084890F81003FB
:10126000074900F00F000A68824200D008600020A1
:10127000401C2328FCDB70470000014000F0FF1FEA
:10128000040401400748032181620C21C162064821
:10129000016801F00F01082901D90821016000BF90
:1012A00000BF7047000001400404014000000040FE
:1012B0000100004002000040030000400400004024
:1012C0000D080040A900AA00A900AA00A900AA00D0
:1012D000A900AA00000000000000000000000000BB
:1012E00000000000000035001E001F00200021004B
:1012F00022002300000000002B0014001A00080048
:10130000150017000000000000003900040016005E
:10131000070009000A00000000000000E1001D00B5
:101320001B00060019000500000000000000E0009E
:10133000E300E200000000002C00000000000000BC
:10134000000000000000000000000000000000009D
:10135000000024002500260027002D002E0000009C
:101360002A00A8001C0018000C00120013002F0017
:10137000300031004C000B000D000E000F00330058
:101380003400000028004B00110010003600370028
:1013900038000000E50052004E0000002C00000064
:1013A000E6002152E400500051004F000000000010
:1013B0000000000000000000000000000000290004
:1013C0003A003B003C003D003E003F0000000000B2
:1013D0004378007E017E027E037E1700000000003D
:1013E0000000390004000252070009000A00000052
:1013F00000000000E1001D00427806001900057E93
:10140000000000000000067E0B70E20000000000FB
:10141000077E000000000000000000000000000047
:1014200000000000000000000000400041004200F9
:101430004300440045000000037CA8001C00180085
:101440000C001200130046784578310049000B006B
:101450000D000E000F0048784778000028004A0071
:10146000137010003600370038000000E50049789E
:101470004D0000002C000000E6000000E4004C7865
:101480004A784B78000000000000000000000000D7
:1014900000000000000035001E001F002000210099
:1014A00022002300000000002B0014001A00080096
:1014B00015001700000000000000390004001600AD
:1014C000070009000A00000000000000E1001D0004
:1014D0001B00060019000500000000000000E000ED
:1014E000E200E300000000002C000000000000000B
:1014F00000000000000000000000000000000000EC
:10150000000024002500260027002D002E000000EA
:101510002A00A8001C0018000C00120013002F0065
:10152000300031004C000B000D000E000F003300A6
:101530003400000028004B00110010003600370076
:1015400038000000E50052004E0000002C000000B2
:10155000E7002352E400500051004F00000000005B
:101560000000000000000000000000000000290052
:101570003A003B003C003D003E003F000000000000
:101580004378007E017E027E037E1700000000008B
:101590000000390000521600070009000A00000090
:1015A00000000000E1001D00427806001900057EE1
:1015B000000000000000067EE200E30000000000E2
:1015C000077E000000000000000000000000000096
:1015D0000000000000000000000040004100420048
:1015E0004300440045000000037CA8001C001800D4
:1015F0000C001200130046784578310049000B00BA
:101600000D000E000F0048784778000028004A00BF
:10161000137010003600370038000000E5004978EC
:101620004D0000002C000000E700E600E4004C78CC
:101630004A784B78E200E900EA00B500B600B7004E
:10164000CD008301CC008A01920194012102230282
:1016500024022502260227022A02B300B4006F00EA
:1016600070009F01CB019F02A002E200E900EA00A6
:10167000B500B600B700CD008301CC008A0192010D
:1016800094012102230224022502260227022A02B3
:10169000B300B4006F0070009F01CB019F02A00255
:1016A00010200020003131295A1B750AFF0000006C
:1016B00049B8000881B8000899B80008B5B8000812
:1016C0000001010101010101010102020202020205
:1016D00002020203030303030303030404040404D8
:1016E000040405050505050606060606070707079F
:1016F0000708080808090909090A0A0A0B0B0B0C54
:101700000C0C0D0D0D0E0E0E0F0F0F1010111111F0
:101710001212131314141515161617171818191971
:101720001A1A1B1B1C1D1D1E1E1F202021222223D6
:101730002424252626272829292A2B2C2D2D2E2F17
:1017400030313232333435363738393A3B3C3D3E2E
:101750003F404142434445464748494A4C4D4E4F1D
:1017600050515354555658595A5B5D5E5F616264DF
:10177000656668696B6C6D6F7072737577787A7B6C
:101780007D7E8082838587888A8C8E8F91939596C3
:10179000989A9C9EA0A2A3A5A7A9ABADAFB1B3B5E3
:1017A000B7BABCBEC0C2C4C6C9CBCDCFD1D4D6D8BF
:1017B000DBDDDFE2E4E7E9EBEEF0F3F5F8FAFDFF5D
:1017C00000FF0100010000FFFF0000010001FF0019
:1017D00000000000000400400F00000000000000B6
:1017E00020000000000000000000000000000000D9
:1017F00000000000000000000000000000000000E9
:101800000000000000000000000000002A2B28005B
:10181000000000000000000000000000000000299F
:10182000000000002C1E3420212224342627252EDF
:10183000362D3738271E1F20212223242526333317
:10184000362E37381F0405060708090A0B0C0D0E43
:101850000F101112131415161718191A1B1C1D2F0F
:101860003130232D350405060708090A0B0C0D0E2F
:101870000F101112131415161718191A1B1C1D2FEF
:101880003130354C000000007E0F00D4FFFFFFC751
:101890000000007869DB0008D1DA0008B1D900083F
:1018A00000000000D1180108EA1801080A1901080F
:1018B0002C1901089A190108BC1901084422B6091B
:1018C000025B00030100A0FA09040000010301010A
:1018D00000092111010001224400070581030800CD
:1018E00001090401000203000000092111010001A7
:1018F00022220007058203200001070502032000C1
:101900000109040200010300000009211101000186
:1019100022B6000705830320000112010002000027
:1019200000402D34C6E43000010203010501090620
:10193000A101050719E029E71500250195087501A2
:1019400081029501750881010507190029FF15001D
:1019500026FF00950675088100050819012905155F
:10196000002501950575019102950175039101C04E
:10197000040309041203450050004F004D004100CC
:101980004B004500520000001003530070006C0033
:10199000690074003600350000000660FF0961A18F
:1019A000010962150026FF00952075088102096370
:1019B000150026FF00952075089102C00501090257
:1019C000A10185020901A1000509190129081500D5
:1019D000250195087501810205010930093115813C
:1019E000257F95027508810609381581257F9501A7
:1019F00075088106050C0A38021581257F95017549
:101A0000088106C0C005010980A101850319012ACA
:101A1000B700150126B700950175108100C0050CAF
:101A20000901A101850419012AA002150126A002BD
:101A3000950175108100C005010906A10185060503
:101A40000719E029E71500250195087501810205B0
:101A500007190029EF1500250195F0750181020590
:101A600008190129059505750191029501750391E4
:101A700001C030313233343536373839414243448E
:101A80004546000060240108A44F0020A44F002018
:101A9000A44F0020602401080000000000000000A6
:101AA00000000000602401080000000000000000A9
:101AB0000000000060240108000000000000000099
:101AC0000000000060240108000000000000000089
:101AD0000000000060240108000000000000000079
:101AE0000000000060240108000000000000000069
:101AF0000000000060240108000000000000000059
:101B00000000000063300000041B0108083F0020B3
:101B1000184000206D61696E0069646C650000000A
:101B20000000000011F5000801F5000831F500087B
:101B300021F500082BF500081BF500080BF500083F
:101B4000FBF400083BF50008000001000000657888
:101B50006974006B696C6C00009600000300000063
:101B60000000000081F9000805080108610801086B
:101B700040004000184000201840002001000000F4
:101B80002C4000205245454E54206D616C6C6F63B3
:101B90002073756363656564656400002E2E2F2EC7
:101BA0002E2F2E2E2F2E2E2F2E2E2F2E2E2F2E2E50
:101BB0002F2E2E2F6E65776C69622F6C6962632FF2
:101BC0007374646C69622F72616E642E630000002E
:101BD0002C2066756E6374696F6E3A2000000000F9
:101BE000617373657274696F6E202225732220669B
:101BF00061696C65643A2066696C652022257322F0
:101C00002C206C696E65202564257325730A0000FD
:101C1000232D302B20000000686C4C006566674562
:101C20004647000030313233343536373839414297
:101C300043444546000000003031323334353637F6
:0C1C4000383961626364656600000000D2
:081C4C00F8E5FE7F0100000035
:101C5400040C0020000000002011010800110108FC
:101C6400E010010800000000000000000000000077
:101C74000000000000000000000000000000000060
:101C84000000000000000000000000000000000050
:101C94000000000000000000000000000000000040
:101CA4000000000000000000000000000000000030
:101CB400000000000000FF00092700088927000831
:101CC40051290008D12700082D2800080000000031
:101CD40001000000C0270900000000640E08020192
:101CE4000101010101010001FFFFFFFFFFFFFFFFF1
:101CF400FFFFFF1C1B1A19181716FFFF10111213F0
:101D04001415FFFFFF020F0E0D0C0BFFFFFF030660
:101D14000708090AFFFFFF040105FFFF00FFFFFF9B
:101D2400FFFFFFFFFFFFFFFFFF1D1E1F202122FFFC
:101D340023FF2C2B2A2928272625242D2E2F30312A
:101D440032FF33343C3B3A3938FF373635FF3DFFF9
:101D54003E3F404142434140134005200930024088
:101D640024401F302D303B30483056304F20412026
:101D740034202620182003101510221030103E1095
:101D84004C1053004500370029001C000E000000D1
:101D940060006E007C008A009800A500BA00D21092
:101DA400BE10AC109F1091108310751067105A105C
:101DB4005D206B20792086209420A220B820D22098
:101DC400D230C130AE309B308D30803072306430D0
:101DD4006B4086409440A240B040BF40D2400404CF
:101DE40004040404040404040404040404040404AF
:101DF400040404040404040404040404040404049F
:101E0400040404040404040404040404040404048E
:101E1400040404040404040404040404040404047E
:101E240004040000941F00209C1F00208D740008EF
:101E34000008004001080040020800400308004078
:101E4400060000400A0400400B040040FFFFFFFFAF
:101E5400FFFFFFFF000000400100004002000040BF
:101E640003000040040000400D0800400000000092
:101E74000100000000000000000000000C0002004F
:101E8400000000000C000E00000000000000000034
:101E94000000000001001A00000000000000000023
:101EA40008001B000000000000000000000000000B
:101EB400A1790008040024000000000000000000D4
:101EC40001002800000000000000000001002900BB
:101ED400000000000000000001002A0000000000D3
:101EE400000000000C002C000000000000000000B6
:101EF40004003800000000008179000820003C0044
:101F04000000000000000000010039000000000093
:101F1400A57900080000000020005C00000000001B
:101F24000000000000000000000000004500450023
:101F340045004500450000FF00FFFF03390501147B
:101F44000A1E0150082803010200000100000000DD
:101F540000C20100030000008C4D00200096000028
:101F640003000000F9D2000821DE000837DE000873
:101F740041DE00084BDE000855DE000800000000CA
:101F8400000000000200000000000000000000004B
:101F9400000000000000000000000000000000003D
:101FA400000000000000000000000000000000002D
:101FB400000000000000000000000000000000001D
:101FC4000000000006000000000000000000000007
:101FD40003000000000000000000000000000000FA
:101FE40000000000000000000000000000000000ED
:101FF40000000000000000000000000000000000DD
:1020040000000000000000000000000000000000CC
:1020140003000000000000000000000000000000B9
:1020240000000000000000000000000000000000AC
:10203400000000000000000000000000000000009C
:10204400000000000000000000000000000000008C
:10205400000000000000000000000000200000005C
:10206400C40F00201010002009E40008E9E3000870
:102074001FE4000801E500081DE5000829E5000843
:102084000000000000000000040000000000000048
:10209400000000000000000000000000000000003C
:1020A400000000000000000000000000000000002C
:1020B400000000000000000000000000000000001C
:1020C4000000000000000000030000000000000009
:1020D40000000000060000000000000000000000F6
:1020E40000000000000000000000000000000000EC
:1020F40000000000000000000000000000000000DC
:1021040000000000000000000000000000000000CB
:10211400000000002000000000000000000000009B
:102124002C0F0020780F0020301000200000000049
:102134007C1000200000000000000000C8100020F7
:1021440065E400083DE4000881E4000879E500083E
:102154009DE50008B5E5000800000000000000004F
:10216400000000000000000000000000000000006B
:10217400000000000000000000000000000000005B
:10218400000000000000000000000000000000004B
:10219400000000000000000000000000000000003B
:1021A40008000000081100205411002009E4000870
:1021B400E9E300081FE4000801E500081DE5000844
:1021C40029E50008010200000000000000000000F2
:1021D40000000000000000000000000000000000FB
:1021E40000000000000000000000000000000000EB
:1021F40000000000000000000000000000000000DB
:102204000300000000000000E9E1000800000000F5
:102214002000000000000000000000000200000098
:1022240000000000000000000000000000000000AA
:10223400000000000000000000000000000000009A
:10224400000000000000000000000000000000008A
:10225400504F002003000000040000002000000094
:10226400D83D00200000000000000000EC10002019
:10227400000000000000000000000000000000005A
:10228400000000000000000000000000000000004A
:10229400000000000000000000000000000000003A
:1022A4000000000000000000030000000000000027
:1022B400E9E1000800000000080000000000000040
:1022C4000000000002000000000000000000000008
:1022D40000000000000000000000000000000000FA
:1022E40000000000000000000000000000000000EA
:1022F4000000000000000000504F0020010000001A
:102304000400000008000000883C002000000000D9
:102314000000000058110020000000000000000030
:1023240000000000000000000000000000000000A9
:102334000000000000000000000000000000000099
:102344000000000000000000000000000000000089
:102354000300000000000000E9E100087FE200083B
:102364002000200000000000000000000200000027
:102374000000000000000000000000000000000059
:102384000000000000000000000000000000000049
:102394000000000000000000000000000100000038
:1023A400504F002002000000040000002000000044
:1023B400B83C0020000000000000000014100020C1
:1023C4000000000000000000000000000000000009
:1023D40000000000000000000000000000000000F9
:1023E40000000000000000000000000000000000E9
:1023F40000000000000000000000000000000000D9
:1024040000000000000000000000000000000000C8
:1024140000000000000000000000000000000000B8
:1024240000000000000000000000000000000000A8
:10243400504F0020020000000400000020000000B3
:10244400483D002000000000F8130020F81300208D
:0C245400000000000000000000D8B805E7
:04000005080001B935
:00000001FF
