:020000040800F2
:1000000000040020B9010008BB010008BB01000882
:10001000BB010008BB010008BB010008BB010008D0
:10002000BB010008BB010008BB01000841EE00084D
:10003000BB010008BB010008BB010008CB0201089E
:10004000BB010008BB010008BB010008BB010008A0
:10005000BB010008BB010008BDFF0008E5FF000868
:100060000D000108350001085D000108BB01000812
:10007000BB010008BB010008FD090108BB01000825
:1000800085000108BB010008BB010008BB01000896
:10009000BB010008BB010008BB010008BB01000850
:1000A000BB010008BB010008E9050108FD050108C6
:1000B000BB010008BB010008D5030108BB01000813
:1000C000E9030108E9000108BB010008BB010008C1
:1000D000BB010008BB010008BB010008BB01000810
:1000E00072B6264880F30888254880F30988254899
:1000F00025490860022080F31488BFF36F8F0EF04B
:1001000073FB0DF0CBFE4FF0553020491B4A914256
:100110003CBF41F8040BFAE71D49194A91423CBF24
:1001200041F8040BFAE71B491B4A1C4B9A423EBF9D
:1001300051F8040B42F8040BF8E700201849194A5B
:1001400091423CBF41F8040BFAE70EF051FB0EF070
:100150004CFB154C154DAC4203DA54F8041B884790
:10016000F9E707F0D9FE124C124DAC4203DA54F80D
:10017000041B8847F9E70EF039BB0000000400209B
:10018000000C00200000000808ED00E00000002046
:10019000000400205C1C0108000C00200C1400204E
:1001A00010140020A44F0020E0000008E000000828
:1001B000E0000008E000000892E700F000F8FEE729
:1001C0002DE9F04FC1F80CD0C3689D46BDE8F08F13
:1001D000002383F311882846A04700200EF036FD47
:1001E000FEE70EF067FC00DFFEE7000053B94AB9F6
:1001F000002908BF00281CBF4FF0FF314FF0FF302F
:1002000000F08AB9ADF1080C6DE904CE00F01AF8DF
:10021000DDF804E0DDE9022304B07047430803F091
:100220005533C01A830803F0333300F033301844D9
:1002300000EB101000F00F3000EB002000EB00404E
:10024000000E70472DE9F047089E0D46044688468B
:10025000002B4DD18A42944668D9B2FA82F252B14B
:1002600001FA02F3C2F1200120FA01F10CFA02FCBA
:1002700041EA030894404FEA1C41B8FBF1F71FFA2A
:100280008CFE01FB178807FB0EF0230C43EA0843A2
:1002900098420AD91CEB030307F1FF3580F01E8159
:1002A000984240F21B81023F63441B1AB3FBF1F0FA
:1002B00001FB103300FB0EFEA4B244EA0344A64542
:1002C0000AD91CEB040400F1FF3380F00981A64534
:1002D00040F20681644402380021A4EB0E0440EA97
:1002E00007401EB10023D440C6E90043BDE8F087B3
:1002F0008B4208D9002E00F0EE800021C6E90005EF
:100300000846BDE8F087B3FA83F100294AD1AB4231
:1003100002D3824200F2FC80841A65EB03030120C1
:100320009846002EE2D0C6E90048DFE702B9FFDEBA
:10033000B2FA82F2002A40F09180A1EB0C00012178
:100340004FEA1C471FFA8CFEB0FBF7F307FB1300C4
:10035000250C45EA00450EFB03F0A84208D91CEB2A
:10036000050503F1FF3802D2A84200F2CE804346D1
:100370002D1AB5FBF7F007FB10550EFB00FEA4B2DB
:1003800044EA0544A64508D91CEB040400F1FF35F6
:1003900002D2A64500F2B6802846A4EB0E0440EA3D
:1003A00003409EE7C1F120078B4022FA07FC4CEA8C
:1003B000030C25FA07FA4FEA1C49BAFBF9F820FAB0
:1003C00007F309FB18AA8D401FFA8CFE1D4300FAA3
:1003D00001F308FB0EF02C0C44EA0A44A04202FA96
:1003E00001F20BD91CEB040408F1FF3A80F088807D
:1003F000A04240F28580A8F102086444241AB4FBAC
:10040000F9F009FB104400FB0EFEADB245EA0444CE
:10041000A64508D91CEB040400F1FF356CD2A645B3
:100420006AD90238644440EA0840A0FB0295A4EB74
:100430000E04AC42C846AE4656D353D0002E69D007
:10044000B3EB080264EB0E0422FA01F304FA07F797
:100450001F43CC40C6E90074002147E70CFA02FCB8
:10046000C2F1200125FA01F34FEA1C4720FA01F1FD
:1004700095400D43B3FBF7F107FB11331FFA8CFED8
:10048000280C40EA034001FB0EF3834204FA02F415
:1004900008D91CEB000001F1FF382FD283422DD97F
:1004A00002396044C01AB0FBF7F307FB1300ADB28A
:1004B00045EA004503FB0EF0A84208D91CEB0505F0
:1004C00003F1FF3816D2A84214D9023B6544281A1A
:1004D00043EA014138E73146304607E72F46E4E674
:1004E0001846F9E64B45A9D2B9EB020865EB0C0EAC
:1004F0000138A3E74346EAE7284694E74146D1E7B7
:10050000D0467BE76444023847E7023B65442FE767
:10051000084606E73146E9E6704700BF062008B501
:1005200000F08AFA01200FF0BFFB00BF032A10B5CC
:1005300016D940EA010C1CF0030F04460B4622D1E9
:1005400019462046D1F800E0D0F800C00433F44545
:1005500004F1040417D1043A032A20461946EFD8BF
:10056000541EA2B100F1FF3C013901E0C3180CD0C8
:100570001CF801EF11F8012FA4EB0C039645F5D000
:10058000AEEB020010BD541EECE7184610BD10463D
:1005900010BD00BF844641EA000313F0030349D1B4
:1005A000403A23D30B6803604B6843608B688360D9
:1005B000CB68C3600B6903614B6943618B698361DD
:1005C000CB69C3610B6A03624B6A43628B6A8362C5
:1005D000CB6AC3620B6B03634B6B43638B6B8363AD
:1005E000CB6BC36340304031403ADBD230320BD367
:1005F0000B6803604B6843608B688360CB68C360A3
:1006000010301031103AF3D20C3205D351F8043BBC
:1006100040F8043B043AF9D2043208D0D2071CBF98
:1006200011F8013B00F8013B01D30B8803806046C1
:10063000704700BF082A13D38B07B1D010F0030313
:10064000AED0C3F10403D21ADB071CBF11F8013B83
:1006500000F8013BA4D331F8023B20F8023B9FE7AE
:10066000043AD9D3013A11F8013B00F8013BF9D221
:100670000B7803704B7843708B78837060467047BB
:1006800088420DD98B1883420AD900EB020CBAB10B
:10069000624613F801CD994202F801CDF9D17047B5
:1006A0000F2A0ED8034602F1FF3C4AB10CF1010CAF
:1006B000013B8C4411F8012B614503F8012FF9D15E
:1006C000704740EA01039B074FD1A2F1100370B5B8
:1006D00001F1200C23F00F0501F1100E00F11004C0
:1006E000AC441B095EF8105C0EF1100E44F8105C6F
:1006F0005EF81C5C103444F81C5C5EF8185C44F82E
:10070000185C5EF8145CE64544F8145CEAD10133E9
:1007100012F00C0F01EB031102F00F0400EB0313B6
:1007200027D08E46043C24F003064FEA940C1E4466
:100730001C1F5EF8045B44F8045FB442F9D10CF16D
:10074000010402F0030203EB840301EB840102F1D4
:10075000FF3C4AB10CF1010C013B8C4411F8012B18
:10076000614503F8012FF9D170BD034602F1FF3C4A
:100770009CE72246EBE700BF830730B548D0541E04
:10078000002A3FD00346CAB201E0013C3AD303F845
:10079000012B9D07F9D1032C2DD9CDB245EA0525B2
:1007A0000F2C45EA054536D9A4F1100222F00F0CB2
:1007B00003F1200EE6444FEA121C03F1100242E955
:1007C000045542E9025510327245F8D10CF101028C
:1007D00014F00C0F03EB021204F00F0C13D0ACF169
:1007E000040323F003030433134442F8045B9342ED
:1007F000FBD10CF003042CB1CAB21C4403F8012B4A
:100800009C42FBD130BD64461346002CF4D1F9E77D
:1008100003461446BFE71A46A446E0E738B5124B34
:1008200004461D68AA6B1AB10023C2E9044338BD0F
:10083000182000F02DFA0246A86378B100210B239E
:1008400001209381C2E90401084B0949094DC2E91D
:10085000011300231560C2E9044338BD4221064B51
:10086000064800F0CDF900BF000C0020ECDE0500CA
:1008700034126DE60E33CDAB8C1B0108A41B0108AE
:1008800038B5194B1C68A26B8AB1136917495469B2
:1008900003FB01F1164800FB0411A3FB00300133F8
:1008A00041EB0001C2E9043121F0004038BD1820BD
:1008B00000F0EEF90246A06388B1012400250B2365
:1008C0000A480C49C2E90445116001460A4D0B4C27
:1008D00093810B4BC2E90154C2E9043138BD4E216A
:1008E000084B094800F08CF9000C00202DF45158F9
:1008F0002D7F954C0E33CDAB34126DE6ECDE05004A
:100900002E7F954C8C1B0108A41B010838B5446C44
:100910000CB1002038BD8021054600F02FFA0246B8
:10092000686430B1031F7C3243F8044F9342FBD11B
:10093000EFE74FF0FF3038BD1F29F8B5054608D85E
:10094000466C0C4617464EB156F8240046F8247003
:10095000F8BD16234FF0FF302B60F8BD802100F06A
:100960000DFA0646686440B10021031F00F17C05C2
:1009700043F8041F9D42FBD1E6E74FF0FF30F8BD7E
:100980001F2938B5054620D8426C0C466AB152F88A
:10099000213053B1012B16D0591C10D00025204610
:1009A00042F824509847284638BD284600F0F8F809
:1009B000224601462846BDE8384000F0DDB816233F
:1009C00001202B6038BD002038BD16234FF0FF30CA
:1009D0002B6038BD1F292BD8426C38B50C46054614
:1009E00082B152F8243002EB84024BB1591C1AD068
:1009F000012B16D00025204615609847284638BDA3
:100A0000012038BD802100F0B9F90246686460B168
:100A10000020131F02F17C0143F8040F9942FBD11F
:100A2000DFE7032038BD022038BD4FF0FF3038BD6E
:100A30004FF0FF30704700BF38B5144B1F281D68BA
:100A40001FD86A6C044662B152F820304BB1012BBA
:100A500015D0591C0FD0002542F820509847284641
:100A600038BD284600F09CF8224601462846BDE8DD
:100A7000384000F081B8162301202B6038BD0020DB
:100A800038BD16234FF0FF302B6038BD000C00201E
:100A9000124B1F2870B51E6808D80D46716C0446AD
:100AA00049B151F8240041F8245070BD16234FF08D
:100AB000FF30336070BD8021304600F05FF90146A1
:100AC000706440B10022031F00F17C0C43F8042F36
:100AD0006345FBD1E5E74FF0FF3070BD000C00200F
:100AE00038B50B4B1D686C6C0CB1002038BD8021F3
:100AF000284600F043F9686438B1031F00F17C0216
:100B000043F8044F9342FBD1EFE74FF0FF3038BD7D
:100B1000000C002038B5174B1F281D6827D86A6CB9
:100B2000044682B152F8243002EB84024BB1591CC6
:100B30001BD0012B17D0002520461560984728466A
:100B400038BD012038BD8021284600F017F9024643
:100B5000686460B10020131F02F17C0143F8040FA8
:100B60008B42FBD1DEE7032038BD022038BD4FF0B9
:100B7000FF3038BD000C002070B50026074D04463C
:100B8000084611462E600FF097F8431C00D070BD48
:100B90002B68002BFBD0236070BD00BF1814002011
:100BA0000FF092B820F0030110F00300C0F1000034
:100BB00051F8043B00F1040C4FEACC0C6FF000023A
:100BC0001CBF22FA0CF213434FF0010C4CEA0C2C20
:100BD0004CEA0C4CA3EB0C0222EA030212EACC1200
:100BE00004BF51F8043B0430F4D0C2F1000102EA22
:100BF0000102B2FA82F2C2F11F0200EBD20070478A
:100C0000144600B51A460A4B0D461B6885B0DE68CF
:100C100003464CB1074901913046074902940095BB
:100C200000F022F8FFF77AFC04490C46F3E700BF16
:100C3000000C0020D81B0108E81B0108E41B010878
:100C400008B513460022FFF7DBFF00BF0CB400B568
:100C500083B004AB53F8042B019300F025F903B0E3
:100C60005DF804EB02B070470EB400B5074A82B0DD
:100C700003AB0146106853F8042B019300F014F9FC
:100C800002B05DF804EB03B0704700BF000C002019
:100C9000024B0146186800F071B800BF000C00203C
:100CA000024B0146186800F003B800BF000C00209A
:100CB000002952D038B551F8043C0C1F002BB8BFA6
:100CC000E418054601F0AEF92B4A1368002B45D015
:100CD000A3420CD921686018834228D0636028465B
:100CE0001460BDE8384001F09FB9A3420FD81A46FE
:100CF0005B68002BF9D11168501884421DD034D3A1
:100D0000636054602846BDE8384001F08DB9116831
:100D10005018A04215D028D8216860188342EFD11E
:100D200018685B680144C4E900135460EAE7186876
:100D30005B680144C4E90013D1E7236819441160DA
:100D4000E0E720680144501883421160DAD1D3E90A
:100D500000030144C2E90013D4E7704728466360EA
:100D60001460BDE8384001F05FB90C2328462B60C1
:100D7000BDE8384001F058B910140020F8B5CD1C7A
:100D800025F0030508350C2D38BF0C25002D06462F
:100D900023DBA94221D8264F01F044F93A6822B357
:100DA000144603E063682246FBB11C4623685B1BC4
:100DB000F8D40B2B15D8636894420CBF3B6053608A
:100DC000304601F031F904F10B00231D20F007003B
:100DD000C21A01D01B1AA350F8BD0C2300203360A7
:100DE000F8BD23601C442560EAE77968D1B1294643
:100DF00030460EF04BFF431C01460CD0C41C24F0BF
:100E00000304A04205D03046611A0EF03FFF0130C6
:100E100001D02560D4E70C233046336001F004F99B
:100E20000020F8BD30460EF031FF7860DFE700BFEC
:100E3000101400209368013B002B936005DAD2F870
:100E400018C0634507DB0A2905D01368581C1060D9
:100E500008461970704700F069BB00BF9BB1F8B538
:100E6000134406460F46541E5D1E01E0AC4208D0F6
:100E70003A46304614F8011FFFF7DCFF431CF5D15A
:100E8000F8BD0020F8BD0020704700BF936810B582
:100E9000144613B91846536010BD00F031FE00230C
:100EA000C4E9013310BD00BF2DE9F04F0E46924654
:100EB0001C4607469FB018B18369002B00F0A8803C
:100EC000954B9E4200F0AA80944B9E4200F0B58064
:100ED000934B9E4208BFFE68B389180740F1A38078
:100EE0003369002B00F09F80002320220B933023D6
:100EF0009AF80010059401258A4C8DF831208DF860
:100F0000323000297DD0D1460B4604E019F8013F6C
:100F1000002B00F09480252BF8D1B9EB0A0B40F0A0
:100F2000918099F80030002B6BD000234FF0FF32F6
:100F300009F10109CDE90723069309938DF85B3088
:100F40001C9304E0001B05FA00F018430690CA4603
:100F50000522204619F8011B01F01CF8069B002809
:100F6000F0D1D90644BF20228DF85B201A0748BF74
:100F70002B229AF8001048BF8DF85B202A2972D1E5
:100F8000059A1168043200290592C0F2A0800991E7
:100F90009AF801100AF1010A2E2976D0DFF888911B
:100FA0000322484600F0F6FF48B14022069BA0EB22
:100FB000090002FA00F003430AF1010A06931AF845
:100FC000011B062259488DF8301000F0E3FF00287D
:100FD00000F08380564B002B6CD005A9009132465F
:100FE0003846544B06A9AFF300800390039B0133AE
:100FF00007D00B9B039A9AF8001013440B93002917
:1010000081D1B3895B0615D40B981FB0BDE8F08F72
:1010100000F056FD404B9E427FF456AF7E68B38988
:1010200018073FF55DAF3146384600F0E1FA002879
:101030003FF45AAF4FF0FF30E7E7BE684CE7B9EB3B
:101040000A0BDED0D046CAF1010A03E0934538D935
:1010500018F8011F32463846FFF7ECFE01300AEB64
:101060000802F3D1CDE7A1F13002092A94D8099BF7
:101070001AF8011F03EB830302EB4303A1F13002D3
:10108000092AF5D92E29099388D19AF801102A291D
:101090002DD1059B0AF102001A680433002A05933A
:1010A000B8BF4FF0FF339AF8021007928246B8BFDC
:1010B000079373E7059B073323F007030833059372
:1010C00097E70B9A99F800305A440B922BE7494264
:1010D00043F00203099106935AE705A900913246AD
:1010E0003846144B06A900F0CBF803907EE70023A6
:1010F000A1F13002092A0AF1010A07933FF64EAF27
:101100001AF8011F03EB830302EB4303A1F1300242
:10111000092AF5D9079341E72811010808110108A8
:10112000E8100108181C0108201C0108241C0108F3
:10113000000000005D0E00088C4600B58646134690
:10114000034A714610685DF804EB6246FFF7ACBED7
:10115000000C00202DE9F04791461E460A698B6875
:101160000C469A42B8BF1A46C9F8002091F843309D
:101170000546DDF8208013B10132C9F8002022684D
:1011800091065DD5D9F800300233C9F800302268E5
:1011900012F0060F11461ED1E168CB1A002BD8BF02
:1011A000114618DD002704F1190A06E0D9F80030CD
:1011B000E268A2EB030CBC450CDD0123524631462C
:1011C0002846C047013007F10107EFD14FF0FF304B
:1011D000BDE8F087216894F84330003B18BF012335
:1011E0008A060AD53021E21882F8431094F8451097
:1011F0005A1C2244023382F843103146284604F137
:101200004302C0470130E1D0236803F00603042BFA
:101210001DD0A3682269934225DD00279B1A1F4435
:1012200004F11A09002401E0BC421CDA01234A46F9
:1012300031462846C047013004F10104F4D1C5E726
:1012400012F0060F12D0003B18BF0123D5E7D9F8E2
:101250000030E1682269C91AA36821EAE177934264
:10126000DCDC0029DCDC0020BDE8F087E168D9F88F
:101270000030CB1A002BD8BF114693DCABE700BF80
:101280002DE9F04317460A7E85B00C46064698467F
:101290000C9D01F1430C002A33D0A2F15803D9B2BE
:1012A000202967D8202B65D8DFE813F0DD00640023
:1012B000640064006400640064006400640064000E
:1012C0006400A3006E0064006400640064006E00AB
:1012D000640064006400640021007F00BF006400BB
:1012E0006400AE0064007F0064006400E4002368D2
:1012F0001A0640F102812B686269191D29601B687A
:101300001A600023E14623613B4621463046CDF872
:10131000008003AAFFF71EFF013020D04A4639465D
:1013200030462369C047013019D02368E0689B0725
:10133000039919D5431A002B16DD002504F119096C
:1013400004E0E0680399431AAB420DDD01234A46ED
:1013500039463046C047013005F10105F1D14FF063
:10136000FF3005B0BDE8F0838842B8BF084605B03D
:10137000BDE8F083012384F8422004F1420923618F
:10138000002384F84330BFE72368190602D45A06C5
:1013900000F1BF8029680A68043129601146002ADB
:1013A0006ADB0A25DFF87CE110E02368180640F1CB
:1013B0009A802B68191D296019686F2A0CBF0825AF
:1013C0000A25DFF860E1002384F843306268002AD0
:1013D000A2607DDB236823F004032360002959D138
:1013E000002A77D1E146082D63D0ACEB09032361D5
:1013F0008AE701222B6804F14209196804332B6043
:1014000084F842102261BBE72B6800211A1D2A6074
:10141000D3F800906268484600F0BCFD00287FD0F9
:10142000A0EB090060602061AAE7236843F0200375
:1014300023607822DFF8F0E084F845202A68111D47
:101440002960190642D45D0640D51188D80744BFEB
:1014500043F020032360002943D12368102523F0A3
:1014600020032360AFE75823DFF8B8E084F8453065
:101470002368E3E72368DCE72D2284F843206268D1
:101480004942002AA26002DB23F0040323600A25FC
:10149000DFF890E0E146B1FBF5F30A4605FB1310D7
:1014A00019461EF80030AA4209F8013DF3D2082D72
:1014B0009BD12368D90798D5626823699A4294DC46
:1014C000302309F1FF3989F800308EE71168BDE754
:1014D0000029DFD19EF8003004F1420984F842303F
:1014E00081E710256FE713F0400F2B6803F104012B
:1014F00029600CBF196819885FE713F0400F2B684B
:10150000626903F1040129601B6814BF1A801A6024
:10151000F7E62A68B2F9001004322A600A463EE76C
:10152000606880E72C1C0108401C0108F8B50646DD
:101530000D46144608B1836943B3254B9C422AD01B
:10154000244B9C4229D0244B9C4208BFF468A269DA
:10155000A389A2601A0722D5236903B322686169AF
:10156000D31AEDB299422F4629DD0133A168013922
:10157000A160511C2160157062699A4216D0A3893E
:10158000DB0701D50A2D11D03846F8BD00F098FAD6
:101590000F4B9C42D4D17468D9E7B468D7E7214691
:1015A000304600F025F838B92369D7E721463046A0
:1015B00000F024F90028E7D04FF0FF37E4E7214698
:1015C000304600F01BF90028F6D101232268CDE750
:1015D0002811010808110108E810010803460A460D
:1015E000024908681946FFF7A1BF00BF000C0020A0
:1015F0003C4B70B51D6806460C460DB1AB69E3B1B6
:10160000394B9C421FD0394B9C424DD0384B9C42A9
:1016100008BFEC68B4F90C3018079AB219D52169E3
:1016200011B312F001002FD000256069A56040427F
:10163000A06100292ED0002070BD284600F040FA9D
:10164000294B9C42DFD16C68B4F90C3018079AB270
:10165000E5D4D1063ED5520728D4216943F00803CA
:10166000A3819AB20029DCD102F42070B0F5007F8A
:10167000D7D02146304600F0FFFBB4F90C30216989
:101680009AB212F00100CFD1950758BF6069A060EF
:101690000029D0D1120658BF0846CDD543F04003EB
:1016A0004FF0FF30A38170BDAC68B3E7616B51B1FF
:1016B00004F14402914204D03046FFF7F9FAB4F93C
:1016C0000C30002262630022216923F02403C4E964
:1016D0000012C3E7092243F0400332604FF0FF30AD
:1016E000A38170BD000C0020281101080811010819
:1016F000E8100108F8B58B890C46190707463BD45A
:101700006268002A55DDE66A002E50D000223D684E
:101710003A6013F4805250D101233846216AB04711
:10172000421C5CD0A389E66A5B0705D56368C01AD2
:10173000636B0BB1236CC01A0246216A0023384642
:10174000B047411C3BD13B68002B38D01D2B01D04A
:10175000162B4BD100232269C4E90023616B3D6045
:1017600029B304F14403994202D03846FFF7A0FAA6
:10177000002318466363F8BD2669C6B19A0718BFEF
:101780000023256808BF63692660AD1BA3600CE0D9
:101790002B463246D4F828C03846216AE047B0F1DB
:1017A000000CA5EB0C05664412DD002DF0DC0020DA
:1017B000F8BD226C002AA6DCF9E7606DB4E70022D0
:1017C000236962602360A389DB04C7D56065C5E730
:1017D000A3894FF0FF3043F04003A381F8BD3B687D
:1017E000002B9FD01D2B06D0162B04D0A38943F0CD
:1017F0004003A381F8BD00203D60F8BD38B50B69FA
:10180000BBB10C46054608B18369B3B10D4B9C4290
:1018100011D00D4B9C4213D00C4B9C4208BFEC687E
:10182000B4F90C302BB121462846BDE83840FFF70B
:1018300061BF002038BD6C68F2E700F041F9E5E7D0
:10184000AC68EDE72811010808110108E81001084B
:1018500038B540B303690446E3B1174B1D680DB1B9
:10186000AB69CBB1154B9C420FD0154B9C4221D09C
:10187000144B9C4208BFEC68B4F90C3053B12146BC
:101880002846BDE83840FFF735BF6C68B4F90C3026
:10189000002BF4D1002038BD284600F011F9074B89
:1018A0009C42E2D1F1E7084B08491868BDE838408E
:1018B00000F0BEBAAC68DFE7000C00202811010878
:1018C00008110108E8100108E4100108FD170008DC
:1018D00000207047014900F0ABBA00BFFD170008B7
:1018E00000207047682270B54D1E02FB05F50E46BC
:1018F00005F17401FFF742FA044640B100210C30B3
:10190000C4E9016005F168022160FEF735FF204659
:1019100070BD00BF274B2DE9F0411E680746B36933
:1019200053B34FF004084836D6E90134013B04D5DF
:101930001EE05A1C04F168041AD0B4F90C50013BA3
:10194000002DF6D11C4B08222946C4E90055C4E9F4
:101950000253C4E904556566A56104F15C00FEF715
:101960000BFFC4E90D55C4E912552046BDE8F081CE
:1019700035682DB12E46D7E7304600F01FF8D0E786
:101980004FF4D6713846FFF7F9F9044668B105609F
:1019900029460546C0F804800C304FF4D072A06090
:1019A000FEF7EAFE34602E46BEE70C2330603B6053
:1019B000DBE700BFE41001080100FFFF0023334A0A
:1019C0002DE9F0471268C0E912339042036508BF61
:1019D00001232F4908BF836181620546FFF79AFF03
:1019E000034628466B60FFF795FFA8602846002451
:1019F000FFF790FF04236E68DFF898A0DFF8989057
:101A0000DFF89880264FE8600822F3602146C6E997
:101A10000044C6E904447466B460B46106F15C0035
:101A2000FEF7AAFE1F4BC6E9086AC6E90A983763A3
:101A3000AE680822F3602146C6E90044C6E90444C2
:101A40007466B460B46106F15C00FEF795FE164B57
:101A5000C6E9086AC6E90A983763EE682146F3606A
:101A60000822C6E90044C6E904447466B460B4615F
:101A700006F15C00FEF780FE0123C6E9086AC6E9AC
:101A80000B87C6F82890AB61BDE8F087E410010829
:101A9000D51800087D200008A5200008E5200008D2
:101AA000052100080900010012000200024B034951
:101AB000186800F0BDB900BFE4100108FD17000868
:101AC000836903B97AE77047704700BF704700BF6A
:101AD000704700BF704700BF024B0349186800F011
:101AE00087B900BF000C0020D1180008024B034941
:101AF000186800F07DB900BF000C0020E118000854
:101B00009368002B00F0B7802DE9F04FB1F90C304D
:101B10000C4619078046174683B098B225D523692D
:101B20001BB310F002033D682DD04FF0000B5E4652
:101B3000DFF8B8A2002E00F08B80564533465A4697
:101B400028BF53464046216AD4F828C0E047002801
:101B500040F38780BB6883441B1A361ABB60002B96
:101B6000E8D1002003B0BDE8F08F21464046FFF7E2
:101B70003FFD002840F03681B4F90C303D6898B242
:101B800010F00203D1D110F0010976D14E46002E9B
:101B90005AD08205D4F808B040F1B580B3455A4612
:101BA00000F2CD8010F4906F00F0CB8023682169A3
:101BB000A3EB010B636903EB430A0AEBDA7A0BF13F
:101BC00001034FEA6A0A33445345524684BF9A469A
:101BD0005246430540F1EA8011464046FFF7CEF8F1
:101BE000002800F0F9805A4621690190FEF7D2FCE6
:101BF000A289019B22F4906242F08002A28103EB51
:101C00000B0023613246AAEB0B03B346C4F814A0C1
:101C1000A3602060B246002649460192FEF730FDDF
:101C2000A3682168019AA3EB0B030A44A360226016
:101C3000B868D144A0EB0A00B860002891D0B4F98C
:101C40000C0080B2002EA4D1D5E9009608359EE79D
:101C5000D5E900B608356DE721464046FFF7CEFDD1
:101C600080B3B4F90C304FF0FF3043F04003A38150
:101C700003B0BDE8F08F002070471E46AA46994683
:101C800018461D4656B3002832D04A4620682169BE
:101C9000B24228BF32468842636904D9A16803EB87
:101CA000010B5A4574DC934265DC2A464046216AA2
:101CB000D4F828C0E047B0F1000BD2DDB9EB0B0936
:101CC000CAD00120BB685D44A3EB0B03A6EB0B0657
:101CD000BB60002B3FF445AF002ED4D10AF10803BE
:101CE00053F8046C9A4653F8085C0833002EF7D07A
:101CF00032460A21284600F04DF9002869D001300B
:101D0000A0EB0509C1E72068236998421BD86369E5
:101D1000B34218D86FF0004CB44528BFB4469CFBC2
:101D2000F3FC4A4603FB0CF34046216AD4F828C072
:101D3000E047B0F1000A94DDA6EB0A0678E7B34667
:101D40003246206866E7B345DA4628BFB2464946C0
:101D50005246FEF795FCA3682268A3EB0A0352449F
:101D6000A3602260002BE7D121464046FFF746FDE5
:101D70000028E1D075E7294693460192FEF780FCE2
:101D8000A368019A9B1AA36023681A44226095E70E
:101D900029465A46FEF774FC236821465B444046B8
:101DA0002360FFF72BFD002888D05AE7404600F05B
:101DB0003DF9034600287FF422AF40462169FEF733
:101DC00077FF0C22B4F90C30C8F8002023F0800310
:101DD00049E7721C914659E70C22B4F90C30C8F857
:101DE000002040E74FF0FF30BCE600BF00FCFF7F63
:101DF0002DE9F0410026884600F14807D7E9015453
:101E0000013D0ED4A389013D012B06D9B4F90E3052
:101E1000013302D02046C04706436B1C04F168041E
:101E2000F0D13F68002FE9D13046BDE8F08100BF16
:101E30002DE9F8434FF000090746884600F14806AF
:101E4000D6E90154013D10D4A389013D012B08D9E5
:101E5000B4F90E30013304D021463846C04749EA70
:101E600000096B1C04F16804EED13668002EE7D13E
:101E70004846BDE8F88300BFF0B58B890C4699074A
:101E800097B007D5012204F14703C4E90432236067
:101E900017B0F0BDB4F90E10054600292DDB6A46D7
:101EA0000DF0E6FE002827DB019E4FF4806706F464
:101EB0007046A6F50056B6FA86F6394628467609E3
:101EC000FEF75CFF30B3A3891A4A43F08003AA628D
:101ED000C4E90407A3812060002ED9D02846B4F9B4
:101EE0000E100DF0D1FE0028D2D0A38923F00303F9
:101EF00043F00103A381CBE7A38913F0800F14BF44
:101F000040274FF48067284639460026FEF736FF03
:101F10000028D8D1B4F90C309A05B9D4012123F0A6
:101F2000030304F1470243F00203C4E90421A3813F
:101F30002260ADE7D518000870B50C46B1F90E1057
:101F4000164600291D4696B013DB6A460DF090FE3A
:101F500000280EDB01994FF4806301F47041A1F574
:101F60000051B1FA81F1002049092960336016B0AF
:101F700070BD0022B4F90C302A601B0604D5402342
:101F80000020336016B070BD4FF4806300203360D2
:101F900016B070BD5FFA81FC810710D00346511E58
:101FA0002AB90AE09A0718460AD0013905D318461B
:101FB00013F8012B6245F5D1704700207047114698
:101FC00003290CD80029F8D00346014401E08B42D4
:101FD000F3D0184613F8012B6245F8D1ECE702461E
:101FE00010B54CEA0C2444EA044410460368043259
:101FF0006340A3F1013E2EEA030313F0803F04D1B6
:10200000043903291046F0D851B10346014401E0D8
:102010008B4205D0184613F8012B6245F8D110BD4C
:10202000002010BD704700BF704700BFF8B51446D0
:10203000F9B1CAB106460D4600F068F8A04202D3D5
:102040002F463846F8BD21463046FEF797FE074634
:102050000028F6D022462946FEF79CFA304629464B
:10206000FEF726FE3846F8BD2746FEF721FE384625
:10207000F8BD1146BDE8F840FEF780BE10B50C462D
:10208000B1F90E100DF0EBFD002803DB636D034486
:10209000636510BDA38923F48053A38110BD00BFE5
:1020A000002070472DE9F0410C46B1F90C101F4695
:1020B000CB05054616460BD421F48051A1813B4641
:1020C00032462846B4F90E10BDE8F0410DF0CCBD03
:1020D000B4F90E10022300220DF0C8FDB4F90C1063
:1020E000EAE700BF10B50C46B1F90E100DF0BEFDC9
:1020F000A389421C0EBF23F4805343F480536065D0
:10210000A38110BDB1F90E100DF0A7BD51F8040C5C
:102110000028A0F10400BCBF0B58C018704700BFD6
:102120002DE9F74304460D4609F0BCF800274FF0AF
:1021300012092D4EDFF8B4807080E0B2854250D98C
:1021400000232B4A0FE01CF801EBBEF1FF0F01D07A
:1021500070451BD001310929F5D10133DBB20C2BBD
:1021600002F109023BD094460021ECE7012A07D195
:10217000012B05D173888DF800708DF8017016E081
:102180008DF801308DF80010738810E0D8F8002029
:102190002AB309FB032333F81120110AD3B2120A20
:1021A000E4D1002BECD18DF800308DF801308DF8A2
:1021B0000230009806F04CFBC0F307238DF80400B2
:1021C000C0F307408DF805308DF806009DF8063005
:1021D00020469DF805209DF8041007F01FF90134F2
:1021E000ABE703B0BDE8F083640C00201C140020B2
:1021F0009A0C0020032805D8D82202FB00F10248DF
:1022000005F02AB9704700BF20140020074B084A88
:1022100010B51A600023074C2370607009F042F873
:1022200060806078BDE81040FFF7E4BF1C14002018
:1022300020140020640C0020024B1878431E5842E2
:1022400058417047640C0020F0B5124B18780128F3
:102250001DD1114B1B68A3B112244A7804FB023331
:102260000A780E4933F812500E4631F8027BC4B298
:10227000AF4207D104F0070136F81110012023F80E
:102280001210F0BD01300928EFD10021F6E700203F
:10229000F7E700BF640C00201C1400205411010853
:1022A000704700002DE9F0431F4B85B01B784BB3FE
:1022B000002201AC1146104607F0E8F90025A046BF
:1022C0000A27DFF868900A2249464046FEF762F97D
:1022D00000F086FE0378EAB2B3FBF7F3934200D82E
:1022E000EAB900F07DFE03782678312B0DD9002362
:1022F000962219463046013507F090F80A2D04F170
:102300000104E0D105B0BDE8F08300F069FE037878
:102310001D2B4FF00003EBD81A469621EAE7002365
:1023200020781A461946E6E7344000204811010893
:10233000F8B50D4616460446364F002845D00BF03A
:1023400061F8354B38601A69570402D51A691104CF
:1023500042D41A69520402D41B691F043ED42E4A87
:102360001169C1F38033490405D5136913F4004F93
:1023700014BF002302232A78511E042930D9062ACB
:1023800030D0002A0CBF03200020244A14B9117851
:10239000994202D11C1A18BF0124022B137023D0BA
:1023A000032B2AD0012B31D102232B7094B100F0E2
:1023B00071FA0022314600F0B7F90BF023F8184B00
:1023C00018600AF0F2FF012005E038680AF0CFFF3C
:1023D0003228B4D80020F8BD0323CCE70123CAE794
:1023E0000120D2E70220D0E703232B70002CF1D08C
:1023F00000F050FA00220621DDE701232B70002CAB
:10240000E8D000F047FA00221146D4E7002CE1D0D2
:10241000D3E700BF0015002000080040FC14002096
:10242000F8140020014B1860704700BFF81400201A
:1024300070B503F08DF90446B8B100F0CDFD284D1C
:1024400002782B789A4206D000F0C6FD002203786D
:102450002B70244B1A6000F0BFFD0378022B16D0BE
:10246000032B04D00BB91F4A1360204670BD1D4DCD
:102470002E689EB90AF0C6FF286000F00BFA0546E8
:1024800000F008FA32460146284601F0E9FE154DF3
:102490002868C0B90AF0B6FF2860E6E730460AF0BF
:1024A00066FF47F22F539842F1D90AF0ABFF28603C
:1024B000112000F051FF44F620600CF0CCFB01200D
:1024C00000F0F0FBE3E70AF052FF074B9842CCD94B
:1024D0000AF098FF2860012000F0E4FBC5E700BF88
:1024E000FD140020F8140020DF93040013B58DF8CC
:1024F00007100DF10701FFF71BFF044608B9FFF7AE
:1025000097FF204602B010BD2DE9F04103F020F9FD
:10251000002828D020224FF4804158480DF064FE56
:1025200000BF00BF00BF00BF00BF00BF00BF00BFB3
:1025300000BF00BF00BF00BF00BF00BF00BF00BFA3
:1025400000BF00BF00BF00BF00BF00BF00BF00BF93
:10255000302383F3118803220E2148480DF064FED6
:10256000002383F3118803F0F3F8002828D02022F9
:102570004FF4004141480DF037FE00BF00BF00BFDF
:1025800000BF00BF00BF00BF00BF00BF00BF00BF53
:1025900000BF00BF00BF00BF00BF00BF00BF00BF43
:1025A00000BF00BF00BF00BF00BF302383F311880E
:1025B00003220F2131480DF037FE002383F31188E9
:1025C0002F4B1B7873B309244FF001082D4E56F89A
:1025D000041B4A1C0BD021F00F0701F00F0108FA71
:1025E00001F50122294638460DF0FEFDBD61013C92
:1025F00014F0FF04EBD14FF00108234E56F8041BF2
:102600004B1C0BD021F00F0701F00F0108FA01F568
:102610000122294638460DF0E7FDBD610134E4B2E0
:10262000092CEBD1002280214FF080400DF0DCFD21
:1026300000BF00BF00BF00BF00BF00BF00BF00BFA2
:1026400000BF00BF00BF00BF00BF00BF00BF00BF92
:1026500000BF00BF00BF00BF00BF00BF00BF00BF82
:10266000302383F31188012207214FF080400DF0C1
:10267000DBFD002383F31188BDE8F08100080040F2
:10268000F41E00206411010888110108072805D0F4
:102690000E38012804D8072000F0E4BA0320FBE735
:1026A0007047000008B503F053F838B14FF080438D
:1026B0004FF400129A614FF000729A61074B1B7839
:1026C0005BB1112000F048FE44F620600CF0C3FA24
:1026D000BDE80840022000F0C5BA08BDF41E002085
:1026E00010B5084C237863B100F0C2FA0338012812
:1026F0009DBF0023032023700220BDE8104000F09E
:10270000A3BA10BDF41E002008B500F065FC0378E4
:10271000022B03D100F068FC007808BD0020FCE724
:1027200000F04ABC70470000F8B50C461546064656
:10273000F8B921BB134F3B78A34200D13DB100F063
:102740004BFC0323037000F04FFC002303703C702C
:1027500004F07EFA2946204600F09AFE2A462146D9
:10276000304601F07DFD2A4621463046FFF7DAFF6C
:10277000F8BD0029DED1012000F00EFADAE70220D0
:10278000FAE700BF1A15002037B5044600F024FC14
:102790000378012B0DD00025CDE9005500F01CFC7D
:1027A0000378022B07D0094B2A4619780846FFF711
:1027B000BBFF03B030BD24B1082221466846FDF7B7
:1027C000E9FE684600F026FDF3E700BF1A15002079
:1027D00037B5044600F000FC0378012B0ED000252D
:1027E00000958DF8045000F0F7FB0378022B07D01A
:1027F0000D4B2A4619780846FFF796FF03B030BD07
:1028000074B163788DF80030A3788DF80130E378E7
:102810008DF8023063798DF8033023798DF8043018
:10282000684600F05BFDE9E71A15002037B504465D
:1028300000F0D2FB0378012B0DD00025ADF8065037
:1028400000F0CAFB0378022B07D0114B2A461978F7
:102850000846FFF769FF03B030BD002CFBD063785A
:10286000A27843EA0223ADF80630813B022B09D857
:1028700001220DF1060002FA03F3ADF8063000F074
:1028800011FDE8E70DF1060000F0F6FCE3E700BFFC
:102890001A150020014B1878704700BF1A15002048
:1028A00038B5154C00252378032B22D8DFE803F038
:1028B000020B131B0A2311488370C5700AF054FBE6
:1028C0000123237038BDF6230C48C37085700AF0CD
:1028D0004BFB0223F5E7F62308488370C5700AF026
:1028E00043FB0323EDE70A2304488570C3700AF015
:1028F0003BFB2570E6E700BF041500200C15002007
:102900007047000010B5FFF7FBFF00F079FA00F008
:1029100075FB01F03FFA00F05BF9012803D1BDE837
:10292000104000F05BB900F089F968B9074C2068E5
:1029300004F0E6FC40F6B733984205D900F00EFEED
:1029400010B104F0CDFC206010BD00BF08150020C0
:102950002DE9F04F00258FB08146CDE90255049551
:10296000ADF8145000F038FB0378012B0AD000F0CA
:1029700033FB0378022B08D05C4B2A4619780846B3
:10298000FFF7D2FE0FB0BDE8F08FB9F1000F00F0F5
:10299000A4804FF01E082022494606A8FDF7FAFD44
:1029A000534F9DF819300DF11A063B7016F8010BC4
:1029B000FDF734FC08F1FF34054414F0FF08EDB2D4
:1029C000F4D14C4E4FF0060BB2461AF8013B9BB3C4
:1029D00000242246D3B29D420BD81AF8013CA342F0
:1029E00018BF0AF8018C22E001331E2B04D11C46CB
:1029F00007E000230DF11A0111F8010BDCB20028E9
:102A0000F2D004F138036B4413F81E0C019203F06A
:102A10002EF840EAC404E4B2214606A80AF074FB8A
:102A20001AF8013C019AA34202F10102D2D10BF142
:102A3000FF3B1BF0FF0BC8D14946202206A8FDF73B
:102A4000A9FD4FF000084FF001095FFA88F39D429D
:102A50000FD800F095FA002845D125480AF06EFA03
:102A600002A800F0F0FB8DE701331E2B04D11C46B9
:102A700007E000230DF11A0212F8011BDCB2002955
:102A8000F2D004F138036B4413F81E0C02F0EFFF90
:102A900040EAC404E4B2214606A80AF035FB3246F7
:102AA000002312F8011BA14202D021B93B449C70C3
:102AB00008F10108C9E70133062BF2D16F2CF7D8D2
:102AC0000EAB03EBD40313F8301C04F0070409FA2F
:102AD00004F40C4303F8304CEAE708224946044862
:102AE000FDF74AFEB5E7FFF70DFFB2E71A15002024
:102AF000121500201415002070B5044660B10AF0CC
:102B0000EDF90D4B834215D018460AF0E1F9BDE806
:102B1000704001200AF0CABB00F05EFA0378022B75
:102B200008D1054D20466B6898472046AB68BDE844
:102B30007040184770BD00BF680C002038B50446CF
:102B400088B10AF0CBF9114C84421ED00122104BFF
:102B50001A7001F051F80F480BF010F92046BDE84B
:102B600038400AF0B5B90B4B1B78042B05D1074D43
:102B70006B6898472046AB68984706480CF000FE03
:102B800004480DF0FBF901F03FF838BD140F0020A8
:102B90003D3C0020504F002010B50C4B04461A78E5
:102BA000824204D00128187002D0022807D010BD3C
:102BB0000020FFF7A1FF2046FFF7C0FFF7E7002046
:102BC000FFF7BCFF0120FFF797FFF0E7800C002024
:102BD000014B1878704700BF800C002010B5FFF73C
:102BE00059FE0E4CB0B90E4B1B78052B12D1236841
:102BF00013B904F075FB2060206804F081FB41F6F6
:102C00005733984208D9002301202360BDE81040C3
:102C100000F048B80023236010BD00BF1C15002041
:102C2000504F002008B5044B186804F069FBC72812
:102C300094BF0020012008BD24150020014B187806
:102C4000704700BF20150020014B1870704700BF6F
:102C50002015002008B504F043FB014B186008BDA7
:102C600024150020014B1870704700BF2815002064
:102C7000014B1878704700BF28150020302310B58D
:102C800083F3118800F0A0FC002484F3118872B64D
:102C900000F052FE00F094FD04F096FC84F31188DD
:102CA00062B610BD014B1870704700BF2915002097
:102CB00010B5074C237828B11BB1FFF7CBFF0323D6
:102CC000237010BD002BFCD10122024B1A70F8E7D3
:102CD0002015002029150020F8B50F4B0F4E1F6856
:102CE00001F001F8054618B9002434702046F8BDFB
:102CF000FFF7D0FD18B90A4B1B78042BF4D03478B9
:102D00001CB100232C463370F0E7002FEED003F007
:102D100093FFB842EAD3F4E7840C00202915002081
:102D2000504F002008B500F0E5FF18B1BDE808409D
:102D3000FFF778BF08BD0120704708B5FFF7FBFF1C
:102D400018B1BDE80840FFF76DBF08BD70B5FFF7CB
:102D5000A1FD044668B9084E3578012D09D100F06F
:102D60004BFF30460BF00AF8224621462846FFF773
:102D7000DBFC012070BD00BF504F002008B5FFF7FD
:102D8000E5FF18B1BDE80840FFF74CBF08BD70472C
:102D900008B508F0D7F9003818BF0120044B1870A7
:102DA00008F0B8F90AF0F8FAFFF7F1FF08BD00BF24
:102DB0002A150020002310B5074C2370FFF772FC82
:102DC000FFF75CFF2378054A022B18BF032313701B
:102DD000FFF786FC10BD00BF28150020201500203D
:102DE00008B5064B1B780BB108F07AF90AF0DDFA4A
:102DF00002F08AFCBDE8084003F02ABF2A15002033
:102E000010B5154C2378032B1BD8DFE803F0020A1A
:102E1000131BFFF761FFA0B1FFF71CFF0123237015
:102E20000FE0FFF77FFF60B1FFF7B2FFFFF712FF80
:102E30000223F4E7FFF781FF18B1FFF70BFFFFF75D
:102E4000B9FF10BDFFF79AFF0028FAD0FFF7C8FFBF
:102E5000FFF700FF0023E2E720150020202938B506
:102E600005460C4610D1FFF7B3FE012806D12246D5
:102E70002946BDE8384002200AF0C6BF2146284650
:102E8000BDE8384000F0E0BA38BD09F0D5BE00001A
:102E9000054A064B06495A60116051609A60DA6033
:102EA000002219611A707047101D0020FC1C0020C0
:102EB0002B1500202DE9F041174C0E466768A568D8
:102EC00007F59C784545E36804D19F4206D1002070
:102ED000BDE8F08105F108029342F7E70F49226946
:102EE00001F2CF739B1A312B98BF2161322EEED89D
:102EF0002369014632461846FDF74CFB034645451B
:102F0000334428606B6018BF08354FF0010023611F
:102F10000CBFA760A560DBE7FC1C00202B15002080
:102F2000074A10B5D3689268934207D0D3E90014DA
:102F3000641A2246FDF72EFB204610BD0024FBE755
:102F4000FC1C0020074BDA6899688A4208D059684F
:102F500001F59C70824201D1D96070470832DA6075
:102F6000704700BFFC1C0020014B1878704700BF61
:102F7000FC1C0020014B1870704700BFFC1C002097
:102F8000034BD8689B68C01A18BF0120704700BF68
:102F9000FC1C00200246002330B50C1812F8015B1F
:102FA0002B44A242DBB2F9D1435430BD012070471B
:102FB00008B5FFF7FBFF08BD08B54FF4E1300AF094
:102FC000B7FCFFF765FFBDE8084024220021014857
:102FD000FDF7D2BB551E002000487047880C00202A
:102FE000004870478B0C002000487047890C002077
:102FF00018B111B189B20AF0CBBC704773B5FFF7B5
:10300000B3FF03280FD8DFE800F040022D3B774BD9
:10301000186804F075F90A2805D900220220744BBB
:103020001A70FFF7A7FF734D734C0AF0BBFC002822
:1030300056D00AF0A3FC2A68012A38D0022A3ED0D2
:10304000002A5BD161282FD85F2804D8A0F15A0349
:10305000DBB2032BE9D8012302222B60674B2070DF
:103060001A70E2E7624A13780133DBB2282B02D8E8
:1030700013700020D5E700231370FFF763FFF8E714
:10308000FFF760FF0020FFF775FF5D48FFF748FF7F
:1030900001460028C7D05A48FFF7AAFF04F020F9DC
:1030A000524B18600120BCE7AF28BED1D3E7022302
:1030B000524A2B6013786070013B1370B5E7237898
:1030C000612B0FD163780D2B18D10A2816D1FFF789
:1030D0004BFF012802D10320FFF74CFF00232B6098
:1030E00002B070BDAF2B09D16378602B06D10323EA
:1030F0002B60424BA0700130187096E73F49531C7B
:103100002B600B78A054013BDBB20B70002B8CD1F1
:10311000194639488A421FD1A25C9A4230D1032213
:10312000384901A8FDF736FA032101A80AF030FC5E
:1031300020462978FFF73CFF0028D1D02378602B68
:1031400010D8592B1CD95A3B062B19D8DFE803F0AD
:103150001B1F3F431818470010F8016B013133441F
:10316000DBB2D7E7AF2B0BD1A678202E08D12649AA
:1031700032462648FDF70EFA31462448FFF785FE11
:1031800000232B6051E76278214B5A70F8E763788F
:10319000313B052BF4D801A252F823F0B5310008D9
:1031A000BD310008C33100088131000881310008B9
:1031B000C93100080122164B1A70E1E70222144BB4
:1031C000FAE70322124BF7E70422114BF4E7627887
:1031D0000F4BDA70D4E762780D4B9A70D0E76078C5
:1031E000431E58425841FFF763FDC9E7C01E002047
:1031F000BD1E0020501E0020991E0020541E0020DD
:10320000551E0020AC1101089C1E0020791E0020D4
:10321000880C00201FB5002301930293ADF80C30F9
:10322000A123082201460DF105008DF80430FDF7B9
:10323000B1F901A80921FFF7ADFE0A21FFF73AFE17
:1032400005B05DF804FB1FB50023CDE90033029300
:103250000393A2230E2201460DF101008DF80030E8
:10326000FDF798F968460F21FFF794FE1021FFF74C
:1032700021FE05B05DF804FB002307B50193A323ED
:10328000022201460DF105008DF80430FDF782F9A8
:1032900001A80321FFF77EFE0421FFF70BFE03B018
:1032A0005DF804FB37B5022504462A460A4901A801
:1032B000FDF770F900238DF80630A4238DF8043053
:1032C0002378294601A88DF80530FFF763FE032116
:1032D000FFF7F0FD03B030BD980F0108002307B5DC
:1032E0000093ADF804308DF80630A823052201467E
:1032F0000DF101008DF80030FDF74CF9684606210C
:10330000FFF748FE0721FFF7D5FD03B05DF804FB8A
:1033100030B50021054687B0112201A80091FDF7C4
:103320002BFA2846FDF73EFCC4B2122C11D8A92373
:10333000224629460DF102008DF800308DF801403B
:10334000FDF728F9A11C6846FFF724FE1521FFF7B9
:10335000B1FD07B030BD000037B5022504462A464E
:103360000A4901A8FDF716F900238DF80630A623B7
:10337000294601A88DF804308DF80540FFF70AFEB4
:103380000321FFF797FD03B030BD00BF980F010880
:1033900030B50C4600218FB005462D2202A80191C0
:1033A000FDF7EAF92E2C11D8AB23224629460DF160
:1033B00006008DF804308DF80540FDF7EBF8A11CF0
:1033C00001A8FFF7E7FDE11CFFF774FD0FB030BD6A
:1033D00030B50C4600218FB005462D2202A8019180
:1033E000FDF7CAF92E2C11D8AC23224629460DF13F
:1033F00006008DF804308DF80540FDF7CBF8A11CD0
:1034000001A8FFF7C7FDE11CFFF754FD0FB030BD69
:103410001FB5002304220293ADF80C30AD2340EA1F
:10342000014001900DEB02010DF109008DF808300B
:10343000FDF7B0F802A80521FFF7ACFD0621FFF764
:1034400039FD05B05DF804FB30B50C4600218BB0AA
:103450000546202202A80191FDF78EF9202C14D1F7
:10346000AF238DF804306123224629460DF1070071
:103470008DF805308DF80640FDF78CF8232101A862
:10348000FFF788FD2421FFF715FD0BB030BD0000CC
:1034900010B50C46062851D8DFE800F004212C3581
:1034A0003E4709001120BDE81040FFF755BF30200E
:1034B000FFF752FF002C41D012212148FFF768FF8F
:1034C00018212048FFF784FF43F22D404EF2C641F9
:1034D000FFF79EFF5220FFF73FFF5120E3E7312027
:1034E000FFF73AFF54B35220FFF736FF1648FFF7B5
:1034F0000FFFF2E73220FFF72FFFFCB15220FFF75A
:103500002BFF1248F3E73320FFF726FFB4B1522018
:10351000FFF722FF0E48EAE73420FFF71DFF6CB1EA
:103520005220FFF719FF0B48E1E73520FFF714FFA2
:1035300024B15220FFF710FF0748D8E710BD00BFA5
:10354000B0110108C2110108DA110108E4110108E3
:10355000EE110108F81101080412010808B5FFF77F
:103560000FFD20B95320FFF7F7FE012008BD002012
:10357000FCE7000010B5C4B20B2C03D0122C0ED007
:10358000012000E00220FFF76DFB2046FFF77EF8E8
:103590000CF003FE4FF0FF32024B5A6110BD0420C5
:1035A000F1E700BF001800400023054A0549C2E9C1
:1035B00000130133102B02F10802F8D1704700BF4D
:1035C000B04B0020753500082DE9F041FFF7ECFF06
:1035D00002F0BEF8002800F0938009254FF00108A2
:1035E000724E56F8041B481C0CD021F00F0701F056
:1035F0000F0108FA01F421460522384624040CF094
:10360000F3FDBC61013D15F0FF05EAD1062401265A
:103610003027674D55F8040B411C2ED000F00F01E8
:10362000202206FA01F120F00F000CF0DDFD00BFB2
:1036300000BF00BF00BF00BF00BF00BF00BF00BF92
:1036400000BF00BF00BF00BF00BF00BF00BF00BF82
:1036500000BF00BF00BF00BF00BF00BF00BF87F3B7
:10366000118855F8040C022200F00F0120F00F0021
:103670000CF0DAFD002383F31188013C14F0FF0401
:10368000C8D100224FF480614FF080400CF0ACFDB7
:1036900000BF00BF00BF00BF00BF00BF00BF00BF32
:1036A00000BF00BF00BF00BF00BF00BF00BF00BF22
:1036B00000BF00BF00BF00BF00BF00BF00BF00BF12
:1036C000302585F3118803220A214FF080400CF049
:1036D000ABFD002484F3118885F3118801220C21AD
:1036E0004FF080400CF0A0FD84F3118806212320C8
:1036F0000CF0FAFAFEF708FFBDE8F0410CF02EBD21
:1037000009254FF001082B4E56F8041B4A1C0CD01B
:1037100021F00F0701F00F0108FA01F421460522FC
:10372000384624040CF060FDBC61013D15F0FF0536
:10373000EAD10624012630271F4D55F8040B431CFF
:103740002ED000F00F01202206FA01F120F00F0028
:103750000CF04AFD00BF00BF00BF00BF00BF00BFAC
:1037600000BF00BF00BF00BF00BF00BF00BF00BF61
:1037700000BF00BF00BF00BF00BF00BF00BF00BF51
:1037800000BF00BF87F3118855F8040C022200F037
:103790000F0120F00F000CF047FD002383F3118888
:1037A000013C14F0FF04C8D16BE700BF1012010800
:1037B000B412010834120108B41201087047000065
:1037C00008B50AF06BFB03222B4B2C499A620C22A2
:1037D000DA62D1F890202A4822F01802C1F890202D
:1037E00000229A62DA62D3F8402C03F5406342F477
:1037F00080721A641A6C4FF4006142F002021A647B
:1038000001225A63DA67DA6608225A615A695A61F4
:103810005A6942F001025A619A6C42F4C0629A6499
:103820009A6C9A6C42F480429A649A6CDA6C42F018
:103830000802DA64DA6C9A6C42F480529A649A6CE8
:10384000DA6C42F01002DA6440F28232DB6C0CF087
:10385000CBFC40F282324FF400714FF080400CF00C
:10386000C3FC40F282324FF480614FF080400CF094
:10387000BBFCFFF7A3FF08BD0000014000040140AE
:10388000000800404FF0E02210B500210124136928
:1038900023F001031361224B224A5A6100228B005C
:1038A00003F1604303F56143D3F80001D040C00742
:1038B00048BF04FA02F002F1010248BFC3F88001D8
:1038C000202AF1D101310829E8D1174C636843F06F
:1038D00000736360154B1A6802F009021A601A68D7
:1038E00042F46C3242F004021A6040F2B3321A62BF
:1038F0000F4B43F001039847236943F0040323610E
:1039000030BF0C4B43F0010398474FF0E02223698E
:1039100023F004032361136943F00103136110BD15
:1039200000180040FFFF070000ED00E0000001402C
:103930008C12010858120108FFF7A4BF0B8807B5C5
:10394000A3F5FC43032B1ED8DFE803F002213B550F
:10395000364A012013789278C3F3420302F007023B
:103960000DF107018DF80730FEF7E2FC9DF80730F6
:10397000042B02D013F0FD0F05D1FEF78BFF0122BF
:103980001146FEF7D1FE002003B05DF804FB274A84
:10399000012013789278C3F3420302F007020DF17D
:1039A00007018DF80730FEF7C3FC9DF80730042BA4
:1039B00002D013F0FD0FE6D1FEF76CFF01220221C9
:1039C000DFE71A4A012013789278C3F3420302F02A
:1039D00007020DF107018DF80730FEF7A9FC9DF8ED
:1039E0000730042B02D013F0FD0FCCD1FEF752FFAD
:1039F00001220321C5E70D4A012013789278C3F311
:103A0000420302F007020DF107018DF80730FEF7BF
:103A10008FFC9DF80730DA1E012A01D9002BB2D1A4
:103A2000FEF738FF01220621ABE700BFAC490020BA
:103A300008B540F282324FF400714FF080400CF034
:103A4000D3FBBDE8084040F282324FF480614FF072
:103A500080400CF0C9BB000010B50A4C238803F06D
:103A60000E0363F0FE032380A37823F00F0343F0DB
:103A70000103A370FEF714FC2068BDE8104003F0BA
:103A80008EB800BFAC490020002310B586B08DF879
:103A90000C3004938DF8143055238DF8083005232D
:103AA00004AC8DF809008DF80A108DF80B2019462A
:103AB000009402AA0F2004F0DDF906B010BD00004A
:103AC00008B503F06AF8044B186018B9BDE808405F
:103AD000FFF7C2BF08BD00BFAC49002008B5FFF723
:103AE000EFFF09F08FFC3C4B186001F031FE012222
:103AF000202100285CD04FF080400CF075FB07F0CF
:103B0000D1FB18B14FF0804320229A6101224FF47B
:103B100080714FF080400CF067FB07F0C3FB20B1D1
:103B20004FF080434FF480729A6120224FF480411D
:103B30002A480CF059FB20224FF4004127480CF092
:103B400053FB4FF4003326480122836102210CF01D
:103B50004BFB002280214FF080400CF045FB4FF4DE
:103B6000004120224FF080400CF03EFBFEF7D8FDD4
:103B700009F048FC1B4B186003F0B3F81A4B187897
:103B80000009FEF743FB07F069FB184BC0F307225F
:103B90001870C0F307405A709870FFF721FA144B61
:103BA000027814491A700F20BDE8084004F054B997
:103BB0004FF080400CF018FB01224FF480714FF061
:103BC00080400CF011FB07F06DFB0028ADD04FF0EA
:103BD000804320229A61A5E7EC1E002000080040E7
:103BE00000040040F81E0020AC490020A849002035
:103BF00038400020315600084FF40032014B9A61E2
:103C0000704700BF000400400222014B9A617047D8
:103C1000000400407FB5FFF70BFF042200210DF1E7
:103C20000900FCF7A9FD002204AB04928DF81420D2
:103C30000093CC2205238DF80820194602AA0F20F4
:103C400004F018F907B05DF804FB10B501F080FD31
:103C500070B107F027FB18B14FF0804320229A6122
:103C600007F020FB20B14FF080434FF480729A613F
:103C7000FEF710FE0446FEF70DFE00220146204628
:103C8000FEF752FDFFF7C6FF09F0BCFBBDE8104090
:103C9000FEF7C8BB7FB5042200210DF10900FCF737
:103CA0006BFD002204AB04928DF814200093BB221C
:103CB00005238DF80820194602AA0F2004F0DAF82F
:103CC00007B05DF804FB08B501F042FD38B14FF0D4
:103CD00080434FF400129A614FF080729A61BDE800
:103CE0000840FFF7D7BF08B5FEF7D4FD003818BF6E
:103CF000012008BD10B586B001F02AFD48B30023AD
:103D0000ADF80A308DF80C3004938DF81430AA23E6
:103D10008DF808301A4B04AA1B780F208DF8093053
:103D200005230092194602AA04F0A4F8154B1B784B
:103D300013F00E0F0DD004224FF480614FF080403D
:103D40000CF052FA04224FF400714FF080400CF056
:103D50004BFAFEF79FFD78B90B4B1B7863B90B4C00
:103D60002378012B08D00222094B20469A610CF0DF
:103D700005F920460BF004FD012006B010BD00BF80
:103D8000F41E0020AC490020D01E0020504F00201F
:103D90000004004038B5144D144C2868C8B109F02F
:103DA000E6FA632815D97020FFF7D6FA5520FFF7F9
:103DB000D3FA5720FFF7D0FA0022217811F00E0F26
:103DC0000CBF01201046C1F34201FEF7ADFC0023F9
:103DD0002B60A27821780020BDE8384002F007026D
:103DE000C1F34201FEF782BBF81E0020AC4900205F
:103DF000554B37B51880A0F5FC400C46032800F25F
:103E0000A080DFE800F002355778504A012013788F
:103E10009278C3F3420302F007020DF107018DF817
:103E20000730FEF785FA9DF80730042B02D013F017
:103E3000FD0F1AD16579464C002D7DD0FEF72AFD85
:103E4000012805D0FEF726FD00220121FEF76CFCBB
:103E5000237833B940F6B8303B4A3E4907F038FE84
:103E6000207009F0CFFAFEF7DDFA002003B030BD74
:103E7000364A012013789278C3F3420302F0070216
:103E80000DF107018DF80730FEF752FA9DF8073063
:103E9000042B02D013F0FD0FE7D165792C4C002DD7
:103EA0004AD0FEF7F7FC0228D2D0FEF7F3FC00223E
:103EB0000221CBE7254A012013789278C3F342030D
:103EC00002F007020DF107018DF80730FEF730FA16
:103ED0009DF80730042B02D013F0FD0FC5D1657992
:103EE0001B4C4DB3FEF7D6FC0328B1D0FEF7D2FC35
:103EF00000220321AAE7154A012013789278C3F320
:103F0000420302F007020DF107018DF80730FEF7BA
:103F10000FFA9DF80730DA1E012A01D9002BA4D12F
:103F200065790B4C45B1FEF7B5FC062890D0FEF73D
:103F3000B1FC0022062189E7207807F0D7FD257023
:103F40008FE7012092E700BFDE1E0020AC49002071
:103F5000FF1E00203D3900082DE9F04104460D46C2
:103F600001F096FC0646A0B3244B1A783AB16A7960
:103F70002AB10022114610461A7005F087FBFFF7A0
:103F80002BF80378022B03D109F03CFAFEF74AFA2A
:103F900045F223239C4207D047F643039C4218D0A6
:103FA00045F221239C4217D195F80580B8F1000F06
:103FB0000FD1FEF741F9074658B1114E33782BB1B6
:103FC0002946204686F80080FEF73EF9012333702B
:103FD0003E463046BDE8F081FEF72EF90028F8D0C5
:103FE000A4F5A443203B1F2BF3D96B79002BF0D011
:103FF00029462046FEF728F90026EAE7FE1E0020A3
:104000005840002013B507F0E3F80128374C0CD1D5
:1040100007F024F9C0F3072310F0FF008DF80530F6
:1040200013D1DBB2C3B10323237023780133DBB296
:104030000B2B237020D10023237007F063F8237823
:104040002B4AD05C07F0C0F822E0782810D005D8C1
:10405000282809D0502809D00923E5E7A02809D04D
:10406000C828F9D10823DFE70423DDE70523DBE7D0
:104070000623D9E70723D7E70A2BDED107F0EEF8AE
:10408000FF21C0F30742002007F0E5F807F052F8DF
:1040900007F0E4F82378C0F30742092B24D8DFE8BF
:1040A00003F01D2323050C0F1215181BFF21002000
:1040B00002B0BDE8104007F0CEB8FF212820F7E796
:1040C000FF215020F4E7FF217820F1E7FF21A02015
:1040D000EEE7FF21C820EBE70021E8E7FF2002B070
:1040E000BDE8104007F05CB9C820F8E7F51E0020D5
:1040F0008C0C002030B587B0FEF7CCFB20B93E4BCE
:104100001B780BB1FEF7CCFBFEF7FCFB4FF08043B6
:104110001B693A4CC3F3C013237001F019FB40B381
:10412000374D286809F023F9B0F57A7F21D309F0DB
:1041300069F90023ADF80A308DF80C3004938DF83E
:104140001430F1238DF80830237804AA8DF8093053
:1041500005232860194600920F2002AA03F08AFE68
:1041600038B109F04FF9274B9DF811201860264B04
:104170001A704FF080431B69244AC3F3C033137095
:10418000227882B3002B14BF66246424204D286853
:1041900058BB09F037F928602046FFF7DDF85320B7
:1041A000FFF7DAF801F0D4FAC0B11A4C206809F030
:1041B000DEF8B0F5FA6F11D909F024F92060FEF7A6
:1041C0000FFF154D03782B70FEF764FB0446FEF7D6
:1041D00061FB2A7801462046FFF756FC07B0BDE890
:1041E000304002F09ABD6524D0E709F0C0F8B0F580
:1041F0007A7FCED8D6E700BF35400020D01E002001
:10420000E81E0020EC1E0020E41E0020C41E00203A
:10421000D81E0020E01E00203840002073B515464F
:1042200006461C46019109F0EDF8084B0322186080
:10423000074B64001E60074B01A91D60064B074831
:104240001C60FCF7A7F902B070BD00BF0C1F002076
:10425000001F0020041F0020101F0020091F002045
:10426000F7B55E4B5E4D0E462F7814461A70FEF77A
:1042700011FBC7F34207874213D0FEF70BFB2B78E5
:1042800000F0070060F343032B7003F00E032BB123
:1042900003289EBFAB7860F30203AB70286802F07E
:1042A0007EFC711E052900F29780DFE801F0031FF4
:1042B000374F677FFF237CB100228DF806308DF8E1
:1042C00004208DF805200123C8221120019903B094
:1042D000BDE8F040FFF7A2BF8DF806304FF4FA7248
:1042E00001238DF804408DF80540EEE7FF235CB113
:1042F00000228DF806308DF804208DF8052001236A
:10430000C82212200199E2E78DF806304FF4FA72C4
:1043100001238DF804408DF80540F2E7FF235CB1DE
:1043200000228DF806308DF804208DF80520012339
:10433000C82213200199CAE78DF806304FF4FA72AB
:1043400001238DF804408DF80540F2E7FF235CB1AE
:1043500000228DF806308DF804208DF80520012309
:10436000C82229200199B2E78DF806304FF4FA727D
:1043700001238DF804408DF80540F2E7FF235CB17E
:1043800000228DF806308DF804208DF805200123D9
:10439000C8222A2001999AE78DF806304FF4FA7264
:1043A00001238DF804408DF80540F2E7FF238DF8D6
:1043B00004304CB10023C8228DF805308DF806304A
:1043C00001231420019982E701234FF4FA728DF83A
:1043D00005408DF80640F4E703B0F0BD081F00204B
:1043E000AC49002010B5FEF7F7FD0378022B0CD086
:1043F000FEF750FA0446FEF74DFA064B01461A78CE
:104400002046FFF72DFF012010BD01F057FB0020D3
:10441000FAE700BF081F002070B5164C2068D0B125
:1044200008F0A5FF144B154D1B68984208D2144B99
:1044300018682B6813F0010313D11A46194614E0CB
:1044400008F0E0FF2B68206033B900232360FFF7FA
:10445000C9FF0028EBD170BD013B2B60002BE6D1DA
:10446000F3E708498B784A780978BDE8704004F092
:10447000D5BF00BF0C1F0020041F0020101F00200C
:10448000001F0020091F0020F7B50C4C1D462378A3
:1044900006461746019173B90123237008F0B2FF55
:1044A0006D006060032201A904F11100A760E560BE
:1044B0002674FCF76FF803B0F0BD00BF3C4000204D
:1044C00010B5124C237803B3606808F050FFA3685E
:1044D00098420FD308F096FFE368606033B9002379
:1044E0002370636000231A46194609E0013BE3602C
:1044F000002BF4D0E368DB07F4D5E37CA27C617C7D
:10450000207CBDE8104004F089BF10BD3C40002075
:1045100013B501F01DF900284AD0264B1C78B4B120
:10452000254B26491A78264B1B785BB100230B607C
:10453000002A3DD01A46FF213F2002B0BDE81040BE
:1045400004F06CBF0B609AB3FF221946F4E7FEF744
:1045500047FD0378052B29D8FF238DF805408DF8FA
:1045600004308DF80640012347F230523F20019974
:10457000FFF78AFFFEF734FD0378CBB90F4C2368B1
:1045800013B908F03FFF2060206888B108F0EFFE03
:104590004EF6602398420BD9002301202360094B7B
:1045A000187002B0BDE81040FEF77CBB034B1C60E6
:1045B00002B010BDD01E0020DC1E0020CC1E00204A
:1045C000C41E0020F41E00202DE9F34106461D46BE
:1045D000182000231746134A019100FB03F111F83C
:1045E00002808C18B8F1000F17D10123237008F056
:1045F00009FF6D0060600322A760E560267401A9D1
:1046000004F11100FBF7C6FFFF2E0ABF064BC4F8EA
:104610001480636102B0BDE8F0810133632BDCD10B
:10462000F8E700BF60400020BD4600081FB5002429
:104630008DF800408DF801408DF80240009901236B
:10464000FA223620FFF7C0FF8DF804408DF80540B0
:104650008DF8064001990123FA224220FFF7B4FFAA
:104660008DF808408DF809408DF80A400299012321
:10467000FA224320FFF7A8FF0123FA2241208DF8F8
:104680000C408DF80D408DF80E40039904B0BDE844
:104690001040FFF799BF102307B58DF804308DF84F
:1046A00005308DF80630FA220323FF200199FFF729
:1046B0008BFF012003B05DF804FB00001822144BAF
:1046C00082B002FB0030437C6E2B10D1827CE2B9B9
:1046D000C27CD2B98DF804308DF805208DF8062003
:1046E0000123FA22FF20019902B0FFF76DBF63B9E1
:1046F000837C6E2B09D1C37C3BB98DF804308DF8D7
:1047000005306F238DF80630EAE702B0704700BF2E
:1047100060400020094A0023114610B5147C8442F1
:1047200006D1182253430022C818C260CA5410BDD3
:104730000133632B02F11802F0D1F8E7604000204A
:1047400070B586B005460E46FFF706FC18B9002482
:10475000204606B070BD31462846FFF749FB0446A7
:104760000028F4D0452D7FD81D2DF1D91E3D272DD1
:10477000EED801A353F825F00D4C0008554C000865
:104780009D4C0008F14C0008454D0008914D000873
:10479000D34D00081B4E0008634E0008AB4E0008C6
:1047A000514700088B4F0008F54F0008514700089B
:1047B00051470008F34E00083B4F000851470008DE
:1047C0005147000851470008514700085147000869
:1047D00051470008B94F00085147000851470008E9
:1047E0005147000851470008434900087D49000827
:1047F000B7490008F14900082B4A0008654A00083B
:104800009F4A0008D94A0008254B00085F4B000862
:10481000994B0008D34B0008A5F5FC45053D022D3A
:1048200000F25584DFE815F0620512043D04A5F599
:10483000F045433D092D8BD801A353F825F000BF67
:1048400071520008514700085147000851470008BD
:1048500051470008514700081B51000875510008D6
:10486000ED5000080751000847F64C039D424BD815
:1048700047F642039D42DAD8B5F5A44F00F0A5846F
:104880001FD8E32D00F00385E72D7FF461AFA14D24
:10489000287801F0ECF8022840F01C859E4B1B782C
:1048A000DB067FF555AFFDF7C7FC00287FF450AF5E
:1048B0007579E720002D00F0158500F0B3FF2C4638
:1048C00046E745F202239D4200F0A98447F2130314
:1048D0009D427FF43DAFFDF7AFFC002840F0B88368
:1048E0007579002D3FF434AF00236E228DF810301F
:1048F0008DF811208DF81230FA220123FF2004993F
:10490000FFF762FE2C4623E747F607639D423FF61A
:104910001FAF47F603639D423FF67EAFB5F5F84FF4
:1049200000F0CA8347F603439D427FF411AF7479C8
:104930007A4D002C00F0D78308F064FD0024286035
:1049400006E7774B9B78D9067FF502AF714D287843
:1049500001F08DF8022805D1747954B9AF2000F028
:1049600077FFF5E6287801F082F803287FF4F0AEAF
:10497000F2E7AF2000F056FF0024E9E6684B9B7891
:10498000DA067FF5E5AE634D287801F070F802286D
:1049900005D1747954B9AA2000F05AFFD8E62878D6
:1049A00001F065F803287FF4D3AEF2E7AA2000F007
:1049B00039FF0024CCE65A4B9B78DB067FF5C8AE66
:1049C000544D287801F053F8022805D1747954B970
:1049D000A92000F03DFFBBE6287801F048F8032845
:1049E0007FF4B6AEF2E7A92000F01CFF0024AFE68A
:1049F0004B4B9B78DD067FF5ABAE464D287801F03A
:104A000036F8022805D1747954B9A82000F020FFA7
:104A10009EE6287801F02BF803287FF499AEF2E7A0
:104A2000A82000F0FFFE002492E63D4B9B78D806BC
:104A30007FF58EAE374D287801F019F8022805D1A0
:104A4000747954B9AD2000F003FF81E6287801F0B5
:104A50000EF803287FF47CAEF2E7AD2000F0E2FE12
:104A6000002475E62E4B9B78D9067FF571AE294D53
:104A7000287800F0FCFF022805D1747954B9AC20E5
:104A800000F0E6FE64E6287800F0F1FF03287FF4EA
:104A90005FAEF2E7AC2000F0C5FE002458E6204BE4
:104AA0009B78DA067FF554AE1A4D287800F0DFFFC8
:104AB000022805D1747954B9AE2000F0C9FE47E64A
:104AC000287800F0D4FF03287FF442AEF2E7AE204E
:104AD00000F0A8FE00243BE6114B9B78DB067FF537
:104AE00037AE0C4D287800F0C2FF022805D174794A
:104AF00054B9AB2000F0ACFE2AE6287800F0B7FFEE
:104B000003287FF425AEF2E7AB2000F08BFE0024F3
:104B10001EE600BF1A1F0020C8490020D41E002036
:104B2000AC490020984B9B78DD067FF511AE974D80
:104B3000287800F09CFF022805D1747954B9B1207F
:104B400000F086FE04E6287800F091FF03287FF449
:104B5000FFADF2E7B12000F065FE0024F8E58A4BD6
:104B60009B78D8067FF5F4AD884D287800F07FFF5C
:104B7000022805D1747954B9B52000F069FEE7E543
:104B8000287800F074FF03287FF4E2ADF2E7B52047
:104B900000F048FE0024DBE57B4B9B78D9067FF5CF
:104BA000D7AD7A4D287800F062FF022805D17479DC
:104BB00054B9B22000F04CFECAE5287800F057FF47
:104BC00003287FF4C5ADF2E7B22000F02BFE0024ED
:104BD000BEE56D4B9B78DA067FF5BAAD6B4D287854
:104BE00000F045FF022805D1747954B9B42000F0D3
:104BF0002FFEADE5287800F03AFF03287FF4A8AD3A
:104C0000F2E7B42000F00EFE0024A1E55E4B9B7895
:104C1000DB067FF59DAD5D4C207800F028FF022873
:104C20000ED0207800F023FF032809D074793A20B1
:104C30001CB100F091FF00248AE500F0D5FF87E564
:104C40007479BE201CB100F087FF002480E500F0DD
:104C5000CBFF7DE54C4B9B78DD067FF579AD4B4C6A
:104C6000207800F004FF02280ED0207800F0FFFE2C
:104C7000032809D074793B201CB100F06DFF00249B
:104C800066E500F0B1FF63E57479BD201CB100F06A
:104C900063FF00245CE500F0A7FF59E53A4B9B78E1
:104CA000D8067FF555AD394C207800F0E0FE02289B
:104CB0000ED0207800F0DBFE032809D074793C2068
:104CC0001CB100F049FF002442E500F08DFF3FE5F4
:104CD0007479E32034B100F03FFF2B2000F03CFF5B
:104CE000002435E500F080FF2B2000F07DFF2FE54C
:104CF000254B9B78D9067FF52BAD244C207800F00E
:104D0000B6FE02280ED0207800F0B1FE032809D0AC
:104D100074793D201CB100F01FFF002418E500F05D
:104D200063FF15E57479E32034B100F015FF082026
:104D300000F012FF00240BE500F056FF082000F001
:104D400053FF05E5104B9B78DA067FF501AD0F4C5C
:104D5000207800F08CFE02280ED0207800F087FE2C
:104D6000032809D074793E201CB100F0F5FE002420
:104D7000EEE400F039FFEBE473790BB90024E7E4CB
:104D800006F002FB0024E3E4AC4900201A1F0020D7
:104D9000954B9B78DB067FF5DBAC944C207800F0DC
:104DA00066FE02280ED0207800F061FE032809D0AC
:104DB00074793F201CB100F0CFFE0024C8E400F05D
:104DC00013FFC5E47379002BD8D006F0C9FA00248C
:104DD000BEE4854B9B78DD067FF5BAAC834C20782A
:104DE00000F045FE02280ED0207800F040FE032897
:104DF00009D0747940201CB100F0AEFE0024A7E475
:104E000000F0F2FEA4E47479AC201CB100F0A4FE22
:104E100000249DE400F0E8FE9AE4734B9B78D806EA
:104E20007FF596AC714C207800F021FE02280ED060
:104E3000207800F01CFE032809D0747941201CB1B1
:104E400000F08AFE002483E400F0CEFE80E4747952
:104E5000AE201CB100F080FE002479E400F0C4FE16
:104E600076E4614B9B78D9067FF572AC5F4C207875
:104E700000F0FDFD02280ED0207800F0F8FD032898
:104E800009D0747942201CB100F066FE00245FE472
:104E900000F0AAFE5CE47479AB201CB100F05CFE6B
:104EA000002455E400F0A0FE52E44F4B9B78DA0654
:104EB0007FF54EAC4D4C207800F0D9FD02280ED085
:104EC000207800F0D4FD032809D0747943201CB168
:104ED00000F042FE00243BE400F086FE38E47479E2
:104EE000A8201CB100F038FE002431E400F07CFE64
:104EF0002EE43D4B9B78DB067FF52AAC3B4C2078BB
:104F000000F0B5FD02280ED0207800F0B0FD032897
:104F100009D0747944201CB100F01EFE002417E46F
:104F200000F062FE14E47479AA201CB100F014FEB3
:104F300000240DE400F058FE0AE42B4B9B78DD06BC
:104F40007FF506AC294C207800F091FD022810D0A6
:104F5000207800F08CFD03280BD07479452024B113
:104F600000F0FAFD0024FFF7F3BB00F03DFEFFF771
:104F7000EFBB7479A92024B100F0EEFD0024FFF707
:104F8000E7BB00F031FEFFF7E3BB174B9B78D80679
:104F90007FF5DEAB164B1B7813F00A057FF4D8AB18
:104FA0007479352024B100F0D7FD2C46FFF7D0BB33
:104FB00000F01AFEFFF7CCBB0B4B9B78D9067FF5B0
:104FC000C7AB0B4B1B7813F00A057FF4C1AB7479A8
:104FD000292024B100F0C0FD2C46FFF7B9BB00F03A
:104FE00003FEFFF7B5BB00BFAC4900201A1F00202D
:104FF0001E1F00207579DDB101F06CFC10F0220F4E
:105000003FF4A6AB0122C04BC04C1A7001F062FC09
:1050100000F02200207001F06BFC462000F002FC42
:1050200001F01CFD207801F05BFC0024FFF790BB31
:10503000B54B1A78002A3FF48BAB46201D702C46E6
:1050400000F006FC01F00AFDFFF782BB737913B98B
:105050000024FFF77DBBAE4D0024AB7883F0100237
:10506000C2F3001262F30413AB70286801F097FDDD
:10507000F0238DF80830AB7804AAC3F300138DF841
:10508000093005230092194602AA0F20ADF80A4004
:105090008DF80C4004948DF8144002F0EBFEFFF7FD
:1050A00057BB73799B4A23B101211C461170FFF74E
:1050B0004FBB1370FFF74CBB7579002D3FF448AB25
:1050C00001F052FD2C4608F0EBF9FFF741BBFDF76C
:1050D000B3F804460028BBD17379002BB8D0FEF793
:1050E00091FFFFF735BB2C60FFF732BB7379002BC4
:1050F0003FF42EAB06F05CF9D6287FF629ABFFF71C
:1051000095FAFFF725BB7379002B3FF421AB06F02E
:105110004FF95F283FF61CABF1E77579002D3FF49E
:1051200017AB05F0EFFF00F013FB30B14FF08043F9
:1051300020229A614FF480729A6106F0B3F89528A4
:105140007FF606AB06F0AEF800F11E039BB2962B7D
:1051500028BF9623DBB28DF810308DF811308DF812
:105160001230FA22022336200499FFF72DFA2C463A
:10517000FFF7EEBA7579002D3FF4EAAA06F092F82F
:105180001E283FF6E5AA0024002320461A461946A9
:10519000013404F043F9442CF6D106F083F800F111
:1051A0001E039BB2962B28BF9623DBB28DF81030DE
:1051B0008DF811308DF81230FA2202234220049922
:1051C000FFF702FA2C46FFF7C3BA7379002B3FF4BE
:1051D0003FAF00210E20FFF79DFAFF234E4C8DF8C4
:1051E00010308DF811308DF81230FA2203230F2081
:1051F0000499FFF7E9F9207800F039FC022808D17A
:10520000002000F0EDFB002001F00BF80024FFF778
:105210009FBA207800F02BFC0328F7D1F0E77379D0
:10522000002B3FF415AF00210F20FFF773FAFF2387
:10523000394C8DF810308DF811308DF81230FA227B
:1052400003230E200499FFF7BFF9207800F00FFC2C
:1052500002280AD0207800F00AFC032805D002209A
:1052600000F0BEFB002000F0DCFF0024FFF770BA66
:105270007379002B3FF46CAA05F0AAFF1D287FF478
:1052800067AA1F2005F0A0FF0024FFF761BA224D96
:10529000287800F0ECFB022811D1204B1B78DA06AD
:1052A0007FF556AAFCF7C8FF00287FF451AA75794C
:1052B000E3205DB100F0B6FA2C46FFF749BA287832
:1052C00000F0D5FB03287FF443AAE6E700F0C0FA1C
:1052D000FFF73EBA287800F0CAFB03287FF438AA0B
:1052E000FFF7DCBA00F0B4FAFFF732BA084B0C4A09
:1052F0001B78002413F00E0318BF737903F0010329
:105300001370FFF725BA00BFFC1E0020FD1E002011
:10531000AC490020DC1E00201A1F0020C8490020D4
:1053200034400020F8B500252E461D4C237873B17B
:10533000606808F01CF8A368984212D308F062F87D
:10534000E36860604BB9636926706660C3B9013574
:10535000632D04F11804E9D1F8BD013BE360002B93
:10536000F1D0E368207C13F0010311D0FF28677CA3
:10537000A17CE37C07D11A46384604F087F9E6E7BA
:10538000E8B29847E3E70A46394604F047F8DEE713
:10539000FF281A4602D119461846EEE71946F4E7E7
:1053A000604000207FB500F0D3F9A0B104220021B5
:1053B0000DF10900FBF7E0F9002204AB04928DF82F
:1053C00014200093DD2205238DF8082019460F20B4
:1053D00002AA02F04FFD00220B4B1A7001F00EFCE6
:1053E00003F0E4FF094801F0D0FBFFF754F940B1A6
:1053F00008F008F8FDF716F807B05DF804EBFEF7C3
:105400006DBB07B05DF804FB970C0020C849002075
:1054100073B505F047FF00F11E04A4B2962C28BF17
:105420009624754BE4B21E78A6B1002496238DF81D
:1054300004408DF806308DF80540019803F008FA15
:10544000C0F30742C0F30721C0B204F01FF92046A1
:1054500002B070BD694D286840B107F088FF40F682
:10546000B833984202D9FFF79DFF2E6007F062FD26
:10547000810705D5002321461A46022003F0CEFFFE
:105480005F4D287800F0F3FA02280ED0287800F05B
:10549000EEFA032809D05B4B1B78DA0605D500230A
:1054A00021461A46012003F0B9FF574DFEF7B4FF1D
:1054B0002B7863B9554E306807F059FFB0F5FA6F95
:1054C00016D901232B7007F09DFF306010E0504B80
:1054D0001B786BB9FCF7B0FE38B9FEF7F1FFFFF7A8
:1054E00017F807F08FFF494B18602B78002BE1D09D
:1054F000FFF718FF474B9B78DB0609D516250023DD
:1055000028461A462146013503F088FF232DF6D19F
:10551000414B186898BB0123404E414D3278FF2A19
:1055200045D133702B78FF2B4AD032789A4247D03E
:105530003C4B186807F01BFFB0F5166F2CBF002519
:10554000012507F05FFF4FF44873B0FBF3F23678A4
:1055500002FB1300B6BB75B1B0F5C87F0BD2334662
:1055600022463146042003F059FF33462246314695
:10557000402003F053FFFCF795FE012068E707F099
:10558000F6FEB0F5FA6FC6D200F0E2F858B1FDF7BA
:1055900081F940B9244B254A1B781278003B18BF8B
:1055A00001239A4201D10023B6E70223B4E79A42CD
:1055B000B8D033702A7007F025FF1A4B1860B1E796
:1055C0000025BEE715B1B0F5C87FD4D2012E09D1B0
:1055D000002321461A46042003F020FF00231A4628
:1055E0002146C5E7650800232A462146042003F02A
:1055F00015FF00232A46F3E7FE1E0020D41E0020DC
:105600001A1F0020C8490020970C0020C81E002047
:10561000DD1E0020AC490020EC1E0020990C00206B
:10562000980C0020F01E0020E41E0020D01E002058
:1056300038B51C460B780D46CC2B41D006D8AA2B8A
:1056400015D0BB2B33D0552B09D038BDF02B3ED015
:10565000F12B43D0DD2BF8D1FFF7A4FE04E00022AC
:1056600089786878FDF760F800232370EDE7214B17
:105670001B7813F00E0F0DD004224FF480614FF011
:1056800080400AF0B1FD04224FF400714FF08040D9
:105690000AF0AAFD002323706B78174A003B18BF5D
:1056A000012301201370BDE83840FDF7FBBA4FF429
:1056B00000124FF080439A614FF080729A61D3E7F5
:1056C00020224FF080439A614FF48072F6E7094B35
:1056D00049789A7861F304129A70C5E707F092FE50
:1056E000064B6A781860064B1A70064B1B7863707D
:1056F000BAE700BFAC490020F41E0020EC1E0020D9
:10570000E41E0020D01E002008B5104B00209A781F
:10571000197802F00702C1F34201FCF7E7FE41F2FB
:10572000883009F098FA00F013F805F0BBFD4FF04F
:10573000804328B120229A614FF480729A6108BD9B
:105740004FF400129A614FF08072F7E7AC490020E5
:1057500010B5054C002220464FF400710AF044FDBC
:105760002069C0F3402010BD0004004003280DD87C
:105770000B290BD8082A09D86C2301EBC10103FBC4
:105780000011034B0A4433F81200704701207047A0
:10579000DC120108032808D839B9054B82F0010250
:1057A00002EB400033F8100070470120704700BF43
:1057B000CC120108A0F58073B3F5F85F10B526D2BE
:1057C00010F4805F00F4807300F4007400F48061D2
:1057D00000F400620DD0002B0CBF002010200CB193
:1057E00040F0200009B140F040000AB140F08000D4
:1057F00010BD181E18BF01200CB140F0020009B105
:1058000040F00400002AF3D040F00800F0E7002048
:10581000EEE710B50C46FFF7CDFF2346BDE810407C
:1058200018470000A0F1E003072B10B5044600D98B
:1058300040B920460449FFF7ECFFE0B2BDE8104054
:1058400000F08AB90149F6E7A95C0008D1600008B8
:1058500010B50446C0B200F0C7F9A4F1E003072B6D
:1058600000D92CB903492046BDE81040FFF7D1BF4D
:105870000149F8E7BB5C0008E360000801207047BD
:105880000120704708B5FFF7FBFF08BD01207047F6
:10589000012070477047704708B5FFF7FCFF08BD4F
:1058A000012070477047704713B502AB03E903004E
:1058B0000F4B1B78B3B99DF8053073B16AB100F096
:1058C00063FD04460146009800F01CFD2046009947
:1058D00002B0BDE8104001F0DBBB009800F034FDE1
:1058E0000446F3E7009800F04FFD0099F0E700BF91
:1058F000191F0020034610B400885C880A4640EA5D
:105900000440998810BCFFF7CFBF10B504460121B1
:10591000FFF7F0FF2146FFF7B1FF30B1012120462C
:10592000FFF7E8FF2146FFF7ADFF00F0010010BDD3
:1059300038B500210446FFF7DDFF05462146FFF795
:10594000A9FF21462846FFF7A7FF38BD38B501213A
:105950000446FFF7CFFF21460546FFF797FFB8B390
:1059600021462846FEF7ECFE90B32146284607F074
:1059700067F868B32146284606F070FF40B3214619
:10598000284606F091FA18B32146284606F066FA32
:10599000F0B12146284602F047FEC8B1214628460C
:1059A00002F08CFEA0B12146284606F0A5FF78B192
:1059B0002146284601F0B4FC50B12146284601F0AA
:1059C000BFFC28B121462846BDE8384001F0D4BCD0
:1059D000002038BD012303FA00F0C0B200F0F3BB91
:1059E00010B504460120A040C0B201F0CCF820461A
:1059F000BDE81040FFF7EEBF0120704708B5FFF784
:105A0000FBFF08BD10B5044600F08CFB2046FFF7F5
:105A100047FF2046FFF7F2FF10BD08B50120FFF752
:105A2000F1FFBDE8084007F03BBD08B50020FFF7D7
:105A3000E9FFBDE8084007F059BD08B5FFF732FFA0
:105A4000FEF741F905F046FA00F033F8BDE80840EA
:105A5000012005F00FBB08B500F030F8002005F07C
:105A600009FBFFF720FFBDE80840FEF7EEB803464C
:105A700000091CBF034604209A081EBF13460230CB
:105A8000C0B25B081CBF0130C0B270470120704734
:105A9000704738B50546FFF7F9FF044610B12846B0
:105AA000FFF7F6FF204638BD704708B5FFF7F1FF56
:105AB00008BD08B50020FFF7F8FF08BD08B507F0DE
:105AC00023FAFFF7F2FF08BD10B507F01DFA074BE8
:105AD00004461A78824207D0187007F093FC044BF2
:105AE00018602046FFF7E1FF10BD00BF181F00201F
:105AF000141F00201FB56C4684E803009DF8053094
:105B00000BB100F013FF0023ADF80E3094E8030052
:105B1000ADF80C10C9B2029002AC29B994E80300A8
:105B200000F05EFE04B010BD2046FFF7EEFE002838
:105B3000F4D1F7E70379012B02D1008800F044BCCF
:105B4000704708B529B106F045FBBDE8084006F0EE
:105B500015BC06F09DFBF8E710B50446002840D0C0
:105B6000031FDBB2A02B0ED807F068FA20B1204645
:105B700007F0F6FA00F072FF204607F0D3FABDE80E
:105B8000104000F06BBF00F12003DBB2072B07D8F9
:105B900000F007040120A040C0B200F0A1FEEEE733
:105BA00000F15B03DBB2022B05D8BDE810402438BE
:105BB00080B207F0E5B900F15803DBB21A2B06D822
:105BC000BDE81040074A32F8130007F0F5B9333446
:105BD000E4B2122C05D806F0FDFABDE8104006F03C
:105BE000CDBB10BD3C16010808B50346A0B3021F8B
:105BF000D2B2A02A05D807F0B3FABDE8084000F0F9
:105C00002DBF00F12002D2B2072A07D800F0070307
:105C100001209840C0B200F06BFEEEE700F15B029D
:105C2000D2B2022A04D8BDE80840002007F0A8B983
:105C300000F15802D2B21A2A04D8BDE80840002068
:105C400007F0BAB93333DBB2122B05D806F020FBCC
:105C5000BDE8084006F092BB08BD000038B50C4610
:105C60000546FFF779FF9CB140F2E73009494FF450
:105C70007A72A4FB014120184FF0000341F10001AA
:105C8000FAF7B4FA08F0E7FF2846FFF7ADFF38BD92
:105C90000120F7E7A086010008B539280CBF502184
:105CA0000021FFF7DBFF08BD08B528B100F018FEA2
:105CB000BDE8084000F0D2BE08BD08B528B100F02C
:105CC00017FEBDE8084000F0C9BE08BD2DE9F04749
:105CD000877981460C46457900F0F2FD3F0906467A
:105CE00008B32E46FDB1C4F3072303F0F002402AA7
:105CF0000CD0E1B201F12002D2B2072A26D903F07A
:105D0000E003202B02D1012920D90FB3A04B5E78EC
:105D100016F0040607D0022000F0DCFE00F0D0FDF3
:105D200080F00106F6B2C4F3033ABAF10B0F3ED885
:105D3000DFE81AF01000100049004900A300BA0083
:105D40003D003D00BF001D01300130010026EAE7A3
:105D50003E46E8E7C4F30723C4F3032713F0F00F2C
:105D600018BF3F01E4B285B157B104F12003DBB2A3
:105D7000072B384600D92CB900F0B2FD00F06EFEBA
:105D8000204640E000F0C2FDF8E72046FFF72CFF78
:105D90006FB104F12003DBB2072B384600D914B9E8
:105DA00000F0A6FD01E000F0B9FD00F057FEAAF1F9
:105DB000080ABAF1030F00F2428107F0A5F8BDE826
:105DC000F047FFF772BEC4F3072303F0F003C4F3F8
:105DD0000328202BE4B218BF4FEA08182CB1012C7D
:105DE00034D0002D3CD0DFB1CAE7694B5B785A074D
:105DF00014D45DB1B8F1000F04D0404600F070FD3E
:105E000000F02CFE0020FFF7A7FED0E72846FFF7A2
:105E1000EBFEB8F1000FCAD04046C1E755B11FB93B
:105E20004046FFF741FFC2E7012FC0D1404600F0D6
:105E30009DFDBCE7002FBAD14046FFF73EFF40462C
:105E400000F0A2FD404600F07DFDB0E715B1052F42
:105E5000ADD8E5E7042FAAD84046FFF72EFFA6E706
:105E6000002FF9D0392C0CBF4FF4FA50012008F064
:105E7000F2FE2046FFF7B8FE99E714F4406FC4F332
:105E8000812307D0012B92D165B1C4F3090007F03B
:105E900093F88CE725B1C4F3090007F071F886E7A1
:105EA0002846FAE72846F2E72946E0B2FFF749FE1E
:105EB0007DE714F4407F29D1002D7FF478AFC4F33F
:105EC00042108000C2B204F00F0014F0100300FA78
:105ED00002F0C5B21EBF0F209040C043C4F381241E
:105EE00018BFC3B2022C43EA050009D0032C0AD024
:105EF000012C02D000F072F959E700F067F956E77B
:105F000000F074F953E700F05EF950E7C4F30122A2
:105F10000DB312F0010F3FF44AAFC4F342108000FA
:105F2000C2B204F00F0014F0100300FA02F0C5B280
:105F30001EBF0F209040C043C4F3812418BFC3B2DA
:105F4000022C43EA05000CD0032C0DD0012C05D007
:105F500000F098F92BE712F0020FDCE700F08AF965
:105F600025E700F097F922E700F04EF91FE7E7B2C6
:105F7000C4F3032425B1204600F05AF9384650E70F
:105F80003846FFF79AFE204600F05EF90FE700BFA3
:105F9000C84900205FFA84F8A8F1F003042B39D82F
:105FA000DFE803F003220E151E003DB1042F3FF67B
:105FB000FEAEC4F3042000F051F9F8E6052FF6E731
:105FC000C4F30420002DDFD100F032F9EFE625B153
:105FD000C4F3042000F025F9E9E600F01FF9E6E635
:105FE000224B5B785B0704D4C4F30420002DCBD094
:105FF000EAE72DB10321C4F3042000F049FDD6E601
:10600000012000F067FD012F7FF6D1AE022000F0E5
:1060100061FDCCE62DB10FB14046F4E6C4F3042097
:10602000D2E74FB1B8F1390F0CBF4FF4FA5001204D
:1060300008F011FE40461DE7C4F30420A4E79EB11A
:1060400000F036FC10F001000ED189F8050000F0D8
:1060500029FC00F0EDF8484600F01CF800F022FCA6
:10606000BDE8F04700F0F0B8BDE8F087C84900206F
:1060700038B501880446407900F0B2F9054600F0D1
:1060800011F900F09FF829462046BDE83840FFF797
:106090001DBE0000037910B50446B3B1FFF756FCEE
:1060A00068B900F00DFC80B1637973B1074B5B7880
:1060B0005B070AD5BDE81040022000F00BBD20466A
:1060C000FFF7D6FF2046FFF733FC10BDC84900207C
:1060D00008B528B100F01AFCBDE8084000F0BEBCCD
:1060E00008BD08B528B100F019FCBDE8084000F073
:1060F000B5BC08BD08B5002006F042FF002006F040
:106100005BFF00F013FC00F0A9FC06F053F9BDE8BA
:10611000084006F033B908B507F040F8BDE808407C
:10612000FFF7E8BF08B500F0EBFBBDE80840FFF75C
:10613000F2BFC0F30333062BC2B213D094BF0E33A9
:10614000063303F00F03012B10D8F02A10D004D827
:10615000E72A8CBF002001207047F42A14BF0020DA
:1061600001207047E72A03D9F12AF7E7002070479A
:106170000120704708B50346007930B1188800F057
:1061800023F9BDE80840FFF7D4BF08BD82B002ABD9
:1061900003E9030002B0704782B002AB03E90300D9
:1061A00002B07047704708B5FFF7FCFF08BD7047A5
:1061B00008B5FFF7FCFFFFF7F6FF014B187008BDAD
:1061C0001A1F00207047FFF7F3BF0000024B1B7837
:1061D0001843FFF7EDBF00BF1A1F0020024B1B78CA
:1061E0001840FFF7E5BF00BF1A1F0020024B1B78C5
:1061F0005840FFF7DDBF00BF1A1F0020704708B5E9
:10620000FFF7FCFF08BD704708B5FFF7FCFFFFF77D
:10621000F6FF014B187008BD1E1F00200020FFF77D
:10622000F3BF012303FA00F0C0B2FFF7EDBF000097
:10623000012303FA00F0034B1B781843C0B2FFF7A9
:10624000E3BF00BF1E1F00200123034A83401078D4
:1062500020EA0300FFF7D8BF1E1F0020012303FA26
:1062600000F0034B1B785840C0B2FFF7CDBF00BF12
:106270001E1F0020024B1B781843FFF7C5BF00BF4D
:106280001E1F0020024B1B781840FFF7BDBF00BF48
:106290001E1F0020024B1B785840FFF7B5BF00BF00
:1062A0001E1F0020704701F00703C90830B501EB3D
:1062B000410101240139114400229C40E4B211F84B
:1062C000015F20FA02F343F300036B4023400132E5
:1062D0006B40032A0B70F2D130BD002210B500F0E4
:1062E0000704C00800EB4000014410468B5CE3400B
:1062F00003F00103934001321843032AC0B2F5D1E1
:1063000010BD000017B40C46ADF80400C1B2C0F3D4
:1063100007200B280AD808290ED801EBC001084A2B
:106320000144204603B010BCFFF7BDBF031DDBB224
:10633000012B01D8034AF4E703B010BC704700BF3B
:106340001F1F00201B1F002082B0ADF80400C3B245
:10635000C0F307200B2808D8082B0DD803EBC00387
:106360000749184402B0FFF7B8BF0430C0B2012893
:1063700002D818460349F5E7002002B0704700BF75
:106380001F1F00201B1F002073B507240C4BADF806
:1063900004001E780B4B1B781E4346FA04F3DB0700
:1063A000E5B205D4013CF8D20025284602B070BD04
:1063B0002846019900F08BFE80B20128F2D0F4E764
:1063C0001E1F00201A1F002007B5ADF80400019819
:1063D000FFF7DAFF019903B05DF804EB00F077BE38
:1063E00013B5104BADF804101B782BB1019802B017
:1063F000BDE81040FFF7E8BF70B10198FFF7C4FF98
:10640000044601460198FFF77DFF2046019902B03E
:10641000BDE8104000F05BBE0198FFF795FF044611
:10642000F3E700BF191F002010B5012404FA01F1A1
:1064300004FA02F20A43D1B202408A4204FA03F497
:1064400006BF2043C0B2A04310BD000008B51346EC
:106450000A46014603480078FFF7E6FFBDE808401A
:10646000FFF7D2BE1E1F0020F8B50C4B0C4E1C7857
:106470000C4D3378A34200D1F8BD05EBC40335F8C9
:1064800034005F889A88D98840EA074042EA01418F
:106490000134FFF781FE04F00704EAE7931F0020B0
:1064A000921F0020521F0020064B10B418885C88F1
:1064B0009A88D98840EA044042EA014110BCFFF7BB
:1064C0006BBE00BF4A1F00201A4AF8B5937913F03B
:1064D000F00F0AD1537943B1174B18491B780D7847
:1064E00016885788164CAB4200D1F8BD04EBC301A7
:1064F0000879D0B134F83300B04216D14879A0B948
:106500004888C01B80B2C7280FD80120937960F358
:10651000071393718B7960F307138B710548FFF7AD
:10652000B9FDBDE8F840FFF79FBF013303F0070353
:10653000D9E700BF4A1F0020931F0020921F0020B0
:10654000521F0020F0B50D4B0D4C1B7826780D4CDA
:10655000B34201D10020F0BD04EBC3056F788F4238
:1065600006D114F83370874202D16D79954203D178
:10657000013303F00703EBE70120ECE7931F002052
:10658000921F0020521F00202DE9FF47E8460446D5
:10659000924D062201464046F9F7FCFF2B796779B8
:1065A0002279C3B9AAB18FB12046FFF7E3FD0646B1
:1065B00060B1082221462846F9F7ECFF2846FFF78C
:1065C000B9FAFFF781FFFFF76FFF4CE02046FFF7B6
:1065D00061FD012647E0B4F802906B886E79A9EB63
:1065E00003039BB2002E00F0B280C72B00F28A801A
:1065F000002A38D0AB79298813F0F00F228850D1C7
:1066000091420FD1002F40F0E380012262F3071383
:10661000AB71FFF749FF2846FFF73CFDAB79A3714B
:10662000002620E0002F40F0D38025783A46284607
:106630006178FFF787FF2846FFF784FF05460028AB
:10664000EED10098FFF7C0FEC0F30332032AC3B2B5
:106650000DD8012A15D910F4706F17D0A27912F055
:10666000F00F13D12E46304604B0BDE8F087063255
:1066700002F00F02012A0ED92046FFF70BFD354626
:10668000F0E710F4706F01D0002BEBD02033DBB2B9
:10669000072BE7D9F0E7EF2BE4D90F33DBB2022B5E
:1066A000F7E791420AD14FB92046A371FFF7F2FCF8
:1066B000082221462846F9F76DFF84E72046FFF7B8
:1066C00059FD002882D0002F80D0AB791F2B0FD925
:1066D0002A8802A8ADF808202A79ADF80A908DF82A
:1066E0000C2000228DF80E308DF80D20FFF7D2FC23
:1066F000082221463948F9F74DFFFFF7E5FEFFF77D
:10670000D3FE66E7AB7913F0F00A0ED198E80300E8
:10671000FFF73CFD2846FFF7BDFC082251462846FE
:10672000FAF72AF8FFF7C0FE7AE7002A9BD02988FB
:1067300022889142C2D1002FC0D12046A371FFF719
:10674000A9FC082239462846FAF716F88BE7C72B2A
:1067500034D8002A3FF43DAF3E46002F3FF436AF19
:106760002A8823889A421CD1AB79DA0713D413F014
:10677000F00210D0F02AA37106D0DBB2C3F30312EB
:10678000013262F30713A3712046FFF783FC08224E
:10679000214612488FE7082221461048F9F7FAFEF1
:1067A00061E72046FFF7E6FC0028A1D1AB7920463F
:1067B00043F00103AB71FFF76DFC54E798E8030069
:1067C000FFF7E4FC082231462846F9F7D5FFFAE640
:1067D000AB7943F00103AB7122E700BF4A1F0020F1
:1067E000F0B585B06C4684E803002046FFF7CCFE88
:1067F000284F0646284D68B19DF804301BB194E837
:106800000300FFF7C9FC254C28783B78834226D14A
:1068100005B0F0BD9DF8042002AB94E8030083E8C6
:106820000300002AEFD038782A78441C04F00704CB
:1068300094420AD01946194B082203EBC000F9F71D
:10684000A9FE3C70FFF710FEDDE7FFF76BFC0822A6
:10685000314613483E702E70F9F78EFFD3E704EBF4
:10686000C000FFF791FE0028D2D02B7834F8330017
:1068700004EBC3035E889A88D98840EA064042EA5E
:106880000141FFF789FC2B78013303F007032B70DC
:10689000BAE700BF921F0020931F0020521F002064
:1068A0004A1F0020014B1878C0087047E41F0020E1
:1068B000024B187800F00700704700BFE41F00206B
:1068C000034B187810F0070018BF0120704700BF75
:1068D000E41F0020014B1878704700BFE71F00201D
:1068E000024B1A7810431870704700BFE71F002052
:1068F000024A137823EA000313707047E71F002051
:106900000022014B1A707047E71F0020024B1A78D3
:1069100010431870704700BFE81F0020024A137828
:1069200023EA000313707047E81F00200022014B88
:106930001A707047E81F0020704708B5FFF7FCFF8A
:1069400008BD000008B5054A1378034204D023EAC5
:1069500000001070FFF7F1FF08BD00BFE51F002029
:10696000704708B5FFF7FCFF08BD000008B50549F2
:106970000B7830EA030C03D003430B70FFF7F1FFF1
:1069800008BD00BFE61F002008B5054A1378034282
:1069900004D023EA00001070FFF7E3FF08BD00BF3A
:1069A000E61F002008B5044B1A781AB100201870B1
:1069B000FFF7D7FF08BD00BFE61F002010B5084B4A
:1069C0001C78084B1B781C43074B1B782BB11C43CE
:1069D00006F010FB08B1FFF7E5FF204610BD00BF31
:1069E000E71F0020E81F0020E61F002038B50B4CF1
:1069F0002568FFF7E3FF287024680822204608492D
:106A0000F9F794FD48B1214608220548F9F7C2FD7F
:106A10002046BDE8384006F091BA38BDD40D0020BC
:106A2000DC1F002038B50B4C2568FFF7C7FF6870E6
:106A30002468202220460849F9F778FD48B121460C
:106A400020220548F9F7A6FD2046BDE8384006F0AB
:106A50007FBA38BDD80D0020BC1F002008B506F055
:106A600045FA40B1064B93F90030002B03DABDE83C
:106A70000840FFF7D7BFBDE80840FFF7B7BF00BF2A
:106A8000C8490020704708B5FFF7FCFF08BD0000AB
:106A9000094A10B5527852070AD5084C41EAC0019C
:106AA0002170FFF7C5FB2078C008FFF7ECFF10BD91
:106AB000BDE81040FFF7BCBBC8490020E41F002020
:106AC000002008B5024B1870FFF7DDFF08BD00BFBE
:106AD000E41F002008B50A4A137823EA000010706A
:106AE00042070CD198420AD0064B5B785B0706D56B
:106AF000C008FFF7A9FBBDE80840FFF7E1BF08BDEC
:106B0000E41F0020C84900200246094808B5437820
:106B1000C3F38001914209D062F38203437000F015
:106B200036F8BDE808400220FFF7D4BF08BD00BF1B
:106B3000C8490020044B5878C0F3800080F0010061
:106B400000F00100FFF7E0BFC84900200120FFF777
:106B5000DBBF0020FFF7D8BF704708B5002000F06A
:106B60006AFCFFF7F9FF08BD00F032BC08B500F081
:106B700020FC18B1BDE8084005F00CBF08BD00F0CE
:106B800032BC00F03BBC00F03CBC00F03EBC00F06E
:106B900043BC00F045BC00F047BC00F049BC00F02D
:106BA0004ABC00F04CBC00F04EBC000007B500F041
:106BB000FDFB00F008FC002368468DF8003000F073
:106BC00019FC01200B4B187000F01BFC0A4B01A8AC
:106BD0001B88ADF8043000F01FFC02F0E7FBFBF768
:106BE0005FFB05F008FFFFF7B8FF02F0D3FB03B02F
:106BF0005DF804FB1A1F00209E0F0108FFF7D6BFA7
:106C000073B506F035FC0B4D04462B8883420ED03D
:106C10000026ADF8006006F02BFCADF80460ADF87E
:106C2000020002AB13E90300FEF764FF2C8002B000
:106C300070BD00BFFC1F0020014B186800F060BB56
:106C4000F01F0020014B1868704700BFF41F0020A0
:106C500008B500F045FB024B1860024B186008BDF8
:106C6000F01F0020F41F0020014B1868704700BF80
:106C7000EC1F002008B500F033FB024B1860024BFC
:106C8000186008BDF01F0020EC1F0020014B1868A1
:106C9000704700BFF81F0020074B91421860074B58
:106CA000196038BF1146064B1A60064B81422CBF53
:106CB00019601860704700BFF41F0020EC1F00200F
:106CC000F81F0020F01F00207047704708B5FFF73D
:106CD000FCFF08BD704708B5FFF7FCFFFFF7F6FFA4
:106CE00008BD7047704708B5FFF7FCFFFCF7F6FEDC
:106CF00008BD01207047000008B5054800F0CCFB36
:106D000001F0B6F9FFF7E0FFBDE80840FFF7E3BF89
:106D10001D730008FEF71CBD7047704708B5FFF7EC
:106D2000FBFFFDF7E7F9FFF7F8FF08BD08B5FFF730
:106D30001DFF08B9FFF762FF0848FFF720FF08486A
:106D4000FFF723FF04F020FEFFF71BFFFFF73BFADE
:106D5000044B1878BDE80840FFF751BAFE1F002029
:106D6000C84900201E1F002008B506F049FB00F0AE
:106D7000A3FA05F054FE00F07DFD04F095FB00F051
:106D800093FCFFF7D3FF06F0AFF8FEF78DFE04F09B
:106D900043F904F0FDFD00F07FFDBDE80840FFF77A
:106DA000A2BF70B504460D46164602F029FD3246D4
:106DB00029462046BDE8704006F0C4BA08B5FEF783
:106DC000C7FC18B1BDE8084006F08FB808BD000048
:106DD0002DE9F04F85B0FFF78CFF88B9FFF710FF62
:106DE000FFF7ECFF04F076F804F008FC08B1FFF7B9
:106DF00041FF05F007FB05B0BDE8F04FFEF764BEAC
:106E0000DFF8C88000F0A2FC46460024E0B236F865
:106E1000025B00F051FB0B2C54D0854204F10104BD
:106E2000F4D02B4B1B789B0701D500F04BFBFFF7F1
:106E300071FF002701905FFA87F9484600F03CFB9C
:106E400038F8026B0446B04236D04FF0000A0125F4
:106E50004640B6B22E4224D0019B2C4214BF4FF0C4
:106E6000010B4FF0000BBBB15146484606F05EFAED
:106E700090B98DF808A08DF8099006F0F9FA4FF056
:106E80000103ADF80A008DF80C308DF80DB002AB9F
:106E900093E80300FEF72EFE5A4651464846FFF798
:106EA00080FF0AF101035FFA83FA6D00BAF1090F5E
:106EB000ADB2CFD128F8024C01370C2FBBD1FFF770
:106EC000C7FE8DE78542ACD188E700BFB0490020FE
:106ED000FE1F002038B500F005F9B0F5A44F0446B8
:106EE00043D2B0F5A04F80F0AC80DF2816D8CC2874
:106EF00000F28A80A7280AD8A42878D8012804D0CC
:106F0000031F9BB2A12B28BF0024204638BDA0F14F
:106F1000A8039BB21A2B6FD90024F6E7B0F5804F77
:106F200019D2B0F5005F80F0A080E728EDD9A0F578
:106F300080739BB2B3F5F85FEED2C0F3072000F088
:106F400057F90546E0B200F0CDF82D0205F4F855EA
:106F50000543ACB2D9E7C0B200F0C4F804F47064E1
:106F6000044344F42044A4B2CFE7B0F5A54F21D2A6
:106F700045F25F23984251D845F23F2398420ED8FC
:106F800045F21F23984242D80124C0F3850300F044
:106F90000300844044EA431444F40D44E3E701242D
:106FA000C0F3820300F00300844044EA431444F435
:106FB0000C44D8E745F2BF2398420AD845F29F23F4
:106FC000984200F01F0034D84AF2F40444EA002446
:106FD0009BE7A0F5A543403B9BB21F2B9CD8040226
:106FE00004F4F85444F4204444F0F0048DE7A0F194
:106FF000240444F48044B6E7244B5834E4B233F814
:10700000144044F4884480E740F4A044ABE74AF2DB
:10701000F10300F01F0443EA042476E70124C0F3DF
:10702000820300F00300844044EA431444F40A4419
:1070300099E700F0DDF8040204F4F85444F4005435
:1070400063E700F01F0000F0D3F8C30648BF00015B
:10705000C4F343144FEA04244CBF00F0F00000B224
:10706000204340F4104084B24FE7C0F3042000F006
:10707000BFF80546E0B200F035F82D0205F4F855EA
:1070800045EA000444F400546DE700BF721601089D
:1070900082B0ADF80410CBB2C1F307210B2905D89B
:1070A000082B11D81A4602B004F089BDFD2905D17C
:1070B00053B90122194602B004F08EBDFC2903D158
:1070C00013B91A461946F6E7002002B0704707B513
:1070D000ADF804100199FFF7DBFF03B05DF804EB96
:1070E000FFF7F8BEE72850D8DF2807D8312865D049
:1070F0000ED8292858D02A2867D07047A0F1E0037D
:10710000072B42D8DFE803F01541242933413D42E3
:10711000392804D0822802D0352840D07047334B1C
:107120001A7892075CD15B7813F0080F18BF2920FA
:1071300070472E4A1378D9074ED4527812F0010FB7
:1071400023D013F0100F08BFE32018BF00207047B2
:10715000264B1B7813F0040FF2E7244A13785907E3
:107160003CD45278D2073BD413F0100FEDE71F4BFD
:107170005A78910709D51B7813F0100F08BFE72044
:10718000E3E71A4B1B781A07F6D47047174A1378AF
:10719000190727D452789107E6D5E4207047134B9E
:1071A0001B7813F0200FC1E7104B1A7892061BD4FE
:1071B0005B7813F0080F18BF392070470B4B1B7812
:1071C00013F0400F18BF2A207047084B1B7813F0AC
:1071D000400F18BF3120704739207047E2207047B8
:1071E000E0207047E62070473520CEE7C8490020F0
:1071F00010B5304C21784B0713D500F01402A2F1E2
:10720000040C00F01803DCF1000242EB0C02A3F1C5
:10721000080CDCF1000343EB0C039A4218BF80F02A
:107220000C000B0713D500F01402A2F1140C00F0AF
:107230001803DCF1000242EB0C02A3F1180CDCF1A4
:10724000000343EB0C039A4218BF80F00C006478F3
:10725000E30713D500F0110202F1FF3C00F0180320
:10726000DCF1000242EB0C02A3F1080CDCF100039C
:1072700043EB0C039A4218BF80F00900A30711D515
:1072800000F0110200F01803A2F111046242A3F110
:10729000180C6241DCF1000343EB0C039A4218BF67
:1072A00080F00900CA0603D5030748BF00F0E700D5
:1072B00010BD00BFC84900200022014B1A60704772
:1072C000CC49002010B50446FEF742FA20B906F07A
:1072D00099F8024B241A1C6010BD00BFCC49002055
:1072E00008B5FEF735FA18B1BDE8084006F08AB8CF
:1072F00006F088F8014B1B68184408BDCC490020F3
:1073000010B50446FEF724FA20B12046BDE810402F
:1073100006F02DB8FFF7E4FF001B10BD00207047FA
:10732000A0F5A543603B1F2B10B507D84C791CB9BD
:1073300000F01F00FEF754FB204610BD0124FBE7C0
:1073400008B503464879A8B147F65B4293420ED090
:1073500047F65C42934206D047F65A42934205D123
:10736000FFF7F4FB01E0FFF7E5FB002008BDFFF7A6
:10737000F0FBFAE70120F9E708B50346487998B130
:1073800047F6014293420CD047F60342934206D09F
:10739000B3F5F84F02D1FEF740FB002008BDFFF720
:1073A000E3FBFEF742FBF8E70120F7E7002000F0DF
:1073B00061BE08B5002000F0D8FD4FF6E363C31AA4
:1073C0005842584108BD4FF6E361002000F034BE3A
:1073D00008B5002000F04EFEBDE808404FF6FF71F2
:1073E000002000F029BE10B50446022000F0AEFDDA
:1073F000207010BD0178022000F010BE032000F0C4
:10740000A5BD0146032000F009BE10B504460420C6
:1074100000F0ABFD208010BD0188042000F00CBE00
:107420000822172100F028BE0822172100F0DCBD39
:107430000F2000F0A9BD01460F2000F00BBE014651
:107440000E2000F0EBBD08B5132000F09DFDA0F567
:107450005D735842584108BD70B50E460546144646
:10746000FFF7A1FB014680B13444B4F55D7F88BFCE
:1074700040F2993406F1250198BF2534641A22465A
:10748000284600F0F9FD204670BD22462846F9F74F
:1074900073F9F8E700207047014B1860704700BF90
:1074A000DC0D0020704708B5FFF7FCFF08BD7047F2
:1074B00008B5FFF7FCFF08BD014B33F8100070471B
:1074C000EA49002070474FF4346007F0FBB900BF71
:1074D00000BF00BF00BF00BF00BF00BF00BF00BFB4
:1074E00000BF00BF00BF00BF00BF00BF00BF00BFA4
:1074F00000BF00BF00BF00BF00BF00BF00BF70479C
:1075000008B5FFF7E0FF08BD704708B5FFF7FCFFBF
:1075100008BD00007FB5FEF71BF91E4D04461E4A4C
:1075200060B30023107801A905EB4000019302939A
:10753000039300F0C5F9194E80B1194B0C2218784D
:1075400001A905EB4000F8F7F1FF0123337060B9A2
:107550000024FFF7ADFF204604B070BD3378002B48
:10756000F6D001900290039030700D4B0C221878E9
:1075700001A905EB4000F9F70DF8EAE7084B11788F
:10758000187805EB410105EB400000F0FBF9FFF72F
:10759000BCFFE0E7EA490020024A0020FF1F00206C
:1075A000D049002008B5302383F31188012100F071
:1075B0000F039940202220F00F0008F015FE002351
:1075C00083F3118808BD000038B509240B4D55F828
:1075D000040B421C01D0FFF7E5FF013C14F0FF044F
:1075E000F5D10624064D55F8040B431C01D0FFF7D6
:1075F000D9FF013C14F0FF04F5D138BDE00D0020A7
:10760000040E00202DE9F843DFF89480174658F85F
:10761000213005465A1C0E4640D0302282F3118894
:10762000012223F00F0903F00F0302FA03F42146AD
:107630004846240408F0D8FDC9F81840002484F313
:107640001188FFF744FF6FEA070C1648AA1E0A3597
:1076500050F8041B32F8023FB1F1FF3F1AD021F07D
:107660000F0EDEF810E001F00F012EFA01F1C9074C
:1076700010D401243B4313809542E9D158F82600E9
:10768000431C01D0FFF78EFF21463046BDE8F8438A
:10769000FFF736BF0CEA03031380EDE7BDE8F8837C
:1076A000E00D0020040E0020F0B591B000F0DCF8F1
:1076B000F0B91F4C01AD0FCC0FC594E8030085E86D
:1076C00003001C4E01AF0FCF0FC695E8030008342E
:1076D00007AD86E803000FCC0FC50FCC0FC5266899
:1076E000154C2E6007AD0FCD0FC40FCD0FC4266013
:1076F00000F0BAF8002814BF002306230F4A1370C5
:107700000F4AC3F106031370FFF75EFF1822002132
:107710000C48F9F731F8182200210B48F9F72CF83A
:1077200000F04CF811B0BDE8F040FFF7BCBE00BF60
:10773000A00F0108040E0020E00D0020024A0020E6
:10774000D0490020EA490020D249002030B587B056
:10775000182200216846F9F70FF800250124224677
:10776000E9B268460135FFF74DFF6400092DA4B268
:10777000F5D1182269460E48F8F7D8FE002814BF44
:107780000124002404D0182269460948F8F702FFB2
:10779000084B22461978084B054803EB410100F0DD
:1077A0000FF80446FFF7B6FE2043C0B207B030BD65
:1077B000D2490020024A0020EA4900207047000018
:1077C0002DE9F04106460D461446134F42B1012300
:1077D0003B7005F017FE114B18600020BDE8F081EA
:1077E00097F80080B8F1000FF7D00C4B186805F03F
:1077F000BEFD0028F1D00C2231462846F8F796FE4F
:1078000028B10C2231462846F8F7C4FE444600232E
:1078100020463B70E2E700BF00200020042000204B
:1078200010B5074C00224FF40071204608F0DCFC34
:107830004FF4165007F046F82069C0F3402010BD01
:107840000004004038B5C82406F0C6FF054648B914
:10785000013C4FF47A70A4B207F0FDF9002CF3D18B
:1078600006F0AEFF284638BD014B5878704700BF80
:107870000B20002010B5FFF7E5FF064C2070FFF746
:10788000CFFF6070FDF764FF18B1BDE8104000F055
:1078900045B810BD0B20002008B5FDF759FF18B9F9
:1078A000BDE8084000F03CB808BD0000034B187864
:1078B00009288CBF00200120704700BF0A2000204B
:1078C00070B5144D04462B780E46092B16D8204669
:1078D000314600F055F80446C8B92B78FF2B1CBF81
:1078E00001332B702B78092B94BF0124002403D97A
:1078F00005F0BEFD084B1880204670BD064B188869
:1079000005F02EFDB0F5FA7FE1D20024F4E7002364
:107910002B70F1E70A2000200820002005F054BE5B
:1079200005F03EBEF8B504461E46BDF8187062B1BB
:107930000C234343104DE85C1D44904238BF02467F
:107940006B880E481844F8F725FE204605F03EFEE9
:10795000054670B16FB10C20074900FB04110A798C
:10796000CB880649BA4228BF3A4630461944F8F750
:1079700011FE2846F8BD00BF1C0E0020102000207C
:1079800000F0CEB900F008BA054B1A68054B92F822
:107990003A1083F8901092F83B2083F8AC2070479F
:1079A000A81601081C0E002003F052BE114B70B542
:1079B0001C68032104F1390003F0EBFF94F8383020
:1079C000834215D194F939200F2A11DC0C210A4B7E
:1079D00001FB02339D685DB1AC4694F83B2094F8FE
:1079E0003A0004F15C0304F13C01BDE870406047DB
:1079F00070BD00BFA81601081C0E00202DE9F04341
:107A000090461D460022012385B000930E46DDE915
:107A10000C9711460DF10F03FFF784FF044650B396
:107A2000D8F8000005F0A3FC63281CD90022BBB2E3
:107A30001146009330462B46FFF774FF3946044643
:107A4000484603F0A6FF9DF80F30834214BF002480
:107A500004F001041CB105F0D5FCC8F80000204674
:107A600005B0BDE8F0833946484603F092FF9DF823
:107A70000F308342DAD13A4649462846F8F78AFD64
:107A8000EDE700001E4B2DE9F0411E68082386B08B
:107A900006F11B080193042103201A4ACDF8008047
:107AA00004ABFFF7ABFF054620B1174FB27E3B7822
:107AB0009A4215D1284606B0BDE8F0819DF80F1016
:107AC0009DF80E0003F036FD044650B90023052052
:107AD0001A4619460093FFF725FF2040C5B20BE078
:107AE000002440460DF10F020DF10E0103F008FDD8
:107AF0000028E3D1002CE9D1B37E3B70DAE700BF68
:107B0000A8160108B42000208C20002070B50C2697
:107B10000E4B86B01B680D460233009301210020F6
:107B20000B4A01960DEB0603FFF768FF044628B1E8
:107B3000324608480DEB0601F8F72CFD0C222846CA
:107B40000449F8F727FD204606B070BDA8160108C5
:107B5000AC20002098200020F7B5044608680D46A8
:107B600017461E4605F003FC632800D87FB10023AA
:107B700020463146BDF820200093FFF7D3FE04468F
:107B800010B105F03FFC2860204603B0F0BD012491
:107B9000FAE72DE9F0411446069F05460E463A469F
:107BA00019462046F8F7C2FC021E234631462846F5
:107BB000BDE8F04118BF0122FFF7CEBF7FB5FFF748
:107BC00041F80390FFF750F80490FFF75FF80C229C
:107BD000064B05901B68009205492C336A440A2025
:107BE000FFF7D7FF07B05DF804FB00BFA816010838
:107BF000A820002007B50C21054B02461B68009108
:107C00000E3304490220FFF7C4FF03B05DF804FB04
:107C1000A8160108B02000201FB505F075F9012253
:107C2000074B8DF80F001B68009206492A330DF1AF
:107C30000F020920FFF7ADFF05B05DF804FB00BFA0
:107C4000A8160108BC20002037B501240E4B0720E0
:107C50001D680E4B95F828101A7800948A1A18BFE0
:107C600001220B49FFF778FF58B10A4B95F829100C
:107C70001A7808208A1A18BF012207490094FFF7D2
:107C80006BFF03B030BD00BFA81601081E1F002007
:107C9000942000201A1F00209020002030B50E4DA7
:107CA00085B0286805F063FB632812D9FFF718FB3D
:107CB00000230230039004220620009303A9FFF75B
:107CC00031FE044610B105F09DFB2860204605B04A
:107CD00030BD0124FAE700BFB82000202DE9F047AD
:107CE00006460F469046FFF7E1FD002814BF4FF00F
:107CF0000A094FF00109012539463046C04710B93D
:107D000001354D4501DDBDE8F087044605FB05FA68
:107D10004FF47070013406F0D5FD5445F8D1EBE70F
:107D200038B5164A04460D46FFF7D8FF20B329465A
:107D30002046134AFFF7D2FFF0B129462046114AE8
:107D4000FFF7CCFFC0B1294620460F4AFFF7C6FF18
:107D500090B1294620460D4AFFF7C0FF60B1294681
:107D600020460B4AFFF7BAFF30B129462046BDE84E
:107D70003840084AFFF7B2BF002038BD0D7B00082D
:107D8000F57B0008857A00089D7C0008497C000886
:107D9000197C0008BD7B000870B50E46054607F04B
:107DA00097FF294B0C221C683146A31C1846F8F794
:107DB000F1FB0C2103F0EDFD264606F80E0B07F053
:107DC0008DFF07F085FF0C223146284604F11B0584
:107DD000F8F7E0FB07F082FF07F07AFF284603F090
:107DE0002FFC0821284603F0D4FDA07607F076FF8B
:107DF00007F06EFF154B606A1A68904202D0186057
:107E0000FFF760FA07F06AFF07F062FF94F8282096
:107E10000F4B1A7094F829200E4B1A7007F05EFF72
:107E200007F056FF94F82A0005F068F807F056FFAF
:107E300007F04EFF04F12C0007C8FEF72DFFBDE848
:107E4000704007F04BBF00BFA8160108A420002017
:107E50001E1F00201A1F00200E2808DD0C22044BD4
:107E600002FB00303C2343805C238160C380704769
:107E70001C0E0020F0B587B00E4617461D468DF843
:107E80000F00FFF713FD10B9002007B0F0BD9DF9FA
:107E90000F300E2BF8DD202EF6D8202DF4D800243C
:107EA00003210DF115008DF815308DF814408DF873
:107EB00016608DF8175003F06CFD154B8DF814000B
:107EC00083F8906083F8AC50042223460B20009482
:107ED00005A9FFF727FD0028D6D0234632463946AC
:107EE0000C200094FFF71EFD0028CDD02346012270
:107EF0000D2000940DF10F01FFF714FD0028C3D0F1
:107F0000224621460C9B00950E20FFF70BFDBCE797
:107F10001C0E0020FEF75CBF08B505F036FA05F030
:107F2000CBFFFEF7E9FE05F0C9FFFEF71DFF05F0E8
:107F3000D3FF05F0D7FFFFF7EDFF05F0D5FF05F004
:107F400095FF03F0DBFDFEF7E9FEF2E7002307B53E
:107F5000014601220DF107008DF8073000F08CF882
:107F60009DF8070003B05DF804FB002307B5014648
:107F700002220DF10600ADF8063000F07DF8BDF8E4
:107F8000060003B05DF804FB07B504220023014698
:107F90000DEB0200019300F06FF8019803B05DF85B
:107FA00004FB07B501228DF8071001460DF107000B
:107FB00000F067F803B05DF804FB07B50222ADF8E6
:107FC000061001460DF1060000F05BF803B05DF805
:107FD00004FB07B50422019101460DEB020000F0FD
:107FE00050F803B05DF804FBF8B505461446D31D00
:107FF00023F0070300AFADEB030D68460E4600F01B
:108000003BF8224669462846F8F790FA20B1224606
:108010003146284600F035F8BD46F8BD38B50C4667
:108020000546FFF793FFA04205D021462846BDE84C
:108030003840FFF7B6BF38BD38B50C460546FFF7E8
:1080400094FFA04205D021462846BDE83840FFF7FE
:10805000B4BF38BD38B50C460546FFF795FFA042C2
:1080600005D021462846BDE83840FFF7B2BF38BDED
:1080700000F012B900F038B80B460146184600F07F
:108080004DB80B460146184600F09AB808B5064BA5
:108090004FF4805218460021F8F76EFB41F20802B7
:1080A00000F580531A6008BDC020002010B5054CB3
:1080B00023792BB900F069F908B10120207110BDB6
:1080C0000220FCE7C030002010B5064C237933B104
:1080D00000F065F910B100230120237110BD0220CA
:1080E000FCE700BFC030002038B5FFF7DFFF0446D3
:1080F00018B9FFF7E9FF204638BD00F048F90546FA
:10810000FFF7C4FF012C06D1FFF7DEFF00280CBFEC
:10811000002505F001052C46EDE7000008B50346F3
:1081200008469918B1F5805F05D804491944F8F755
:1081300031FA012008BD0020FCE700BFC02000206C
:1081400038B500F024F9044608B3FFF7AFFF4FF449
:10815000007205461249002000F03EF970B10EA3EE
:10816000D3E900234FF480510D4803F060F9024633
:108170000B464FF4805000F061F950B90024012DF6
:1081800001D1FFF7A1FF41F20802064B1A60204619
:1081900038BD0224F3E700BF25232284E49CF2CB00
:1081A000C0200020C0300020044B1B68B3F5005FE6
:1081B00001D3FFF7C5BF0120704700BFC0300020CA
:1081C0008318B3F5805F2DE9F34705460F46164641
:1081D0001AD8304C00EB040841463846F8F7A6F9A7
:1081E000002854D0324639464046F8F7D3F9FFF715
:1081F0005DFF814630B104F580583EB9FFF7D4FFEA
:10820000044639E0FFF760FF00243CE0052EB2464B
:1082100028BF4FF0050A052200210DF10300F8F7F1
:10822000ABFAC5F3024343EACA03524639468DF816
:1082300000300DF103002B0A8DF801308DF802504B
:10824000F8F7A8F9DDE90023D8F8000000F0F6F807
:10825000044688B1D8F800300833C8F80030FFF77A
:10826000A3FF0128044604D1A6EB0A06554457444F
:10827000C3E7022818BF0024B9F1010F03D1FFF7AB
:1082800023FF0028C0D0204602B0BDE8F0870124BB
:10829000F9E700BFC02000207FB5FFF7F7FE00F030
:1082A0006FF8044610B9FFF7F1FE5BE04FF400727F
:1082B0000020314900F075F82F4D044610B9FFF742
:1082C000E5FEF0E72AA3D3E900234FF480512846C6
:1082D00003F0ADF806460C464FF4805002A900F0BA
:1082E00078F8DDE902239C4208BF964201D0FFF7EF
:1082F000CDFE41F208046946204600F06AF80346C4
:1083000040B3DDE9000350EA030220D010F0C00FB3
:10831000CDE9020304F10804C1B2C0F3811318D1FE
:108320000A0400F47F46C0F3074002F4E022304321
:108330001043CA0800EBD101B1F5805F0AD80DF1F6
:108340000B012844F8F726F9B4F5005FD3D10123D7
:1083500000E00023094A14603BB9FFF7F1FE044630
:108360000028A0D0204604B070BDFFF71DFFF6E73F
:1083700025232284E49CF2CBC0200020C0300020C2
:1083800008B500F0DDF8012008BD0120704708B5F0
:10839000002000F0D7F8B0FA80F0400908BD0120B5
:1083A000704738B5D5002A460C4600F0E8F818B9F1
:1083B00021462544A94203D1B0FA80F0400938BDD6
:1083C000D1E90023D243DB4341F8082B41F8043CB8
:1083D000F0E70122FFF7E5BF2DE9F04706468846A2
:1083E00015460027C0B0202DA94628BF4FF0200910
:1083F0004FEAC90A5246684608EBC701F8F7CAF8BF
:1084000000246B464C450DD152466946304600F07B
:10841000D4F888B92D1B56442744E4D1012040B03C
:10842000BDE8F087D3E90001C043C94343F8080B16
:1084300043F8041C0134E5E70020F0E707B5CDE977
:10844000002369460122FFF7C7FF03B05DF804FB74
:10845000002208231146014805F00CBA0C08004020
:1084600008B5FFF7F5FF30B1062005F013FA05F067
:1084700049FA002008BD4FF0FF30FBE7F7B51F4673
:108480008DF807100B0A090C064615468DF80400F6
:108490008DF806308DF80510FFF7DAFFE8B10421FA
:1084A0000DEB010005F01AFA044648B945B1022E59
:1084B0000BD0032E0ED12846B9B205F019FA0446A6
:1084C00005F020FA204603B0F0BD2846B9B205F009
:1084D00005FAF4E74FF0FF34F2E74FF0FF34F1E72D
:1084E00010B5FFF7B5FF88B1052005F0D3F905F009
:1084F000E3F9044605F006FA002C05DB14F0010F41
:1085000014BF6FF003040024204610BD4FF0FF3469
:10851000FAE710B5044604F075FF4FF47A7303FBD5
:10852000040404F06FFFA04204D2FFF7D9FF031D3B
:10853000F7D010BD6FF00100FBE70120FFF7E9BFA6
:1085400005F01AB900F58033B3F5002F10B50446D5
:1085500012D283B283B9FFF7F0FF78B9FFF780FF3B
:1085600060B9034602462146D820FFF787FF28B9A5
:10857000BDE81040FFF7E1BF4FF0FF3010BD2DE91F
:10858000F04107460D461646FFF7D7FF04468046E2
:1085900038B1324600212846F8F7EEF82046BDE80B
:1085A000F08133462A4639460320FFF767FF044629
:1085B0000028F3D032464146EDE72DE9F04106466A
:1085C0000F46154675B9FFF7B8FF044638B9FFF7EF
:1085D0003FFF30B3042005F05DF905F093F9204624
:1085E000BDE8F0815FFA86F8C8F58078A84528BF15
:1085F000A846FFF7A2FF04460028F0D1FFF730FF9E
:1086000004460028EBD143463A4631460220FFF7A4
:1086100035FF04460028E2D147444644A5EB08054F
:10862000D0E74FF0FF34DAE738B54C790546002C37
:1086300042D0FEF74FF900F02203A5F5F0402038B4
:108640000A280AD8DFE800F0060B0F14181D2126AF
:108650002A2F330002F041FD0024204638BD23B10B
:1086600002F0DEFDF8E7002BFAD002F0C5FDF3E7DB
:1086700023B102F039FEEFE7002BFAD002F022FE20
:10868000EAE723B102F058FEE6E7002BFAD002F049
:108690003FFEE1E723B102F077FEDDE7002BFAD0E1
:1086A00002F05EFED8E723B102F0A2FED4E7002B71
:1086B000FAD002F08FFECFE70124CEE738B54D792E
:1086C0000446A5B9FEF706F900F02203A4F5F04030
:1086D00040380E2849D8DFE800F0080C0F12161BAE
:1086E0001F24282D31363A3F430002F00BFD284667
:1086F00038BD02F01FFDFAE702F0EFFCF7E723B107
:1087000002F08EFDF3E7002BFAD002F075FDEEE7E4
:1087100023B102F0E9FDEAE7002BFAD002F0D2FD26
:10872000E5E723B102F008FEE1E7002BFAD002F002
:10873000EFFDDCE723B102F027FED8E7002BFAD0EB
:1087400002F00EFED3E723B102F052FECFE7002B7A
:10875000FAD002F03FFECAE723B102F066FEC6E798
:10876000002BFAD002F05EFEC1E70125BFE7000052
:1087700030B510F47F4F85B00190C0F30725C0F3EA
:10878000074217D109B1314B9A5C8DF80C208DF856
:108790000D208DF80E2000209DF80C3063F30700AB
:1087A0009DF80D3063F30F209DF80E3063F31740F2
:1087B00005B030BD9DF8044061B3244B9A5C06209F
:1087C000FF236043591BB0FBF3F06FF054034343A6
:1087D00003EB440303EB4303DBB203FB05F4C3F1F8
:1087E000FF036B4324121B12C4F1FF04C3F1FF0308
:1087F000514354435343C1F30721C4F30724C3F344
:108800000723D2B206281CD8DFE800F006080F12B2
:10881000161B060092B2D2E714461A468DF80C4099
:108820008DF80D208DF80E10B5E70C461946F5E7CA
:1088300023460C461146F0E710461C460A46014600
:10884000ECE7234614460A46F0E700BFC8160108C5
:10885000012184B004B0FFF78BBF012830B501D8E7
:10886000C0B230BDB0F5F75F88BFFF224FF0010402
:108870009EBF42090832D2B2A3185910C3F347056C
:10888000C3F34F035B439BB2834205D96A1ED2B246
:108890009442F1D9601EE3E7FF2902D06C1CE4B2D8
:1088A000F6E70846DDE70000074B188800EB40229A
:1088B00000EB820000F55850193080B2188000EBB0
:1088C0001020C0B2704700BFEC0E002008B5014672
:1088D000FFF7EAFF4843C0F3072008BD10F040034C
:1088E00016BFC2430246D2B210B502F00F0103B167
:1088F0000131094CC2F3011204EB42035B78594386
:1089000014F81230020603EB2113DBB244BF5B42C2
:10891000DBB283F0800010BDAC1601081FB5C0F3B8
:10892000074401905008FFF7D9FFA0F180035BB224
:10893000002BBCBFC0F1800043B200205B00DBB263
:1089400004FB03331B128DF80630019BDAB262F38D
:108950000700C3F3072262F30F20C3F3074363F357
:10896000174004B010BD0000144B84B003EB41036A
:10897000E521019093F86C30C0F307204B43C2EB24
:1089800013231C33002BB8BF5B42A0EBC3031BB205
:1089900023EAE37300FB033300201B128DF805303C
:1089A000019BDAB262F30700C3F3072262F30F20E0
:1089B000C3F3074363F3174004B070479A0C0020D9
:1089C000144B84B003EB4103E521019093F86C3024
:1089D000C0F307404B43C2EB13231C33002BB8BF3B
:1089E0005B42A0EBC3031BB223EAE37300FB033338
:1089F00000201B128DF80630019BDAB262F30700EB
:108A0000C3F3072262F30F20C3F3074363F3174056
:108A100004B070479A0C002084B0019000208DF8BB
:108A20000420019BDAB262F30700C3F3072262F36A
:108A30000F20C3F3074363F3174004B070470000EF
:108A400084B001900B4800EB410090F86C3000209E
:108A50009B1A8DF80430019BDAB262F30700C3F36E
:108A6000072262F30F20C3F3074363F3174004B0F8
:108A7000704700BF9A0C002084B001900B4800EBB7
:108A8000410090F86D3000209B1A8DF80430019B56
:108A9000DAB262F30700C3F3072262F30F20C3F3D5
:108AA000074363F3174004B0704700BF9A0C0020DF
:108AB00030B5134B85B03431019003EB4104657937
:108AC00003EB4103A5F1200464B21B79002CBCBF69
:108AD000C5F1200464B29A1A2244C0B210448DF841
:108AE00004000020019BDAB262F30700C3F30722FF
:108AF00062F30F20C3F3074363F3174005B030BDA3
:108B00009A0C002084B0019000209DF8102003EB07
:108B1000430302EB53038DF80430019BDAB262F396
:108B20000700C3F3072262F30F20C3F3074363F385
:108B3000174004B070471FB592B2019048B20028A8
:108B400002FB02F2BCBF494248B2C0F1380000FB50
:108B5000002080B21C46FFF780FE00EB400004447A
:108B600000208DF80440019BDAB262F30700C3F3E2
:108B7000072262F30F20C3F3074363F3174004B0E7
:108B800010BD000084B0019003F13400104B03EBE2
:108B9000400358791B792038703B4B4302FB00326D
:108BA00000209DF80410002AB8BF7F3201EBE212CA
:108BB0008DF80420019BDAB262F30700C3F30722A9
:108BC00062F30F20C3F3074363F3174004B0704709
:108BD0009A0C002084B0019003F13400104B03EB99
:108BE000400358791B792038703B4B4302FB00321D
:108BF00000209DF80410002AB8BF3F3201EBA212FA
:108C00008DF80420019BDAB262F30700C3F3072258
:108C100062F30F20C3F3074363F3174004B07047B8
:108C20009A0C002030B5174C85B03433019004EB1A
:108C3000430425796379A5F1700464B2203B002CCC
:108C400002FB03F3BCBFC5F1700464B2C4F1380287
:108C500001FB023212EB4202C0B248BF7F3200EB8E
:108C6000E21200208DF80420019BDAB262F30700C3
:108C7000C3F3072262F30F20C3F3074363F31740E4
:108C800005B030BD9A0C002001F13403114984B0C5
:108C9000019001EB430148790B792028A3EB0003F5
:108CA0004FF0000003EB4303DBB28CBFD2189A1ADB
:108CB000D2B28DF80420019BDAB262F30700C3F34D
:108CC000072262F30F20C3F3074363F3174004B096
:108CD000704700BF9A0C00201FB5C4B20190500825
:108CE000FFF7FCFDA0F180035BB2002BBCBFC0F11D
:108CF000800043B20D205B00DBB24343002004EB55
:108D000013238DF80430019BDAB262F30700C3F33A
:108D1000072262F30F20C3F3074363F3174004B045
:108D200010BD000030B50D4685B00190C4B21046AC
:108D3000FFF7D4FD124901EB450191F86C20024484
:108D40000D20D2B2A2F180035BB2002BBCBFC2F1F6
:108D5000800253B25B00DBB24343002004EB1323D9
:108D60008DF80430019BDAB262F30700C3F30722E7
:108D700062F30F20C3F3074363F3174005B030BD20
:108D80009A0C0020114B84B0019003EB410393F83F
:108D90006C10C0B28B1A5BB2002BBCBF521A53B21C
:108DA0001922DBB2534300EB13208DF8040000209E
:108DB000019BDAB262F30700C3F3072262F30F20CC
:108DC000C3F3074363F3174004B070479A0C0020C5
:108DD000FF2928BFFF21C94384B00190C9B2C0F365
:108DE000074000FB0111002009128DF80610019BBD
:108DF000DAB262F30700C3F3072262F30F20C3F372
:108E0000074363F3174004B07047FF2928BFFF21D1
:108E1000C94384B0C9B2019001EB8111C0B200EB2B
:108E2000112100208DF80410019BDAB262F30700D3
:108E3000C3F3072262F30F20C3F3074363F3174022
:108E400004B0704784B003EB8302BDF8103001908A
:108E500013449BB2FF2B28BFFF23DB43C0F3074023
:108E6000DBB20344FF2B28BFFF2300208DF8063020
:108E7000019BDAB262F30700C3F3072262F30F200B
:108E8000C3F3074363F3174004B0704700291FB5CD
:108E9000B8BF4942002AB8BF524209B2090112B212
:108EA000FF294FEA0212A8BFFF21FF2AA8BFFF2215
:108EB000BDF8184009B21C4412B2A4B29142D4BF0A
:108EC0006418A418A3B2FF2B28BFFF23DB43019033
:108ED000DBB2C0F307400344FF2B28BFFF23002071
:108EE0008DF80630019BDAB262F30700C3F3072264
:108EF00062F30F20C3F3074363F3174004B010BDC0
:108F00001FB5482B0190C0F3074030D8BDF818407A
:108F1000E31A9BB2FF2B28BFFF23083189B2102927
:108F200005D902F1080189B2112928BFFF23DB43CB
:108F3000DBB20344002AB8BF0332FF2B28BFFF2354
:108F400000200C498DF80630497801EBA2028DF81B
:108F50000420019BDAB262F30700C3F3072262F335
:108F60000F20C3F3074363F3174004B010BDFF2382
:108F7000D3E700BF084A002084B0BDF81020C0F33A
:108F80000741D31A9BB2FF2B28BFFF23DBB2DA4382
:108F9000D2B21144FF2928BFFF21019003440020D1
:108FA0008DF804308DF80610019BDAB262F30700E9
:108FB000C3F3072262F30F20C3F3074363F31740A1
:108FC00004B0704784B0BDF810200190D31A9BB252
:108FD000FF2B28BFFF23DB43C0F30740DBB2034472
:108FE000FF2B28BFFF2300208DF80630019BDAB24B
:108FF00062F30700C3F3072262F30F20C3F30743B2
:1090000063F3174004B070477FB5164E1546735C86
:109010000190C0F3074413B9FFF746FC7054705C2D
:1090200028444008FFF75AFCA0F180035BB2002BF4
:10903000BCBFC0F1800043B200205B00DBB204FB88
:1090400003331B128DF80630019BDAB262F307007E
:10905000C3F3072262F30F20C3F3074363F3174000
:1090600004B070BD603200201FB5184B0190C0F3F2
:10907000074401EB81011868154BC1EB81110844CD
:109080001979C90800FB0100C0F30720FFF726FC8F
:10909000A0F180035BB2002BBCBFC0F1800043B2E3
:1090A00000205B00DBB204FB03331B128DF806309B
:1090B000019BDAB262F30700C3F3072262F30F20C9
:1090C000C3F3074363F3174004B010BD104A0020F8
:1090D000084A0020024B1A7810431870704700BFEE
:1090E000CA30002010B5044620B90029ACBF0020CA
:1090F000802010BD80EAE073A3EBE0731BB200296F
:1091000003EB0102A7BFCB1A5B015B1A5201ABBF95
:1091100093FBF2F392FBF3F3C3F12003C3F160037B
:109120005BB2D8B2002CBCBF4042C0B2E1E730B560
:10913000C0F3072585B0EB1A01901046DCB2FFF7AB
:10914000D1FFC0EB801300EB830300201C44E3B28B
:1091500005FB03331B128DF80530019BDAB262F375
:109160000700C3F3072262F30F20C3F3074363F33F
:10917000174005B030BD30B5C0F3074585B0EB1AD8
:1091800001901046DCB2FFF7ADFFC0EB801300EB9F
:10919000830300201C44E3B205FB03331B128DF84C
:1091A0000630019BDAB262F30700C3F3072262F3D1
:1091B0000F20C3F3074363F3174005B030BD30B54C
:1091C00085B09DF82040C0F30725019010461C1B78
:1091D000FFF788FF2C44E4B2241A0020E3B205FB19
:1091E00003331B128DF80530019BDAB262F30700DE
:1091F000C3F3072262F30F20C3F3074363F317405F
:1092000005B030BD30B585B09DF82040C0F30745AE
:10921000019010461C1BFFF765FF2C44E4B2241A92
:109220000020E3B205FB03331B128DF80630019BCF
:10923000DAB262F30700C3F3072262F30F20C3F32D
:10924000074363F3174005B030BD1FB501901046CA
:109250001C46FFF747FF20448DF804000020019BC7
:10926000DAB262F30700C3F3072262F30F20C3F3FD
:10927000074363F3174004B010BD1FB59DF81840B5
:10928000019010461C1BFFF72DFFE4B2241A0020AA
:109290008DF80440019BDAB262F30700C3F30722A2
:1092A00062F30F20C3F3074363F3174004B010BD0C
:1092B00084B004B0FFF7CCBA2DE9F74FDFF8CCA0AB
:1092C00000EBC0080AEB08035B5C0746FF2B0E4669
:1092D0002BD000252E4A90444FF0000B05EBC5041F
:1092E00003F134090AEB04010AEB4909144411F8AB
:1092F00001EBBEF1FF0F0ED0E8B2874218D15FFA42
:109300008BF0864214D118F806002030FF2828BFC1
:10931000FF2008F806000BF1010BBBF1090F04F167
:109320000104E4D101350C2DD6D103B0BDE8F08F96
:109330000EF1340E0AEB4E0E9EF8040099F804C0AC
:109340009EF805E0ACEB000C99F805000191A0EB4C
:109350000E0080B240430CFB0C0080B20093FFF77C
:109360007CFA2828009B0199094AD4D894F800C0B7
:10937000C0F12800C0B2102894BF84440CF1100C36
:109380006046FF2828BFFF202070C4E79A0C002009
:10939000CC30002008B50348FDF7FDFB0022024B4E
:1093A0001A7008BD084A0020CA30002010B5094CC8
:1093B000352320460322084900F8013BF7F7EAF875
:1093C0004FF67F732046A380FDF7E5FB0022034B99
:1093D0001A7010BD084A0020DC0F0108CA300020B6
:1093E0000020704770B504460E461546FFF7F8FF9B
:1093F000054B04EBC4041C44A35DFF2B1EBF2B5480
:109400000130C0B270BD00BF9A0C0020014BDB6878
:10941000184700BFB816010870470000F7B50C46A2
:1094200015461E46FFF7F8FF00280ADB064F2146C7
:109430007C6833462A46A446019403B0BDE8F04058
:10944000604703B0F0BD00BFB8160108F7B51F4B69
:109450000546034493F8F430194234D01C4E1D4B9A
:1094600034791B88E40804FB0333711C1C120322AB
:109470006846F7F78FF8E0B2FFF730FAA0F1800402
:1094800064B2002CBCBFC0F1800044B21F207778CA
:10949000F678FFF71BFA6400E4B206FB04440744C5
:1094A00024128DF800708DF802400098FFF700FF3D
:1094B000C0F30743C0F30722C1B2284603B0BDE89A
:1094C000F040FFF7ABBF03B0F0BD00BF9A0C002027
:1094D000084A0020104A0020F7B51F4B05460344F8
:1094E00093F8F430194234D01C4E1D4B34791B884C
:1094F000E40804FB0333711C1C1203226846F7F7CF
:1095000049F8E0B2FFF7EAF9A0F1800464B2002C58
:10951000BCBFC0F1800044B21F20B778F678FFF7D7
:10952000D5F96400E4B206FB0444074424128DF824
:1095300001708DF802400098FFF7BAFEC0F30743B0
:10954000C0F30722C1B2284603B0BDE8F040FFF7E0
:1095500065BF03B0F0BD00BF9A0C0020084A002090
:10956000104A002073B51B4B0446034493F8F430B3
:1095700019422DD0184E194B35791B88ED0805FB83
:109580000333711C1D1203226846F7F703F8E8B293
:10959000FFF7A4F9A0F180035BB2002BBCBFC0F1C0
:1095A000800043B2F6785B00DBB206FB03331B128C
:1095B0008DF802300098FFF77BFEC0F30743C0F33D
:1095C0000722C1B2204602B0BDE87040FFF726BFB7
:1095D00002B070BD9A0C0020084A0020104A0020FA
:1095E00013B5124B0446034493F8F43019421BD0D0
:1095F000FFF75AF98DF800008020FFF767F90C4B50
:109600007F30DB788DF801008DF802300098FFF78D
:109610004FFEC0F30743C0F30722C1B2204602B099
:10962000BDE81040FFF7FABE02B010BD9A0C002052
:10963000084A002037B5134B0446034493F8F4302E
:1096400019421DD0104D0322691C6846F6F7A2FF8F
:1096500003206D78FFF73AF96FF01F0303FB005505
:109660008DF800500098FFF723FEC0F30743C0F3C6
:109670000722C1B2204603B0BDE83040FFF7CEBE9E
:1096800003B030BD9A0C0020084A0020014B9B68B3
:10969000184700BFB81601082DE9F04F524B87B0AC
:1096A000DC78524E04EB44034FEAA30B9B08029371
:1096B000FF23B3FBF4F3019383785BB100221146DF
:1096C0001046FFF7E3FF6C2200214948F7F754F8F2
:1096D000002333700025474FDFF814A13B78013396
:1096E0003B70D0464FF0000932785FFA89F31A4395
:1096F00063D10393F7F7C4F83F4B9842039B5CDCBC
:109700008AF800402946184604AAFFF76BFE98B174
:1097100098F80020029B9DF810009A425CD9A2EBB9
:109720000B030BFB03F3A4EB0B0293FBF2F32246B8
:10973000DBB21946FFF772FE09F10109B9F10C0F0E
:1097400008F10908D0D10135EDB2092D0AF1010A5D
:10975000C7D13B78019A934204BF00233B70337812
:109760000133DBB21C2B3DD900233370234E0B2376
:109770003546671E3046294609220B2B04D190F846
:1097800000C0644508BF077011F809CC013AA44530
:1097900024BF01F8097C0C7012F0FF0201F10101F5
:1097A00000F10100E9D1013B13F0FF03A5F1090528
:1097B000E0D1002007B0BDE8F08F98F80020002A23
:1097C000A0D094429ED939780198814204BF02F119
:1097D000FF3288F8002095E76243B2FBFBF20023DA
:1097E000D2B2A6E73370E4E7084A0020CB3000206D
:1097F000CC300020C8300020545555052F310020B2
:109800002DE9F04F85B006460F461546FBF7A0FF41
:109810008046002852D0002D53D03946304602AA47
:10982000FFF7E0FD0446DFF8D49099F800302344B8
:10983000082B23DDC4F1080A611C5246494409F192
:109840000100F6F7A7FE04F109015246494409F167
:109850000900F6F79FFE09EB44014FEA4A0219316D
:1098600009F11900F6F796FE04F111015246494438
:1098700009F11100F6F78EFE89F800A0002299F890
:1098800000C011469146DFF874E00DF1080BD0B22C
:1098900000EB0C03DBB28442019314D86444E4B2BD
:1098A00009B1164B1C704DB1154B1B7803F0FC032E
:1098B000802B03D139463046FFF7FEFC05B0BDE8EA
:1098C000F08F2C46AFE7019B1BF801AB0EEB0300BA
:1098D0000C4B0AF1340103EB41010B7949794370D8
:1098E000019B41720C330EEB4303414680F811A0FB
:1098F00083F8019083F802900132C8E73B310020E1
:10990000084A00209A0C00200C4B1B68C3F38123EB
:10991000022B0CD0032B0ED0012B4FF0000203D0F2
:1099200011461420FFF7B2BE14211046FAE70021B9
:1099300014220846F6E71422F2E700BF104A00207E
:10994000012070470120704708B5FFF7FBFF08BDF5
:1099500008B5FFF7F5FFFFF7F7FF08BDC0EBC00044
:1099600043000020DBB203F10E02D2B2442A63F3BB
:109970000700134628BF442382B063F30F2002B0D0
:10998000704700002DE9F04F074689B0007802913A
:10999000FFF7E4FFDFF8BC802F4A98F80450C4B208
:1099A0006B081588C0F3072B03FB05552B4BC5F33C
:1099B000072503EB440603F1F409E3B29B4507D8FE
:1099C000BBF1430F8CBF0020012009B0BDE8F08F30
:1099D00014F809207B781A4238D096F86D2096F852
:1099E0006C10203A92B202FB02F070391FFA81FA31
:1099F0000AFB0A0080B20392FEF72FFF98F801C01D
:109A0000034698F8020098F803E0039A4CEA002015
:109A100012B20FFA8AF1DDF808C040EA0E40009554
:109A2000E047C0F307238DF81C00C0F307408DF812
:109A30001D308DF81E000798FFF73AFCC0F307436E
:109A4000C0F30722C1B22046FFF7E8FC023601341A
:109A5000B3E700BF084A0020104A00209A0C0020FB
:109A60000149FFF78FBF00BFBF9100080149FFF711
:109A700089BF00BF059200080149FFF783BF00BFFF
:109A8000058B00080149FFF77DBF00BF7B920008EE
:109A90002DE9F04F074685B00078FFF75FFF8A4653
:109AA000DFF89880264A98F80450C4B26B081588ED
:109AB000C0F3072B03FB0555224BC5F3072503EB2A
:109AC000440603F1F409E3B29B4507D8BBF1430F09
:109AD0008CBF0020012005B0BDE8F08F14F80920EC
:109AE0007B781A4226D098F8023098F8010098F84E
:109AF00003C096F86D2096F86C1040EA0320203AD7
:109B000070392B4640EA0C40D047C0F307238DF84C
:109B10000C00C0F307408DF80D308DF80E0003984F
:109B2000FFF7C6FBC0F30743C0F30722C1B22046CC
:109B3000FFF774FC02360134C5E700BF084A002075
:109B4000104A00209A0C00200149FFF7A1BF00BF76
:109B50002F9100080149FFF79BBF00BF77910008D4
:109B60000149FFF795BF00BF378B00080149FFF798
:109B70008FBF00BF4B9200082DE9FF4706460078D3
:109B8000FFF7ECFE88461F4F1F4B3D791B88AD0841
:109B900002355D43DFF874A0C0F30729C5F307253C
:109BA000C4B2E1B2894507D8B9F1430F8CBF002098
:109BB000012004B0BDE8F08714F80A2073781A4237
:109BC0001DD0B8787B782A4643EA0023F87843EA28
:109BD0000040C047C0F307238DF80C00C0F30740D6
:109BE0008DF80D308DF80E000398FFF761FBC0F380
:109BF0000743C0F30722C1B22046FFF70FFC013430
:109C0000CFE700BF084A0020104A00208E0D002038
:109C10000149FFF7B1BF00BF1D8900080149FFF7E7
:109C2000ABBF00BF698900080149FFF7A5BF00BFAE
:109C3000C18900080149FFF79FBF00BF198A0008CA
:109C40000149FFF799BF00BF418A00080149FFF7AA
:109C500093BF00BF798A00080149FFF78DBF00BF9D
:109C6000B18A00080149FFF787BF00BFD98C0008FF
:109C70000149FFF781BF00BF258D00080149FFF7AB
:109C80007BBF00BF858D0008837810B5044623B1E3
:109C9000442200210448F6F76FFD2046BDE810403D
:109CA0000249FFF769BF00BF603200200990000839
:109CB0000149FFF761BF00BF699000082DE9F04F2F
:109CC000814689B000780391FFF748FEDFF8A8A02D
:109CD0002A4A9AF80440C6B2A3081488C0F307259C
:109CE00003FB0444C4F3072404F14000C0B2FEF7B0
:109CF000F5FDA0F180072046FEF7F0FDDFF880B00B
:109D0000A0F180087FB24FFA88F8F3B29D4206D8DE
:109D1000432D8CBF0020012009B0BDE8F08F16F85C
:109D20000B1099F80120114224D09AF802209AF8D9
:109D300001009AF803C040EA02203946424640EA50
:109D40000C400094DDF80CC0E047C0F307238DF809
:109D50001C00C0F307408DF81D308DF81E000798D9
:109D6000FFF7A6FAC0F30743C0F30722C1B230469B
:109D7000FFF754FB0136C8E7084A0020104A0020CC
:109D80008E0D00200149FFF799BF00BF858B0008A9
:109D90000149FFF793BF00BFD58B00080149FFF7CA
:109DA0008DBF00BF258C00082DE9F04F334D0746CD
:109DB00085B00078FFF7D2FD2E794FF6FF7301369C
:109DC000FF2E28BFFF268846B3FBF6F6DFF8B0B0BB
:109DD000DFF8B0A0C0F30729C4B2E0B2814507D8CC
:109DE000B9F1430F8CBF0020012005B0BDE8F08F12
:109DF00014F80B207B781A422ED09AF800302249B2
:109E0000013B5BB21A0629D532462B79A878591C3A
:109E1000FF290B4628BFFF2303FB02226B78C2F306
:109E20000F2143EA0023E87843EA0040C047C0F32B
:109E300007238DF80C00C0F307408DF80D308DF826
:109E40000E000398FFF734FAC0F30743C0F307226C
:109E5000C1B22046FFF7E2FA0134BEE75A5C824203
:109E60000AD103F10C020AEB420292F801C0927887
:109E70004CEA0222B242C8D3013BC3E7084A0020A1
:109E80008E0D0020144A0020254A00200149FFF7CA
:109E90008BBF00BFD18D00080149FFF785BF00BF10
:109EA0000B8E00082DE9F04F82468DB008780492A1
:109EB000FFF754FD8B46414BC5B21B78C0F3072911
:109EC00003933F4B03EB4507F4330593EBB29945FE
:109ED00007D8B9F1430F8CBF002001200DB0BDE8B9
:109EE000F08F059BEA5C9BF801301A4221D0D046E6
:109EF0000024032233490AA8F6F74CFB2F4B0AF142
:109F000001061E44039A5FFA88F39A4214D82E4B36
:109F1000D87800FB044424128DF82A400A98FFF7F1
:109F2000C7F9C0F30743C0F30722C1B22846FFF7C1
:109F300075FA01350237C9E716F8013B97F86C103E
:109F400097F86D20C91AF37989B2D21A92B202FB3E
:109F500002F001FB010080B207920691FEF77DFC42
:109F6000194B164A93F804E008F10C030EF1010EA8
:109F7000BEF1FF0F28BF4FF0FF0E02EB430393F833
:109F800001C09B78079A4CEA032C0EFB0CCC069977
:109F9000CCF30F238DF82A400093049C034612B2A1
:109FA0000A9809B2A047C0F307238DF828008DF85E
:109FB0002930C0F3074408F10108A3E7144A002040
:109FC0009A0C0020094A0020084A0020044B014650
:109FD0001B78044A013B23EAE373D8B2FFF762BF60
:109FE000144A0020458E00080146024A0020FFF76F
:109FF00059BF00BF458E0008044B01461B78044A38
:10A00000013B23EAE373D8B2FFF74CBF144A0020A8
:10A010008D8E00080146024A0020FFF743BF00BFB3
:10A020008D8E0008044B01461B78044A013B23EA4D
:10A03000E373D8B2FFF736BF144A0020018F00083F
:10A040000146024A0020FFF72DBF00BF018F000824
:10A05000044B01461B78044A013B23EAE373D8B260
:10A06000FFF720BF144A0020798F00080146024AFA
:10A070000020FFF717BF00BF798F0008044B01468F
:10A080001B78044A013B23EAE373D8B2FFF70ABF07
:10A09000144A0020C58F00080146024A0020FFF73D
:10A0A00001BF00BFC58F0008F7B506460078FFF76F
:10A0B00055FC184AC5B25378C0F307249078164F60
:10A0C00043EA0023D07843EA0040FFF7F1F8C0F3F9
:10A0D00007238DF80530C0F307438DF804008DF891
:10A0E0000630EBB29C4205D8432C8CBF00200120E7
:10A0F00003B0F0BDEA5D73781A4208D028469DF897
:10A1000006309DF805209DF80410FFF787F901350A
:10A11000E7E700BF084A00208E0D00202DE9FF412F
:10A1200006460078FFF71AFCDFF89C80032208F14E
:10A130000101C4B2C0F3072501A8F6F72BFA019874
:10A1400098F80170FFF7B4F8C0F307238DF80930D1
:10A1500098F804308DF808001F448DF80470C0F39F
:10A1600007408DF80A000198FFF7A2F8C0F3072313
:10A170008DF80D30154FC0F307438DF80C008DF8A6
:10A180000E30E3B29D4206D8432D8CBF0020012043
:10A1900004B0BDE8F081E35D7278134211D0DB07B3
:10A1A000204643BF9DF80E309DF80D209DF80C1001
:10A1B0009DF80A305CBF9DF809209DF80810FFF754
:10A1C0002DF90134DDE700BF084A00208E0D002084
:10A1D0002DE9FF4707460078FFF7C0FBDFF86C80EA
:10A1E0000322C4B2C0F3072508F1010102A8F6F763
:10A1F000D1F998F80460DFF858900136B608A9F153
:10A20000870AE3B29D4206D8432D8CBF002001206F
:10A2100004B0BDE8F08714F809207B781A4213D007
:10A220001AF814301A0998F8013002FB06338DF839
:10A2300008300298FFF73CF8C0F30743C0F3072249
:10A24000C1B22046FFF7EAF80134DAE7084A0020F5
:10A250008E0D00202DE9FF4707460078FFF77EFBB3
:10A26000DFF870800322C4B2C0F3072508F10101B2
:10A2700002A8F6F78FF998F80460DFF85C900136D1
:10A28000B608A9F1880AE3B29D4206D8432D8CBFD7
:10A290000020012004B0BDE8F08714F809207B7885
:10A2A0001A4214D01AF8143006FB03F298F8013061
:10A2B00003EB52138DF808300298FEF7F9FFC0F354
:10A2C0000743C0F30722C1B22046FFF7A7F80134C5
:10A2D000D9E700BF084A00208E0D00202DE9F04F7D
:10A2E000074685B00078FFF739FB0A23354E8846CC
:10A2F0003579DFF8D4A0B5FBF3F5344B02351B8874
:10A30000EDB25D43C0F30729C5F30725C4B2AAF136
:10A31000870BE1B2894507D8B9F1430F8CBF002004
:10A32000012005B0BDE8F08F14F80A207B781A42AE
:10A3300029D01BF81430B078202B73782A4643EAD2
:10A340000023F07843EA00401FD9C047C0F3072339
:10A350008DF80800C0F307408DF809308DF80A0029
:10A360000298FEF7A5FFC0F30722C0F307418DF85E
:10A3700005208DF806108DF80400C3B2D2B2C9B220
:10A380002046FFF74BF80134C3E7C047C0F307236B
:10A390008DF80C00C0F307408DF80D308DF80E00DD
:10A3A0000398FEF785FFC0F30722C0F307438DF83B
:10A3B00005208DF806308DF80400DBB2D2B2C1B2B0
:10A3C000DEE700BF084A00208E0D0020104A002062
:10A3D0000149FFF783BF00BF898C0008F7B50378F8
:10A3E0000546C3B91E4B1B791033FF2B28BFFF2333
:10A3F0001A461C4B1B8802FB03330A22C3F30F23AC
:10A40000B3FBF2F102FB11339BB223B94420FEF7F8
:10A410005DFA154B18802878FFF7A0FA0446AB7850
:10A42000C6B2C4F3072493B90F4F3888864210D8B8
:10A43000A0420ED26978C0B2FFF7FCF845233B80FA
:10A4400007E030466978FFF7F5F80136F6B2A64224
:10A45000F7D3432C8CBF0020012003B0F0BD00BF18
:10A46000084A0020104A0020DE0E0020F7B50378CD
:10A470000546CBB91E4B1B791033FF2B28BFFF239A
:10A480001A461C4B1B8802FB03330522C3F30F2320
:10A49000B3FBF2F202EB82029B1A9BB223B9442077
:10A4A000FEF714FA144B18802878FFF757FA044681
:10A4B000AB78C6B2C4F3072493B90F4F38888642ED
:10A4C00010D8A0420ED26978C0B2FFF789F84523B0
:10A4D0003B8007E030466978FFF782F80136F6B234
:10A4E000A642F7D3432C8CBF0020012003B0F0BD5F
:10A4F000084A0020104A0020DC0E00202DE9F04F11
:10A50000804687B00078FFF729FAC3B2009398F825
:10A510000230C0F307264BB1002211461046FFF768
:10A52000B5F86C2200213C48F6F726F998F800307F
:10A530006BB93A4C208802F013FF18288CBF012217
:10A540000022374B1A7002D902F092FF20800025BA
:10A55000DFF8D0B02C46A94603E0B9F10D0F54D86E
:10A560000024314905EBC50A01EB0A031A190192CF
:10A570001B5D009A934240D3B3423ED20B4493F802
:10A58000F42098F8013009F101091A425FFA89F9BB
:10A5900033D0214B9BF803209A441AF80470A7F19A
:10A5A000550323EAE373C3F1AA038DF810309BF837
:10A5B00002308DF8113007F1AA03FF2B28BFFF23CB
:10A5C00003EB43030233DBB202FB03331B128DF8B0
:10A5D00012300498FEF76CFEC0F30743C0F3072265
:10A5E000C1B201980078FEF719FF0D4B1B7823B11B
:10A5F000013F27EAE7770AF804700134E4B2092C36
:10A60000AFD10135EDB20C2DA7D1432E8CBF002068
:10A61000012007B0BDE8F08FCC3000203831002099
:10A62000C9300020084A00209A0C0020F7B50378B2
:10A630000546CBB91E4B1B790533FF2B28BFFF23E3
:10A640001A461C4B1B8802FB03330522C3F30F235E
:10A65000B3FBF2F202EB82029B1A9BB223B94420B5
:10A66000FEF734F9144B18802878FFF777F9044681
:10A67000AB78C6B2C4F3072493B90F4F388886422B
:10A6800010D8A0420ED26978C0B2FEF76BFF452306
:10A690003B8007E030466978FEF764FF0136F6B28A
:10A6A000A642F7D3432C8CBF0020012003B0F0BD9D
:10A6B000084A0020104A0020E40E0020F7B5037875
:10A6C0000546CBB91E4B1B790533FF2B28BFFF2353
:10A6D0001A461C4B1B8802FB03330522C3F30F23CE
:10A6E000B3FBF2F202EB82029B1A9BB223B9442025
:10A6F000FEF7ECF8144B18802878FFF72FF9044682
:10A70000AB78C6B2C4F3072493B90F4F388886429A
:10A7100010D8A0420ED26978C0B2FEF7DDFE452304
:10A720003B8007E030466978FEF7D6FE0136F6B288
:10A73000A642F7D3432C8CBF0020012003B0F0BD0C
:10A74000084A0020104A0020E20E0020F7B50378E6
:10A750000546CBB91E4B1B790533FF2B28BFFF23C2
:10A760001A461C4B1B8802FB03330522C3F30F233D
:10A77000B3FBF2F202EB82029B1A9BB223B9442094
:10A78000FEF7A4F8144B18802878FFF7E7F8044682
:10A79000AB78C6B2C4F3072493B90F4F388886420A
:10A7A00010D8A0420ED26978C0B2FEF74FFE452302
:10A7B0003B8007E030466978FEF748FE0136F6B286
:10A7C000A642F7D3432C8CBF0020012003B0F0BD7C
:10A7D000084A0020104A0020E00E002007B500784B
:10A7E000FFF7BCF8C0F3072043288CBF00200120EE
:10A7F00003B05DF804FB13B50078FFF7AFF8C0F3C2
:10A8000007242146C0B2F7F78BFC432C8CBF0020F5
:10A81000012002B010BD00002DE9F04F764B8BB047
:10A820001B78764D834200904FD1754A2B78127871
:10A8300003F003039B1A18BF0123724C6278A370C4
:10A840006B799A4205D00022114610466370FEF7DC
:10A850001DFF009B342B3AD8013B332B51D8DFE846
:10A8600013F059005E00620066006A006E0072001C
:10A8700076007A007E00820086008A008E009200B8
:10A8800096009A009E00A200A600AA00AE00B200A8
:10A89000B600BA00BE00C200C600D50040010B02DF
:10A8A000B902BD02C102C502C902CD02D102D50260
:10A8B000D902DD02E102E502E902ED02F102F50250
:10A8C000F902FD020103050309030123B5E7009B1B
:10A8D000FF2B00F0D38200244A4B1A7801321A7001
:10A8E000002C40F0D0820221474A9B781170002B47
:10A8F00040F0C982009B002B40F0C58203231370F7
:10A90000C1E2A478002CE7D0002211461046FEF7E1
:10A91000BDFEE0E73B48FFF7C7FB0446DCE73948EC
:10A92000FFF7FCFBF9E73748FFF752FCF5E735483E
:10A93000FFF790FCF1E73348FFF76AF9EDE731489C
:10A94000FFF76CF9E9E72F48FFF76EF9E5E72D48C7
:10A95000FFF7FAF8E1E72B48FFF7FCF8DDE72948B5
:10A96000FFF77EF8D9E72748FFF780F8D5E72548B5
:10A97000FFF760F9D1E72348FFF762F9CDE72148F7
:10A98000FFF764F9C9E71F48FFF766F9C5E71D48F7
:10A99000FFF772F8C1E71B48FFF7E2F8BDE7194877
:10A9A000FFF7E4F8B9E71748FFF76CF8B5E7154883
:10A9B000FFF7E8F9B1E71348FFF7EAF9ADE7114807
:10A9C000FFF7ECF9A9E70F48FFF702FDA5E70D48EF
:10A9D000FFF704FDA1E70B48FFF748FD9DE7094895
:10A9E000FFF740F999E70748FFF742F995E705486F
:10A9F000FFF744F991E700BFE90E0020084A002064
:10AA0000EA0E0020E60E0020EB0E0020237833B97A
:10AA1000A37823B14420FDF759FF904B187020789C
:10AA2000FEF79CFFDFF83882DFF83892D8F8002074
:10AA3000D9F80030ADF81C009A42C0F307263FD287
:10AA4000864F9DF81C303A78934226D8964224D9F6
:10AA5000854B134493F8F42063781A421DD0FDF718
:10AA600023FF820731D500238DF820308DF8213067
:10AA70008DF822300898FEF71BFCC0F30722C0F3C4
:10AA800007438DF824008DF825208DF82630C1B2BB
:10AA9000DBB23878D2B2FEF7C1FC432E10D9442085
:10AAA000FDF714FF4FF4E0622979D9F8003001FB7B
:10AAB000022203F50063A3EB12233870C8F80030BC
:10AAC000432E8CBF0024012406E7FDF7EDFE8DF830
:10AAD00020008020FDF7FAFE7F30EB788DF8210012
:10AAE000C6E7DFF88891DFF87CA1D9F80020DAF812
:10AAF00000309A423FF6EFAEA3785D4EB3B100222C
:10AB0000002711461046FEF7C1FDB046BB46FDF7D3
:10AB1000CBFE830724D588F800B088F801B088F808
:10AB200002B00137442F08F10308F0D12078FEF776
:10AB300015FFADF82000C0F30727C0B200EB4008B6
:10AB4000DFF830B1B044C3B29F4228D8432F94BF3E
:10AB5000012400247FF6C0AE4FF00008013F3BE027
:10AB6000FDF7A2FE8DF824008020FDF7AFFEEB7804
:10AB70007F3007EB47028DF826308DF82500B3189B
:10AB8000099802920193FEF793FB029A019BB0543D
:10AB9000C0F30722C0F307405A709870C1E710F85D
:10ABA0000B2063781A4209D098F8023098F80120F7
:10ABB00098F800100190FEF731FC019808F10308A5
:10ABC0000130C0E701EB4100013101EB41010322FB
:10ABD00031443044F5F7DEFC5FFA88F1B94208F100
:10ABE0000108EFDBFDF760FE10F0020F4FEA4708A7
:10ABF00017D000234744F219F355537093702B7903
:10AC000040F6B8321033FF2B28BFFF2303EB0313AA
:10AC10001B12B2FBF3F3DAF800201344C9F800303A
:10AC20005AE6FDF741FE8DF824008020FDF74EFE28
:10AC3000EB787F308DF826308DF825000998FEF7E7
:10AC400037FB4744F05506EB0708C0F30723C0F372
:10AC5000074088F8013088F80200D0E73A31002038
:10AC6000B0320020104A00209A0C0020B832002098
:10AC7000943100208E0D0020A3784BB100221146A4
:10AC80001046FEF703FD302200218048F5F774FDE1
:10AC90002078FEF763FE7E4BADF820001A687D4BEE
:10ACA000C0F307241B689A4240F28F809DF8203041
:10ACB000A87802936B784FF0000843EA0023E87805
:10ACC000754F43EA0040FEF7F3FAC0F307238DF80F
:10ACD0002400C0F307408DF825308DF826006B4E18
:10ACE000049706EB8803059307F1080303930023F9
:10ACF0000193059B13F8015B0593002D67D09DF828
:10AD000024A09DF825B09DF82650049B13F8010B54
:10AD10000493039B13F801990393029B83420ED87B
:10AD200084420CD95C4B034493F8F4205B4B5B7872
:10AD30001A4204D02B465A465146FEF76FFB029B3F
:10AD40004B450FD84C450DD9534B4B4493F8F42049
:10AD5000524B5B781A4205D02B465A46514648461C
:10AD6000FEF75CFB019B0133042B0193C1D108F179
:10AD70000108B8F10C0F07F10907B0D1432C24D911
:10AD8000002503223046711CF5F77AFCFDF78CFD97
:10AD900010F0030F0CBF0123002301350C2DF370BD
:10ADA00006F10406EDD13E4B40F6B8321B79103364
:10ADB000FF2B28BFFF2303EB03131B12B2FBF3F39C
:10ADC000334A12681344334A1360432C79E6AB4686
:10ADD000AA469AE73148FFF791FB9EE52F48FEF718
:10ADE0005BFC9AE52D48FFF751F896E52B48FFF7F5
:10ADF00053F892E52948FFF7E9F88EE52748FFF771
:10AE0000F3F88AE52548FFF7F7F886E52348FFF7CA
:10AE100001F982E52148FFF705F97EE51F48FFF7B4
:10AE20000FF97AE51D48FFF713F976E51B48FFF7A0
:10AE30001DF972E51948FFF721F96EE51748FFF78C
:10AE40002BF96AE51548FEF71FFF66E51348FFF783
:10AE5000EDFB62E51148FFF731FC5EE50F48FFF7B7
:10AE600075FC5AE50D48FEF723FF56E50B48FFF742
:10AE7000B5FC52E50948FFF7BEFC4EE5FEF744FD80
:10AE80000222084B1A700BB0BDE8F08F643100202D
:10AE9000104A0020B43200209A0C0020E60E002058
:10AEA000084A0020EB0E00200120704737B50078DB
:10AEB0000138C0B2FEF752FDC0F30724C5B22146E7
:10AEC0002846FFF7F1FF21462846FAF7A1FA03B01A
:10AED00030BD00002DE9F041424C2068FCF710FA2B
:10AEE0000546FCF7FDF92060002406463E48A446CE
:10AEF00090F800E0C5F57F477146FF37E3B29E4505
:10AF00000FD8BCF1000F00D00170384CDFF8E080A2
:10AF1000257898F80070032D36D8DFE805F01A3749
:10AF2000465204F10C0200EB4202537892F8028080
:10AF3000013443EA08239F4229BF5B1901F1FF3125
:10AF40005370C3F307233ABF4FF0010CC9B293709B
:10AF5000D4E70022274B24491A70274B292227487F
:10AF60001E60F5F717FB264B1B784BB9FBF764FE09
:10AF7000244B984204D8244B1B789A0718BF9D088D
:10AF8000012388F800502370BDE8F0813846FFF7B0
:10AF900043FC002FF8D02378022B01D1FEF7D8FC18
:10AFA000BDE8F0411348FFF781BF184B184A1F70E6
:10AFB000154B1B78C3F301031370FEF727FA032325
:10AFC000E1E7144D2B7823B10F48FBF7E4FD002394
:10AFD0002B70094B1868FCF793F90F28D4D900237C
:10AFE000D1E700BFA83200203B310020EB0E00204B
:10AFF000A4320020E60E0020104A0020144A00204F
:10B00000AC320020C0D40100084A0020E90E002024
:10B01000EA0E0020CA30002070B50024104B114DFC
:10B020001B68984710481022FF2100F8194BF5F7CC
:10B03000A3FB0E481022FF2100F8194BF5F79CFBEB
:10B0400001230B4E28463370FBF7A3FD2B78347099
:10B0500013F0FC0F03D1BDE87040FEF7A7B970BD37
:10B06000B8160108084A0020144A00203B3100208D
:10B07000CA30002070B504460A4E88B135787DB9D3
:10B080002846FFF7C9FB084B084A1D70084B1B7880
:10B09000C3F301031370FEF7B9F90322054B1A70CD
:10B0A000347070BDAC320020E90E0020EA0E0020A2
:10B0B000084A0020EB0E0020044A137883F00103B5
:10B0C00013700022024B1A70FEF704B8084A0020E1
:10B0D000EB0E00200020FFF7EFBF0120FFF7ECBFD1
:10B0E000064A137813F0030304BF05490B700121CE
:10B0F000137861F301031370704700BF084A002002
:10B10000EB0E002008B5FFF7EBFFBDE8084001207B
:10B11000FDF7E0BF054B1A7892071EBF0021044AD5
:10B1200011701A786FF301021A707047084A0020F4
:10B13000EB0E002008B5FFF7EDFFBDE80840012049
:10B14000FDF7C8BF024B187800F00300704700BF3E
:10B15000084A002010B40B4C024623780846990791
:10B160000ED04AB9012262F3870300222370064BF6
:10B170001A7010BCFDF7AEBF342A88BF3422F2E744
:10B1800010BC7047084A0020EB0E00200021FFF79A
:10B19000E1BF000038B5FFF7BDFF0123084C094DA2
:10B1A00020462B70FBF7F5FC002320782B708307DB
:10B1B00004D0BDE838408008FFF7E8BF38BD00BFC5
:10B1C000084A0020CA3000200121FFF7C3BF000059
:10B1D000014B187880087047084A0020054B01464B
:10B1E0001B789B080133352B34BF18460120FFF72D
:10B1F000B1BF00BF084A00200120FFF7EFBF0000E9
:10B20000064B01461B78C3F38503013B13F0FF0394
:10B2100014BF18463420FFF79DBF00BF084A002026
:10B220000120FFF7EDBF000030B4084C054618467A
:10B2300023789B0708D0962A28BF96226570A170B4
:10B24000E27030BCFDF746BF30BC7047084A0020B2
:10B250000023FFF7E9BF0123FFF7E6BF07B503228D
:10B26000094901A8F5F796F900209DF8043063F329
:10B2700007009DF8053063F30F209DF8063063F357
:10B28000174003B05DF804FB094A0020014B5878D1
:10B29000704700BF084A0020014B9878704700BFF4
:10B2A000084A0020014BD878704700BF084A0020A8
:10B2B000034903464878CA7808308978FFF7B4BF55
:10B2C000084A00200120FFF7F3BF0000054910B431
:10B2D0004C780346083CCA78A0B2897810BCFFF7C6
:10B2E000A3BF00BF084A00200120FFF7EFBF000006
:10B2F00010B4064C0346A178E2781031FF2928BF2C
:10B30000FF216078C9B210BCFFF78EBF084A002049
:10B310000120FFF7EDBF000010B4064C0346A178F2
:10B32000E278103921EAE1716078C9B210BCFFF708
:10B330007BBF00BF084A00200120FFF7EDBF0000DF
:10B3400010B4064C0346E278A1781E32FF2A28BFCB
:10B35000FF226078D2B210BCFFF766BF084A002017
:10B360000120FFF7EDBF000010B4064C0346E27861
:10B37000A1781E3A22EAE2726078D2B210BCFFF7DE
:10B3800053BF00BF084A00200120FFF7EDBF0000B7
:10B39000024B18710020FDF79DBE00BF084A002037
:10B3A000024B18710120FDF795BE00BF084A00202E
:10B3B000014B1879704700BF084A0020044A1379EE
:10B3C0002833FF2B28BFFF231371FDF783BE00BF77
:10B3D000084A00200120FFF7F1BF0000034A13795B
:10B3E000283B23EAE3731371FDF774BE084A00207B
:10B3F0000120FFF7F3BF0000084A5379FF2B08D064
:10B400004BB9012383F001030549CB5C5371FDF770
:10B4100061BE0023F6E70023F6E700BF084A0020DC
:10B42000B41601080120FFF7E7BFFFF7FBBFF0B537
:10B4300045180446194610460026AC4200D3F0BD1C
:10B4400014F8012B4FEA011C424093184FEA021EE8
:10B4500041EB01004CEA127C13EB0E0340EB0C00B5
:10B460004FEA421E9B184FEA411C41EB00004CEA98
:10B47000D26C13EB0E0340EB0C004FEAC21E4FEAF6
:10B48000C11C17024CEA526C13EB0E034FEA012168
:10B4900040EB0C0041EA1261DA1940EB010139443A
:10B4A000B018CAE7FAF754B908B5082200210348D2
:10B4B000F5F762F9BDE8084000F036B9BC3200206B
:10B4C0008378C078013303F003031B1A58425841B4
:10B4D000704710B50446FFF7F3FF78B9A37801F081
:10B4E0007F01E01841EAC21101710120013303F02C
:10B4F0000303A37023780133237010BD0020FCE701
:10B5000010B5C37884789C4211D003441B79C3F3EF
:10B51000C014C3F306030B701470C378013303F037
:10B520000303C370437801334370012010BD002032
:10B53000FCE700000A4601460148FFF7CABF00BF0A
:10B54000BC3200200A4601460148FFF7D9BF00BFC0
:10B55000BC32002070B50025FC2686B00DF1070135
:10B560000DF10600FFF7EEFF044610B9284606B0BD
:10B5700070BD9DF806309DF807208DF8083062B345
:10B58000FD238DF8093001F073FF4FF48173ADF89E
:10B590000A00ADF80C30DDE90201FAF7ABFA6420DD
:10B5A00003F059FB9DF806309DF807208DF8103008
:10B5B000E2B1FD238DF8113001F05AFF0223ADF8FE
:10B5C0001200ADF8143006AB13E90300FAF792FA53
:10B5D000642003F040FB2546C0E78DF8096001F0C8
:10B5E00047FF40F20313ADF80A00D2E78DF811606F
:10B5F00001F03EFF0323ADF81200E2E710B5FFF7BC
:10B6000051FF044610B1FFF7A5FF04460A4B1A7814
:10B6100032B100221A70094B9A78DA701A785A708F
:10B6200000F0E6F8FFF73EFF18B1FFF793FF044381
:10B63000E4B2204610BD00BFC4320020BC3200205E
:10B6400008B508220149F4F7A5FF08BDBC32002067
:10B650000122014B1A707047C43200204FF416507B
:10B6600003F030B969B1084B53F82000431C0AD0ED
:10B67000012100F00F032022994020F00F0004F078
:10B68000B3BD024BF0E77047CC320020C832002037
:10B6900079B1094B53F820305A1C1FBF23F00F0219
:10B6A000106903F00F03D84014BF00F00100002020
:10B6B0007047024BEEE700BFCC320020C8320020BA
:10B6C000704700002DE9F0410025154F3B78ECB2A2
:10B6D000A3420CD8FFF7C2FF0026DFF848803B7872
:10B6E000F5B2AB420DD8FFF7EBFFBDE8F0810021CA
:10B6F0002046FFF7B7FF01212046FFF7B3FF0135D2
:10B70000E4E700212846FFF7C3FF0121044628464D
:10B71000FFF7BEFF44EA400408F805400136DEE7C3
:10B72000D0320020C632002010B5FCF79DF8002270
:10B730000D4B0E4C1A70FCF797F880F0010020704A
:10B74000FCF792F8FCF790F818B1BDE81040FFF74D
:10B75000B9BF2378002BF8D0054B064A1A60064B78
:10B76000013A1A60F1E700BFD1320020D032002048
:10B77000C832002007040040CC32002070B541EAF6
:10B780004203174A0446115CDBB201F00300834216
:10B7900024D043EA8103DBB21355124A124E1578C6
:10B7A000124A03F00F03D35C325D254413445BB2AD
:10B7B000012BEDB2335503DD00212846FFF7BAFE19
:10B7C0003357013303DA01212846FFF7B3FE33571D
:10B7D000002B03F00103B8BF5B42335570BD00BFBF
:10B7E000C6320020D1320020C5320020C81701081F
:10B7F000F8B500250A4F3B78ECB2A34200D8F8BD5B
:10B8000000212046FFF744FF012106462046FFF7AE
:10B810003FFF314602462046FFF7B0FF0135EAE719
:10B82000D0320020C1F10301490040FA01F30222A5
:10B8300013F0010F14BF0E23082302FA01F1014295
:10B840001ABFA3F12000C0B243F08000704700008F
:10B8500010B50A4C40F282224FF40041084804F02F
:10B86000C3FC204603F04CFF2046064903F0D2FEFD
:10B870002046BDE8104003F0E9BE00BF1C4F002089
:10B8800000040040D817010830B5044D00EB40001B
:10B890002C186270A370295430BD00BF3D4A0020AF
:10B8A00070B5134605460E4600242046324629460A
:10B8B0000134FFF7E9FF442CF7D170BD2DE9F84FB3
:10B8C00008271D4D1D4C002695F800B095F801A0E5
:10B8D00095F80290A4F1080831465846FFF7A2FFF8
:10B8E0000136042E08F8010BF6D10026A4F1040855
:10B8F00031465046FFF796FF0136042E08F8010B3B
:10B90000F6D1A046002631464846FFF78BFF0136A8
:10B91000042E08F8010BF6D10C37B7F54E7F05F170
:10B92000030504F10C04CED14FF46971BDE8F84F62
:10B93000034A044803F0A5BE3D4A0020DE32002041
:10B94000D23200201C4F0020FBF70EB908B5FBF7E0
:10B950008BFF002814BF01200720FBF7ADFD00F08E
:10B96000010008BD08B5FBF7F1FEC82003F073F92C
:10B97000FBF7ECFEFFF7EAFF28B1FFF7E5FFBDE8B4
:10B98000084001F08DBD08BD08B5FFF7EBFF08BD0D
:10B99000704703460144FF20994200D1704713F8D5
:10B9A000012B5040082210F0800F4FEA400018BFD2
:10B9B00080F03100013AC0B2F5D1EDE72DE9F8434E
:10B9C000154698460246002838D0B9B3B5B3ABB394
:10B9D000034600241F4613F8100B60BB8446184E24
:10B9E00096F800E00EF10104E4B23470C4B1002313
:10B9F0004FEA031912F80990A14511D001338B4287
:10BA0000F6D1BCF1000F00D034703C7001F0FAFCAC
:10BA1000089B05447D603078C7F80880FB6006E02D
:10BA2000631CA6454FF0010CDBB202D13370BDE8B8
:10BA3000F8831C46DAE701348C42CBD10020F6E7CC
:10BA4000F836002030B568B181B18AB100240346D0
:10BA500010F8105B954206D1002201201A705A603E
:10BA60009A60DA6030BD0134A142F0D10020F9E7DC
:10BA70001046F7E72DE9F041154604460E4601F061
:10BA8000C1FC2B680746C31A002B03DD2860002584
:10BA9000B54201D1BDE8F08194F80080B8F1000F03
:10BAA0000DD06068C31B002B09DCA368E1689847D0
:10BAB0002378434503D128B16368034463600135AB
:10BAC0001034E5E720706060A060E060F7E70000F8
:10BAD00007B50B460092082102460348FFF76EFFA8
:10BAE00003B05DF804FB00BF783600200246082151
:10BAF0000148FFF7A7BF00BF783600200821024A9F
:10BB00000248FFF7B7BF00BFFC36002078360020A0
:10BB100013B50446012100680DF1070200F046F953
:10BB200023689DF807000133236002B010BD082090
:10BB3000704700F097B800F0B2B800F0CCB800F051
:10BB4000E9B82DE9F84300F08BF800250026ECB2A7
:10BB500012E05FFA87F94A4641462046F9F706FEA9
:10BB6000013703464A464146204600F098F8092F1F
:10BB7000EFD101360C2E03D000275FFA86F8E8E7F4
:10BB8000012200212046F9F705FE0122034600218B
:10BB9000204600F0BFF8002220461146F9F7FAFDD2
:10BBA0000022034611462046013500F0B3F8082D67
:10BBB000CCD1BDE8F88300F0C9B800F0DFB80728A1
:10BBC00010B406D80B2904D8082A02D810BC00F0FB
:10BBD00049B8002010BC7047072802D809B900F006
:10BBE0007AB8002070471020704708B500F0DBF8E5
:10BBF00080B208BD00F0DAB800F0F8B808B500F07F
:10BC000030F8BDE8084000F00CB900000F2873B50B
:10BC1000044613D800F0C7F8012101AA013800F04A
:10BC2000C5F89DF804504DB900F0BDF806463CB982
:10BC300022460A4801A9019500F04CFD02B070BDF2
:10BC4000B542FBD00121284601AA00F0AFF89DF8CB
:10BC500004300BB9013CE4B20135E8E711BB000840
:10BC600070477047072838B517D80B2915D8082A08
:10BC700013D81225520005FB0122D82505FB00250B
:10BC800005F29D30FCF762F9040205F29E30FCF7E4
:10BC90005DF9A4B2204380B238BD0020FCE707283C
:10BCA00038B51D4616D80B2914D8082A12D81224E4
:10BCB000520004FB0122D82404FB0024190A04F2D8
:10BCC0009D30FCF7ABF9E9B204F29E30BDE8384094
:10BCD000FCF7A4B938BD072870B5164618D8B9B90D
:10BCE000002A4FEA800000F65D2514BF00200220E4
:10BCF0002844FCF72BF9002E4FEA002414BF012042
:10BD000003202844FCF722F9A4B2204380B270BD7E
:10BD10000020FCE7072870B516461D4615D8A1B9C6
:10BD20008000002A00F65D2414BF00200220190ABA
:10BD30002044FCF773F9002E14BF01200320E9B260
:10BD40002044BDE87040FCF769B970BDF8B51446F1
:10BD5000002700F29D355618B44200D1F8BD6FF4AB
:10BD60006773EB18B3F5D86F06D22846FCF7EEF8E8
:10BD7000207001350134EFE72770FAE770B51446FB
:10BD800000F29D355618B44200D170BD6FF4677350
:10BD9000EB18B3F5D86F03D228462178FCF73EF9AB
:10BDA00001340135EFE740F2835070472DE9F04749
:10BDB00000F67D2806460F461446454640F2825955
:10BDC0004FF0000AA5EB08039BB2BB4201D3BDE8CC
:10BDD000F08733444B4506D82846FCF7B7F8207067
:10BDE00001350134EEE784F800A0F9E72DE9F843C6
:10BDF00000F67D2806460F461446454640F2825915
:10BE0000A5EB08039BB2BB4201D3BDE8F8833344E2
:10BE10004B4503D828462178FCF700F90134013559
:10BE2000EEE70023F0B55A2440F2835640F67D2514
:10BE300085B0CDE9003302930393013C01D105B0F5
:10BE4000F0BD102E374628BF102729463A466846CF
:10BE5000FCF7CAF83D44F61BEFE7000047F616432F
:10BE6000984210B50C461BD1FAF734FD62790D4BA0
:10BE700072B100F0AA00002815BF0122002235206F
:10BE800029201A7001F04EF9FAF7E8FD002010BDE4
:10BE90001B78002B14BF3520292001F061F9F3E74E
:10BEA0000120F4E70037002010B504464879002847
:10BEB00000F01081A4F5E044A3B2222B34D88648C8
:10BEC000013CFAF762FE212C23D8DFE814F0710060
:10BED000F1007D003400390082003E0087009600AA
:10BEE0004D00E80052009B005700A000CE005C000F
:10BEF000A500D7006300AC00B60043008C004800EA
:10BF000091006A00B100C300E200E6002E00770055
:10BF1000FA00714A137843F0010313706E48FAF780
:10BF200036FEFAF7FFF8002010BD6B4A537843F055
:10BF300008035370F2E7684A137843F00203ECE712
:10BF4000654A137843F00403E7E7634A137843F044
:10BF50000803E2E7604A537843F00103E9E75E4AE9
:10BF6000537843F00203E4E75B4A137843F010038D
:10BF7000D3E7594A137843F02003CEE7564A1378A3
:10BF800043F04003C9E7FAF7CDF8534A137843F07A
:10BF90008003C2E7504A137823F00C0343F00C03EC
:10BFA000BBE74D4A537823F0030343F00303C0E794
:10BFB000494B1A786FF300021A70AFE7464B5A7874
:10BFC0006FF3C3025A70A9E7434B1A786FF341022B
:10BFD000F2E7414B1A786FF38202EDE73E4B1A7895
:10BFE0006FF3C302E8E73C4B5A786FF30002E9E7CE
:10BFF000394B5A786FF34102E4E7374B1A786FF305
:10C000000412D9E7344B1A786FF34512D4E7324B58
:10C010001A786FF38612CFE7FAF784F82E4B1A7866
:10C020006FF3C712C8E72C4A137823F00C0374E7A8
:10C03000294A537823F003037BE727490B78C3F39E
:10C04000800282F00102D2B262F3820362F3C30380
:10C050000B7063E720494B78DA4302F0010262F388
:10C06000000362F341034B7058E71B490B78C3F39D
:10C07000801282F0010262F38613E9E7FAF752F8C0
:10C0800015490B78C3F3C01282F0010262F3C713A3
:10C09000DEE70120FAF785FD40E70020FAE70E49C8
:10C0A0000B78C3F3001282F0010262F30413CFE7AE
:10C0B00009490B78C3F3000282F0010262F3000326
:10C0C000C6E705494B78C3F3C00282F0010262F370
:10C0D000C303C8E7012027E7C849002000EB40035D
:10C0E000C3EB031300EB830003B2002B07DAB3F1B9
:10C0F000800001D503F17F0040F30720704703F172
:10C100008000F9E7164B1B78D90707D5154B18782F
:10C1100040007F281FD800B3C0B270479A0703D5EC
:10C12000104B18788000F4E75B0703D50D4B1878A7
:10C13000C000EEE70C4B1B785BB10C4A0949127842
:10C1400008789342F4D25843C000B0FBF2F080B2BA
:10C15000DFE70820E0E77F2070470120704700BF3D
:10C160000C370020F00E00200D370020F10E0020CB
:10C17000144B1B78D90705D5134B18788008F8B1F4
:10C18000C0B270479A0703D50F4B18784008F6E7FE
:10C190005B0705D50C4B18787F28F0D97F207047B6
:10C1A0000A4B1B7853B10A4A074912780878934220
:10C1B00036BF584380B2B0FBF2F0EDE70120DFE775
:10C1C000012070470C370020F40E00200E370020AD
:10C1D000F50E0020CD2808B505D1FFF793FF4042AA
:10C1E000294BD87008BDCE2802D1FFF78BFFF7E7A7
:10C1F000CF2805D1FFF786FF4042234B9870F1E727
:10C20000D02802D1FFF77EFFF7E7D92804D1FFF746
:10C21000AFFF1D4B1871E5E7DA2803D1FFF7A8FF40
:10C220004042F6E7DB2805D1FFF7A2FF4042164B5C
:10C230005871D7E7DC2802D1FFF79AFFF7E700F142
:10C240002F03DBB2072B08D801230F4AD13803FA9A
:10C2500000F0537818435070C4E7DD2805D10B4A2D
:10C26000137843F001031370BCE7DE2804D1074ABA
:10C27000137843F00203F6E7DF28B3D1034A1378BB
:10C2800043F00403EFE700BF063700200C3700201F
:10C29000364BCD2893F902200AD193F903100029D7
:10C2A0000CDA0021D97052B90021314A117006E030
:10C2B000CE280DD193F903100029F2DC72B11A795E
:10C2C0005B7913435AB2002B4FD12A4B1A70704737
:10C2D000CF2806D1002AF1DA00229A7093F90320C0
:10C2E000E1E7D02802D1002AF6DCE7E7D92893F964
:10C2F000041004D10029E1DD00211971DEE7DA28FC
:10C3000002D10029DADAF7E7DB2893F9051004D126
:10C310000029D3DA00215971D0E7DC2802D10029A5
:10C32000F8DCCBE700F12F01C9B2072907D80121BA
:10C33000D1388140587820EA01005870BEE7DD28E6
:10C3400005D10D48017821F001010170B6E7DE2822
:10C3500004D10948017821F00201F6E7DF28ADD1C8
:10C360000548017821F00401EFE770470637002007
:10C370000D3700200E3700200C37002008B501F0E3
:10C3800077F8094BDA7899780A431CBF074A10807E
:10C390001A795B7913431CBF054B18800248BDE82E
:10C3A000084000F0E1BD00BF063700200237002042
:10C3B00004370020062208B500210548F4F7DCF90F
:10C3C0000023044A1370044A1370044A137008BD12
:10C3D000063700200D3700200E3700200C370020D4
:10C3E00090F902305BB990F9033043B990F9043009
:10C3F0002BB990F90500003818BF012070470120C3
:10C400007047000037B5594C062221466846F4F7BC
:10C41000C1F800239DF80220A370E37023716371BB
:10C420009DF8033013430AD0514B188800F098FF51
:10C4300050490B783BB3504A127890422CDC9DF85F
:10C4400004209DF8053013430BD04C4B188800F0A6
:10C4500087FF4B490B78002B4ED04A4A1278904206
:10C4600053DC6946414800F0B5FE18B93F48FFF774
:10C47000B7FF08B1FFF782FF062269463B48F4F791
:10C4800089F803B030BD0A253F4A12786A439042CA
:10C49000D5DD01330B7001E0FF2BFAD19DF902507D
:10C4A0003DB1FFF72FFE002DCCBF0123FF235843E2
:10C4B000A0709DF903503DB1FFF724FE002DCCBFC5
:10C4C0000123FF235843E07094F902000028B6D0FE
:10C4D00094F90320002AB2D0FFF700FE30B1A0701B
:10C4E0001046FFF7FBFD20B1E070A8E70123A37021
:10C4F000F6E70123E370A2E70A25244A12786A438B
:10C500009042AEDD01330B7001E0FF2BFAD19DF9B3
:10C5100004503DB1FFF72CFE002DCCBF0123FF23BB
:10C52000584320719DF905503DB1FFF721FE002DC4
:10C53000CCBF0123FF235843607194F90400002805
:10C540008FD094F90520002A8BD0FFF7C7FD30B1BA
:10C5500020711046FFF7C2FD20B1607181E7012311
:10C560002371F6E7012363717BE700BF06370020E4
:10C57000023700200D370020EF0E00200437002086
:10C580000E370020F30E0020EE0E0020F20E0020E9
:10C590004B4B4C4A2DE9F04113F80080C308D55CA1
:10C5A000494A00F00700D65C484A0541D75C06417D
:10C5B00015F0010547FA00F00C4606F0010600F000
:10C5C000010711D0E120F9F7C7FA002C6AD04048E2
:10C5D0004FF47A72A4FB00030021002300F2E7303D
:10C5E000F3F704FE02F037FB8EB1E620F9F7B4FA58
:10C5F000002C59D036484FF47A72A4FB0003002176
:10C60000002300F2E730F3F7F1FD02F024FB2146AE
:10C610004046F9F723FB002C48D02D484FF47A729E
:10C62000A4FB00030021002300F2E730F3F7DEFD56
:10C6300002F011FB86B1E620F9F7D6FAC4B324481C
:10C640004FF47A72A4FB00030021002300F2E730CC
:10C65000F3F7CCFD02F0FFFA85B1E120F9F7C4FA57
:10C6600044B31B484FF47A72A4FB0003002100235B
:10C6700000F2E730F3F7BAFD02F0EDFAF7B12C2043
:10C68000F9F70AFBC4B112484FF47A72A4FB000414
:10C690000023002100F2E730F3F7A8FDBDE8F041E8
:10C6A00002F0D9BA01209DE70120AEE70120BFE7E3
:10C6B0000120CFE70120DFE70120EFE7BDE8F081AF
:10C6C0000C1801088C180108EC170108FC17010868
:10C6D000A08601002DE9F84F304C0546A2FB04036B
:10C6E0000E46174600234FF47A72002100F2E7301D
:10C6F000F3F77CFDA04681463046A84788B1012863
:10C7000047D13046A847012804460CD13046A847F7
:10C71000F9F7C2FA002F3AD0484602F09CFA002CF2
:10C72000EAD1BDE8F88F022804D13046A847F9F7CE
:10C7300013FAEFE7032804D13046A847F9F754FA73
:10C74000E8E70428E6D13046A8474FF0000B04463E
:10C750004FF00A0A124BE15C11F004010ED1BBF15B
:10C76000000F12D040F2E7304FF47A720023CBFB77
:10C770000801F3F73BFD02F06EFACBE73046A8471D
:10C78000303C0AFB0B4B0446E4E70120F3E70120B1
:10C79000C3E73946FFF7FCFEAEE700BFA086010005
:10C7A000E10F0108F8B5144642791D469DF818704E
:10C7B000284B92B11C7000F05BFE274B188004F1EF
:10C7C0002003DBB2072B44D8012004F00704A0406B
:10C7D000C0B2BDE8F840F9F767BA1E78A6422ED17C
:10C7E0001D4B188800F0BCFDC72828D8AE4205F1C3
:10C7F000200415D006F12003DBB2072B06D8012058
:10C8000006F00706B040C0B2F9F757FAE3B2072BBB
:10C8100006D8012005F007039840C0B2F9F744FAA2
:10C820003846E4B2F9F738FA072C12D8012005F09F
:10C830000705A840C0B2BDE8F840F9F73EBA04F1D8
:10C840002003DBB2072B04D8012004F00704A0402A
:10C85000F0E7F8BD0F370020103700200346A3F59E
:10C86000F843183B07B50846062B3BD8DFE803F032
:10C87000171E0410252C330026230093E12347F6CE
:10C880001A411A46FFF78EFF002003B05DF804FB43
:10C8900027230093E52347F61B411A46F2E7262398
:10C8A000E022009347F61841E123EBE72723E42237
:10C8B000009347F61941E523E4E72623E22200939B
:10C8C00047F61C41E123DDE72723E622009347F6E4
:10C8D0001D41E523D6E72823E522009347F61E41B4
:10C8E0000123CFE7487918B10022024B1A70CCE738
:10C8F0000120CAE70F37002047F67743984270B50A
:10C9000006D047F67843984229D00124204670BDCE
:10C910004C7994B100F02CF8F9F78AFC00F028F873
:10C92000044600F02BF8054600F02EF82946024692
:10C930002046F9F78BFD0024E8E700F019F8F9F735
:10C9400083FC00F015F8054600F018F8064600F0E4
:10C950001BF8314602462846F9F778FDD6E74C79B0
:10C9600014B100F00BF8D7E700F008F8E7E7000093
:10C97000014B1878704700BFF70E0020014B187864
:10C98000704700BFF80E0020014B1878704700BFB9
:10C99000F60E002007B50DF107020DF106010DF1AD
:10C9A000050000F05EFA9DF80530262B0CD19DF8AD
:10C9B0000630092B08D19DF80700A0F11603584254
:10C9C000584103B05DF804FB0020FAE720B11622BD
:10C9D0000921262000F05CBAFF2211461046F9E733
:10C9E0007047704710B50446FFF7FBFF2046BDE8CF
:10C9F000104000F067BA08B500F032FA0020FFF7E7
:10CA0000E5FF0020FFF7EEFFFFF79BF8FFF7F6F8D2
:10CA1000BDE8084016220921262000F039BA08B5E1
:10CA2000FFF7DEFF00F048FAFFF7DBFFFFF7B2FF8A
:10CA300018B9BDE80840FFF7DEBF08BDFEF74ABBE6
:10CA400008B50346487940B1A3F5EE427F2A03D8E2
:10CA5000D8B2FFF7DBF8002008BD0120FCE700009A
:10CA60002123054820210370002343701D23837078
:10CA70000423C370F6F7F2B9094B002022230548BE
:10CA80002021037001234370002383700623C370A9
:10CA9000F6F7E4B9094B0020232304482021037052
:10CAA000002343708370C370F6F7D8B9094B002098
:10CAB000F8B547788678BB19442B07DDFD230F486E
:10CAC00043702021BDE8F840F6F7C8B9092E07D811
:10CAD0000025C41CEBB29E4204F1030403D8F8BD48
:10CAE000FE230648ECE7781914F8013C14F8022CF0
:10CAF00014F8031CFCF792FC0135EBE7094B00200E
:10CB000008B50020FEF742FBFEF704FBFEF7E8FA4B
:10CB1000BDE808403320FEF739BB00002723034857
:10CB20002021037044234370F6F798B9094B002085
:10CB3000282303482021037002234370F6F78EB99F
:10CB4000094B0020FF23037070470020704710B589
:10CB500003780446013B032B0BD8DFE803F0020BFC
:10CB60001215FEF79FFB9623C0EB0020B0FBF3F0FD
:10CB7000607010BDFEF7E6FA0028F9D0FEF728FB3A
:10CB8000F6E7FEF715FCF3E7FEF780FB6070FEF7B3
:10CB900083FBA070EDE738B503780446013B032B17
:10CBA0002CD8DFE803F002111E23FEF76FFB0546C9
:10CBB000FEF772FB9723627801465A43A8B2120A25
:10CBC000BDE83840FEF744BB43781BB9BDE83840A8
:10CBD000FEF7A0BAFEF784FA6078BDE83840FEF7A9
:10CBE000D5BA4078BDE83840FEF7D2BB45788478A6
:10CBF000FEF758FB214602462846E1E738BD0346CA
:10CC000010F8022B082A05D0092A05D0072A05D1D9
:10CC1000FFF7C1BFFFF79BBFFCF7BCBBFF221A7039
:10CC2000704708B54378032B03D1BDE80840FFF7F0
:10CC3000E6BFFFF787FF08BD70B504460D46FFF756
:10CC400084FF002840F00B812378013B272B00F262
:10CC50008380DFE813F028004B007C0096009C00E6
:10CC6000A800AB00AB00AB0081008100B000B400B5
:10CC7000BA00C500D000D300D600E100EC00F500FA
:10CC8000810081008100810081008100810081009C
:10CC90008100810081003200350038003B003F00F8
:10CCA000420045004800002363700D23A37029460D
:10CCB0002046BDE87040F6F7D1B8FFF7D1FEF6E7A1
:10CCC000FFF7DCFEF3E7FFF7E7FEF0E72046FFF7AC
:10CCD000EFFEECE7FFF714FFE9E7FEF75BFAE6E7A4
:10CCE000FFF71CFFE3E7FFF723FFE0E76378013B73
:10CCF000052B31D8DFE803F0030D101F302500F0BD
:10CD000081FB030EA370030CE370030A23716071AF
:10CD1000CDE700F0D1F8F4E7002322461946A678C3
:10CD2000F0180B28C3D801330E2BD170117102F10A
:10CD30000202F5D1BBE70023A370E3702371637196
:10CD4000B5E70023A370E37023710823F7E7637846
:10CD5000022B04D0052B10D0FF232370A7E7E37824
:10CD6000A07840EA0320237940EA0340637940EA4F
:10CD7000036000BAFFF736FE99E7A078FFF75EFE82
:10CD800095E7E278A1786078FEF7D3FEBDE7627997
:10CD90002379A17843EA02235BBAE27860789BB2F8
:10CDA000FEF7C9FE83E7FEF7CCFE80E72946204662
:10CDB000FFF737FF7BE7FEF716FF607077E7FEF7B8
:10CDC00014FF030A6370A07071E76078A378E178BC
:10CDD00040EA032040BA221D80B2FEF70BFF66E74F
:10CDE0006078A378E17840EA032040BA221D80B23F
:10CDF000FEF702FF5BE7FEF701FF58E7FEF797FE3D
:10CE0000DBE76078A378E17840EA032040BA221D8E
:10CE100080B2FEF7D0FE4AE76078A378E17840EA76
:10CE2000032040BA221D80B2FEF7C7FE3FE7E2783A
:10CE3000A178003A18BF01226078FEF77EFE64E711
:10CE400062792379A17843EA0223E2785BBA003A57
:10CE500018BF012260789BB2FEF771FE27E770BD14
:10CE6000704770B50D461446064620B140F2993021
:10CE7000FBF76CF8307025B140F29A30FBF766F89A
:10CE8000287024B140F29B30FBF760F8207070BD31
:10CE900038B50D461446014640F29930FBF7BEF80E
:10CEA000294640F29A30FBF7B9F82146BDE83840F0
:10CEB00040F29B30FBF7B2B808B54FF46770FBF750
:10CEC00045F808BDC1B24FF46770FBF7A7B8000082
:10CED000014B1860704700BF14370020014B1868E1
:10CEE000704700BF143700207047704708B500F046
:10CEF000F1F9431E5842584108BD0000014B18701B
:10CF0000704700BF1C37002010B5F8F721FC10B99E
:10CF1000064B187810BD064B18680028FAD0006838
:10CF20000028F7D0BDE81040004700BF1C370020A4
:10CF30001437002008B5FFF7E7FF08BD034B1B6857
:10CF400013B15B6803B11847704700BF1437002066
:10CF5000044A126822B1926812B10621017010478A
:10CF6000704700BF14370020044A126822B1D2680B
:10CF700012B1022101701047704700BF1437002022
:10CF80000B4B07B51A8882420FD01880094B1B68DB
:10CF90005BB11B694BB103228DF80500000A8DF8C7
:10CFA00006008DF8042001A8984703B05DF804FB43
:10CFB0001A370020143700200C4B07B51A8882421C
:10CFC00010D018800A4B1B6863B11B6953B104224F
:10CFD0008DF80500000A8DF806008DF804200DEB91
:10CFE0000200984703B05DF804FB00BF183700202B
:10CFF000143700200E4B10B51C680234FFF776FF83
:10D0000068B10C4B93F90030002B08DA0A4B1C680E
:10D010001E230234002023449C4202D110BD06236B
:10D02000F8E714F8012B002AF6D00130C0B2F3E77C
:10D03000D40D0020C8490020D80D002010B50446AA
:10D0400018B3FFF753FFB0B1124B93F90030002B28
:10D0500011DAEF2C4FEAD40217D80F4B04F0070473
:10D060001B6813449A78012303FA04F4224214BF84
:10D070001846002010BD094B1B689A1C083312F893
:10D08000011BA14203D09A42F9D10020F2E701200E
:10D09000F0E700BFC8490020D80D0020D40D0020C3
:10D0A0004FF0FF32002330B5841C14F8015B8D4231
:10D0B0000ED0B2F1FF3F02D1002D08BF1A46013356
:10D0C000DDB2062D5BB2F0D1531C01D0104481704B
:10D0D00030BD002210B5831C083013F8014B8C4280
:10D0E00008BF03F8012C8342F7D110BDEF294FEAA6
:10D0F000D10308D81844012301F0070103FA01F114
:10D100008378194381707047EF294FEAD10308D81B
:10D110001844012301F007018B40817821EA0301C3
:10D120008170704710B50446FFF7E0FE214650B10C
:10D13000084B93F90030002B05DABDE81040064B90
:10D140001868FFF7D3BF054BBDE810401868FFF71C
:10D15000A7BF00BFC8490020D80D0020D40D002073
:10D1600010B50446FFF7C2FE214650B1084B93F9B3
:10D170000030002B05DABDE81040064B1868FFF7B9
:10D18000C3BF054BBDE810401868FFF7A2BF00BF42
:10D19000C8490020D80D0020D40D002008B5FFF7A5
:10D1A000A5FE68B1084B93F90030002B08DA1E2267
:10D1B000064B18680021BDE808400230F3F7DCBADE
:10D1C000034B06221868F5E7C8490020D80D002057
:10D1D000D40D002042784B789A421DD190F902304C
:10D1E0001BB191F902209A4216D190F903301BB17C
:10D1F00091F903209A420FD190F905301BB191F9B2
:10D2000005209A4208D190F9040030B191F9043018
:10D21000181A18BF012070470120704782B002B071
:10D22000704707B50190FFF7F9FF03B05DF804FB05
:10D2300007B500284FF0040214BF0223012306495A
:10D240000DEB0200CB70F3F7A5F90198FFF7E9FFAA
:10D2500003B05DF804FB00BFF90E002007B50422FF
:10D26000032306490DEB0200CB70F3F793F9019805
:10D27000FFF7D7FF03B05DF804FB00BFF90E0020F5
:10D28000FFF7D6BF07B50422012306490DEB0200C4
:10D29000CB70F3F77FF90198FFF7C3FF03B05DF898
:10D2A00004FB00BFF90E0020FFF7ECBF07B5003804
:10D2B00018BF01200422064988700DEB0200F3F725
:10D2C00069F90198FFF7ADFF03B05DF804FB00BFFB
:10D2D000F90E0020014B9878704700BFF90E00202E
:10D2E00007B50422054948700DEB0200F3F752F927
:10D2F0000198FFF796FF03B05DF804FBF90E0020DC
:10D30000014B5878704700BFF90E002007B5042282
:10D31000054908700DEB0200F3F73CF90198FFF79F
:10D3200080FF03B05DF804FBF90E0020044B33F8D6
:10D33000102001238B401A4214BF012000207047A7
:10D340001E37002042B90123044A8B4032F81010E6
:10D3500021EA030122F81010704700BF1E37002099
:10D3600010B5044600F084F8001B80B210BD10B563
:10D37000044600F047F8001B10BD10B5044610220B
:10D380000021F3F7F9F9204610BD08B501F0D8FDEA
:10D39000BDE8084001F058BA08B5F8F74EFBBDE803
:10D3A000084040F2A46001F056BC08B5F9F7A8FAAD
:10D3B000F9F7BCFAFFF7F2FEFEF7FCFF0020FFF7DB
:10D3C000DFFD0020FFF7F8FDBDE80840F8F743BB9C
:10D3D000302383F31188064BDA69064B1A60002369
:10D3E000054A1360054A136083F31188704700BF34
:10D3F000484B002040370020383700203C370020C1
:10D40000FFF7E6BF70B501F045FA124D124B134914
:10D41000DC692B680A68E41AA242114A0AD9A3F50A
:10D420008333E03B2B6015680E4B04F583342B44AB
:10D43000E034136016680C604FF47A7501F033FA2B
:10D44000002109480023E4FB0501084AF2F7CEFE5B
:10D45000304470BD40370020484B00203837002052
:10D460003C37002088598F029F860100A08601006A
:10D4700008B5FFF7C7FF80B208BD0000BFF34F8FAC
:10D480000549064BCA6802F4E0621343CB60BFF360
:10D490004F8F00BFFDE700BF00ED00E00400FA057C
:10D4A00008B5024A024B1A60FFF7E8FFEFBEADDE97
:10D4B000FC6F00200A4A08B552F8041C094B994237
:10D4C0000CD1002342F8043C83F31488064B1A68FD
:10D4D00082F3088862B65B689847FEE708BD00BF24
:10D4E00000700020EFBEADDE00E0FF1F08B5FFF7C3
:10D4F000C5FF000083B5284D284E002301210DF102
:10D5000007008DF8073000F0FFF898B19DF807305C
:10D510000F2B0FD802F0DCFB9DF80740012184F0AF
:10D5200010030DF107008DF8073000F0C9F820B99D
:10D5300002F0D4FB00F09AF8DEE70C236343E95CC9
:10D54000EA1861B90C236343E81887687FB90C2394
:10D5500003FB0454217999B902F0C0FBCDE753884D
:10D560003068184400F0BEF80028EBD1E0E7EA5C30
:10D570003168C38840880B4401441046B847E6E749
:10D58000E3883068184400F09BF8044602F0A6FBDC
:10D59000002CB2D1CEE700BF1C0E0020A816010857
:10D5A00007B500F0C9F80023FF2200934FF49A61F9
:10D5B000034B044801F01CFB03B05DF804FB00BF03
:10D5C000F5D400084837002000F0C6B873B504460B
:10D5D00000F04CF8E0B20F288DF806003FD802F0BA
:10D5E00077FB01210DF106009DF8066000F068F858
:10D5F00028B9002402F072FB204602B070BDFF2360
:10D6000001210DF107008DF8073000F06BF804469A
:10D610000028EED09DF806309DF8072083F0100317
:10D620009A42E6D10C2373430E4DE95CEA1869B9BE
:10D630000C2303FB065529790029DBD00A4AEB8825
:10D640001068184400F04EF80446D3E75388064AA1
:10D650001068184400F034F80028E9D1C9E7002424
:10D66000CAE700BF1C0E0020A816010873B53024BD
:10D6700084F31188114D00262B685B69003B18BFAD
:10D6800001238DF8073086F311889DF807300BB918
:10D6900002B070BD84F3118828680C3001F036FEAA
:10D6A00086F311889DF8073084F311882B685B6935
:10D6B000003B18BF01238DF80730E4E7080F002076
:10D6C00070B50646064B0C4618680A460368314694
:10D6D000DD694FF4FA63A847031B5842584170BDF7
:10D6E000080F002070B50646064B0C4618680A461F
:10D6F000036831461D6A4FF4FA63A847031B58427A
:10D70000584170BD080F002038B5064B0C461B6809
:10D710001A6895680A4601461846A847031B5842EE
:10D72000584138BD080F002008B5F6F781F908BD4B
:10D7300008B5F6F77DF908BD10B5054C2046FFF792
:10D74000F7FF20680349BDE8104001F023BF00BF88
:10D75000080F0020000F002010B5054C2046FFF7F1
:10D76000E3FF20680349BDE8104001F013BF00BF8C
:10D77000080F0020000F0020184B10B51C785CBB70
:10D78000012208211A701648224602F02DFD224679
:10D790002021134802F028FD22461021104802F0F3
:10D7A00023FD4FF47A7001F056FA41F682220821E7
:10D7B0000B4802F019FD40F282222021084802F0B5
:10D7C00013FD40F282221021054802F00DFD0548AC
:10D7D00001F02EFF044B1C7010BD00BF183C002050
:10D7E00000040040E84E0020303C002010B5044604
:10D7F0001C4801F085FF1C48037823B1194801F04B
:10D8000082FF002010BD21684B1CF7D0E288002A5F
:10D81000F4D0164B92001A826279032A05D8DFE809
:10D8200002F0021A1D1F0022DA600124047021F0A8
:10D830000F0001F00F019960224604FA01F15860CF
:10D8400002F0D2FC0949074801F0E4FE054801F066
:10D85000FDFE2046D6E74FF48002E5E78022E3E7AD
:10D86000034AE1E7E84E0020303C00201C3C002049
:10D87000800040001FB5ADF80A300123019001A8D7
:10D880008DF808108DF809200393FFF7AFFF05B05E
:10D890005DF804FB1FB501218DF807000DF10F03A2
:10D8A00004480DF1070201F0F8FE9DF80F0005B0E5
:10D8B0005DF804FBE84E0020002307B5012106486F
:10D8C0000DF107028DF8073001F009FF9DF8070000
:10D8D00003B05DF804FB00BFE84E002008B5024627
:10D8E000024801F0EBFE002008BD00BFE84E00201A
:10D8F00008B50246024801F0F2FE002008BD00BF54
:10D90000E84E002010B5084C23783BB1074801F0E1
:10D91000ABFE064801F08CFE002323700348BDE8EF
:10D92000104001F0F0BE00BF303C0020E84E002067
:10D930000E4B10B51A78BAB901220D4C1A7020603E
:10D9400040F282324FF480610A4802F04DFC4FF4FD
:10D950000061084840F2823202F046FC2146BDE8F0
:10D960001040054801F016BE10BD00BF313C00203C
:10D970000C0F002000080040304C00204FF0FF3119
:10D9800008B5024801F0E6FCC0B208BD3C4C0020DE
:10D990000A464FF0FF330146014801F080BD00BF49
:10D9A000604C002008B5034801F019FE80F001002A
:10D9B000C0B208BD304C002070B590F84420044639
:10D9C00002F07F03212B51D112F0800F90F84530E7
:10D9D0001DD0022B17D0032B05D0012B17D1BDE88A
:10D9E000704000F065BD90F8483090F8495053EA17
:10D9F00005253BD1FFF76EFC334B256418700120E1
:10DA0000A363E06370BDBDE8704000F08BBE0A2BDD
:10DA100023D00B2B12D0092B28D194F8483094F83E
:10DA2000491043EA012323F00203FBB9274BA36308
:10DA30000223E363264B01202364E3E794F8483094
:10DA400094F8492053EA022303D194F84600FFF7E3
:10DA50002DFC0023A363E363EDE794F84700FFF791
:10DA600055FC2046BDE8704000F084BE02F09F02E5
:10DA7000812A18D194F84530062B14D194F8492006
:10DA8000616894F848304D6843EA0223204694F8D0
:10DA9000472094F84610A84770B14368A363036811
:10DAA000E3630023C7E703260A4DD5F89C302BB962
:10DAB000013E05F1A805F8D10020A3E720469847CC
:10DAC0000028F5D09EE700BF3C3C0020403C0020F1
:10DAD0001DDB000878110020F8B50F4C002223460A
:10DAE00043F8042F90F84B7090F8496090F8465036
:10DAF00090F84A2090F8481090F8470042EA072230
:10DB000041EA062145EA002000F020FA2060606822
:10DB1000002818BF2046F8BD343C0020034693F887
:10DB20004A2093F84B30074942EA0323022B087836
:10DB300004D1012801D0062802D14878FFF7D0BBD4
:10DB4000704700BF403C002010B5064A064C1178D3
:10DB500024784B1C03F00F039C421EBF034C137030
:10DB6000605410BD394B00203A4B0020294B002057
:10DB7000084608B5052935D8DFE801F02034032030
:10DB80002035302383F31188214800F016FB21480B
:10DB900000F013FB204800F010FB204800F01DFBB4
:10DBA000002383F311881E4B1B7813B10520FFF768
:10DBB000CBFF0220BDE80840FFF7C6BFFFF7C4FF58
:10DBC000302383F31188124800F0D0FA114800F096
:10DBD000CDFA114800F0CAFA104800F0DBFA002331
:10DBE00083F3118808BD302383F31188084800F0BF
:10DBF000DEFA084800F0DBFA074800F0D8FA0748D8
:10DC000000F0D8FA002383F311880520D2E700BF83
:10DC10007811002020120020C8120020701300206C
:10DC20003D3C0020102208B500210448F2F7A4FD75
:10DC30000023034A1370034A137008BD294B0020C8
:10DC4000394B00203A4B002070B52A4D2A4C002158
:10DC500028782378294E984233D101B1207070BDC5
:10DC600001222370264B1A70264B93F84F10081E82
:10DC700018BF0120FFF7F2FAE9E700222370204BDA
:10DC80001A70FFF792FB1F4B93F84F10081E18BF36
:10DC90000120FFF7F5FADAE723701A4B93F84F10DB
:10DCA000081E18BF0120FFF7C3FAD0E70021237038
:10DCB0000846F8E72370FFF7E5FA0120FFF7F6FAC8
:10DCC000C5E71A46B25C0133012103F00F03052AB0
:10DCD000C1D80FF2080C5CF822F000BFB5DC0008D8
:10DCE00057DC000899DC0008ADDC000861DC0008A6
:10DCF0007BDC0008394B00203A4B0020294B0020E8
:10DD00003D3C0020504F002070B50546184C204681
:10DD100000F0A6F904F1A806204600F0D1F930463B
:10DD200000F09EF904F5A874304600F0C9F92046C9
:10DD300000F096F920460F4C00F0C2F9204600F0A2
:10DD4000ABF9204600F0CCF9284602F017F9284636
:10DD500001F016FD41F2883000F07DFF28460649AB
:10DD600001F0FBFC2846BDE8704002F0E5B800BFBA
:10DD700078110020701300209C1801082DE9F04153
:10DD800004461E4D02F0FAF8204601F0F9FC05F1B8
:10DD9000A808284600F0B3F9194E05F5A8774046C3
:10DDA00000F0ADF9384600F0AAF9304600F0CAF9A3
:10DDB00041F2883000F04FFF284600F051F9284624
:10DDC00000F07EF9404600F04BF9404600F078F94B
:10DDD000384600F045F9384600F072F9304600F058
:10DDE0005BF9304600F07CF92046064901F0B5FCAD
:10DDF0002046BDE8F04102F09FB800BF7811002036
:10DE0000701300209C18010837B50023A825054C85
:10DE1000009305FB004042F2107300F055FA03B086
:10DE200030BD00BF7811002010B50446FFF752FA4C
:10DE30002146BDE8104008220120FFF7E5BF01465A
:10DE400020220020FFF7E0BF014606220020FFF756
:10DE5000DBBF014603220020FFF7D6BF20290A4678
:10DE600003D101460220FFF7CFBF704710B5084C21
:10DE700088B0002320226946204600F092FA08B9B3
:10DE800008B010BD20216846FEF7D6FEF1E700BFBE
:10DE900070130020FFF70EBB7047704708B5FFF7FF
:10DEA000F9FF01F0BDFEFFF7F7FF08BD08B501F06F
:10DEB000D3FEFFF7F2FF08BDFFF7F6B908B5FFF78D
:10DEC000B1FE0448FFF720FFBDE8084041F288306A
:10DED00000F0C1BE504F00200148FEF7F9BF00BF5F
:10DEE000140F0020FFF7B0BE00F094BB30B5144B08
:10DEF00085B01C7814BB012268461A70FFF73DFA02
:10DF00002346104A104C04A901EB630111F8100CD0
:10DF100002EB43010509655D00F00F008D700025DF
:10DF2000205CCD70591C023302EB4101202B88701C
:10DF3000CD70E8D1422313700323537005B030BD78
:10DF4000863C0020423C00207A1A010810B51C468D
:10DF5000030A032B0FD007D8012B30D0022B07D197
:10DF60005B20184A226010BD212B19D0222B1ED015
:10DF700000200246F6E7C0B20328F9D8DFE800F037
:10DF80000205080B0420104AECE712200F4AE9E7CB
:10DF900010200F4AE6E7FFF7A9FF0E4A1078E1E7E5
:10DFA0000229E5D80C4B092053F82120DAE7022991
:10DFB000DED80A4B53F82120094B585CD2E71220D7
:10DFC000084ACFE7C7180108781901087C19010829
:10DFD00090190108423C0020AC180108B81801084B
:10DFE000C41801082219010813B5446BD4F888201D
:10DFF0001378042B13D1012394F88C1012898B40D1
:10E0000013420CD1204601A901F07AF8024630B142
:10E01000019B94F88C10D4F8880001F02DFC02B01C
:10E0200010BD10B5026F04461378042B13D10123E1
:10E0300090F8741052898B4013420CD100F0B5FF58
:10E04000024640B1E36994F87410206F043BBDE8C8
:10E05000104001F0FFBB10BD406BFFF7E2BF0000B6
:10E060001FB500F15C03C36490F8843013B100F174
:10E0700070030365074B01210193D0F89030D0F86D
:10E08000982000930290D0F8943001F016F805B073
:10E090005DF804FBE9DF00081FB500F15C030365D0
:10E0A000064B01210193836FD0F8802000930290EA
:10E0B000C36F00F058FF05B05DF804FB59E000089D
:10E0C000302383F31188D0F8883090F88C2003EB4C
:10E0D00082039861002380F8A03083F31188704791
:10E0E000302383F3118890F87430026F093342F8BB
:10E0F0002300002380F8843083F31188704710B523
:10E100003023044683F3118890F88C20D0F88830AF
:10E11000053203EB820300225A6001236FF00101F4
:10E12000037200F0D8FD204600F0DEFFD4F8A430E2
:10E1300013B1DA681868904700F0D0FC002383F32D
:10E14000118810BD10B53023044683F311880123D4
:10E150006FF00101037200F0BEFD204600F01AFFCF
:10E1600000F0BCFC002383F3118810BD012310B51F
:10E17000044603726FF0010100F0ADFD204600F08F
:10E18000B3FFD4F8A43023B1BDE81040DA681868B2
:10E19000104710BD012310B5044603726FF0010152
:10E1A00000F099FD2046BDE8104000F0F3BE0023CA
:10E1B0000372704700230372704710B5044690F84D
:10E1C0008C1000F13802D0F8880001F003FB2046E3
:10E1D00000F08AFF0023237210BD10B5044600F042
:10E1E000D9FE002320462372BDE81040FFF719BF77
:10E1F00000EB8103F7B59C6905460E4684B33023D6
:10E2000083F311880023226984F8A03063699A425D
:10E2100001D1E368B3B905EB8603DB685B691B6872
:10E2200083B1D4F8A43053B101A9204600F068FFAF
:10E23000D4F8A43001469F68019A1868B847204670
:10E2400000F06CFF204601A900F05AFF024648B1D9
:10E25000019B3146284601F00FFB002383F3118810
:10E2600003B0F0BD05EB8603DB681A68022AF4D11F
:10E270005A691268002AF0D01B8A013B1340ECD186
:10E2800005F14402E5E701F1090210B550F822401A
:10E29000CCB1302282F3118800EB8103DB689B69EB
:10E2A0005B6853B1236F94F87420204603EB82031C
:10E2B000DB689B69596800F082FE2046FFF7B1FEDB
:10E2C000002383F3118810BD2DE9F84F1E46044644
:10E2D0000F46924630239DF8285083F31188D0F8DA
:10E2E00088301B78042B05D0002585F3118828463B
:10E2F000BDE8F88F90F8A03023B101364FF0FF361B
:10E3000018BF0026002383F311884FF030094FF027
:10E310000108334652463946204600F03AFF82450E
:10E320001CD989F3118894F8A0304FF0000B002815
:10E3300008BF43F001036FF0010184F8A0302046CC
:10E3400084F8088000F0C7FC204600F0CDFE84F879
:10E3500008B000F0C3FB8BF31188DAE7002DC6D1BB
:10E36000204600F05BFF0125C1E7302383F31188CD
:10E37000026943699A4210D1C36883B10123D0F87E
:10E38000882090F88C1012898B4013420CBF01201A
:10E390000020002383F3118870470020F9E7184616
:10E3A000F7E738B514460546302282F31188026F2C
:10E3B0001278042A03D0002080F3118838BD90F829
:10E3C000842022B101334FF0FF3318BF0023002215
:10E3D00082F311882246284600F02CFEB0FA80F322
:10E3E0005B0985F88430231A58425841E6E700005B
:10E3F000006810B440B1054C8264E469083040F80C
:10E40000044C10BCF2F7C6B810BC7047484B002053
:10E410000168134631B18A6C03F108009A6408312F
:10E42000F2F7B8B8704710B50446006840B1826C86
:10E4300000210830F2F7A0F9002223681A605A6020
:10E4400010BD000010B40C78082C0BD850F8240034
:10E4500040B1054C8264E469083040F8044C10BCBB
:10E46000F2F798B810BC7047484B002008291346B3
:10E4700009D850F8211031B18A6C03F108009A6470
:10E480000831F2F787B8704770B50026051F00F114
:10E49000200455F8040F38B1826C00210830F2F7DF
:10E4A0006BF92B681E605E60A542F2D170BD000062
:10E4B00038B590F848300446022B1CD890F8461026
:10E4C000082918D80D4AD25C022A14D8A8200C4B6F
:10E4D00000FB0233D3F8A40060B10A4D43682A461A
:10E4E0000068984705F10803A363AB6C0120E36360
:10E4F0000023236438BD0020FCE700BF7411002016
:10E5000078110020B83E0020036843B191001960E3
:10E5100003490B78002A18BF43F001030B707047C2
:10E52000043F0020006810B10068C0F38700704706
:10E53000036870B50BB9002070BD302383F31188D8
:10E54000036800211C685B6881F31188002CF2D0FD
:10E550004FF47A76074A0848D569084AED1AE5FB70
:10E5600006010023F1F742FE84428CBF0020012007
:10E57000E2E700BF484B00209F860100A086010013
:10E580004B1E072B0BD850F8213043B19100196076
:10E5900003490B78002A18BF43F001030B70704742
:10E5A000043F0020082906D850F8210020B1006857
:10E5B000C0F387007047002070470000082970B53D
:10E5C00001D9002070BD50F82130002BF9D0302344
:10E5D00083F3118850F8213000211C685B6881F3B7
:10E5E0001188002CEDD04FF47A76074A0748D56998
:10E5F000074AED1AE5FB06010023F1F7F7FD844217
:10E600008CBF00200120DDE7484B00209F860100E1
:10E61000A0860100404B2DE9F74F1B78002B47D017
:10E6200000242546DFF8F4803D4E08F1080AD6F8AC
:10E63000A4B0BBF1000F34D0002C3CD10127302313
:10E6400083F31188F9B2DBF81430DBF80000019194
:10E6500098474FF00009002818BF45F0010589F3DD
:10E6600011882F48FFF781FEC0B1DBF818300199FF
:10E67000DBF80000984788B1302383F31188274ADC
:10E68000DBF804300199DBF80000984789F3118822
:10E6900051464846D8F84820FFF7B6FB0137092F06
:10E6A000CDD10134032C06F1A806C0D11A4B1D7040
:10E6B00003B0BDE8F08F302787F311880021DBF825
:10E6C0001430DBF8000098474FF00009002818BF0D
:10E6D00045F0010589F311883046FFF746FE002812
:10E6E000DFD04946DBF81830DBF8000098470028F7
:10E6F000D7D087F31188094A4946DBF80430DBF8A4
:10E700000000984789F311885146D8F84820E0B2B4
:10E71000FFF77AFBC5E700BF043F00206C3E0020F6
:10E720007811002010B590F848300446022B19D813
:10E7300090F84610082915D80B4AD25C022A11D845
:10E74000A8200A4B00FB0233D3F8A40048B1436968
:10E7500000689847064B1870A36301200023E0630C
:10E76000236410BD0020FCE7741100207811002004
:10E77000683E002010B590F848300446022B19D8A6
:10E7800090F84610082915D80B4AD25C022A11D8F5
:10E79000A8200A4B00FB0233D3F8A40048B1036958
:10E7A00094F847200068984700230120A363E3639F
:10E7B000236410BD0020FCE77411002078110020B4
:10E7C00010B5044C204601F0D9FB2046BDE81040AE
:10E7D00000F0D6BF504F0020024B1878031F58425C
:10E7E00058417047504F002070477047FEE70000C7
:10E7F00070B50825134C606823680146A268043B85
:10E800008A4219D8D31C1B1AC11E23F003038A4263
:10E8100038BF00231844E368C11EDA1C121A22F024
:10E820000302994288BF00220021F1F7A5FF013DB4
:10E8300004F11004DFD170BD53F8046F41F8046B8C
:10E84000DEE700BF8C1A010838B501230025074C0C
:10E850002370656000F044FB0549064800F04CF960
:10E860000223237085F3118838BD00BF404B002080
:10E87000101B0108484B002072B60322024BD865DA
:10E88000024B1A70FEE700BF484B0020404B0020AF
:10E8900000F054B8EFF3118020B9EFF30583302274
:10E8A00082F31188704710B530B9EFF30584C4F3D3
:10E8B000080414B180F3118810BD00F00FF984F33F
:10E8C0001188F9E7034A516853685B1A9842FBD8EC
:10E8D000704700BF001000E010B50A4C23699A6829
:10E8E00091420CD85A6881600360426010609A6857
:10E8F0005860511A99604FF0FF33A36110BD1B6837
:10E90000891AECE7484B00200361002310B410BCC7
:10E91000C2604361FFF7E0BF036881689A680A44F8
:10E920009A60426813605A6000234FF0FF32036020
:10E93000014B9A61704700BF484B002070B5124DE3
:10E940002A46EB690133EB6152F8103F934206D03F
:10E9500030269A68013A9A602C69A36803B170BDA9
:10E96000226861680A605160236083F31188204641
:10E97000E3682169984786F3118861690029EBD023
:10E980002046FFF7A9FFE7E7484B002000238268F5
:10E99000037503691B6899689142FBD25A6803604A
:10E9A00042601060586070470023826803750369F5
:10E9B0001B6899689142FBD85A68036042601060F6
:10E9C0005860704708B50846302383F311880A7DE4
:10E9D0000023052A06D8DFE802F00B050503120E16
:10E9E000826913604FF0FF338361FFF7CFFF00238D
:10E9F00083F3118808BD826993680133936042688C
:10EA0000036813605A60EDE7FFF7C0BF054BD96894
:10EA100008751868026853601A6001220275D86090
:10EA2000F1F7CEBB484B002030B50C4B0446DD68F7
:10EA30004B1C87B00FD02B466846094AFFF764FF8E
:10EA40002046FFF7E3FF009B13B16846FFF764FF22
:10EA5000A86907B030BDFFF7D9FFF9E7484B0020A0
:10EA6000C5E9000838B50C4D8161EB6881689A688A
:10EA70000446914203D8BDE83840FFF787BF1846E7
:10EA8000FFF792FF0123014623752046EC60BDE8A5
:10EA90003840F1F795BB00BF484B0020044B1A6883
:10EAA000DB6890689B68984294BF00200120704703
:10EAB000484B0020084B10B51C68D868226853608A
:10EAC0001A6001222275DC60FFF76EFF01462046C6
:10EAD000BDE81040F1F774BB484B0020044B1A68A6
:10EAE000DB6892689B689A4201D9FFF7E3BF7047E1
:10EAF000484B002030BFFDE770B5002504461A4B97
:10EB000086B05860856201630E4600F0A3F904F1F7
:10EB10001003236163614FF0FF33A361134BE56181
:10EB2000D9692B460A462046C4E9082304F134017A
:10EB300080230F4A24606460A560E562E56500F00B
:10EB40001DF801230B4AE060037500927268684665
:10EB50000192B268CDE90223074BCDE9043500F0FC
:10EB60003FF806B070BD00BF404B0020484B00206E
:10EB70001C1B0108211B0108F5EA000802228B601A
:10EB80004B62002308618A8208460B62CB617047A2
:10EB90008368C168A3F14C0243F81C2C026943F856
:10EBA0004C2C42690C4843F8482C0C4A43F8180C8A
:10EBB00043F82C2C022203F8142C002243F8201CCA
:10EBC00003F8132C43F8041C43F8082C43F80C2CCE
:10EBD000A3F12800704700BF484B0020D101000876
:10EBE00008B5FFF7D5FFBDE80840FFF70DBF0000EF
:10EBF00038B5302484F311882839441844F8243C6B
:10EC0000049B002544F8203C0A4BA4F1240144F85D
:10EC1000043C0223A382084BE16020462946A260FF
:10EC2000236162622562E561FFF71CFF85F31188AD
:10EC3000204638BDD1010008484B0020024BDB685C
:10EC400098610F20FFF7E2BE484B0020302383F38A
:10EC50001188FFF7F3BF08B50146302383F311880D
:10EC60000820FFF7E1FE002383F3118808BD0000B0
:10EC7000054BDB6821B1036098610320FFF7D4BE28
:10EC80004FF0FF30704700BF484B0020034600683C
:10EC900020B100221A608161FFF7B6BE7047000004
:10ECA000064BDB6839B1426818605A6013604360F4
:10ECB0000420FFF7B9BE4FF0FF307047484B0020EB
:10ECC00003460068834205D002681A605360816180
:10ECD000FFF79ABE704738B504460D462068844257
:10ECE00000D138BD036823605C608561FFF78CFE4E
:10ECF000F4E7034610B51B68984203D09C688A6805
:10ED00009442F8D25A680B604A601160596010BD95
:10ED100000230060406083607047000038B5816860
:10ED2000164B0446DD6891B92B6A8560C360286282
:10ED300038BD8B600B7D7BB1062B14D10B684A6804
:10ED4000886913605A60FFF7D4FF8B699968AB68D4
:10ED50008A689A42EDD306E04A680B680846136059
:10ED60005A60FFF751FE20462946FFF7C2FFAC610B
:10ED70000620BDE83840FFF749BE00BF484B0020E1
:10ED800008B5302383F31188FFF7C8FF002383F30E
:10ED9000118808BD154A0346D16810B5302282F3A8
:10EDA0001188C26800680A6298421BD0486A82B91A
:10EDB0008860186802681A605360026A9860DA60B6
:10EDC0000362FFF721FEFFF789FE002383F311881A
:10EDD00010BD1468A24203D0A468A04238BF2046E8
:10EDE000D268E4E700238360EFE700BF484B0020D0
:10EDF000C3691943037DC1610A2B03D18369194299
:10EE000005D170470B2B06D183698B4303D10023B7
:10EE10008361FFF7F9BD704770B506460D4604687B
:10EE2000B44200D170BDE3682B43E36015B12369A0
:10EE30001D4203D0A1686068FFF7DAFF2468EFE79E
:10EE4000EFF30983203383F30988002383F31188C8
:10EE500070470000302080F3118862B60C4B0D4AD9
:10EE6000D96821F4E0610904090C0A43DA60D3F897
:10EE7000FC20094942F08072C3F8FC200A6842F085
:10EE800001020A602022DA7783F82200704700BF6F
:10EE900000ED00E00003FA05001000E0302310B59B
:10EEA00083F311880B4B5B6813F400630FD0EFF30F
:10EEB00009844FF08073203CE36184F30988FFF7F5
:10EEC000EDFD10B1044BA36110BD044BFBE783F3D0
:10EED0001188F9E700ED00E0E3010008E601000811
:10EEE000024B034A1A60034A5A607047A84B00203D
:10EEF000A84F002000700020F0B50B4D0446D5E966
:10EF00000067BB1B9A420CD8731E0B441A4449423B
:10EF100002EA01000444A74203D3A64201D82C60B0
:10EF2000F0BD0020FCE700BFA84B002008B530234F
:10EF300083F31188FFF7E0FF002383F3118808BDF6
:10EF400008B500F043FF01F041F900F000FB00F0CC
:10EF500055FB00F0F4FBFEF7A9FFBDE8084000F008
:10EF600000B801F09BB90172002130B5039C043355
:10EF700003FB0425C361049B00600363059B4060A1
:10EF8000C160426102618561046242628162C16264
:10EF9000436330BD0022416AC26041610161826207
:10EFA0006FF00101C262FFF796BE036942699342A6
:10EFB00001D1C2680AB9181D704700207047036963
:10EFC0001960C26800210132C260C26913448269BB
:10EFD0000361934224BF436A0361FFF771BE38B5F2
:10EFE00004460D46E3683BB162690020131D1268B8
:10EFF000A3621344E36207E0237A33B9294620462B
:10F00000FFF74EFE0028EDDA38BD6FF00100FBE798
:10F01000C368C269013BC3604369134482694361A9
:10F02000934224BF436A436100238362036B03B1AD
:10F03000184770472DE9F84F04460E46904699460A
:10F040004FF0300A8AF311880025AB46A76A4FB902
:10F0500049462046FFF7C3FF20B187F311882846B1
:10F06000BDE8F88FE76AA16A7A1AA8EB050797420C
:10F0700028BF1746402F16D930464022F1F78AFAAA
:10F08000A36A40364033A3624035A26AE36A9A42DB
:10F0900002D32046FFF7BCFF8BF311884545DED233
:10F0A0008AF31188D2E730463A46F1F773FAA36A39
:10F0B0003E443B44A3623D44E7E710B5029C043361
:10F0C0000172C36103FB042100238362C362039BBB
:10F0D00000600363049B4060C4604261026181611F
:10F0E00004624262436310BD026A6FF00101C260B4
:10F0F000426A4261026100228262C262FFF7EBBD96
:10F10000034640691A69824201D1DB681BB950F895
:10F11000043B0B60704700231846FAE7C368C269D6
:10F120000133C36043690021134482694361934200
:10F1300024BF436A4361FFF7C3BD38B504460D469B
:10F14000E3683BB1236900201A1DA262E2691344FF
:10F15000E36207E0237A33B929462046FFF7A0FD92
:10F160000028EDDA38BD6FF00100FBE70369196094
:10F17000C268013AC260C269134482690361934262
:10F1800024BF436A036100238362036B03B1184702
:10F1900070472DE9F84F04460E46904699464FF0C9
:10F1A000300A8AF311880025AB46A76A4FB9494651
:10F1B0002046FFF7C2FF20B187F311882846BDE83B
:10F1C000F88FE76AA06A3A1AA8EB0507974228BFAA
:10F1D0001746402F18D931464022F1F7DBF9A36AD0
:10F1E00040364033A3624035A26AE36A9A4204D3B0
:10F1F000E16920460439FFF7B9FF8BF311884545D3
:10F20000DCD28AF31188D0E731463A46F1F7C2F9E9
:10F21000A36A3E443B44A3623D44E5E7302208B57F
:10F2200082F31188816A29B103690439C91A01D0AE
:10F23000FFF79CFF002383F3118808BDF8B515463E
:10F2400082680B46AA428169066938BF8568761ACA
:10F25000B54204460BD218462A46F1F79BF9A3693A
:10F260002B44A361A36828465B1BA360F8BD0CD99F
:10F2700018463246F1F78EF9AF1B3A46E168304442
:10F28000F1F788F9E3683B44EBE718462A46F1F7C3
:10F2900081F9E368E5E72DE9F04104461546836806
:10F2A0002769934238BF856840690E463F1ABD42C0
:10F2B0000BD22A46F1F76EF963692B446361A368A8
:10F2C00028465B1BA360BDE8F0810CD93A46A5EB4C
:10F2D0000708F1F75FF94246E068F119F1F75AF9CA
:10F2E000E3684344EAE72A46F1F754F9E368E5E7BF
:10F2F00010B50024C361029BC1608161416111446A
:10F300000060406084600161036210BDC2686FF0FC
:10F3100001018261426100228260FFF7DCBC08B516
:10F3200082694369934201D1826882B9826801325D
:10F3300082605A1C426119700369426900219A4235
:10F3400024BFC3684361FFF7BBFC002008BD4FF03A
:10F35000FF30FBE770B5302304460D4683F3118878
:10F36000A668A6B1A368A269013BA360531CA36170
:10F3700015782269934224BFE368A361E3690BB166
:10F3800020469847002383F31188284607E0294642
:10F390002046FFF785FC0028E2DA86F3118870BD6D
:10F3A0002DE9F74F04460E4617469846D0F81C90B4
:10F3B0004FF0300A8AF311884FF0000B154665B103
:10F3C0002A4631462046FFF739FF034660B94146D9
:10F3D0002046FFF765FC0028F1D0002383F3118855
:10F3E000781B03B0BDE8F08FB9F1000F03D0019096
:10F3F0002046C847019B8BF31188ED1A1E448AF3FF
:10F400001188DCE7C361009BC160816141611144E7
:10F41000006040608260016103627047F8B5044695
:10F420000D461646302383F31188A768A7B1A36859
:10F43000013BA36063695A1C62611D7023696269A4
:10F440009A4224BFE3686361E3690BB120469847A1
:10F45000002080F3118807E031462046FFF720FCAA
:10F460000028E2DA87F31188F8BD8369426910B594
:10F470009A4201D182687AB98268002101328260A1
:10F480005A1C82611C7803699A4224BFC368836155
:10F49000FFF716FC204610BD4FF0FF30FBE72DE9CB
:10F4A000F74F04460E4617469846D0F81C904FF08A
:10F4B000300A8AF311884FF0000B154665B12A46D1
:10F4C00031462046FFF7E7FE034660B94146204635
:10F4D000FFF7E6FB0028F1D0002383F31188781BA7
:10F4E00003B0BDE8F08FB9F1000F03D001902046C2
:10F4F000C847019B8BF31188ED1A1E448AF31188CB
:10F50000DCE70C30FFF74CBF4FF0FF330C30FFF758
:10F5100047BF3030FFF7C3BF4FF0FF333030FFF746
:10F52000BEBF0C30FFF716BF4FF0FF310C30FFF7B6
:10F5300011BF3030FFF772BF4FF0FF323030FFF7AE
:10F540006DBF012914BF6FF013000020704700F059
:10F5500055BF000037B5154602460B460C49044618
:10F5600042F8041B4260012200F154010272009033
:10F5700080220C30FFF7BCFE2B468022009404F161
:10F58000D40104F13000FFF73DFF03B030BD00BFF0
:10F59000281B010810B53023044683F3118800F0BE
:10F5A0004DFF02230020237280F3118810BD38B56F
:10F5B000436904460D461BB904210844FFF72CFC9F
:10F5C000294604F10C00FFF7AAFE002806DA201DE8
:10F5D0004FF40061BDE83840FFF71EBC38BD302352
:10F5E00083F311880023406983F31188B0FA80F017
:10F5F000400970474FF0FF31FFF73ABB01F008B800
:10F600000123037000230C3040F8083C40F8043C10
:10F61000FFF77EBB10B53023044683F311884160A9
:10F6200001F00CF802230020237080F3118810BD34
:10F6300010B53023044683F3118801F073F80023DA
:10F6400001226360227083F3118810BD302383F39D
:10F650001188436899685A684FF480338B409361EE
:10F66000002383F311887047302383F311884368A4
:10F6700099685A6801238B409361002383F31188B2
:10F68000704710B5302484F311880324047001F00E
:10F690008CF8002383F3118810BD38B5044630255B
:10F6A00085F31188032504F8085B01F067F820460C
:10F6B000FFF7A0FF002383F3118838BD10B5302376
:10F6C000044683F31188032304F8083B01F06DF826
:10F6D0002046FFF78FFF002383F3118810BD10B57C
:10F6E0003023044683F31188032304F8083B01F018
:10F6F00074F82046FFF77EFF002383F3118810BDC6
:10F700000C30FFF73DBB0C30FFF744BB10B504468F
:10F71000002101F01DFC0021204601F00BFC636874
:10F720001B6813B1062120469847A36823F00113F4
:10F73000A3600023E363062384F8343010BD01F096
:10F740006DBA012303700023C36183620362C36245
:10F750004362036343608360704738B504463023D7
:10F7600083F3118800254160C560056145618561AD
:10F7700001F05AFA0223237085F31188284638BD18
:10F7800070B53023044683F3118801F065FA2546ED
:10F7900000260123666005F80C3B1C3455F8043B39
:10F7A0007BB1586920B16FF001010C30FFF76EFAA0
:10F7B00055F8043C986920B16FF001010C30FFF757
:10F7C00065FAA54245F8046CE8D1FFF787F986F39E
:10F7D000118870BD70B500EB8103054650690E4677
:10F7E0001446DA6018B114220021F0F7C5FFA069B1
:10F7F00018B114220021F0F7BFFF31462846BDE8BA
:10F80000704001F047BAF8B504460027836800F15C
:10F81000100503F00113836000F11C0655F8043B4A
:10F820007BB1586920B16FF001010C30FFF72EFA5F
:10F8300055F8043C986920B16FF001010C30FFF7D6
:10F8400025FAB54245F8047CE8D12046BDE8F840E9
:10F8500001F0ACBAF0B4012500EB8104E4684789FB
:10F86000A4698D403D43458123600023A26063600D
:10F87000E360F0BC01F00CBBF0B4012500EB8104A7
:10F88000E468078964698D403D4305812360002356
:10F89000A2606360E360F0BC01F01ABB2DE9F041A7
:10F8A0000223002504464FF030080370C564C56389
:10F8B000856000F10C0600F11C0756F8043BABB163
:10F8C00088F3118856F8043C586920B16FF00101A3
:10F8D0000C30FFF7DBF956F8043C986920B16FF063
:10F8E00001010C30FFF7D2F985F31188BE4246F8CA
:10F8F000045CE2D1204684F8345001F039FA6368A0
:10F900001B6823B12046BDE8F04100211847BDE83F
:10F91000F081F8B503780446052B29D080F85030E3
:10F920000523037043681B680BB104219847002628
:10F930003027A66004F10C051C3455F8043BABB12C
:10F9400087F3118855F8043C586920B16FF0010124
:10F950000C30FFF79BF955F8043C986920B16FF023
:10F9600001010C30FFF792F986F31188A542E4D12A
:10F97000F8BD0178052906D190F85020436802703F
:10F980001B6803B11847704770B590F834300446CF
:10F990003BB1836823F0011383600023C36380F8C5
:10F9A00034300021204604F1440201F055FA636826
:10F9B0009B684BB994F8443013F060052BD0204677
:10F9C000BDE87040FFF7A2BE204698470028F1D05E
:10F9D00094F84B2094F84A3043EA0223E26B9A42AF
:10F9E00088BFE36394F94430E16B002B80F202811D
:10F9F000002900F0F780092384F83430302383F3A2
:10FA0000118800212046E36BA26BFFF735FF00232E
:10FA100083F3118870BD94F8452003F07F0343EA17
:10FA2000022340F20232934200F0C98021D8B3F59C
:10FA3000807F4CD00DD8012B43D0022B00F0978053
:10FA4000002BBCD104F14C02A2630222E2632364C6
:10FA5000BEE7B3F5817F00F09F80B3F5407FAED164
:10FA600094F84630012BAAD1B4F84C3043F002038D
:10FA700036E0B3F5006F51D01BD8B3F5A06F35D089
:10FA8000A3F5C063012B9AD894F84920616894F8D3
:10FA900048304E6843EA0223204694F8462094F802
:10FAA0004710B04700288AD04368A3630368E36324
:10FAB0001AE0B3F5106F36D040F6024293427FF45D
:10FAC0007EAF544BA3630223E3630023BFE794F8A4
:10FAD0004630012B7FF473AFB4F84C3023F00203AF
:10FAE000A4F84C30A563E563256471E7B4F84430AD
:10FAF000B3F5A06F0ED194F84630204684F84E300E
:10FB000001F0C0F863681B6813B1012120469847D3
:10FB1000032323700023A363E36398E704F14F03F7
:10FB2000A3630123C3E72378042B10D1302383F38D
:10FB300011882046FFF767FE85F31188032163686B
:10FB400084F84F5021701B680BB12046984794F8F9
:10FB50004630002BDED084F84F30042323706368D6
:10FB60001B68002BD6D0022120469847D2E794F894
:10FB7000483020461D0603F00F010AD501F050F968
:10FB8000012804D002287FF41AAF234B9AE7234BB5
:10FB900098E701F029F9F3E794F84630002B7FF459
:10FBA0000EAF94F8483013F00F01B3D01A06204678
:10FBB00002D501F0E5F9ADE701F0D6F9AAE794F82E
:10FBC0004630002B7FF4FBAE94F8483013F00F0161
:10FBD000A0D01B06204602D501F0BAF99AE701F041
:10FBE000A9F997E71423204684F83430BDE8704023
:10FBF00001F042B961B1152384F83430302383F326
:10FC0000118800212046E36BA26BFFF723FEFEE67E
:10FC10000B23E8E7541B0108501B0108521B010885
:10FC200008B500F0D5F80B4B9A6C42F020029A64AC
:10FC30009A6C9A6C42F040029A649A6C9A6C42F008
:10FC400080029A649A6C9A6C42F480729A649B6CFB
:10FC500008BD00BF000C014070470020704716230C
:10FC600003604FF0FF307047184670470020704720
:10FC700008B51346002158221846F0F77DFD4FF4D1
:10FC800000524260002008BD0120704710B50022DC
:10FC9000044608460121FFF749F918B90C234FF033
:10FCA000FF30236010BD000008B50248FEF7E4FDF8
:10FCB000F0F734FC561B010808B50248FEF7DCFDDE
:10FCC000F0F72CFC5B1B0108012070477047000017
:10FCD0000148FFF755B800BFF81300200148FFF7AF
:10FCE00059B800BFF81300200122090100F1604358
:10FCF00003F56143C9B283F8001300F01F039A4073
:10FD000043099B0003F1604303F56143C3F880217D
:10FD10001A607047012200F01F039A4043099B00BC
:10FD200003F1604303F56143C3F88020C3F88021E9
:10FD3000002300F1604000F5614080F80033704717
:10FD4000090100F16040C9B200F56D4001767047CD
:10FD500017498A68022A12D0032A26D0154B164961
:10FD6000012A08BF0B46124A926902F07F02013253
:10FD700052080132B3FBF2F3104A13607047104A85
:10FD80000B68526F49686FEA921201290CBF0A4949
:10FD90000C4902F0030203324A4303F01F0301330C
:10FDA0005B080133B2FBF3F3DDE7074BDBE700BF92
:10FDB000000C014000127A00006CDC0208140020E4
:10FDC000000401400048E801001BB700FFF7C0BF76
:10FDD00013B50C20032440F2BE71314B314A9C62B2
:10FDE000D862C2F8941000219962D9629C62D862EC
:10FDF0008020C3F81C0CD3F81C0CC3F81C0C009119
:10FE000001914FF40141C3F8481C4FF6FC71A3F572
:10FE1000744319630F2119600223136501234BF604
:10FE20008031D364936D03F001030193009B013390
:10FE30000093019B13B9009B8B42F3D1019B03B943
:10FE4000FEE7194B19498024C3F800140021A3F5DB
:10FE5000884399611C62196A012019622021586047
:10FE6000196019681960196801431960546790672F
:10FE7000D16F0329FCD102229A6001220021DA60AD
:10FE8000074A9162D1629A6C42F400429A649A6C79
:10FE9000DA6C42F40062DA64DB6C02B010BD00BFC1
:10FEA0000000014000040140005001401300000325
:10FEB000134B834223D1134B02201A6C124942F494
:10FEC00080721A641A6C42F002021A64D3F8882015
:10FED00042F00202C3F88820D3F8882022F0020200
:10FEE000C3F8882001225A63DA670864DA660822B8
:10FEF0005A615A695A615A6942F001025A6170475F
:10FF0000504F0020000C0140004C0140084B834240
:10FF10000CD1084B5A6902F008025A6100225A615A
:10FF2000DA66DA671A6C22F002021A64704700BFC0
:10FF3000504F0020000C01400F4A936C43F40043E3
:10FF400043F0200393644FF080436FF4C0521A6370
:10FF50004FF07072DA624FF020721A6000225A601D
:10FF60009A60DA604FF44C325A62012203F5A033F2
:10FF70005A700722DA727047000C01400E4A6FF483
:10FF80008051936C43F4004343F0200393644FF09B
:10FF900080436FF4C0521A6300221A609A60DA60DC
:10FFA00019634FF0807119604FF4805159605A62A3
:10FFB0004FF080529A617047000C014010B5074C19
:10FFC0006369DB0704D5064A13680BB1506898478C
:10FFD00001236361BDE81040FEF760BF00180040D8
:10FFE000B04B002010B5074C63699B0704D5064A47
:10FFF00093680BB1D068984702236361BDE8104055
:020000040801F1
:10000000FEF74CBF00180040B04B002010B5074C65
:1000100063695B0704D5064A13690BB150699847B9
:1000200004236361BDE81040FEF738BF00180040AC
:10003000B04B002010B5074C63691B0704D5064A76
:1000400093690BB1D069984708236361BDE81040FC
:10005000FEF724BF00180040B04B002010B5074C3D
:100060006369DB0604D5064A136A0BB1506A9847E8
:1000700010236361BDE81040FEF710BF0018004078
:10008000B04B0020164B10B55C69A30604D5154A89
:10009000936A0BB1D06A9847600604D5114A136B76
:1000A0000BB1506B9847210604D50E4A936B0BB1E8
:1000B000D06B9847E20504D50A4A136C0BB1506C1B
:1000C0009847A30504D5074A936C0BB1D06C9847A9
:1000D000BDE810404FF47872014B5A61FEF7DEBE66
:1000E00000180040B04B00201A4B10B55C69620547
:1000F00004D5194A136D0BB1506D9847230504D5EB
:10010000154A936D0BB1D06D9847E00404D5124A9F
:10011000136E0BB1506E9847A10404D50E4A936E2E
:100120000BB1D06E9847620404D50B4A136F0BB124
:10013000506F9847230404D5074A936F0BB1D06FD3
:100140009847BDE810404FF47C42024B5A61FEF7DD
:10015000A5BE00BF00180040B04B0020062108B526
:100160000846FFF7C1FD06210720FFF7BDFD062168
:100170000820FFF7B9FD06210920FFF7B5FD06218C
:100180000A20FFF7B1FD06211020FFF7ADFDBDE805
:10019000084006212120FFF7A7BD08B50620FFF77C
:1001A000B9FD0720FFF7B6FD0820FFF7B3FD0920D2
:1001B000FFF7B0FD0A20FFF7ADFD1020FFF7AAFD05
:1001C000BDE808402120FFF7A5BD00000023194627
:1001D000044A0133102B1160516002F10802F8D17A
:1001E000704700BFB04B0020C9434FF05533016347
:1001F00002F003015943016042F380014160C2F300
:10020000C10159438160C2F341115943C160C2F336
:10021000C1214B43C3624FF01133C2F3C3125A439F
:1002200002624262704700001A4B70B59C6C0F2648
:1002300044F4C0649C649B6C012301F003048B4074
:1002400021F0030101F1804101F5A0518D68A40066
:10025000C0F38320A04006FA04F425EA04052843ED
:100260008860D8430C4912F0010F8C6814BF1C43FE
:1002700004408C6012F0020FCA6814BF1A43024097
:10028000CA60054A536111680B4313605368034009
:10029000536070BD000C0140001800404FF0E02397
:1002A00040F2BF325A6100229A61072208210B20D6
:1002B0001A61FFF745BD08B5302383F31188FEF7B7
:1002C000E7FA002383F3118808BD08B5FFF7F3FFB1
:1002D000BDE80840FEF7E2BD024A536843F002035E
:1002E0005360704700380040024A536843F00203ED
:1002F0005360704700840040F8B5D0F8546105465B
:100300007369D806DCB20AD5302383F311884FF421
:100310008061281DFEF780FD002383F311883023C0
:1003200083F311882F1D14F00F032FD183F311884D
:100330007368980714D5A10612D5302383F311886A
:10034000E818FFF792F8002841DA0821281DFEF787
:1003500063FD736823F002037360002383F3118845
:1003600073689A0711D563060FD5302383F311887C
:100370006A6CAB6C9A4205D1AB6B1BB11021281D86
:10038000FEF74AFD002383F31188F8BD14F0020F35
:1003900014BF4FF480710021620748BF41F0200173
:1003A000230748BF41F0400114F00104384618BF4C
:1003B00041F08001FEF730FD33682CB195F85811FB
:1003C00028461940FFF7F3F87469E4B2ABE73060F0
:1003D000C3E7000008B50348FFF78EFFBDE80840FB
:1003E000FEF75CBD8C4D002008B50348FFF784FF85
:1003F000BDE80840FEF752BD304C002010B5094C56
:1004000000212046084AFFF7A5F8084B0021C4F850
:100410005431074C074A2046FFF79CF8064BC4F8B6
:10042000543110BD8C4D0020D90201080038004025
:10043000304C0020E90201080084004038B5374DF7
:10044000037A002918BF0D46012B044635D1344BE1
:10045000984217D1334B0A219A6C1E2042F48042F5
:100460009A649A6CD3F8902042F48042C3F89020AA
:10047000D3F8902022F48042C3F89020D3F8903033
:10048000FFF732FC284B9C4217D1264B0821DA6C2F
:10049000202042F00802DA64DA6CD3F8942042F0AB
:1004A0000802C3F89420D3F8942022F00802C3F87D
:1004B0009420D3F89430FFF717FCD4F85431E9793D
:1004C0001A6902F050020A4329681A614A0802F1C7
:1004D000B76202F55842B2FBF1F202F00F01C3F825
:1004E000C0108021D960C2F3071119600021C2F346
:1004F00007325A60D96068792A790243A8790243A1
:10050000DA600122C3F89C10C3F898205A6842F0C0
:1005100005025A60FF2384F8583138BD601B01087A
:100520008C4D0020000C0140304C002070B504467A
:10053000C5692E6BC26A6B6A9A4234BFC36A6B6A22
:10054000013B30D2E36A002B39D1EB6202232370E6
:1005500063681B680BB120469847302383F31188EA
:10056000002104F10800FEF791FB002383F31188BA
:10057000F30717D5286A228E666AE36A616AD31A7E
:100580003344121A934228BF134699424FF6FF7123
:1005900038BF636A013B1BD2636A1BB9EB6A23F065
:1005A0000103EB6270BD296EE26A013AE262A26A5F
:1005B000002AC5D01170A26A0132A262C0E7E26AC5
:1005C000EB699A429EBFE36A03F1FF33EB61CFE729
:1005D000626A013A6262226A0AB92966DAE712F8A7
:1005E000010B28662262D5E708B50348FFF79EFF96
:1005F000BDE80840FEF752BCE84E002008B50348AD
:10060000FFF794FFBDE80840FEF748BC1C4F0020F0
:1006100010B5064C2046FEF7F3FF054BE361054C91
:100620002046FEF7EDFF044BE36110BDE84E0020CD
:10063000003000401C4F00200090004010B50378AF
:100640000446012B45D1344B98421FD1334B0A212C
:100650009A6C1A2042F480529A649A6CD3F89020D3
:1006600042F48052C3F89020D3F8902022F48052B4
:10067000C3F89020D3F89030FFF736FB6268E36947
:10068000128A5A611A6942F001021A61244B9C4293
:100690001FD1224B0921DA6C1B2042F01002DA64D0
:1006A000DA6CD3F8942042F01002C3F89420D3F807
:1006B000942022F01002C3F89420D3F89430FFF76E
:1006C00013FB6268E369128A5A611A6942F00102F7
:1006D0001A616168E269CB8989890B4343F007039A
:1006E0009BB21360238E4BB90123936191699942A8
:1006F0000DD10133B3F5807FF7D1238600239361B9
:10070000D361D36A23F0FF03D362936C10BD012B36
:1007100008BF0023F1E700BFE84E0020000C0140B5
:100720001C4F002010B503780446022B1FD1002275
:10073000C3699A60DA6A22F0FF02DA629B6C0C4BA2
:10074000984208D11A20FFF7E5FA0A4B9A6C22F476
:1007500080529A649B6C084B9C4208D11B20FFF787
:10076000D9FA044BDA6C22F01002DA64DB6C10BDAB
:10077000E84E0020000C01401C4F002010B50C4634
:1007800091B18362038E4162C1625908A14228BFC0
:100790002146C369026299610139D961DA6A42F07E
:1007A0001102DA6201229A6010BD10B50C4699B1AF
:1007B00000238362038E4162C1625908A14228BFAF
:1007C0002146C369026299610139D961DA6A42F04E
:1007D0001102DA6201229A6010BD10B50C4699B17F
:1007E00000230362038E4162C1625908A14228BFFF
:1007F0002146C369826299610139D961DA6A42F09E
:100800001102DA6201229A6010BD000010B590F862
:1008100034300446B3B1063BDAB20F2A11D80F2B9D
:100820000FD8DFE803F00F0E0E080F0F0E0E0E0E9E
:100830000E0E0E0E0F0F036C03B19847002384F8C1
:10084000343010BD00216022064B99735A7499739D
:100850005A7463681B6813B1062120469847062323
:10086000EDE700BF0040014090F8342010B5152A94
:1008700004460CD8012393400C4A134208D19B0232
:1008800005D5036C03B19847002384F8343010BDBC
:1008900000216022064B99735A7499735A74436805
:1008A0001B680BB1062198470623EEE7410E1000A6
:1008B000004001400146F8B5284C861C04EB860335
:1008C0005F682748BB698173027DD20739D5254A05
:1008D0009D68817390F817E002EB810C827D42EAFB
:1008E0000E22A81885422DD1986810449860586847
:1008F000104458601868801A1860188A013880B24D
:1009000018827B8A934200D808BB012303FA01F2C4
:10091000638923EA0203638104EB86035B68DB6877
:100920000BB10E489847302383F3118804EB8604FB
:100930006368986941680C30FEF7A8F9002383F3D7
:100940001188F8BD9CF800E005F801EBCAE7044AFD
:10095000137D03F0FE031375F3E700BF504F002033
:100960000040014020400140F8B5214C871C04EBB9
:1009700087035E680146726950681568A84219D3FA
:10098000012303FA01F2238923EA02032381B368D6
:100990000BB120469847302383F3118804EB87047A
:1009A0006368002158690C30FEF770F9002383F367
:1009B000118817E00F4B9973136918445060281A77
:1009C000DED0348A844228BF044690681461034410
:1009D0000948936000EB81001C44A34203D101222B
:1009E000044B5A74F8BD13F8012B0270F5E700BFF1
:1009F000504F002000400140204001402DE9F041CF
:100A0000844B9B799C07DFB202D58348FEF7B1FF88
:100A1000780702D58048FEF741FF390713D57E4C91
:100A20006368DB6823B97B4AD37A03F0F703D37298
:100A30002378052B02D17848FEF79BFF6368DB68BB
:100A40000BB175489847734B9A781D7902F0FF06F1
:100A5000EDB252B9002D3AD1FB0702D56E48FEF730
:100A600058FFBDE8F041FEF719BAF20720D5002281
:100A7000694CE0689A7393F811C01CF0040F5FFA98
:100A80008CF11CBF5A7484F83420CB0605D5802223
:100A9000604B5A74002384F8343094F834300BB12E
:100AA000062B24D1CC0703D5436800215A48984728
:100AB000B20702D50120FFF757FF730702D50220C6
:100AC000FFF752FF340702D50320FFF74DFFA807B9
:100AD00002D50120FFF7EEFE690702D50220FFF7DD
:100AE000E9FE2A07B8D50320FFF7E4FEB4E7092B97
:100AF0004CD1DFF820C19CF81130DAB213F00203B8
:100B0000D6D102F01102112AD2D042698CF80E30EF
:100B100051681369D2F800E019445160BEEB01013D
:100B2000B0F8108016D0414528BF41469468116145
:100B3000234493605A18934207D1038A99422CBFE9
:100B400002210A218CF81110B2E713F8014B8CF83E
:100B50002040F0E7434504D10A238CF8113011619D
:100B6000A6E7238923F00103238183680BB12A4878
:100B70009847302383F311880021E36858690C30CB
:100B8000FEF784F8002383F3118891E7152B8FD1AA
:100B9000DFF880E09EF81130D90789D500228369FB
:100BA000D3F808C08EF80E209EF81620D1B2624409
:100BB000944527D19A680A449A605A680A445A6050
:100BC0001A68521A1A601A8A013A92B21A82438A31
:100BD0008B424FF000010F4B997300D8BAB94822ED
:100BE0005A74638923F001036381E368DB6813B1FE
:100BF000002109489847302383F31188E3689869F6
:100C00004168BCE79EF820800CF8018BD0E74022B9
:100C10005A744DE700400140504F00200148FEF754
:100C200090BD00BF504F002010B50478012C0ED1AC
:100C3000074AC260FFF73CF90022064B0D21DA7229
:100C4000DC715A720E20BDE81040FFF74DB810BDA0
:100C5000681B01080040014010B503780446012BD1
:100C60000CD00E20FFF756F80022054B2046DA7212
:100C7000DA715A72BDE81040FFF748B910BD00BFE5
:100C80000040014090F84E20014B1A70704700BFA1
:100C90000040014000EB8100344BC26801F00F01BD
:100CA00010B59973106800F00300002956D002288F
:100CB0002CD003282AD0012827D153690BB9936976
:100CC0001BB3E020294B9874108AC0F3C700187436
:100CD000402058740820587458740120DC7900FAB8
:100CE00001F149B241EA0400C0B2D871C020587580
:100CF000528AC2F3C702DA7480221A7510221A755A
:100D00001A755A7A1143C9B2597210BD506980B12F
:100D100000209874108AC0F3C700187440205874DB
:100D20000820587458740120DC7988402043C0B2F0
:100D3000D8719369002BE8D000200C4B5875528A6B
:100D4000C2F3C702DA7480221A7510221A751A7556
:100D50000122587A02FA01F10143D4E70028D4D1E4
:100D6000DA7942F00102DA71CFE700BF00400140BA
:100D7000002208B50B4BDA715A724268D2681AB178
:100D8000DA7A42F00802DA72074B0021C360FFF7FB
:100D900081FF0122034B5A70DA7A42F00102DA72C3
:100DA00008BD00BF00400140681B010870B50D4B35
:100DB0000021DA79402602F00102DA7108240122CA
:100DC0008025102059729A730132D2B2042A997484
:100DD0005E745C745C7459751D7518751875F2D164
:100DE00070BD00BF004001400C4B01F00F029A7330
:100DF00041B95A7C52070ED4D87910F0010018BFBF
:100E000002207047187D10F0200004D15B7A134156
:100E100013F0010FF3E70120704700BF00400140CD
:100E20000C4B01F00F029A7341B95A7C52070ED451
:100E3000D87910F0010018BF02207047587C10F0DC
:100E4000100004D1DB79134113F0010FF3E7012007
:100E5000704700BF0040014001F00F03054901EB5E
:100E6000830102F10803087802F8010B9342FAD1DA
:100E7000704700BF204001404822044B01F00F01A1
:100E800099735A74002380F8343070470040014051
:100E900010B501F00F0400EB8101CB6899690A6875
:100EA00072B1588A1318013BB3FBF0F39BB20B826B
:100EB000064B9C7334B11A7D02F0FE021A7510BD08
:100EC0000123F4E740225A74F9E700BF00400140D3
:100ED00000EB810311F00F0170B508BF4025DC68FD
:100EE00008BF124B626904BF99735D74238A156849
:100EF0000F4CAB4228BF2B461361926804EB810470
:100F0000D518AA4205D1094A917331B1012353740E
:100F100070BD12F8016B2670F3E7517CC168098A35
:100F20008B422CBF02230A23F1E700BF004001409F
:100F300020400140054B01F00F01997311B12022AF
:100F40001A75704760225A74704700BF0040014014
:100F5000044B01F00F01997311B110225A747047BC
:100F60006022FBE700400140044B01F00F01997340
:100F700011B180221A7570475974704700400140C2
:100F8000044B01F00F01997311B140225A7470475C
:080F9000597470470040014054
:100F9800000000B400B480140000004001000040CC
:100FA8000200004003000040040000400D0800401B
:100FB8000C0400400D0400400E04004006080040E8
:100FC80007080040080800400908004004080040DD
:100FD8000508004000FF9600002020202020202047
:100FE80020202828282828202020202020202020D1
:100FF80020202020202020202088101010101010E1
:10100800101010101010101010040404040404042C
:1010180004040410101010101010414141414141C6
:1010280001010101010101010101010101010101A8
:1010380001010101101010101010424242424242B8
:101048000202020202020202020202020202020278
:101058000202020210101010200000000000000020
:101068000000000000000000000000000000000078
:101078000000000000000000000000000000000068
:101088000000000000000000000000000000000058
:101098000000000000000000000000000000000048
:1010A8000000000000000000000000000000000038
:1010B8000000000000000000000000000000000028
:1010C8000000000000000000000000000000000018
:1010D800000000000000000000000000040C0020D8
:1010E80000000000000000000000000000000000F8
:1010F80000000000000000000000000000000000E8
:1011080000000000000000000000000000000000D7
:1011180000000000000000000000000000000000C7
:1011280000000000000000000000000000000000B7
:1011380000000000000000000000000000000000A7
:101148001B1A191817161D1E1F2000000000FF008B
:10115800FF55FFAAFF2BFFBFFF6A010100080040EF
:101168000108004002080040030800400600004053
:101178000A0400400B040040FFFFFFFFFFFFFFFFD2
:101188000C0400400D0400400E0400400608004016
:10119800070800400808004009080040040800400B
:1011A80005080040610D0A00450050004F004D0041
:1011B80041004B0045005200000032002E00340070
:1011C8004700200044006F006E0067006C00650057
:1011D800000053706C697436352D310053706C699A
:1011E8007436352D320053706C697436352D3300E2
:1011F80053706C69743635204254340053706C69EE
:10120800743635204254350000080040010800407B
:101218000208004003080040060000400A0400409D
:101228000B040040FFFFFFFFFFFFFFFF0C0400401F
:101238000D0400400E040040060800400708004066
:10124800080800400908004004080040050800405C
:101258000948032181620C21C162084890F81003F3
:10126800074900F00F000A68824200D00860002099
:10127800401C2328FCDB70470000014000F0FF1FE2
:10128800040401400748032181620C21C162064819
:10129800016801F00F01082901D90821016000BF88
:1012A80000BF7047000001400404014000000040F6
:1012B800010000400200004003000040040000401C
:1012C8000D080040A900AA00A900AA00A900AA00C8
:1012D800A900AA00000000000000000000000000B3
:1012E80000000000000035001E001F002000210043
:1012F80022002300000000002B0014001A00080040
:101308001500170000000000000039000400160056
:10131800070009000A00000000000000E1001D00AD
:101328001B00060019000500000000000000E00096
:10133800E300E200000000002C00000000000000B4
:101348000000000000000000000000000000000095
:10135800000024002500260027002D002E00000094
:101368002A00A8001C0018000C00120013002F000F
:10137800300031004C000B000D000E000F00330050
:101388003400000028004B00110010003600370020
:1013980038000000E50052004E0000002C0000005C
:1013A800E6002152E400500051004F000000000008
:1013B80000000000000000000000000000002900FC
:1013C8003A003B003C003D003E003F0000000000AA
:1013D8004378007E017E027E037E17000000000035
:1013E8000000390004000252070009000A0000004A
:1013F80000000000E1001D00427806001900057E8B
:10140800000000000000067E0B70E20000000000F3
:10141800077E00000000000000000000000000003F
:1014280000000000000000000000400041004200F1
:101438004300440045000000037CA8001C0018007D
:101448000C001200130046784578310049000B0063
:101458000D000E000F0048784778000028004A0069
:10146800137010003600370038000000E500497896
:101478004D0000002C000000E6000000E4004C785D
:101488004A784B78000000000000000000000000CF
:1014980000000000000035001E001F002000210091
:1014A80022002300000000002B0014001A0008008E
:1014B80015001700000000000000390004001600A5
:1014C800070009000A00000000000000E1001D00FC
:1014D8001B00060019000500000000000000E000E5
:1014E800E200E300000000002C0000000000000003
:1014F80000000000000000000000000000000000E4
:10150800000024002500260027002D002E000000E2
:101518002A00A8001C0018000C00120013002F005D
:10152800300031004C000B000D000E000F0033009E
:101538003400000028004B0011001000360037006E
:1015480038000000E50052004E0000002C000000AA
:10155800E7002352E400500051004F000000000053
:10156800000000000000000000000000000029004A
:101578003A003B003C003D003E003F0000000000F8
:101588004378007E017E027E037E17000000000083
:101598000000390000521600070009000A00000088
:1015A80000000000E1001D00427806001900057ED9
:1015B800000000000000067EE200E30000000000DA
:1015C800077E00000000000000000000000000008E
:1015D8000000000000000000000040004100420040
:1015E8004300440045000000037CA8001C001800CC
:1015F8000C001200130046784578310049000B00B2
:101608000D000E000F0048784778000028004A00B7
:10161800137010003600370038000000E5004978E4
:101628004D0000002C000000E700E600E4004C78C4
:101638004A784B78E200E900EA00B500B600B70046
:10164800CD008301CC008A0192019401210223027A
:1016580024022502260227022A02B300B4006F00E2
:1016680070009F01CB019F02A002E200E900EA009E
:10167800B500B600B700CD008301CC008A01920105
:1016880094012102230224022502260227022A02AB
:10169800B300B4006F0070009F01CB019F02A0024D
:1016A80010200020003131295A1B750AFF00000064
:1016B80051B8000889B80008A1B80008BDB80008EA
:1016C80000010101010101010101020202020202FD
:1016D80002020203030303030303030404040404D0
:1016E8000404050505050506060606060707070797
:1016F8000708080808090909090A0A0A0B0B0B0C4C
:101708000C0C0D0D0D0E0E0E0F0F0F1010111111E8
:101718001212131314141515161617171818191969
:101728001A1A1B1B1C1D1D1E1E1F202021222223CE
:101738002424252626272829292A2B2C2D2D2E2F0F
:1017480030313232333435363738393A3B3C3D3E26
:101758003F404142434445464748494A4C4D4E4F15
:1017680050515354555658595A5B5D5E5F616264D7
:10177800656668696B6C6D6F7072737577787A7B64
:101788007D7E8082838587888A8C8E8F91939596BB
:10179800989A9C9EA0A2A3A5A7A9ABADAFB1B3B5DB
:1017A800B7BABCBEC0C2C4C6C9CBCDCFD1D4D6D8B7
:1017B800DBDDDFE2E4E7E9EBEEF0F3F5F8FAFDFF55
:1017C80000FF0100010000FFFF0000010001FF0011
:1017D80000000000000400400F00000000000000AE
:1017E80020000000000000000000000000000000D1
:1017F80000000000000000000000000000000000E1
:101808000000000000000000000000002A2B280053
:101818000000000000000000000000000000002997
:10182800000000002C1E3420212224342627252ED7
:10183800362D3738271E1F2021222324252633330F
:10184800362E37381F0405060708090A0B0C0D0E3B
:101858000F101112131415161718191A1B1C1D2F07
:101868003130232D350405060708090A0B0C0D0E27
:101878000F101112131415161718191A1B1C1D2FE7
:101888003130354C000000007E0F00D4FFFFFFC749
:101898000000007871DB0008D9DA0008B9D900081F
:1018A80000000000D9180108F218010812190108EF
:1018B80034190108A2190108C41901084422B609FB
:1018C800025B00030100A0FA090400000103010102
:1018D80000092111010001224400070581030800C5
:1018E800010904010002030000000921110100019F
:1018F80022220007058203200001070502032000B9
:10190800010904020001030000000921110100017E
:1019180022B600070583032000011201000200001F
:1019280000402D34C6E43000010203010501090618
:10193800A101050719E029E715002501950875019A
:1019480081029501750881010507190029FF150015
:1019580026FF009506750881000508190129051557
:10196800002501950575019102950175039101C046
:10197800040309041203450050004F004D004100C4
:101988004B004500520000001003530070006C002B
:10199800690074003600350000000660FF0961A187
:1019A800010962150026FF00952075088102096368
:1019B800150026FF00952075089102C0050109024F
:1019C800A10185020901A1000509190129081500CD
:1019D8002501950875018102050109300931158134
:1019E800257F95027508810609381581257F95019F
:1019F80075088106050C0A38021581257F95017541
:101A0800088106C0C005010980A101850319012AC2
:101A1800B700150126B700950175108100C0050CA7
:101A28000901A101850419012AA002150126A002B5
:101A3800950175108100C005010906A101850605FB
:101A48000719E029E71500250195087501810205A8
:101A580007190029EF1500250195F0750181020588
:101A680008190129059505750191029501750391DC
:101A780001C0303132333435363738394142434486
:101A88004546000068240108A44F0020A44F002008
:101A9800A44F002068240108000000000000000096
:101AA8000000000068240108000000000000000099
:101AB8000000000068240108000000000000000089
:101AC8000000000068240108000000000000000079
:101AD8000000000068240108000000000000000069
:101AE8000000000068240108000000000000000059
:101AF8000000000068240108000000000000000049
:101B080000000000633000000C1B0108083F0020A3
:101B1800184000206D61696E0069646C6500000002
:101B28000000000019F5000809F5000839F500085B
:101B380029F5000833F5000823F5000813F5000817
:101B480003F5000843F5000800000100000065786F
:101B58006974006B696C6C0000960000030000005B
:101B68000000000089F900080D080108690801084B
:101B780040004000184000201840002001000000EC
:101B88002C4000205245454E54206D616C6C6F63AB
:101B98002073756363656564656400002E2E2F2EBF
:101BA8002E2F2E2E2F2E2E2F2E2E2F2E2E2F2E2E48
:101BB8002F2E2E2F6E65776C69622F6C6962632FEA
:101BC8007374646C69622F72616E642E6300000026
:101BD8002C2066756E6374696F6E3A2000000000F1
:101BE800617373657274696F6E2022257322206693
:101BF80061696C65643A2066696C652022257322E8
:101C08002C206C696E65202564257325730A0000F5
:101C1800232D302B20000000686C4C00656667455A
:101C2800464700003031323334353637383941428F
:101C380043444546000000003031323334353637EE
:0C1C4800383961626364656600000000CA
:081C5400F0E5FE7F0100000035
:101C5C00040C0020000000002811010808110108E4
:101C6C00E810010800000000000000000000000067
:101C7C000000000000000000000000000000000058
:101C8C000000000000000000000000000000000048
:101C9C000000000000000000000000000000000038
:101CAC000000000000000000000000000000000028
:101CBC00000000000000FF00092700088927000829
:101CCC0051290008D12700082D2800080000000029
:101CDC0001000000C0270900000000640E0802018A
:101CEC000101010101010001FFFFFFFFFFFFFFFFE9
:101CFC00FFFFFF1C1B1A19181716FFFF10111213E8
:101D0C001415FFFFFF020F0E0D0C0BFFFFFF030658
:101D1C000708090AFFFFFF040105FFFF00FFFFFF93
:101D2C00FFFFFFFFFFFFFFFFFF1D1E1F202122FFF4
:101D3C0023FF2C2B2A2928272625242D2E2F303122
:101D4C0032FF33343C3B3A3938FF373635FF3DFFF1
:101D5C003E3F404142434140134005200930024080
:101D6C0024401F302D303B30483056304F2041201E
:101D7C0034202620182003101510221030103E108D
:101D8C004C1053004500370029001C000E000000C9
:101D9C0060006E007C008A009800A500BA00D2108A
:101DAC00BE10AC109F1091108310751067105A1054
:101DBC005D206B20792086209420A220B820D22090
:101DCC00D230C130AE309B308D30803072306430C8
:101DDC006B4086409440A240B040BF40D2400404C7
:101DEC0004040404040404040404040404040404A7
:101DFC000404040404040404040404040404040497
:101E0C000404040404040404040404040404040486
:101E1C000404040404040404040404040404040476
:101E2C0004040000941F00209C1F002095740008DF
:101E3C000008004001080040020800400308004070
:101E4C00060000400A0400400B040040FFFFFFFFA7
:101E5C00FFFFFFFF000000400100004002000040B7
:101E6C0003000040040000400D080040000000008A
:101E7C000100000000000000000000000C00020047
:101E8C00000000000C000E0000000000000000002C
:101E9C000000000001001A0000000000000000001B
:101EAC0008001B0000000000000000000000000003
:101EBC00A9790008040024000000000000000000C4
:101ECC0001002800000000000000000001002900B3
:101EDC00000000000000000001002A0000000000CB
:101EEC00000000000C002C000000000000000000AE
:101EFC0004003800000000008979000820003C0034
:101F0C00000000000000000001003900000000008B
:101F1C00AD7900080000000020005C00000000000B
:101F2C00000000000000000000000000450045001B
:101F3C0045004500450000FF00FFFF033905011473
:101F4C000A1E0150082803010200000100000000D5
:101F5C0000C20100030000008C4D00200096000020
:101F6C000300000001D3000829DE00083FDE000852
:101F7C0049DE000853DE00085DDE000800000000AA
:101F8C000000000002000000000000000000000043
:101F9C000000000000000000000000000000000035
:101FAC000000000000000000000000000000000025
:101FBC000000000000000000000000000000000015
:101FCC0000000000060000000000000000000000FF
:101FDC0003000000000000000000000000000000F2
:101FEC0000000000000000000000000000000000E5
:101FFC0000000000000000000000000000000000D5
:10200C0000000000000000000000000000000000C4
:10201C0003000000000000000000000000000000B1
:10202C0000000000000000000000000000000000A4
:10203C000000000000000000000000000000000094
:10204C000000000000000000000000000000000084
:10205C000000000000000000000000002000000054
:10206C00C40F00201010002011E40008F1E3000858
:10207C0027E4000809E5000825E5000831E500081B
:10208C000000000000000000040000000000000040
:10209C000000000000000000000000000000000034
:1020AC000000000000000000000000000000000024
:1020BC000000000000000000000000000000000014
:1020CC000000000000000000030000000000000001
:1020DC0000000000060000000000000000000000EE
:1020EC0000000000000000000000000000000000E4
:1020FC0000000000000000000000000000000000D4
:10210C0000000000000000000000000000000000C3
:10211C000000000020000000000000000000000093
:10212C002C0F0020780F0020301000200000000041
:10213C007C1000200000000000000000C8100020EF
:10214C006DE4000845E4000889E4000881E5000816
:10215C00A5E50008BDE50008000000000000000037
:10216C000000000000000000000000000000000063
:10217C000000000000000000000000000000000053
:10218C000000000000000000000000000000000043
:10219C000000000000000000000000000000000033
:1021AC0008000000081100205411002011E4000860
:1021BC00F1E3000827E4000809E5000825E500081C
:1021CC0031E50008010200000000000000000000E2
:1021DC0000000000000000000000000000000000F3
:1021EC0000000000000000000000000000000000E3
:1021FC0000000000000000000000000000000000D3
:10220C000300000000000000F1E1000800000000E5
:10221C002000000000000000000000000200000090
:10222C0000000000000000000000000000000000A2
:10223C000000000000000000000000000000000092
:10224C000000000000000000000000000000000082
:10225C00504F00200300000004000000200000008C
:10226C00D83D00200000000000000000EC10002011
:10227C000000000000000000000000000000000052
:10228C000000000000000000000000000000000042
:10229C000000000000000000000000000000000032
:1022AC00000000000000000003000000000000001F
:1022BC00F1E1000800000000080000000000000030
:1022CC000000000002000000000000000000000000
:1022DC0000000000000000000000000000000000F2
:1022EC0000000000000000000000000000000000E2
:1022FC000000000000000000504F00200100000012
:10230C000400000008000000883C002000000000D1
:10231C000000000058110020000000000000000028
:10232C0000000000000000000000000000000000A1
:10233C000000000000000000000000000000000091
:10234C000000000000000000000000000000000081
:10235C000300000000000000F1E1000887E2000823
:10236C00200020000000000000000000020000001F
:10237C000000000000000000000000000000000051
:10238C000000000000000000000000000000000041
:10239C000000000000000000000000000100000030
:1023AC00504F00200200000004000000200000003C
:1023BC00B83C0020000000000000000014100020B9
:1023CC000000000000000000000000000000000001
:1023DC0000000000000000000000000000000000F1
:1023EC0000000000000000000000000000000000E1
:1023FC0000000000000000000000000000000000D1
:10240C0000000000000000000000000000000000C0
:10241C0000000000000000000000000000000000B0
:10242C0000000000000000000000000000000000A0
:10243C00504F0020020000000400000020000000AB
:10244C00483D002000000000F8130020F813002085
:0C245C00000000000000000000D8B805DF
:04000005080001B935
:00000001FF
