:020000040800F2
:1000000000040020B9010008BB010008BB01000882
:10001000BB010008BB010008BB010008BB010008D0
:10002000BB010008BB010008BB010008D9ED0008B6
:10003000BB010008BB010008BB0100086302010806
:10004000BB010008BB010008BB010008BB010008A0
:10005000BB010008BB01000855FF00087DFF000838
:10006000A5FF0008CDFF0008F5FF0008BB01000850
:10007000BB010008BB01000895090108BB0100088D
:100080001D000108BB010008BB010008BB010008FE
:10009000BB010008BB010008BB010008BB01000850
:1000A000BB010008BB010008810501089505010896
:1000B000BB010008BB0100086D030108BB0100087B
:1000C0008103010881000108BB010008BB01000891
:1000D000BB010008BB010008BB010008BB01000810
:1000E00072B6264880F30888254880F30988254899
:1000F00025490860022080F31488BFF36F8F0EF04B
:100100003FFB0DF097FE4FF0553020491B4A9142BE
:100110003CBF41F8040BFAE71D49194A91423CBF24
:1001200041F8040BFAE71B491B4A1C4B9A423EBF9D
:1001300051F8040B42F8040BF8E700201849194A5B
:1001400091423CBF41F8040BFAE70EF01DFB0EF0A4
:1001500018FB154C154DAC4203DA54F8041B8847C4
:10016000F9E707F0A3FE124C124DAC4203DA54F843
:10017000041B8847F9E70EF005BB000000040020CF
:10018000000C00200000000808ED00E00000002046
:1001900000040020F41B0108000C00200C140020B7
:1001A00010140020A44F0020E0000008E000000828
:1001B000E0000008E000000892E700F000F8FEE729
:1001C0002DE9F04FC1F80CD0C3689D46BDE8F08F13
:1001D000002383F311882846A04700200EF002FD7B
:1001E000FEE70EF033FC00DFFEE7000053B94AB92A
:1001F000002908BF00281CBF4FF0FF314FF0FF302F
:1002000000F08AB9ADF1080C6DE904CE00F01AF8DF
:10021000DDF804E0DDE9022304B07047430803F091
:100220005533C01A830803F0333300F033301844D9
:1002300000EB101000F00F3000EB002000EB00404E
:10024000000E70472DE9F047089E0D46044688468B
:10025000002B4DD18A42944668D9B2FA82F252B14B
:1002600001FA02F3C2F1200120FA01F10CFA02FCBA
:1002700041EA030894404FEA1C41B8FBF1F71FFA2A
:100280008CFE01FB178807FB0EF0230C43EA0843A2
:1002900098420AD91CEB030307F1FF3580F01E8159
:1002A000984240F21B81023F63441B1AB3FBF1F0FA
:1002B00001FB103300FB0EFEA4B244EA0344A64542
:1002C0000AD91CEB040400F1FF3380F00981A64534
:1002D00040F20681644402380021A4EB0E0440EA97
:1002E00007401EB10023D440C6E90043BDE8F087B3
:1002F0008B4208D9002E00F0EE800021C6E90005EF
:100300000846BDE8F087B3FA83F100294AD1AB4231
:1003100002D3824200F2FC80841A65EB03030120C1
:100320009846002EE2D0C6E90048DFE702B9FFDEBA
:10033000B2FA82F2002A40F09180A1EB0C00012178
:100340004FEA1C471FFA8CFEB0FBF7F307FB1300C4
:10035000250C45EA00450EFB03F0A84208D91CEB2A
:10036000050503F1FF3802D2A84200F2CE804346D1
:100370002D1AB5FBF7F007FB10550EFB00FEA4B2DB
:1003800044EA0544A64508D91CEB040400F1FF35F6
:1003900002D2A64500F2B6802846A4EB0E0440EA3D
:1003A00003409EE7C1F120078B4022FA07FC4CEA8C
:1003B000030C25FA07FA4FEA1C49BAFBF9F820FAB0
:1003C00007F309FB18AA8D401FFA8CFE1D4300FAA3
:1003D00001F308FB0EF02C0C44EA0A44A04202FA96
:1003E00001F20BD91CEB040408F1FF3A80F088807D
:1003F000A04240F28580A8F102086444241AB4FBAC
:10040000F9F009FB104400FB0EFEADB245EA0444CE
:10041000A64508D91CEB040400F1FF356CD2A645B3
:100420006AD90238644440EA0840A0FB0295A4EB74
:100430000E04AC42C846AE4656D353D0002E69D007
:10044000B3EB080264EB0E0422FA01F304FA07F797
:100450001F43CC40C6E90074002147E70CFA02FCB8
:10046000C2F1200125FA01F34FEA1C4720FA01F1FD
:1004700095400D43B3FBF7F107FB11331FFA8CFED8
:10048000280C40EA034001FB0EF3834204FA02F415
:1004900008D91CEB000001F1FF382FD283422DD97F
:1004A00002396044C01AB0FBF7F307FB1300ADB28A
:1004B00045EA004503FB0EF0A84208D91CEB0505F0
:1004C00003F1FF3816D2A84214D9023B6544281A1A
:1004D00043EA014138E73146304607E72F46E4E674
:1004E0001846F9E64B45A9D2B9EB020865EB0C0EAC
:1004F0000138A3E74346EAE7284694E74146D1E7B7
:10050000D0467BE76444023847E7023B65442FE767
:10051000084606E73146E9E6704700BF062008B501
:1005200000F08AFA01200FF08BFB00BF032A10B500
:1005300016D940EA010C1CF0030F04460B4622D1E9
:1005400019462046D1F800E0D0F800C00433F44545
:1005500004F1040417D1043A032A20461946EFD8BF
:10056000541EA2B100F1FF3C013901E0C3180CD0C8
:100570001CF801EF11F8012FA4EB0C039645F5D000
:10058000AEEB020010BD541EECE7184610BD10463D
:1005900010BD00BF844641EA000313F0030349D1B4
:1005A000403A23D30B6803604B6843608B688360D9
:1005B000CB68C3600B6903614B6943618B698361DD
:1005C000CB69C3610B6A03624B6A43628B6A8362C5
:1005D000CB6AC3620B6B03634B6B43638B6B8363AD
:1005E000CB6BC36340304031403ADBD230320BD367
:1005F0000B6803604B6843608B688360CB68C360A3
:1006000010301031103AF3D20C3205D351F8043BBC
:1006100040F8043B043AF9D2043208D0D2071CBF98
:1006200011F8013B00F8013B01D30B8803806046C1
:10063000704700BF082A13D38B07B1D010F0030313
:10064000AED0C3F10403D21ADB071CBF11F8013B83
:1006500000F8013BA4D331F8023B20F8023B9FE7AE
:10066000043AD9D3013A11F8013B00F8013BF9D221
:100670000B7803704B7843708B78837060467047BB
:1006800088420DD98B1883420AD900EB020CBAB10B
:10069000624613F801CD994202F801CDF9D17047B5
:1006A0000F2A0ED8034602F1FF3C4AB10CF1010CAF
:1006B000013B8C4411F8012B614503F8012FF9D15E
:1006C000704740EA01039B074FD1A2F1100370B5B8
:1006D00001F1200C23F00F0501F1100E00F11004C0
:1006E000AC441B095EF8105C0EF1100E44F8105C6F
:1006F0005EF81C5C103444F81C5C5EF8185C44F82E
:10070000185C5EF8145CE64544F8145CEAD10133E9
:1007100012F00C0F01EB031102F00F0400EB0313B6
:1007200027D08E46043C24F003064FEA940C1E4466
:100730001C1F5EF8045B44F8045FB442F9D10CF16D
:10074000010402F0030203EB840301EB840102F1D4
:10075000FF3C4AB10CF1010C013B8C4411F8012B18
:10076000614503F8012FF9D170BD034602F1FF3C4A
:100770009CE72246EBE700BF830730B548D0541E04
:10078000002A3FD00346CAB201E0013C3AD303F845
:10079000012B9D07F9D1032C2DD9CDB245EA0525B2
:1007A0000F2C45EA054536D9A4F1100222F00F0CB2
:1007B00003F1200EE6444FEA121C03F1100242E955
:1007C000045542E9025510327245F8D10CF101028C
:1007D00014F00C0F03EB021204F00F0C13D0ACF169
:1007E000040323F003030433134442F8045B9342ED
:1007F000FBD10CF003042CB1CAB21C4403F8012B4A
:100800009C42FBD130BD64461346002CF4D1F9E77D
:1008100003461446BFE71A46A446E0E738B5124B34
:1008200004461D68AA6B1AB10023C2E9044338BD0F
:10083000182000F02DFA0246A86378B100210B239E
:1008400001209381C2E90401084B0949094DC2E91D
:10085000011300231560C2E9044338BD4221064B51
:10086000064800F0CDF900BF000C0020ECDE0500CA
:1008700034126DE60E33CDAB241B01083C1B01087E
:1008800038B5194B1C68A26B8AB1136917495469B2
:1008900003FB01F1164800FB0411A3FB00300133F8
:1008A00041EB0001C2E9043121F0004038BD1820BD
:1008B00000F0EEF90246A06388B1012400250B2365
:1008C0000A480C49C2E90445116001460A4D0B4C27
:1008D00093810B4BC2E90154C2E9043138BD4E216A
:1008E000084B094800F08CF9000C00202DF45158F9
:1008F0002D7F954C0E33CDAB34126DE6ECDE05004A
:100900002E7F954C241B01083C1B010838B5446C14
:100910000CB1002038BD8021054600F02FFA0246B8
:10092000686430B1031F7C3243F8044F9342FBD11B
:10093000EFE74FF0FF3038BD1F29F8B5054608D85E
:10094000466C0C4617464EB156F8240046F8247003
:10095000F8BD16234FF0FF302B60F8BD802100F06A
:100960000DFA0646686440B10021031F00F17C05C2
:1009700043F8041F9D42FBD1E6E74FF0FF30F8BD7E
:100980001F2938B5054620D8426C0C466AB152F88A
:10099000213053B1012B16D0591C10D00025204610
:1009A00042F824509847284638BD284600F0F8F809
:1009B000224601462846BDE8384000F0DDB816233F
:1009C00001202B6038BD002038BD16234FF0FF30CA
:1009D0002B6038BD1F292BD8426C38B50C46054614
:1009E00082B152F8243002EB84024BB1591C1AD068
:1009F000012B16D00025204615609847284638BDA3
:100A0000012038BD802100F0B9F90246686460B168
:100A10000020131F02F17C0143F8040F9942FBD11F
:100A2000DFE7032038BD022038BD4FF0FF3038BD6E
:100A30004FF0FF30704700BF38B5144B1F281D68BA
:100A40001FD86A6C044662B152F820304BB1012BBA
:100A500015D0591C0FD0002542F820509847284641
:100A600038BD284600F09CF8224601462846BDE8DD
:100A7000384000F081B8162301202B6038BD0020DB
:100A800038BD16234FF0FF302B6038BD000C00201E
:100A9000124B1F2870B51E6808D80D46716C0446AD
:100AA00049B151F8240041F8245070BD16234FF08D
:100AB000FF30336070BD8021304600F05FF90146A1
:100AC000706440B10022031F00F17C0C43F8042F36
:100AD0006345FBD1E5E74FF0FF3070BD000C00200F
:100AE00038B50B4B1D686C6C0CB1002038BD8021F3
:100AF000284600F043F9686438B1031F00F17C0216
:100B000043F8044F9342FBD1EFE74FF0FF3038BD7D
:100B1000000C002038B5174B1F281D6827D86A6CB9
:100B2000044682B152F8243002EB84024BB1591CC6
:100B30001BD0012B17D0002520461560984728466A
:100B400038BD012038BD8021284600F017F9024643
:100B5000686460B10020131F02F17C0143F8040FA8
:100B60008B42FBD1DEE7032038BD022038BD4FF0B9
:100B7000FF3038BD000C002070B50026074D04463C
:100B8000084611462E600FF063F8431C00D070BD7C
:100B90002B68002BFBD0236070BD00BF1814002011
:100BA0000FF05EB820F0030110F00300C0F1000068
:100BB00051F8043B00F1040C4FEACC0C6FF000023A
:100BC0001CBF22FA0CF213434FF0010C4CEA0C2C20
:100BD0004CEA0C4CA3EB0C0222EA030212EACC1200
:100BE00004BF51F8043B0430F4D0C2F1000102EA22
:100BF0000102B2FA82F2C2F11F0200EBD20070478A
:100C0000144600B51A460A4B0D461B6885B0DE68CF
:100C100003464CB1074901913046074902940095BB
:100C200000F022F8FFF77AFC04490C46F3E700BF16
:100C3000000C0020701B0108801B01087C1B0108B0
:100C400008B513460022FFF7DBFF00BF0CB400B568
:100C500083B004AB53F8042B019300F025F903B0E3
:100C60005DF804EB02B070470EB400B5074A82B0DD
:100C700003AB0146106853F8042B019300F014F9FC
:100C800002B05DF804EB03B0704700BF000C002019
:100C9000024B0146186800F071B800BF000C00203C
:100CA000024B0146186800F003B800BF000C00209A
:100CB000002952D038B551F8043C0C1F002BB8BFA6
:100CC000E418054601F0AEF92B4A1368002B45D015
:100CD000A3420CD921686018834228D0636028465B
:100CE0001460BDE8384001F09FB9A3420FD81A46FE
:100CF0005B68002BF9D11168501884421DD034D3A1
:100D0000636054602846BDE8384001F08DB9116831
:100D10005018A04215D028D8216860188342EFD11E
:100D200018685B680144C4E900135460EAE7186876
:100D30005B680144C4E90013D1E7236819441160DA
:100D4000E0E720680144501883421160DAD1D3E90A
:100D500000030144C2E90013D4E7704728466360EA
:100D60001460BDE8384001F05FB90C2328462B60C1
:100D7000BDE8384001F058B910140020F8B5CD1C7A
:100D800025F0030508350C2D38BF0C25002D06462F
:100D900023DBA94221D8264F01F044F93A6822B357
:100DA000144603E063682246FBB11C4623685B1BC4
:100DB000F8D40B2B15D8636894420CBF3B6053608A
:100DC000304601F031F904F10B00231D20F007003B
:100DD000C21A01D01B1AA350F8BD0C2300203360A7
:100DE000F8BD23601C442560EAE77968D1B1294643
:100DF00030460EF017FF431C01460CD0C41C24F0F3
:100E00000304A04205D03046611A0EF00BFF0130FA
:100E100001D02560D4E70C233046336001F004F99B
:100E20000020F8BD30460EF0FDFE7860DFE700BF21
:100E3000101400209368013B002B936005DAD2F870
:100E400018C0634507DB0A2905D01368581C1060D9
:100E500008461970704700F069BB00BF9BB1F8B538
:100E6000134406460F46541E5D1E01E0AC4208D0F6
:100E70003A46304614F8011FFFF7DCFF431CF5D15A
:100E8000F8BD0020F8BD0020704700BF936810B582
:100E9000144613B91846536010BD00F031FE00230C
:100EA000C4E9013310BD00BF2DE9F04F0E46924654
:100EB0001C4607469FB018B18369002B00F0A8803C
:100EC000954B9E4200F0AA80944B9E4200F0B58064
:100ED000934B9E4208BFFE68B389180740F1A38078
:100EE0003369002B00F09F80002320220B933023D6
:100EF0009AF80010059401258A4C8DF831208DF860
:100F0000323000297DD0D1460B4604E019F8013F6C
:100F1000002B00F09480252BF8D1B9EB0A0B40F0A0
:100F2000918099F80030002B6BD000234FF0FF32F6
:100F300009F10109CDE90723069309938DF85B3088
:100F40001C9304E0001B05FA00F018430690CA4603
:100F50000522204619F8011B01F01CF8069B002809
:100F6000F0D1D90644BF20228DF85B201A0748BF74
:100F70002B229AF8001048BF8DF85B202A2972D1E5
:100F8000059A1168043200290592C0F2A0800991E7
:100F90009AF801100AF1010A2E2976D0DFF888911B
:100FA0000322484600F0F6FF48B14022069BA0EB22
:100FB000090002FA00F003430AF1010A06931AF845
:100FC000011B062259488DF8301000F0E3FF00287D
:100FD00000F08380564B002B6CD005A9009132465F
:100FE0003846544B06A9AFF300800390039B0133AE
:100FF00007D00B9B039A9AF8001013440B93002917
:1010000081D1B3895B0615D40B981FB0BDE8F08F72
:1010100000F056FD404B9E427FF456AF7E68B38988
:1010200018073FF55DAF3146384600F0E1FA002879
:101030003FF45AAF4FF0FF30E7E7BE684CE7B9EB3B
:101040000A0BDED0D046CAF1010A03E0934538D935
:1010500018F8011F32463846FFF7ECFE01300AEB64
:101060000802F3D1CDE7A1F13002092A94D8099BF7
:101070001AF8011F03EB830302EB4303A1F13002D3
:10108000092AF5D92E29099388D19AF801102A291D
:101090002DD1059B0AF102001A680433002A05933A
:1010A000B8BF4FF0FF339AF8021007928246B8BFDC
:1010B000079373E7059B073323F007030833059372
:1010C00097E70B9A99F800305A440B922BE7494264
:1010D00043F00203099106935AE705A900913246AD
:1010E0003846144B06A900F0CBF803907EE70023A6
:1010F000A1F13002092A0AF1010A07933FF64EAF27
:101100001AF8011F03EB830302EB4303A1F1300242
:10111000092AF5D9079341E7C0100108A01001087A
:1011200080100108B01B0108B81B0108BC1B010896
:10113000000000005D0E00088C4600B58646134690
:10114000034A714610685DF804EB6246FFF7ACBED7
:10115000000C00202DE9F04791461E460A698B6875
:101160000C469A42B8BF1A46C9F8002091F843309D
:101170000546DDF8208013B10132C9F8002022684D
:1011800091065DD5D9F800300233C9F800302268E5
:1011900012F0060F11461ED1E168CB1A002BD8BF02
:1011A000114618DD002704F1190A06E0D9F80030CD
:1011B000E268A2EB030CBC450CDD0123524631462C
:1011C0002846C047013007F10107EFD14FF0FF304B
:1011D000BDE8F087216894F84330003B18BF012335
:1011E0008A060AD53021E21882F8431094F8451097
:1011F0005A1C2244023382F843103146284604F137
:101200004302C0470130E1D0236803F00603042BFA
:101210001DD0A3682269934225DD00279B1A1F4435
:1012200004F11A09002401E0BC421CDA01234A46F9
:1012300031462846C047013004F10104F4D1C5E726
:1012400012F0060F12D0003B18BF0123D5E7D9F8E2
:101250000030E1682269C91AA36821EAE177934264
:10126000DCDC0029DCDC0020BDE8F087E168D9F88F
:101270000030CB1A002BD8BF114693DCABE700BF80
:101280002DE9F04317460A7E85B00C46064698467F
:101290000C9D01F1430C002A33D0A2F15803D9B2BE
:1012A000202967D8202B65D8DFE813F0DD00640023
:1012B000640064006400640064006400640064000E
:1012C0006400A3006E0064006400640064006E00AB
:1012D000640064006400640021007F00BF006400BB
:1012E0006400AE0064007F0064006400E4002368D2
:1012F0001A0640F102812B686269191D29601B687A
:101300001A600023E14623613B4621463046CDF872
:10131000008003AAFFF71EFF013020D04A4639465D
:1013200030462369C047013019D02368E0689B0725
:10133000039919D5431A002B16DD002504F119096C
:1013400004E0E0680399431AAB420DDD01234A46ED
:1013500039463046C047013005F10105F1D14FF063
:10136000FF3005B0BDE8F0838842B8BF084605B03D
:10137000BDE8F083012384F8422004F1420923618F
:10138000002384F84330BFE72368190602D45A06C5
:1013900000F1BF8029680A68043129601146002ADB
:1013A0006ADB0A25DFF87CE110E02368180640F1CB
:1013B0009A802B68191D296019686F2A0CBF0825AF
:1013C0000A25DFF860E1002384F843306268002AD0
:1013D000A2607DDB236823F004032360002959D138
:1013E000002A77D1E146082D63D0ACEB09032361D5
:1013F0008AE701222B6804F14209196804332B6043
:1014000084F842102261BBE72B6800211A1D2A6074
:10141000D3F800906268484600F0BCFD00287FD0F9
:10142000A0EB090060602061AAE7236843F0200375
:1014300023607822DFF8F0E084F845202A68111D47
:101440002960190642D45D0640D51188D80744BFEB
:1014500043F020032360002943D12368102523F0A3
:1014600020032360AFE75823DFF8B8E084F8453065
:101470002368E3E72368DCE72D2284F843206268D1
:101480004942002AA26002DB23F0040323600A25FC
:10149000DFF890E0E146B1FBF5F30A4605FB1310D7
:1014A00019461EF80030AA4209F8013DF3D2082D72
:1014B0009BD12368D90798D5626823699A4294DC46
:1014C000302309F1FF3989F800308EE71168BDE754
:1014D0000029DFD19EF8003004F1420984F842303F
:1014E00081E710256FE713F0400F2B6803F104012B
:1014F00029600CBF196819885FE713F0400F2B684B
:10150000626903F1040129601B6814BF1A801A6024
:10151000F7E62A68B2F9001004322A600A463EE76C
:10152000606880E7C41B0108D81B0108F8B50646AF
:101530000D46144608B1836943B3254B9C422AD01B
:10154000244B9C4229D0244B9C4208BFF468A269DA
:10155000A389A2601A0722D5236903B322686169AF
:10156000D31AEDB299422F4629DD0133A168013922
:10157000A160511C2160157062699A4216D0A3893E
:10158000DB0701D50A2D11D03846F8BD00F098FAD6
:101590000F4B9C42D4D17468D9E7B468D7E7214691
:1015A000304600F025F838B92369D7E721463046A0
:1015B00000F024F90028E7D04FF0FF37E4E7214698
:1015C000304600F01BF90028F6D101232268CDE750
:1015D000C0100108A01001088010010803460A4647
:1015E000024908681946FFF7A1BF00BF000C0020A0
:1015F0003C4B70B51D6806460C460DB1AB69E3B1B6
:10160000394B9C421FD0394B9C424DD0384B9C42A9
:1016100008BFEC68B4F90C3018079AB219D52169E3
:1016200011B312F001002FD000256069A56040427F
:10163000A06100292ED0002070BD284600F040FA9D
:10164000294B9C42DFD16C68B4F90C3018079AB270
:10165000E5D4D1063ED5520728D4216943F00803CA
:10166000A3819AB20029DCD102F42070B0F5007F8A
:10167000D7D02146304600F0FFFBB4F90C30216989
:101680009AB212F00100CFD1950758BF6069A060EF
:101690000029D0D1120658BF0846CDD543F04003EB
:1016A0004FF0FF30A38170BDAC68B3E7616B51B1FF
:1016B00004F14402914204D03046FFF7F9FAB4F93C
:1016C0000C30002262630022216923F02403C4E964
:1016D0000012C3E7092243F0400332604FF0FF30AD
:1016E000A38170BD000C0020C0100108A0100108EB
:1016F00080100108F8B58B890C46190707463BD4C2
:101700006268002A55DDE66A002E50D000223D684E
:101710003A6013F4805250D101233846216AB04711
:10172000421C5CD0A389E66A5B0705D56368C01AD2
:10173000636B0BB1236CC01A0246216A0023384642
:10174000B047411C3BD13B68002B38D01D2B01D04A
:10175000162B4BD100232269C4E90023616B3D6045
:1017600029B304F14403994202D03846FFF7A0FAA6
:10177000002318466363F8BD2669C6B19A0718BFEF
:101780000023256808BF63692660AD1BA3600CE0D9
:101790002B463246D4F828C03846216AE047B0F1DB
:1017A000000CA5EB0C05664412DD002DF0DC0020DA
:1017B000F8BD226C002AA6DCF9E7606DB4E70022D0
:1017C000236962602360A389DB04C7D56065C5E730
:1017D000A3894FF0FF3043F04003A381F8BD3B687D
:1017E000002B9FD01D2B06D0162B04D0A38943F0CD
:1017F0004003A381F8BD00203D60F8BD38B50B69FA
:10180000BBB10C46054608B18369B3B10D4B9C4290
:1018100011D00D4B9C4213D00C4B9C4208BFEC687E
:10182000B4F90C302BB121462846BDE83840FFF70B
:1018300061BF002038BD6C68F2E700F041F9E5E7D0
:10184000AC68EDE7C0100108A01001088010010885
:1018500038B540B303690446E3B1174B1D680DB1B9
:10186000AB69CBB1154B9C420FD0154B9C4221D09C
:10187000144B9C4208BFEC68B4F90C3053B12146BC
:101880002846BDE83840FFF735BF6C68B4F90C3026
:10189000002BF4D1002038BD284600F011F9074B89
:1018A0009C42E2D1F1E7084B08491868BDE838408E
:1018B00000F0BEBAAC68DFE7000C0020C0100108E1
:1018C000A0100108801001087C100108FD17000815
:1018D00000207047014900F0ABBA00BFFD170008B7
:1018E00000207047682270B54D1E02FB05F50E46BC
:1018F00005F17401FFF742FA044640B100210C30B3
:10190000C4E9016005F168022160FEF735FF204659
:1019100070BD00BF274B2DE9F0411E680746B36933
:1019200053B34FF004084836D6E90134013B04D5DF
:101930001EE05A1C04F168041AD0B4F90C50013BA3
:10194000002DF6D11C4B08222946C4E90055C4E9F4
:101950000253C4E904556566A56104F15C00FEF715
:101960000BFFC4E90D55C4E912552046BDE8F081CE
:1019700035682DB12E46D7E7304600F01FF8D0E786
:101980004FF4D6713846FFF7F9F9044668B105609F
:1019900029460546C0F804800C304FF4D072A06090
:1019A000FEF7EAFE34602E46BEE70C2330603B6053
:1019B000DBE700BF7C1001080100FFFF0023334A72
:1019C0002DE9F0471268C0E912339042036508BF61
:1019D00001232F4908BF836181620546FFF79AFF03
:1019E000034628466B60FFF795FFA8602846002451
:1019F000FFF790FF04236E68DFF898A0DFF8989057
:101A0000DFF89880264FE8600822F3602146C6E997
:101A10000044C6E904447466B460B46106F15C0035
:101A2000FEF7AAFE1F4BC6E9086AC6E90A983763A3
:101A3000AE680822F3602146C6E90044C6E90444C2
:101A40007466B460B46106F15C00FEF795FE164B57
:101A5000C6E9086AC6E90A983763EE682146F3606A
:101A60000822C6E90044C6E904447466B460B4615F
:101A700006F15C00FEF780FE0123C6E9086AC6E9AC
:101A80000B87C6F82890AB61BDE8F0877C10010891
:101A9000D51800087D200008A5200008E5200008D2
:101AA000052100080900010012000200024B034951
:101AB000186800F0BDB900BF7C100108FD170008D0
:101AC000836903B97AE77047704700BF704700BF6A
:101AD000704700BF704700BF024B0349186800F011
:101AE00087B900BF000C0020D1180008024B034941
:101AF000186800F07DB900BF000C0020E118000854
:101B00009368002B00F0B7802DE9F04FB1F90C304D
:101B10000C4619078046174683B098B225D523692D
:101B20001BB310F002033D682DD04FF0000B5E4652
:101B3000DFF8B8A2002E00F08B80564533465A4697
:101B400028BF53464046216AD4F828C0E047002801
:101B500040F38780BB6883441B1A361ABB60002B96
:101B6000E8D1002003B0BDE8F08F21464046FFF7E2
:101B70003FFD002840F03681B4F90C303D6898B242
:101B800010F00203D1D110F0010976D14E46002E9B
:101B90005AD08205D4F808B040F1B580B3455A4612
:101BA00000F2CD8010F4906F00F0CB8023682169A3
:101BB000A3EB010B636903EB430A0AEBDA7A0BF13F
:101BC00001034FEA6A0A33445345524684BF9A469A
:101BD0005246430540F1EA8011464046FFF7CEF8F1
:101BE000002800F0F9805A4621690190FEF7D2FCE6
:101BF000A289019B22F4906242F08002A28103EB51
:101C00000B0023613246AAEB0B03B346C4F814A0C1
:101C1000A3602060B246002649460192FEF730FDDF
:101C2000A3682168019AA3EB0B030A44A360226016
:101C3000B868D144A0EB0A00B860002891D0B4F98C
:101C40000C0080B2002EA4D1D5E9009608359EE79D
:101C5000D5E900B608356DE721464046FFF7CEFDD1
:101C600080B3B4F90C304FF0FF3043F04003A38150
:101C700003B0BDE8F08F002070471E46AA46994683
:101C800018461D4656B3002832D04A4620682169BE
:101C9000B24228BF32468842636904D9A16803EB87
:101CA000010B5A4574DC934265DC2A464046216AA2
:101CB000D4F828C0E047B0F1000BD2DDB9EB0B0936
:101CC000CAD00120BB685D44A3EB0B03A6EB0B0657
:101CD000BB60002B3FF445AF002ED4D10AF10803BE
:101CE00053F8046C9A4653F8085C0833002EF7D07A
:101CF00032460A21284600F04DF9002869D001300B
:101D0000A0EB0509C1E72068236998421BD86369E5
:101D1000B34218D86FF0004CB44528BFB4469CFBC2
:101D2000F3FC4A4603FB0CF34046216AD4F828C072
:101D3000E047B0F1000A94DDA6EB0A0678E7B34667
:101D40003246206866E7B345DA4628BFB2464946C0
:101D50005246FEF795FCA3682268A3EB0A0352449F
:101D6000A3602260002BE7D121464046FFF746FDE5
:101D70000028E1D075E7294693460192FEF780FCE2
:101D8000A368019A9B1AA36023681A44226095E70E
:101D900029465A46FEF774FC236821465B444046B8
:101DA0002360FFF72BFD002888D05AE7404600F05B
:101DB0003DF9034600287FF422AF40462169FEF733
:101DC00077FF0C22B4F90C30C8F8002023F0800310
:101DD00049E7721C914659E70C22B4F90C30C8F857
:101DE000002040E74FF0FF30BCE600BF00FCFF7F63
:101DF0002DE9F0410026884600F14807D7E9015453
:101E0000013D0ED4A389013D012B06D9B4F90E3052
:101E1000013302D02046C04706436B1C04F168041E
:101E2000F0D13F68002FE9D13046BDE8F08100BF16
:101E30002DE9F8434FF000090746884600F14806AF
:101E4000D6E90154013D10D4A389013D012B08D9E5
:101E5000B4F90E30013304D021463846C04749EA70
:101E600000096B1C04F16804EED13668002EE7D13E
:101E70004846BDE8F88300BFF0B58B890C4699074A
:101E800097B007D5012204F14703C4E90432236067
:101E900017B0F0BDB4F90E10054600292DDB6A46D7
:101EA0000DF0B2FE002827DB019E4FF4806706F498
:101EB0007046A6F50056B6FA86F6394628467609E3
:101EC000FEF75CFF30B3A3891A4A43F08003AA628D
:101ED000C4E90407A3812060002ED9D02846B4F9B4
:101EE0000E100DF09DFE0028D2D0A38923F003032D
:101EF00043F00103A381CBE7A38913F0800F14BF44
:101F000040274FF48067284639460026FEF736FF03
:101F10000028D8D1B4F90C309A05B9D4012123F0A6
:101F2000030304F1470243F00203C4E90421A3813F
:101F30002260ADE7D518000870B50C46B1F90E1057
:101F4000164600291D4696B013DB6A460DF05CFE6E
:101F500000280EDB01994FF4806301F47041A1F574
:101F60000051B1FA81F1002049092960336016B0AF
:101F700070BD0022B4F90C302A601B0604D5402342
:101F80000020336016B070BD4FF4806300203360D2
:101F900016B070BD5FFA81FC810710D00346511E58
:101FA0002AB90AE09A0718460AD0013905D318461B
:101FB00013F8012B6245F5D1704700207047114698
:101FC00003290CD80029F8D00346014401E08B42D4
:101FD000F3D0184613F8012B6245F8D1ECE702461E
:101FE00010B54CEA0C2444EA044410460368043259
:101FF0006340A3F1013E2EEA030313F0803F04D1B6
:10200000043903291046F0D851B10346014401E0D8
:102010008B4205D0184613F8012B6245F8D110BD4C
:10202000002010BD704700BF704700BFF8B51446D0
:10203000F9B1CAB106460D4600F068F8A04202D3D5
:102040002F463846F8BD21463046FEF797FE074634
:102050000028F6D022462946FEF79CFA304629464B
:10206000FEF726FE3846F8BD2746FEF721FE384625
:10207000F8BD1146BDE8F840FEF780BE10B50C462D
:10208000B1F90E100DF0B7FD002803DB636D0344BA
:10209000636510BDA38923F48053A38110BD00BFE5
:1020A000002070472DE9F0410C46B1F90C101F4695
:1020B000CB05054616460BD421F48051A1813B4641
:1020C00032462846B4F90E10BDE8F0410DF098BD37
:1020D000B4F90E10022300220DF094FDB4F90C1097
:1020E000EAE700BF10B50C46B1F90E100DF08AFDFD
:1020F000A389421C0EBF23F4805343F480536065D0
:10210000A38110BDB1F90E100DF073BD51F8040C90
:102110000028A0F10400BCBF0B58C018704700BFD6
:102120002DE9F74304460D4609F088F800274FF0E3
:1021300012092D4EDFF8B4807080E0B2854250D98C
:1021400000232B4A0FE01CF801EBBEF1FF0F01D07A
:1021500070451BD001310929F5D10133DBB20C2BBD
:1021600002F109023BD094460021ECE7012A07D195
:10217000012B05D173888DF800708DF8017016E081
:102180008DF801308DF80010738810E0D8F8002029
:102190002AB309FB032333F81120110AD3B2120A20
:1021A000E4D1002BECD18DF800308DF801308DF8A2
:1021B0000230009806F018FBC0F307238DF80400E6
:1021C000C0F307408DF805308DF806009DF8063005
:1021D00020469DF805209DF8041007F0EBF8013427
:1021E000ABE703B0BDE8F083640C00201C140020B2
:1021F0009A0C0020032805D8D82202FB00F10248DF
:1022000005F0F4B8704700BF20140020074B084ABF
:1022100010B51A600023074C2370607009F00EF8A7
:1022200060806078BDE81040FFF7E4BF1C14002018
:1022300020140020640C0020024B1878431E5842E2
:1022400058417047640C0020F0B5124B18780128F3
:102250001DD1114B1B68A3B112244A7804FB023331
:102260000A780E4933F812500E4631F8027BC4B298
:10227000AF4207D104F0070136F81110012023F80E
:102280001210F0BD01300928EFD10021F6E700203F
:10229000F7E700BF640C00201C140020EC100108BC
:1022A000704700002DE9F0431F4B85B01B784BB3FE
:1022B000002201AC1146104607F0B4F90025A046F3
:1022C0000A27DFF868900A2249464046FEF762F97D
:1022D00000F086FE0378EAB2B3FBF7F3934200D82E
:1022E000EAB900F07DFE03782678312B0DD9002362
:1022F000962219463046013507F05CF80A2D04F1A4
:102300000104E0D105B0BDE8F08300F069FE037878
:102310001D2B4FF00003EBD81A469621EAE7002365
:1023200020781A461946E6E734400020E0100108FC
:10233000F8B50D4616460446364F002845D00BF03A
:102340002DF8354B38601A69570402D51A69110403
:1023500042D41A69520402D41B691F043ED42E4A87
:102360001169C1F38033490405D5136913F4004F93
:1023700014BF002302232A78511E042930D9062ACB
:1023800030D0002A0CBF03200020244A14B9117851
:10239000994202D11C1A18BF0124022B137023D0BA
:1023A000032B2AD0012B31D102232B7094B100F0E2
:1023B00071FA0022314600F0B7F90AF0EFFF184B2E
:1023C00018600AF0BEFF012005E038680AF09BFFA4
:1023D0003228B4D80020F8BD0323CCE70123CAE794
:1023E0000120D2E70220D0E703232B70002CF1D08C
:1023F00000F050FA00220621DDE701232B70002CAB
:10240000E8D000F047FA00221146D4E7002CE1D0D2
:10241000D3E700BF0015002000080040FC14002096
:10242000F8140020014B1860704700BFF81400201A
:1024300070B503F057F90446B8B100F0CDFD284D52
:1024400002782B789A4206D000F0C6FD002203786D
:102450002B70244B1A6000F0BFFD0378022B16D0BE
:10246000032B04D00BB91F4A1360204670BD1D4DCD
:102470002E689EB90AF092FF286000F00BFA05461C
:1024800000F008FA32460146284601F0DFFE154DFD
:102490002868C0B90AF082FF2860E6E730460AF0F3
:1024A00032FF47F22F539842F1D90AF077FF2860A4
:1024B000112000F051FF44F620600CF098FB012041
:1024C00000F0F0FBE3E70AF01EFF074B9842CCD97F
:1024D0000AF064FF2860012000F0E4FBC5E700BFBC
:1024E000FD140020F8140020DF93040013B58DF8CC
:1024F00007100DF10701FFF71BFF044608B9FFF7AE
:1025000097FF204602B010BD2DE9F04103F0EAF834
:10251000002828D020224FF4804158480DF030FE8A
:1025200000BF00BF00BF00BF00BF00BF00BF00BFB3
:1025300000BF00BF00BF00BF00BF00BF00BF00BFA3
:1025400000BF00BF00BF00BF00BF00BF00BF00BF93
:10255000302383F3118803220E2148480DF030FE0A
:10256000002383F3118803F0BDF8002828D020222F
:102570004FF4004141480DF003FE00BF00BF00BF13
:1025800000BF00BF00BF00BF00BF00BF00BF00BF53
:1025900000BF00BF00BF00BF00BF00BF00BF00BF43
:1025A00000BF00BF00BF00BF00BF302383F311880E
:1025B00003220F2131480DF003FE002383F311881D
:1025C0002F4B1B7873B309244FF001082D4E56F89A
:1025D000041B4A1C0BD021F00F0701F00F0108FA71
:1025E00001F50122294638460DF0CAFDBD61013CC6
:1025F00014F0FF04EBD14FF00108234E56F8041BF2
:102600004B1C0BD021F00F0701F00F0108FA01F568
:102610000122294638460DF0B3FDBD610134E4B214
:10262000092CEBD1002280214FF080400DF0A8FD55
:1026300000BF00BF00BF00BF00BF00BF00BF00BFA2
:1026400000BF00BF00BF00BF00BF00BF00BF00BF92
:1026500000BF00BF00BF00BF00BF00BF00BF00BF82
:10266000302383F31188012207214FF080400DF0C1
:10267000A7FD002383F31188BDE8F0810008004026
:10268000F01E0020FC10010820110108072805D0C9
:102690000E38012804D8072000F0E4BA0320FBE735
:1026A0007047000008B503F01DF838B14FF08043C3
:1026B0004FF400129A614FF000729A61074B1B7839
:1026C0005BB1112000F048FE44F620600CF08FFA58
:1026D000BDE80840022000F0C5BA08BDF01E002089
:1026E00010B5084C237863B100F0C2FA0338012812
:1026F0009DBF0023032023700220BDE8104000F09E
:10270000A3BA10BDF01E002008B500F065FC0378E8
:10271000022B03D100F068FC007808BD0020FCE724
:1027200000F04ABC70470000F8B50C461546064656
:10273000F8B921BB134F3B78A34200D13DB100F063
:102740004BFC0323037000F04FFC002303703C702C
:1027500004F048FA2946204600F09AFE2A4621460F
:10276000304601F073FD2A4621463046FFF7DAFF76
:10277000F8BD0029DED1012000F00EFADAE70220D0
:10278000FAE700BF1A15002037B5044600F024FC14
:102790000378012B0DD00025CDE9005500F01CFC7D
:1027A0000378022B07D0094B2A4619780846FFF711
:1027B000BBFF03B030BD24B1082221466846FDF7B7
:1027C000E9FE684600F026FDF3E700BF1A15002079
:1027D00037B5044600F000FC0378012B0ED000252D
:1027E00000958DF8045000F0F7FB0378022B07D01A
:1027F0000D4B2A4619780846FFF796FF03B030BD07
:1028000074B163788DF80030A3788DF80130E378E7
:102810008DF8023063798DF8033023798DF8043018
:10282000684600F05BFDE9E71A15002037B504465D
:1028300000F0D2FB0378012B0DD00025ADF8065037
:1028400000F0CAFB0378022B07D0114B2A461978F7
:102850000846FFF769FF03B030BD002CFBD063785A
:10286000A27843EA0223ADF80630813B022B09D857
:1028700001220DF1060002FA03F3ADF8063000F074
:1028800011FDE8E70DF1060000F0F6FCE3E700BFFC
:102890001A150020014B1878704700BF1A15002048
:1028A00038B5154C00252378032B22D8DFE803F038
:1028B000020B131B0A2311488370C5700AF020FB1A
:1028C0000123237038BDF6230C48C37085700AF0CD
:1028D00017FB0223F5E7F62308488370C5700AF05A
:1028E0000FFB0323EDE70A2304488570C3700AF049
:1028F00007FB2570E6E700BF041500200C1500203B
:102900007047000010B5FFF7FBFF00F079FA00F008
:1029100075FB01F03BFA00F05BF9012803D1BDE83B
:10292000104000F05BB900F089F968B9074C2068E5
:1029300004F0B0FC40F6B733984205D900F00EFE23
:1029400010B104F097FC206010BD00BF08150020F6
:102950002DE9F04F00258FB08146CDE90255049551
:10296000ADF8145000F038FB0378012B0AD000F0CA
:1029700033FB0378022B08D05C4B2A4619780846B3
:10298000FFF7D2FE0FB0BDE8F08FB9F1000F00F0F5
:10299000A4804FF01E082022494606A8FDF7FAFD44
:1029A000534F9DF819300DF11A063B7016F8010BC4
:1029B000FDF734FC08F1FF34054414F0FF08EDB2D4
:1029C000F4D14C4E4FF0060BB2461AF8013B9BB3C4
:1029D00000242246D3B29D420BD81AF8013CA342F0
:1029E00018BF0AF8018C22E001331E2B04D11C46CB
:1029F00007E000230DF11A0111F8010BDCB20028E9
:102A0000F2D004F138036B4413F81E0C019202F06B
:102A1000F8FF40EAC404E4B2214606A80AF040FBED
:102A20001AF8013C019AA34202F10102D2D10BF142
:102A3000FF3B1BF0FF0BC8D14946202206A8FDF73B
:102A4000A9FD4FF000084FF001095FFA88F39D429D
:102A50000FD800F095FA002845D125480AF03AFA37
:102A600002A800F0F0FB8DE701331E2B04D11C46B9
:102A700007E000230DF11A0212F8011BDCB2002955
:102A8000F2D004F138036B4413F81E0C02F0B9FFC6
:102A900040EAC404E4B2214606A80AF001FB32462B
:102AA000002312F8011BA14202D021B93B449C70C3
:102AB00008F10108C9E70133062BF2D16F2CF7D8D2
:102AC0000EAB03EBD40313F8301C04F0070409FA2F
:102AD00004F40C4303F8304CEAE708224946044862
:102AE000FDF74AFEB5E7FFF70DFFB2E71A15002024
:102AF000121500201415002070B5044660B10AF0CC
:102B0000B9F90D4B834215D018460AF0ADF9BDE86E
:102B1000704001200AF096BB00F05EFA0378022BA9
:102B200008D1054D20466B6898472046AB68BDE844
:102B30007040184770BD00BF680C002038B50446CF
:102B400088B10AF097F9114C84421ED00122104B33
:102B50001A7001F051F80F480BF0DCF82046BDE880
:102B600038400AF081B90B4B1B78042B05D1074D77
:102B70006B6898472046AB68984706480CF0CCFD38
:102B800004480DF0C7F901F03FF838BD140F0020DC
:102B90003D3C0020504F002010B50C4B04461A78E5
:102BA000824204D00128187002D0022807D010BD3C
:102BB0000020FFF7A1FF2046FFF7C0FFF7E7002046
:102BC000FFF7BCFF0120FFF797FFF0E7800C002024
:102BD000014B1878704700BF800C002010B5FFF73C
:102BE00059FE0E4CB0B90E4B1B78052B12D1236841
:102BF00013B904F03FFB2060206804F04BFB41F662
:102C00005733984208D9002301202360BDE81040C3
:102C100000F048B80023236010BD00BF1C15002041
:102C2000504F002008B5044B186804F033FBC72848
:102C300094BF0020012008BD24150020014B187806
:102C4000704700BF20150020014B1870704700BF6F
:102C50002015002008B504F00DFB014B186008BDDD
:102C600024150020014B1870704700BF2815002064
:102C7000014B1878704700BF28150020302310B58D
:102C800083F3118800F0A0FC002484F3118872B64D
:102C900000F052FE00F094FD04F060FC84F3118813
:102CA00062B610BD014B1870704700BF2915002097
:102CB00010B5074C237828B11BB1FFF7CBFF0323D6
:102CC000237010BD002BFCD10122024B1A70F8E7D3
:102CD0002015002029150020F8B50F4B0F4E1F6856
:102CE00001F001F8054618B9002434702046F8BDFB
:102CF000FFF7D0FD18B90A4B1B78042BF4D03478B9
:102D00001CB100232C463370F0E7002FEED003F007
:102D10005DFFB842EAD3F4E7840C002029150020B7
:102D2000504F002008B500F0E1FF18B1BDE80840A1
:102D3000FFF778BF08BD0120704708B5FFF7FBFF1C
:102D400018B1BDE80840FFF76DBF08BD70B5FFF7CB
:102D5000A1FD044668B9084E3578012D09D100F06F
:102D60004BFF30460AF0D6FF224621462846FFF7A1
:102D7000DBFC012070BD00BF504F002008B5FFF7FD
:102D8000E5FF18B1BDE80840FFF74CBF08BD70472C
:102D900008B508F0A3F9003818BF0120044B1870DB
:102DA00008F084F90AF0C4FAFFF7F1FF08BD00BF8C
:102DB0002A150020002310B5074C2370FFF772FC82
:102DC000FFF75CFF2378054A022B18BF032313701B
:102DD000FFF786FC10BD00BF28150020201500203D
:102DE00008B5064B1B780BB108F046F90AF0A9FAB2
:102DF00002F054FCBDE8084003F0F4BE2A150020A0
:102E000010B5154C2378032B1BD8DFE803F0020A1A
:102E1000131BFFF761FFA0B1FFF71CFF0123237015
:102E20000FE0FFF77FFF60B1FFF7B2FFFFF712FF80
:102E30000223F4E7FFF781FF18B1FFF70BFFFFF75D
:102E4000B9FF10BDFFF79AFF0028FAD0FFF7C8FFBF
:102E5000FFF700FF0023E2E720150020202938B506
:102E600005460C4610D1FFF7B3FE012806D12246D5
:102E70002946BDE8384002200AF092BF2146284684
:102E8000BDE8384000F0E0BA38BD09F0A1BE00004E
:102E9000054A064B06495A60116051609A60DA6033
:102EA000002219611A707047101D0020FC1C0020C0
:102EB0002B1500202DE9F041174C0E466768A568D8
:102EC00007F59C784545E36804D19F4206D1002070
:102ED000BDE8F08105F108029342F7E70F49226946
:102EE00001F2CF739B1A312B98BF2161322EEED89D
:102EF0002369014632461846FDF74CFB034645451B
:102F0000334428606B6018BF08354FF0010023611F
:102F10000CBFA760A560DBE7FC1C00202B15002080
:102F2000074A10B5D3689268934207D0D3E90014DA
:102F3000641A2246FDF72EFB204610BD0024FBE755
:102F4000FC1C0020074BDA6899688A4208D059684F
:102F500001F59C70824201D1D96070470832DA6075
:102F6000704700BFFC1C0020014B1878704700BF61
:102F7000FC1C0020014B1870704700BFFC1C002097
:102F8000034BD8689B68C01A18BF0120704700BF68
:102F9000FC1C00200246002330B50C1812F8015B1F
:102FA0002B44A242DBB2F9D1435430BD012070471B
:102FB00008B5FFF7FBFF08BD08B54FF4E1300AF094
:102FC00083FCFFF765FFBDE808402422002101488B
:102FD000FDF7D2BB551E002000487047880C00202A
:102FE000004870478B0C002000487047890C002077
:102FF00018B111B189B20AF097BC704773B5FFF7E9
:10300000B3FF03280FD8DFE800F040022D3B774BD9
:10301000186804F03FF90A2805D900220220744BF1
:103020001A70FFF7A7FF734D734C0AF087FC002856
:1030300056D00AF06FFC2A68012A38D0022A3ED006
:10304000002A5BD161282FD85F2804D8A0F15A0349
:10305000DBB2032BE9D8012302222B60674B2070DF
:103060001A70E2E7624A13780133DBB2282B02D8E8
:1030700013700020D5E700231370FFF763FFF8E714
:10308000FFF760FF0020FFF775FF5D48FFF748FF7F
:1030900001460028C7D05A48FFF7AAFF04F0EAF813
:1030A000524B18600120BCE7AF28BED1D3E7022302
:1030B000524A2B6013786070013B1370B5E7237898
:1030C000612B0FD163780D2B18D10A2816D1FFF789
:1030D0004BFF012802D10320FFF74CFF00232B6098
:1030E00002B070BDAF2B09D16378602B06D10323EA
:1030F0002B60424BA0700130187096E73F49531C7B
:103100002B600B78A054013BDBB20B70002B8CD1F1
:10311000194639488A421FD1A25C9A4230D1032213
:10312000384901A8FDF736FA032101A80AF0FCFB93
:1031300020462978FFF73CFF0028D1D02378602B68
:1031400010D8592B1CD95A3B062B19D8DFE803F0AD
:103150001B1F3F431818470010F8016B013133441F
:10316000DBB2D7E7AF2B0BD1A678202E08D12649AA
:1031700032462648FDF70EFA31462448FFF785FE11
:1031800000232B6051E76278214B5A70F8E763788F
:10319000313B052BF4D801A252F823F0B5310008D9
:1031A000BD310008C33100088131000881310008B9
:1031B000C93100080122164B1A70E1E70222144BB4
:1031C000FAE70322124BF7E70422114BF4E7627887
:1031D0000F4BDA70D4E762780D4B9A70D0E76078C5
:1031E000431E58425841FFF763FDC9E7C01E002047
:1031F000BD1E0020501E0020991E0020541E0020DD
:10320000551E0020441101089C1E0020791E00203C
:10321000880C00201FB5002301930293ADF80C30F9
:10322000A123082201460DF105008DF80430FDF7B9
:10323000B1F901A80921FFF7ADFE0A21FFF73AFE17
:1032400005B05DF804FB1FB50023CDE90033029300
:103250000393A2230E2201460DF101008DF80030E8
:10326000FDF798F968460F21FFF794FE1021FFF74C
:1032700021FE05B05DF804FB002307B50193A323ED
:10328000022201460DF105008DF80430FDF782F9A8
:1032900001A80321FFF77EFE0421FFF70BFE03B018
:1032A0005DF804FB37B5022504462A460A4901A801
:1032B000FDF770F900238DF80630A4238DF8043053
:1032C0002378294601A88DF80530FFF763FE032116
:1032D000FFF7F0FD03B030BD300F0108002307B544
:1032E0000093ADF804308DF80630A823052201467E
:1032F0000DF101008DF80030FDF74CF9684606210C
:10330000FFF748FE0721FFF7D5FD03B05DF804FB8A
:1033100030B50021054687B0112201A80091FDF7C4
:103320002BFA2846FDF73EFCC4B2122C11D8A92373
:10333000224629460DF102008DF800308DF801403B
:10334000FDF728F9A11C6846FFF724FE1521FFF7B9
:10335000B1FD07B030BD000037B5022504462A464E
:103360000A4901A8FDF716F900238DF80630A623B7
:10337000294601A88DF804308DF80540FFF70AFEB4
:103380000321FFF797FD03B030BD00BF300F0108E8
:1033900030B50C4600218FB005462D2202A80191C0
:1033A000FDF7EAF92E2C11D8AB23224629460DF160
:1033B00006008DF804308DF80540FDF7EBF8A11CF0
:1033C00001A8FFF7E7FDE11CFFF774FD0FB030BD6A
:1033D00030B50C4600218FB005462D2202A8019180
:1033E000FDF7CAF92E2C11D8AC23224629460DF13F
:1033F00006008DF804308DF80540FDF7CBF8A11CD0
:1034000001A8FFF7C7FDE11CFFF754FD0FB030BD69
:103410001FB5002304220293ADF80C30AD2340EA1F
:10342000014001900DEB02010DF109008DF808300B
:10343000FDF7B0F802A80521FFF7ACFD0621FFF764
:1034400039FD05B05DF804FB30B50C4600218BB0AA
:103450000546202202A80191FDF78EF9202C14D1F7
:10346000AF238DF804306123224629460DF1070071
:103470008DF805308DF80640FDF78CF8232101A862
:10348000FFF788FD2421FFF715FD0BB030BD0000CC
:1034900010B50C46062851D8DFE800F004212C3581
:1034A0003E4709001120BDE81040FFF755BF30200E
:1034B000FFF752FF002C41D012212148FFF768FF8F
:1034C00018212048FFF784FF43F22D404EF2C641F9
:1034D000FFF79EFF5220FFF73FFF5120E3E7312027
:1034E000FFF73AFF54B35220FFF736FF1648FFF7B5
:1034F0000FFFF2E73220FFF72FFFFCB15220FFF75A
:103500002BFF1248F3E73320FFF726FFB4B1522018
:10351000FFF722FF0E48EAE73420FFF71DFF6CB1EA
:103520005220FFF719FF0B48E1E73520FFF714FFA2
:1035300024B15220FFF710FF0748D8E710BD00BFA5
:10354000481101085A110108721101087C11010883
:1035500086110108901101089C11010808B5FFF7B8
:103560000FFD20B95320FFF7F7FE012008BD002012
:10357000FCE7000010B5C4B20B2C03D0122C0ED007
:10358000012000E00220FFF76DFB2046FFF77EF8E8
:103590000CF0CFFD4FF0FF32024B5A6110BD0420FA
:1035A000F1E700BF001800400023054A0549C2E9C1
:1035B00000130133102B02F10802F8D1704700BF4D
:1035C000B04B0020753500082DE9F041FFF7ECFF06
:1035D00002F088F8002800F0938009254FF00108D8
:1035E000724E56F8041B481C0CD021F00F0701F056
:1035F0000F0108FA01F421460522384624040CF094
:10360000BFFDBC61013D15F0FF05EAD1062401268E
:103610003027674D55F8040B411C2ED000F00F01E8
:10362000202206FA01F120F00F000CF0A9FD00BFE6
:1036300000BF00BF00BF00BF00BF00BF00BF00BF92
:1036400000BF00BF00BF00BF00BF00BF00BF00BF82
:1036500000BF00BF00BF00BF00BF00BF00BF87F3B7
:10366000118855F8040C022200F00F0120F00F0021
:103670000CF0A6FD002383F31188013C14F0FF0435
:10368000C8D100224FF480614FF080400CF078FDEB
:1036900000BF00BF00BF00BF00BF00BF00BF00BF32
:1036A00000BF00BF00BF00BF00BF00BF00BF00BF22
:1036B00000BF00BF00BF00BF00BF00BF00BF00BF12
:1036C000302585F3118803220A214FF080400CF049
:1036D00077FD002484F3118885F3118801220C21E1
:1036E0004FF080400CF06CFD84F3118806212320FC
:1036F0000CF0C6FAFEF708FFBDE8F0410CF0FABC8A
:1037000009254FF001082B4E56F8041B4A1C0CD01B
:1037100021F00F0701F00F0108FA01F421460522FC
:10372000384624040CF02CFDBC61013D15F0FF056A
:10373000EAD10624012630271F4D55F8040B431CFF
:103740002ED000F00F01202206FA01F120F00F0028
:103750000CF016FD00BF00BF00BF00BF00BF00BFE0
:1037600000BF00BF00BF00BF00BF00BF00BF00BF61
:1037700000BF00BF00BF00BF00BF00BF00BF00BF51
:1037800000BF00BF87F3118855F8040C022200F037
:103790000F0120F00F000CF013FD002383F31188BC
:1037A000013C14F0FF04C8D16BE700BFA811010869
:1037B0004C120108CC1101084C120108704700009E
:1037C00008B50AF037FB03222B4B2C499A620C22D6
:1037D000DA62D1F890202A4822F01802C1F890202D
:1037E00000229A62DA62D3F8402C03F5406342F477
:1037F00080721A641A6C4FF4006142F002021A647B
:1038000001225A63DA67DA6608225A615A695A61F4
:103810005A6942F001025A619A6C42F4C0629A6499
:103820009A6C9A6C42F480429A649A6CDA6C42F018
:103830000802DA64DA6C9A6C42F480529A649A6CE8
:10384000DA6C42F01002DA6440F28232DB6C0CF087
:1038500097FC40F282324FF400714FF080400CF040
:103860008FFC40F282324FF480614FF080400CF0C8
:1038700087FCFFF7A3FF08BD0000014000040140E2
:10388000000800404FF0E02210B500210124136928
:1038900023F001031361224B224A5A6100228B005C
:1038A00003F1604303F56143D3F80001D040C00742
:1038B00048BF04FA02F002F1010248BFC3F88001D8
:1038C000202AF1D101310829E8D1174C636843F06F
:1038D00000736360154B1A6802F009021A601A68D7
:1038E00042F46C3242F004021A6040F2B3321A62BF
:1038F0000F4B43F001039847236943F0040323610E
:1039000030BF0C4B43F0010398474FF0E02223698E
:1039100023F004032361136943F00103136110BD15
:1039200000180040FFFF070000ED00E0000001402C
:1039300024120108F0110108FFF7A4BF0B8807B596
:10394000A3F5FC43032B1ED8DFE803F002213B550F
:10395000364A012013789278C3F3420302F007023B
:103960000DF107018DF80730FEF7E2FC9DF80730F6
:10397000042B02D013F0FD0F05D1FEF78BFF0122BF
:103980001146FEF7D1FE002003B05DF804FB274A84
:10399000012013789278C3F3420302F007020DF17D
:1039A00007018DF80730FEF7C3FC9DF80730042BA4
:1039B00002D013F0FD0FE6D1FEF76CFF01220221C9
:1039C000DFE71A4A012013789278C3F3420302F02A
:1039D00007020DF107018DF80730FEF7A9FC9DF8ED
:1039E0000730042B02D013F0FD0FCCD1FEF752FFAD
:1039F00001220321C5E70D4A012013789278C3F311
:103A0000420302F007020DF107018DF80730FEF7BF
:103A10008FFC9DF80730DA1E012A01D9002BB2D1A4
:103A2000FEF738FF01220621ABE700BFAC490020BA
:103A300008B540F282324FF400714FF080400CF034
:103A40009FFBBDE8084040F282324FF480614FF0A6
:103A500080400CF095BB000010B50A4C238803F0A1
:103A60000E0363F0FE032380A37823F00F0343F0DB
:103A70000103A370FEF714FC2068BDE8104003F0BA
:103A800058B800BFAC490020002310B586B08DF8AF
:103A90000C3004938DF8143055238DF8083005232D
:103AA00004AC8DF809008DF80A108DF80B2019462A
:103AB000009402AA0F2004F0A7F906B010BD000080
:103AC00008B503F034F8044B186018B9BDE8084095
:103AD000FFF7C2BF08BD00BFAC49002008B5FFF723
:103AE000EFFF09F05BFC3C4B186001F0FBFD01228D
:103AF000202100285CD04FF080400CF041FB07F003
:103B00009DFB18B14FF0804320229A6101224FF4AF
:103B100080714FF080400CF033FB07F08FFB20B139
:103B20004FF080434FF480729A6120224FF480411D
:103B30002A480CF025FB20224FF4004127480CF0C6
:103B40001FFB4FF4003326480122836102210CF051
:103B500017FB002280214FF080400CF011FB4FF446
:103B6000004120224FF080400CF00AFBFEF7D8FD08
:103B700009F014FC1B4B186003F07DF81A4B187801
:103B80000009FEF743FB07F035FB184BC0F3072293
:103B90001870C0F307405A709870FFF721FA144B61
:103BA000027814491A700F20BDE8084004F01EB9CD
:103BB0004FF080400CF0E4FA01224FF480714FF096
:103BC00080400CF0DDFA07F039FB0028ADD04FF053
:103BD000804320229A61A5E7E81E002000080040EB
:103BE00000040040F41E0020AC490020A849002039
:103BF00038400020D95500084FF40032014B9A613B
:103C0000704700BF000400400222014B9A617047D8
:103C1000000400407FB5FFF70BFF042200210DF1E7
:103C20000900FCF7A9FD002204AB04928DF81420D2
:103C30000093CC2205238DF80820194602AA0F20F4
:103C400004F0E2F807B05DF804FB10B501F04AFD9E
:103C500070B107F0F3FA18B14FF0804320229A6157
:103C600007F0ECFA20B14FF080434FF480729A6174
:103C7000FEF710FE0446FEF70DFE00220146204628
:103C8000FEF752FDFFF7C6FF09F088FBBDE81040C4
:103C9000FEF7C8BB7FB5042200210DF10900FCF737
:103CA0006BFD002204AB04928DF814200093BB221C
:103CB00005238DF80820194602AA0F2004F0A4F865
:103CC00007B05DF804FB08B501F00CFD38B14FF00A
:103CD00080434FF400129A614FF080729A61BDE800
:103CE0000840FFF7D7BF00207047000010B586B02E
:103CF00001F0F8FC48B30023ADF80A308DF80C3021
:103D000004938DF81430AA238DF808301A4B04AAB6
:103D10001B780F208DF8093005230092194602AA5E
:103D200004F072F8154B1B7813F00E0F0DD004221F
:103D30004FF480614FF080400CF022FA04224FF4DF
:103D400000714FF080400CF01BFAFEF7A3FD78B92C
:103D50000B4B1B7863B90B4C2378012B08D0022244
:103D6000094B20469A610CF0D5F820460BF0D4FCA4
:103D7000012006B010BD00BFF01E0020AC4900209D
:103D8000D01E0020504F00200004004038B5144DD4
:103D9000144C2868C8B109F0B6FA632815D9702008
:103DA000FFF7DAFA5520FFF7D7FA5720FFF7D4FAD2
:103DB0000022217811F00E0F0CBF01201046C1F334
:103DC0004201FEF7B1FC00232B60A278217800208D
:103DD000BDE8384002F00702C1F34201FEF786BB9E
:103DE000F41E0020AC490020554B37B51880A0F5D3
:103DF000FC400C46032800F2A080DFE800F002350A
:103E00005778504A012013789278C3F3420302F0A6
:103E100007020DF107018DF80730FEF789FA9DF8CA
:103E20000730042B02D013F0FD0F1AD16579464CF0
:103E3000002D7DD0FEF72EFD012805D0FEF72AFDCE
:103E400000220121FEF770FC237833B940F6B83028
:103E50003B4A3E4907F008FE207009F09FFAFEF742
:103E6000E1FA002003B030BD364A01201378927881
:103E7000C3F3420302F007020DF107018DF807308A
:103E8000FEF756FA9DF80730042B02D013F0FD0F11
:103E9000E7D165792C4C002D4AD0FEF7FBFC0228B7
:103EA000D2D0FEF7F7FC00220221CBE7254A012001
:103EB00013789278C3F3420302F007020DF1070171
:103EC0008DF80730FEF734FA9DF80730042B02D046
:103ED00013F0FD0FC5D165791B4C4DB3FEF7DAFC2D
:103EE0000328B1D0FEF7D6FC00220321AAE7154A29
:103EF000012013789278C3F3420302F007020DF118
:103F000007018DF80730FEF713FA9DF80730DA1E27
:103F1000012A01D9002BA4D165790B4C45B1FEF7DC
:103F2000B9FC062890D0FEF7B5FC0022062189E7EF
:103F3000207807F0A7FD25708FE7012092E700BFEA
:103F4000DE1E0020AC490020FB1E00203D39000889
:103F50002DE9F04104460D4601F064FC0646A0B38D
:103F6000244B1A783AB16A792AB1002211461046D8
:103F70001A7005F057FBFFF72FF80378022B03D1D7
:103F800009F00CFAFEF74EFA45F223239C4207D0C3
:103F900047F643039C4218D045F221239C4217D197
:103FA00095F80580B8F1000F0FD1FEF745F90746E7
:103FB00058B1114E33782BB12946204686F800803F
:103FC000FEF742F9012333703E463046BDE8F081EA
:103FD000FEF732F90028F8D0A4F5A443203B1F2BAC
:103FE000F3D96B79002BF0D029462046FEF72CF947
:103FF0000026EAE7FA1E00205840002013B507F01B
:10400000B3F80128374C0CD107F0F4F8C0F30723BC
:1040100010F0FF008DF8053013D1DBB2C3B10323DC
:10402000237023780133DBB20B2B237020D10023C4
:10403000237007F033F823782B4AD05C07F090F810
:1040400022E0782810D005D8282809D0502809D097
:104050000923E5E7A02809D0C828F9D10823DFE71C
:104060000423DDE70523DBE70623D9E70723D7E7AA
:104070000A2BDED107F0BEF8FF21C0F30742002073
:1040800007F0B5F807F022F807F0B4F82378C0F38A
:104090000742092B24D8DFE803F01D2323050C0F6A
:1040A0001215181BFF21002002B0BDE8104007F0D8
:1040B0009EB8FF212820F7E7FF215020F4E7FF21D9
:1040C0007820F1E7FF21A020EEE7FF21C820EBE7F1
:1040D0000021E8E7FF2002B0BDE8104007F02CB94E
:1040E000C820F8E7F11E00208C0C002030B587B006
:1040F000FEF7D0FB20B93C4B1B780BB1FEF7D0FB91
:10410000FEF700FC4FF080431B69384CC3F3C0132B
:10411000237001F0E7FA20B3354D286809F0F3F871
:10412000B0F57A7F1DD309F039F90023ADF80A30D4
:104130008DF80C3004938DF81430F1238DF808308D
:10414000237804AA8DF809300523286019460092C7
:104150000F2002AA03F058FE18B109F01FF9254BF1
:1041600018604FF080431B69234AC3F3C0331370B8
:10417000227882B3002B14BF662464241F4D286864
:1041800058BB09F00BF928602046FFF7E5F85320EB
:10419000FFF7E2F801F0A6FAC0B1194C206809F067
:1041A000B2F8B0F5FA6F11D909F0F8F82060FEF70F
:1041B00017FF144D03782B70FEF76CFB0446FEF7D7
:1041C00069FB2A7801462046FFF75EFC07B0BDE890
:1041D000304002F06CBD6524D0E709F094F8B0F5EA
:1041E0007A7FCED8D6E700BF35400020D01E002011
:1041F000E41E0020E81E0020C41E0020D81E00205F
:10420000E01E00203840002073B5154606461C46C7
:10421000019109F0C3F8084B03221860074B6400B2
:104220001E60074B01A91D60064B07481C60FCF788
:10423000B1F902B070BD00BF081F0020FC1E0020B5
:10424000001F00200C1F0020051F0020F7B55E4B4B
:104250005E4D0E462F7814461A70FEF71BFBC7F30F
:104260004207874213D0FEF715FB2B7800F00700BA
:1042700060F343032B7003F00E032BB103289EBFA2
:10428000AB7860F30203AB70286802F052FC711E39
:10429000052900F29780DFE801F0031F374F677FA1
:1042A000FF237CB100228DF806308DF804208DF8B4
:1042B00005200123C8221120019903B0BDE8F04078
:1042C000FFF7A2BF8DF806304FF4FA7201238DF884
:1042D00004408DF80540EEE7FF235CB100228DF825
:1042E00006308DF804208DF805200123C822122005
:1042F0000199E2E78DF806304FF4FA7201238DF848
:1043000004408DF80540F2E7FF235CB100228DF8F0
:1043100006308DF804208DF805200123C8221320D3
:104320000199CAE78DF806304FF4FA7201238DF82F
:1043300004408DF80540F2E7FF235CB100228DF8C0
:1043400006308DF804208DF805200123C82229208D
:104350000199B2E78DF806304FF4FA7201238DF817
:1043600004408DF80540F2E7FF235CB100228DF890
:1043700006308DF804208DF805200123C8222A205C
:1043800001999AE78DF806304FF4FA7201238DF8FF
:1043900004408DF80540F2E7FF238DF804304CB15E
:1043A0000023C8228DF805308DF806300123142033
:1043B000019982E701234FF4FA728DF805408DF8D8
:1043C0000640F4E703B0F0BD041F0020AC49002014
:1043D00010B5FEF701FE0378022B0CD0FEF75AFA57
:1043E0000446FEF757FA064B01461A782046FFF7B7
:1043F0002DFF012010BD01F02BFB0020FAE700BFCC
:10440000041F002070B5164C2068D0B108F07BFF67
:10441000144B154D1B68984208D2144B18682B6832
:1044200013F0010313D11A46194614E008F0B6FF41
:104430002B68206033B900232360FFF7C9FF0028F1
:10444000EBD170BD013B2B60002BE6D1F3E70849AF
:104450008B784A780978BDE8704004F0ABBF00BFA4
:10446000081F0020001F00200C1F0020FC1E002041
:10447000051F0020F7B50C4C1D462378064617464D
:10448000019173B90123237008F088FF6D0060600B
:10449000032201A904F11100A760E5602674FCF76E
:1044A00079F803B0F0BD00BF3C40002010B5124CBD
:1044B000237803B3606808F026FFA36898420FD3FF
:1044C00008F06CFFE368606033B900232370636019
:1044D00000231A46194609E0013BE360002BF4D0A3
:1044E000E368DB07F4D5E37CA27C617C207CBDE83B
:1044F000104004F05FBF10BD3C40002013B501F038
:10450000F1F800284AD0264B1C78B4B1254B264937
:104510001A78264B1B785BB100230B60002A3DD034
:104520001A46FF213F2002B0BDE8104004F042BF10
:104530000B609AB3FF221946F4E7FEF751FD0378AA
:10454000052B29D8FF238DF805408DF804308DF810
:104550000640012347F230523F200199FFF78AFFBE
:10456000FEF73EFD0378CBB90F4C236813B908F072
:1045700015FF2060206888B108F0C5FE4EF6602364
:1045800098420BD9002301202360094B187002B018
:10459000BDE81040FEF786BB034B1C6002B010BDA7
:1045A000D01E0020DC1E0020CC1E0020C41E0020D7
:1045B000F01E00202DE9F34106461D461820002379
:1045C0001746134A019100FB03F111F802808C1881
:1045D000B8F1000F17D10123237008F0DFFE6D0042
:1045E00060600322A760E560267401A904F1110050
:1045F000FBF7D0FFFF2E0ABF064BC4F8148063619F
:1046000002B0BDE8F0810133632BDCD1F8E700BFD5
:1046100060400020A94600081FB500248DF8004026
:104620008DF801408DF8024000990123FA223620CE
:10463000FFF7C0FF8DF804408DF805408DF8064067
:1046400001990123FA224220FFF7B4FF8DF80840B8
:104650008DF809408DF80A4002990123FA2243207F
:10466000FFF7A8FF0123FA2241208DF80C408DF8B6
:104670000D408DF80E40039904B0BDE81040FFF7DF
:1046800099BF102307B58DF804308DF805308DF8EB
:104690000630FA220323FF200199FFF78BFF012048
:1046A00003B05DF804FB00001822144B82B002FB3B
:1046B0000030437C6E2B10D1827CE2B9C27CD2B92F
:1046C0008DF804308DF805208DF806200123FA229C
:1046D000FF20019902B0FFF76DBF63B9837C6E2B99
:1046E00009D1C37C3BB98DF804308DF805306F23B8
:1046F0008DF80630EAE702B0704700BF6040002046
:10470000094A0023114610B5147C844206D11822B0
:1047100053430022C818C260CA5410BD0133632B32
:1047200002F11802F0D1F8E76040002070B586B0C1
:1047300005460E46FFF70CFC18B90024204606B0CB
:1047400070BD31462846FFF74FFB04460028F4D0E1
:10475000452D7FD81D2DF1D91E3D272DEED801A363
:1047600053F825F0F94B0008414C0008894C00082B
:10477000DD4C0008314D00087D4D0008BF4D00089C
:10478000074E00084F4E0008974E00083D470008AE
:10479000774F0008E14F00083D4700083D470008FB
:1047A000DF4E0008274F00083D4700083D4700083E
:1047B0003D4700083D4700083D4700083D470008C9
:1047C000A54F00083D4700083D4700083D47000849
:1047D0003D4700082F49000869490008A34900081F
:1047E000DD490008174A0008514A00088B4A0008B2
:1047F000C54A0008114B00084B4B0008854B0008C8
:10480000BF4B0008A5F5FC45053D022D00F2548480
:10481000DFE815F0610511043C04A5F5F045433DC2
:10482000092D8BD801A353F825F000BF5B52000877
:104830003D4700083D4700083D4700083D47000848
:104840003D470008055100085F510008D750000897
:10485000F150000847F64C039D424BD847F64203FF
:104860009D42DAD8B5F5A44F00F0A4841FD8E32DFB
:1048700000F00285E72D7FF461AFA14D287801F0AB
:10488000C0F8022840F01B859E4B1B78DB067FF5A5
:1048900055AFFDF7D1FC00287FF450AF7579E720C4
:1048A000002D00F0148500F087FF2C4646E745F206
:1048B00002239D4200F0A88447F213039D427FF437
:1048C0003DAFFDF7B9FC002840F0B7837579002DA6
:1048D0003FF434AF00236E228DF810308DF8112094
:1048E0008DF81230FA220123FF200499FFF762FEAF
:1048F0002C4623E747F607639D423FF61FAF47F676
:1049000003639D423FF67EAFB5F5F84F00F0C983D3
:1049100047F603439D427FF411AF74797A4D002C22
:1049200000F0D68308F03AFD0024286006E7774BB4
:104930009B78D8067FF502AF714D287801F061F8B9
:10494000022805D1747954B9AF2000F04BFFF5E689
:10495000287801F056F803287FF4F0AEF2E7AF2094
:1049600000F02AFF0024E9E6684B9B78D9067FF522
:10497000E5AE634D287801F044F8022805D174793A
:1049800054B9AA2000F02EFFD8E6287801F039F8B3
:1049900003287FF4D3AEF2E7AA2000F00DFF002435
:1049A000CCE65A4B9B78DA067FF5C8AE544D287892
:1049B00001F027F8022805D1747954B9A92000F034
:1049C00011FFBBE6287801F01CF803287FF4B6AE8F
:1049D000F2E7A92000F0F0FE0024AFE64B4B9B78F5
:1049E000DB067FF5ABAE464D287801F00AF80228C9
:1049F00005D1747954B9A82000F0F4FE9EE6287819
:104A000000F0FFFF03287FF499AEF2E7A82000F042
:104A1000D3FE002492E63D4B9B78DD067FF58EAEFB
:104A2000374D287800F0EDFF022805D1747954B98C
:104A3000AD2000F0D7FE81E6287800F0E2FF0328E1
:104A40007FF47CAEF2E7AD2000F0B6FE002475E600
:104A50002E4B9B78D8067FF571AE294D287800F053
:104A6000D0FF022805D1747954B9AC2000F0BAFE09
:104A700064E6287800F0C5FF03287FF45FAEF2E714
:104A8000AC2000F099FE002458E6204B9B78D90614
:104A90007FF554AE1A4D287800F0B3FF022805D1F7
:104AA000747954B9AE2000F09DFE47E6287800F0F6
:104AB000A8FF03287FF442AEF2E7AE2000F07CFEB0
:104AC00000243BE6114B9B78DA067FF537AE0C4DA0
:104AD000287800F096FF022805D1747954B9AB20EC
:104AE00000F080FE2AE6287800F08BFF03287FF490
:104AF00025AEF2E7AB2000F05FFE00241EE600BF0B
:104B0000161F0020C8490020D41E0020AC490020F8
:104B1000984B9B78DB067FF511AE974D287800F017
:104B200070FF022805D1747954B9B12000F05AFE03
:104B300004E6287800F065FF03287FF4FFADF2E774
:104B4000B12000F039FE0024F8E58A4B9B78DD06A1
:104B50007FF5F4AD884D287800F053FF022805D189
:104B6000747954B9B52000F03DFEE7E5287800F0EF
:104B700048FF03287FF4E2ADF2E7B52000F01CFE09
:104B80000024DBE57B4B9B78D8067FF5D7AD7A4DCB
:104B9000287800F036FF022805D1747954B9B22084
:104BA00000F020FECAE5287800F02BFF03287FF4F0
:104BB000C5ADF2E7B22000F0FFFD0024BEE56D4B6D
:104BC0009B78D9067FF5BAAD6B4D287800F019FFB8
:104BD000022805D1747954B9B42000F003FEADE584
:104BE000287800F00EFF03287FF4A8ADF2E7B42088
:104BF00000F0E2FD0024A1E55E4B9B78DA067FF52C
:104C00009DAD5D4C207800F0FCFE02280ED020788F
:104C100000F0F7FE032809D074793A201CB100F0A7
:104C200065FF00248AE500F0A9FF87E57479BE20BE
:104C30001CB100F05BFF002480E500F09FFF7DE5E4
:104C40004C4B9B78DB067FF579AD4B4C207800F020
:104C5000D8FE02280ED0207800F0D3FE032809D019
:104C600074793B201CB100F041FF002466E500F0A0
:104C700085FF63E57479BD201CB100F037FF002487
:104C80005CE500F07BFF59E53A4B9B78DD067FF54C
:104C900055AD394C207800F0B4FE02280ED02078B3
:104CA00000F0AFFE032809D074793C201CB100F05D
:104CB0001DFF002442E500F061FF3FE57479E32029
:104CC00034B100F013FF2B2000F010FF002435E575
:104CD00000F054FF2B2000F051FF2FE5254B9B786F
:104CE000D8067FF52BAD244C207800F08AFE0228F0
:104CF0000ED0207800F085FE032809D074793D207D
:104D00001CB100F0F3FE002418E500F037FF15E5B4
:104D10007479E32034B100F0E9FE082000F0E6FEEB
:104D200000240BE500F02AFF082000F027FF05E52E
:104D3000104B9B78D9067FF501AD0F4C207800F021
:104D400060FE02280ED0207800F05BFE032809D018
:104D500074793E201CB100F0C9FE0024EEE400F09E
:104D60000DFFEBE473790BB90024E7E406F0D8FA01
:104D70000024E3E4AC490020161F0020954B9B78EB
:104D8000DA067FF5DBAC944C207800F03AFE02287E
:104D90000ED0207800F035FE032809D074793F202A
:104DA0001CB100F0A3FE0024C8E400F0E7FEC5E457
:104DB0007379002BD8D006F09FFA0024BEE4854B0F
:104DC0009B78DB067FF5BAAC834C207800F019FEA7
:104DD00002280ED0207800F014FE032809D0747940
:104DE00040201CB100F082FE0024A7E400F0C6FEC3
:104DF000A4E47479AC201CB100F078FE00249DE49A
:104E000000F0BCFE9AE4734B9B78DD067FF596AC10
:104E1000714C207800F0F5FD02280ED0207800F0CB
:104E2000F0FD032809D0747941201CB100F05EFE2A
:104E3000002483E400F0A2FE80E47479AE201CB16B
:104E400000F054FE002479E400F098FE76E4614B13
:104E50009B78D8067FF572AC5F4C207800F0D1FDCE
:104E600002280ED0207800F0CCFD032809D07479F8
:104E700042201CB100F03AFE00245FE400F07EFE08
:104E80005CE47479AB201CB100F030FE002455E4E2
:104E900000F074FE52E44F4B9B78D9067FF54EAC80
:104EA0004D4C207800F0ADFD02280ED0207800F0A7
:104EB000A8FD032809D0747943201CB100F016FE28
:104EC00000243BE400F05AFE38E47479A8201CB1B9
:104ED00000F00CFE002431E400F050FE2EE43D4BC7
:104EE0009B78DA067FF52AAC3B4C207800F089FDF0
:104EF00002280ED0207800F084FD032809D07479B0
:104F000044201CB100F0F2FD002417E400F036FE4E
:104F100014E47479AA201CB100F0E8FD00240DE42B
:104F200000F02CFE0AE42B4B9B78DB067FF506ACE9
:104F3000294C207800F065FD022810D0207800F080
:104F400060FD03280BD07479452024B100F0CEFD1C
:104F50000024FFF7F3BB00F011FEFFF7EFBB7479FD
:104F6000A92024B100F0C2FD0024FFF7E7BB00F048
:104F700005FEFFF7E3BB174B9B78DD067FF5DEAB45
:104F8000164B1B7813F00A057FF4D8AB74793520E3
:104F900024B100F0ABFD2C46FFF7D0BB00F0EEFDD6
:104FA000FFF7CCBB0B4B9B78D8067FF5C7AB0B4B01
:104FB0001B7813F00A057FF4C1AB7479292024B162
:104FC00000F094FD2C46FFF7B9BB00F0D7FDFFF7CA
:104FD000B5BB00BFAC490020161F00201A1F0020DF
:104FE0007579D5B101F040FC81067FF5A7AB0122B0
:104FF000BF4BC04C1A7001F037FC00F0200020704D
:1050000001F040FC462000F0D7FB01F0F1FC2078D5
:1050100001F030FC0024FFF791BBB54B1A78002A51
:105020003FF48CAB46201D702C4600F0DBFB01F0FA
:10503000DFFCFFF783BB737913B90024FFF77EBB56
:10504000AD4D0024AB7883F01002C2F3001262F37E
:105050000413AB70286801F06CFDF0238DF8083064
:10506000AB7804AAC3F300138DF80930052300922E
:10507000194602AA0F20ADF80A408DF80C4004949E
:105080008DF8144002F0C0FEFFF758BB73799B4ABD
:1050900023B101211C461170FFF750BB1370FFF7BD
:1050A0004DBB7579002D3FF449AB01F027FD2C462F
:1050B00008F0C2F9FFF742BBFDF7BEF8044600282E
:1050C000BBD17379002BB8D0FEF798FFFFF736BB42
:1050D0002C60FFF733BB7379002B3FF42FAB06F046
:1050E00033F9D6287FF62AABFFF796FAFFF726BBEF
:1050F0007379002B3FF422AB06F026F95F283FF6C8
:105100001DABF1E77579002D3FF418AB05F0C6FF34
:1051100000F0E8FA30B14FF0804320229A614FF45A
:1051200080729A6106F08AF895287FF607AB06F040
:1051300085F800F11E039BB2962B28BF9623DBB2A5
:105140008DF810308DF811308DF81230FA220223CC
:1051500036200499FFF72EFA2C46FFF7EFBA75793F
:10516000002D3FF4EBAA06F069F81E283FF6E6AAE8
:105170000024002320461A461946013404F01AF987
:10518000442CF6D106F05AF800F11E039BB2962B80
:1051900028BF9623DBB28DF810308DF811308DF8D2
:1051A0001230FA22022342200499FFF703FA2C4618
:1051B000FFF7C4BA7379002B3FF43FAF00210E20F4
:1051C000FFF79EFAFF234E4C8DF810308DF811300A
:1051D0008DF81230FA2203230F200499FFF7EAF921
:1051E000207800F00EFC022808D1002000F0C2FB5D
:1051F000002000F0E0FF0024FFF7A0BA207800F0C4
:1052000000FC0328F7D1F0E77379002B3FF415AFCA
:1052100000210F20FFF774FAFF23394C8DF810306E
:105220008DF811308DF81230FA2203230E200499E4
:10523000FFF7C0F9207800F0E4FB02280AD02078BC
:1052400000F0DFFB032805D0022000F093FB0020D4
:1052500000F0B1FF0024FFF771BA7379002B3FF41F
:105260006DAA05F081FF1D287FF468AA1F2005F0B4
:1052700077FF0024FFF762BA214D287800F0C1FBC8
:10528000022811D11F4B1B78DA067FF557AAFCF7CD
:10529000D3FF00287FF452AA7579E3205DB100F0B6
:1052A0008BFA2C46FFF74ABA287800F0AAFB0328AD
:1052B0007FF444AAE6E700F095FAFFF73FBA2878B2
:1052C00000F09FFB03287FF439AAFFF7DDBA00F056
:1052D00089FAFFF733BA084B0B4A1B78002413F006
:1052E0000E0318BF737903F001031370FFF726BA9A
:1052F000F81E0020F91E0020AC490020DC1E002012
:10530000161F0020C849002034400020F8B50025B1
:105310002E461D4C237873B1606807F0F4FFA36834
:10532000984212D308F03AF8E36860604BB96369B9
:1053300026706660C3B90135632D04F11804E9D104
:10534000F8BD013BE360002BF1D0E368207C13F053
:10535000010311D0FF28677CA17CE37C07D11A46AA
:10536000384604F05FF9E6E7E8B29847E3E70A4613
:10537000394604F01FF8DEE7FF281A4602D1194625
:105380001846EEE71946F4E7604000207FB500F0CC
:10539000A9F9A0B1042200210DF10900FBF7ECF9F5
:1053A000002204AB04928DF814200093DD22052323
:1053B0008DF8082019460F2002AA02F025FD0022D0
:1053C0000B4B1A7001F0E4FB03F0BCFF094801F03D
:1053D000A6FBFFF756F940B107F0E0FFFDF722F812
:1053E00007B05DF804EBFEF779BB07B05DF804FB8E
:1053F000970C0020C849002073B505F01FFF00F18D
:105400001E04A4B2962C28BF9624674BE4B21E78E3
:10541000A6B1002496238DF804408DF806308DF84F
:105420000540019803F0E0F9C0F30742C0F30721FB
:10543000C0B204F0F7F8204602B070BD5B4D28689A
:1054400040B107F060FF40F6B833984202D9FFF749
:105450009DFF2E6007F03AFD810705D50023214608
:105460001A46022003F0A6FF514D287800F0C9FA31
:1054700002280ED0287800F0C4FA032809D04D4B3A
:105480001B78DA0605D5002321461A46012003F0D1
:1054900091FF494DFEF7B6FF2B7863B9474E306850
:1054A00007F031FFB0F5FA6F16D901232B7007F022
:1054B00075FF306010E0424B1B786BB9FCF7BCFE07
:1054C00038B9FEF7F3FFFFF719F807F067FF3B4B1A
:1054D00018602B78002BE1D0FFF718FF394B9B7831
:1054E000DB0609D51625002328461A462146013534
:1054F00003F060FF232DF6D1334B186830B107F06D
:1055000002FFB0F5FA6F2CBF002001202F4E304D66
:10551000337880F00100FF2B2DD130702B78FF2BDA
:1055200032D032789A422FD02A4B186807F0EBFE1F
:10553000B0F5166F2CBF0025012507F02FFF4FF4A3
:105540004873B0FBF3F2367802FB1300F6B975B17D
:10555000B0F5C87F0BD2334622463146042003F013
:1055600029FF334622463146402003F023FFFCF753
:1055700099FE012060E78342D0D02B70307007F095
:105580000DFF144B1860C9E70025D6E715B1B0F53B
:10559000C87FECD2002321461A46042003F00AFFFC
:1055A000002321461A46DFE7FA1E0020D41E002001
:1055B000161F0020C8490020970C0020C81E00209C
:1055C000DD1E0020AC490020E81E0020990C0020C0
:1055D000980C0020EC1E002038B51C460B780D46B8
:1055E000CC2B41D006D8AA2B15D0BB2B33D0552BB2
:1055F00009D038BDF02B3ED0F12B43D0DD2BF8D1B4
:10560000FFF7C4FE04E0002289786878FDF78CF883
:1056100000232370EDE71E4B1B7813F00E0F0DD007
:1056200004224FF480614FF080400AF0A9FD04226B
:105630004FF400714FF080400AF0A2FD0023237068
:105640006B78144A003B18BF012301201370BDE89A
:105650003840FDF727BB4FF400124FF080439A61AA
:105660004FF080729A61D3E720224FF080439A6115
:105670004FF48072F6E7064B49789A7861F304128A
:105680009A70C5E707F08AFE034B1860C0E700BFB9
:10569000AC490020F01E0020E81E002008B5104B89
:1056A00000209A78197802F00702C1F34201FCF752
:1056B0001DFF41F2883009F09AFA00F013F805F066
:1056C000BDFD4FF0804328B120229A614FF48072D3
:1056D0009A6108BD4FF400129A614FF08072F7E7AB
:1056E000AC49002010B5054C002220464FF4007153
:1056F0000AF046FD2069C0F3402010BD00040040C0
:1057000003280DD80B290BD8082A09D86C2301EBE4
:10571000C10103FB0011034B0A4433F81200704728
:105720000120704774120108032808D839B9054BC5
:1057300082F0010202EB400033F8100070470120B4
:10574000704700BF64120108A0F58073B3F5F85FDD
:1057500010B526D210F4805F00F4807300F400745A
:1057600000F4806100F400620DD0002B0CBF00201B
:1057700010200CB140F0200009B140F040000AB107
:1057800040F0800010BD181E18BF01200CB140F081
:10579000020009B140F00400002AF3D040F00800F4
:1057A000F0E70020EEE710B50C46FFF7CDFF2346EB
:1057B000BDE8104018470000A0F1E003072B10B52A
:1057C000044600D940B920460449FFF7ECFFE0B297
:1057D000BDE8104000F08AB90149F6E73D5C0008D9
:1057E0006560000810B50446C0B200F0C7F9A4F126
:1057F000E003072B00D92CB903492046BDE810402F
:10580000FFF7D1BF0149F8E74F5C00087760000857
:10581000012070470120704708B5FFF7FBFF08BD66
:1058200001207047012070477047704708B5FFF7A7
:10583000FCFF08BD012070477047704713B502ABED
:1058400003E903000F4B1B78B3B99DF8053073B122
:105850006AB100F063FD04460146009800F01CFDAB
:105860002046009902B0BDE8104001F0DBBB009873
:1058700000F034FD0446F3E7009800F04FFD009976
:10588000F0E700BF151F0020034610B400885C88B5
:105890000A4640EA0440998810BCFFF7CFBF10B514
:1058A00004460121FFF7F0FF2146FFF7B1FF30B1B9
:1058B00001212046FFF7E8FF2146FFF7ADFF00F08A
:1058C000010010BD38B500210446FFF7DDFF054695
:1058D0002146FFF7A9FF21462846FFF7A7FF38BD5D
:1058E00038B501210446FFF7CFFF21460546FFF7F3
:1058F00097FFB8B321462846FEF718FF90B321461C
:10590000284607F069F868B32146284606F072FF7A
:1059100040B32146284606F093FA18B3214628469C
:1059200006F068FAF0B12146284602F049FEC8B1F7
:105930002146284602F08EFEA0B12146284606F0F8
:10594000A7FF78B12146284601F0B4FC50B12146AA
:10595000284601F0BFFC28B121462846BDE8384062
:1059600001F0D4BC002038BD012303FA00F0C0B21E
:1059700000F0F3BB10B504460120A040C0B201F016
:10598000CCF82046BDE81040FFF7EEBF012070477D
:1059900008B5FFF7FBFF08BD10B5044600F08CFB0F
:1059A0002046FFF747FF2046FFF7F2FF10BD08B57E
:1059B0000120FFF7F1FFBDE8084007F03DBD08B545
:1059C0000020FFF7E9FFBDE8084007F05BBD08B520
:1059D000FFF732FFFEF777F905F048FA00F033F8E9
:1059E000BDE80840012005F011BB08B500F030F813
:1059F000002005F00BFBFFF720FFBDE80840FEF795
:105A000024B9034600091CBF034604209A081EBFA0
:105A100013460230C0B25B081CBF0130C0B27047F1
:105A200001207047704738B50546FFF7F9FF044677
:105A300010B12846FFF7F6FF204638BD704708B57D
:105A4000FFF7F1FF08BD08B50020FFF7F8FF08BD1C
:105A500008B507F025FAFFF7F2FF08BD10B507F00B
:105A60001FFA074B04461A78824207D0187007F0D5
:105A700095FC044B18602046FFF7E1FF10BD00BF06
:105A8000141F0020101F00201FB56C4684E803007F
:105A90009DF805300BB100F013FF0023ADF80E3078
:105AA00094E80300ADF80C10C9B2029002AC29B919
:105AB00094E8030000F05EFE04B010BD2046FFF73E
:105AC000EEFE0028F4D1F7E70379012B02D100881C
:105AD00000F044BC704708B529B106F047FBBDE8AB
:105AE000084006F017BC06F09FFBF8E710B5044627
:105AF000002840D0031FDBB2A02B0ED807F06AFAB3
:105B000020B1204607F0F8FA00F072FF204607F0B7
:105B1000D5FABDE8104000F06BBF00F12003DBB206
:105B2000072B07D800F007040120A040C0B200F006
:105B3000A1FEEEE700F15B03DBB2022B05D8BDE866
:105B40001040243880B207F0E7B900F15803DBB207
:105B50001A2B06D8BDE81040074A32F8130007F0A8
:105B6000F7B93334E4B2122C05D806F0FFFABDE8D9
:105B7000104006F0CFBB10BDD415010808B5034690
:105B8000A0B3021FD2B2A02A05D807F0B5FABDE82B
:105B9000084000F02DBF00F12002D2B2072A07D83A
:105BA00000F0070301209840C0B200F06BFEEEE762
:105BB00000F15B02D2B2022A04D8BDE808400020FE
:105BC00007F0AAB900F15802D2B21A2A04D8BDE8E7
:105BD0000840002007F0BCB93333DBB2122B05D8E4
:105BE00006F022FBBDE8084006F094BB08BD0000AB
:105BF00038B50C460546FFF779FF9CB140F2E73017
:105C000009494FF47A72A4FB014120184FF00003B8
:105C100041F10001FAF7EAFA08F0E9FF2846FFF738
:105C2000ADFF38BD0120F7E7A086010008B539288F
:105C30000CBF50210021FFF7DBFF08BD08B528B1DC
:105C400000F018FEBDE8084000F0D2BE08BD08B55F
:105C500028B100F017FEBDE8084000F0C9BE08BD3D
:105C60002DE9F047877981460C46457900F0F2FD31
:105C70003F09064608B32E46FDB1C4F3072303F0DF
:105C8000F002402A0CD0E1B201F12002D2B2072A80
:105C900026D903F0E003202B02D1012920D90FB32C
:105CA000A04B5E7816F0040607D0022000F0DCFE60
:105CB00000F0D0FD80F00106F6B2C4F3033ABAF169
:105CC0000B0F3ED8DFE81AF0100010004900490021
:105CD000A300BA003D003D00BF001D0130013001AE
:105CE0000026EAE73E46E8E7C4F30723C4F30327A8
:105CF00013F0F00F18BF3F01E4B285B157B104F1C2
:105D00002003DBB2072B384600D92CB900F0B2FDD6
:105D100000F06EFE204640E000F0C2FDF8E72046AD
:105D2000FFF72CFF6FB104F12003DBB2072B3846DD
:105D300000D914B900F0A6FD01E000F0B9FD00F0B3
:105D400057FEAAF1080ABAF1030F00F2428107F0E8
:105D5000A7F8BDE8F047FFF772BEC4F3072303F0CE
:105D6000F003C4F30328202BE4B218BF4FEA08184D
:105D70002CB1012C34D0002D3CD0DFB1CAE7694BE7
:105D80005B785A0714D45DB1B8F1000F04D04046D7
:105D900000F070FD00F02CFE0020FFF7A7FED0E71A
:105DA0002846FFF7EBFEB8F1000FCAD04046C1E726
:105DB00055B11FB94046FFF741FFC2E7012FC0D1DF
:105DC000404600F09DFDBCE7002FBAD14046FFF7EA
:105DD0003EFF404600F0A2FD404600F07DFDB0E7EA
:105DE00015B1052FADD8E5E7042FAAD84046FFF737
:105DF0002EFFA6E7002FF9D0392C0CBF4FF4FA5034
:105E0000012008F0F4FE2046FFF7B8FE99E714F4ED
:105E1000406FC4F3812307D0012B92D165B1C4F345
:105E2000090007F095F88CE725B1C4F3090007F0E5
:105E300073F886E72846FAE72846F2E72946E0B2F3
:105E4000FFF749FE7DE714F4407F29D1002D7FF450
:105E500078AFC4F342108000C2B204F00F0014F017
:105E6000100300FA02F0C5B21EBF0F209040C043DD
:105E7000C4F3812418BFC3B2022C43EA050009D041
:105E8000032C0AD0012C02D000F072F959E700F07F
:105E900067F956E700F074F953E700F05EF950E750
:105EA000C4F301220DB312F0010F3FF44AAFC4F363
:105EB00042108000C2B204F00F0014F0100300FA88
:105EC00002F0C5B21EBF0F209040C043C4F381242E
:105ED00018BFC3B2022C43EA05000CD0032C0DD02E
:105EE000012C05D000F098F92BE712F0020FDCE747
:105EF00000F08AF925E700F097F922E700F04EF963
:105F00001FE7E7B2C4F3032425B1204600F05AF995
:105F1000384650E73846FFF79AFE204600F05EF913
:105F20000FE700BFC84900205FFA84F8A8F1F0032A
:105F3000042B39D8DFE803F003220E151E003DB113
:105F4000042F3FF6FEAEC4F3042000F051F9F8E64A
:105F5000052FF6E7C4F30420002DDFD100F032F95D
:105F6000EFE625B1C4F3042000F025F9E9E600F0DE
:105F70001FF9E6E6224B5B785B0704D4C4F30420E8
:105F8000002DCBD0EAE72DB10321C4F3042000F0AB
:105F900049FDD6E6012000F067FD012F7FF6D1AE66
:105FA000022000F061FDCCE62DB10FB14046F4E6D1
:105FB000C4F30420D2E74FB1B8F1390F0CBF4FF44E
:105FC000FA50012008F013FE40461DE7C4F30420F8
:105FD000A4E79EB100F036FC10F001000ED189F864
:105FE000050000F029FC00F0EDF8484600F01CF830
:105FF00000F022FCBDE8F04700F0F0B8BDE8F08703
:10600000C849002038B501880446407900F0B2F94B
:10601000054600F011F900F09FF829462046BDE83A
:106020003840FFF71DBE0000037910B50446B3B138
:10603000FFF756FC68B900F00DFC80B1637973B1CD
:10604000074B5B785B070AD5BDE81040022000F0E3
:106050000BBD2046FFF7D6FF2046FFF733FC10BDEF
:10606000C849002008B528B100F01AFCBDE8084076
:1060700000F0BEBC08BD08B528B100F019FCBDE8B1
:10608000084000F0B5BC08BD08B5002006F044FF8C
:10609000002006F05DFF00F013FC00F0A9FC06F004
:1060A00055F9BDE8084006F035B908B507F042F8E3
:1060B000BDE80840FFF7E8BF08B500F0EBFBBDE81E
:1060C0000840FFF7F2BFC0F30333062BC2B213D070
:1060D00094BF0E33063303F00F03012B10D8F02AC0
:1060E00010D004D8E72A8CBF002001207047F42A82
:1060F00014BF002001207047E72A03D9F12AF7E7EF
:10610000002070470120704708B50346007930B180
:10611000188800F023F9BDE80840FFF7D4BF08BD98
:1061200082B002AB03E9030002B0704782B002AB59
:1061300003E9030002B07047704708B5FFF7FCFFA2
:1061400008BD704708B5FFF7FCFFFFF7F6FF014BEE
:10615000187008BD161F00207047FFF7F3BF00003E
:10616000024B1B781843FFF7EDBF00BF161F00203E
:10617000024B1B781840FFF7E5BF00BF161F002039
:10618000024B1B785840FFF7DDBF00BF161F0020F1
:10619000704708B5FFF7FCFF08BD704708B5FFF76B
:1061A000FCFFFFF7F6FF014B187008BD1A1F002017
:1061B0000020FFF7F3BF012303FA00F0C0B2FFF79E
:1061C000EDBF0000012303FA00F0034B1B781843D6
:1061D000C0B2FFF7E3BF00BF1A1F00200123034A2C
:1061E0008340107820EA0300FFF7D8BF1A1F002071
:1061F000012303FA00F0034B1B785840C0B2FFF7AD
:10620000CDBF00BF1A1F0020024B1B781843FFF7B9
:10621000C5BF00BF1A1F0020024B1B781840FFF7B4
:10622000BDBF00BF1A1F0020024B1B785840FFF76C
:10623000B5BF00BF1A1F0020704701F00703C9084F
:1062400030B501EB410101240139114400229C4089
:10625000E4B211F8015F20FA02F343F300036B404C
:10626000234001326B40032A0B70F2D130BD002273
:1062700010B500F00704C00800EB400001441046D0
:106280008B5CE34003F00103934001321843032A7F
:10629000C0B2F5D110BD000017B40C46ADF8040033
:1062A000C1B2C0F307200B280AD808290ED801EB89
:1062B000C001084A0144204603B010BCFFF7BDBF2F
:1062C000031DDBB2012B01D8034AF4E703B010BC75
:1062D000704700BF1B1F0020171F002082B0ADF8C1
:1062E0000400C3B2C0F307200B2808D8082B0DD830
:1062F00003EBC0030749184402B0FFF7B8BF0430EE
:10630000C0B2012802D818460349F5E7002002B0C0
:10631000704700BF1B1F0020171F002073B5072404
:106320000C4BADF804001E780B4B1B781E4346FA4D
:1063300004F3DB07E5B205D4013CF8D2002528467A
:1063400002B070BD2846019900F08BFE80B2012892
:10635000F2D0F4E71A1F0020161F002007B5ADF891
:1063600004000198FFF7DAFF019903B05DF804EB30
:1063700000F077BE13B5104BADF804101B782BB1AD
:10638000019802B0BDE81040FFF7E8BF70B1019876
:10639000FFF7C4FF044601460198FFF77DFF204642
:1063A000019902B0BDE8104000F05BBE0198FFF714
:1063B00095FF0446F3E700BF151F002010B5012428
:1063C00004FA01F104FA02F20A43D1B202408A420D
:1063D00004FA03F406BF2043C0B2A04310BD00007E
:1063E00008B513460A46014603480078FFF7E6FF62
:1063F000BDE80840FFF7D2BE1A1F0020F8B50C4BCD
:106400000C4E1C780C4D3378A34200D1F8BD05EB3F
:10641000C40335F834005F889A88D98840EA074079
:1064200042EA01410134FFF781FE04F00704EAE784
:106430008F1F00208E1F00204E1F0020064B10B41F
:1064400018885C889A88D98840EA044042EA014169
:1064500010BCFFF76BBE00BF461F00201A4AF8B5FC
:10646000937913F0F00F0AD1537943B1174B1849C0
:106470001B780D7816885788164CAB4200D1F8BDB2
:1064800004EBC3010879D0B134F83300B04216D11F
:106490004879A0B94888C01B80B2C7280FD801200E
:1064A000937960F3071393718B7960F307138B7102
:1064B0000548FFF7B9FDBDE8F840FFF79FBF01337E
:1064C00003F00703D9E700BF461F00208F1F0020FD
:1064D0008E1F00204E1F0020F0B50D4B0D4C1B7879
:1064E00026780D4CB34201D10020F0BD04EBC3056A
:1064F0006F788F4206D114F83370874202D16D79DC
:10650000954203D1013303F00703EBE70120ECE7E9
:106510008F1F00208E1F00204E1F00202DE9FF47F7
:10652000E8460446924D062201464046FAF732F804
:106530002B7967792279C3B9AAB18FB12046FFF7C9
:10654000E3FD064660B1082221462846FAF722F804
:106550002846FFF7B9FAFFF781FFFFF76FFF4CE01E
:106560002046FFF761FD012647E0B4F802906B88F2
:106570006E79A9EB03039BB2002E00F0B280C72B0B
:1065800000F28A80002A38D0AB79298813F0F00F06
:10659000228850D191420FD1002F40F0E380012298
:1065A00062F30713AB71FFF749FF2846FFF73CFD85
:1065B000AB79A371002620E0002F40F0D38025782E
:1065C0003A4628466178FFF787FF2846FFF784FFA1
:1065D00005460028EED10098FFF7C0FEC0F3033255
:1065E000032AC3B20DD8012A15D910F4706F17D041
:1065F000A27912F0F00F13D12E46304604B0BDE858
:10660000F087063202F00F02012A0ED92046FFF76A
:106610000BFD3546F0E710F4706F01D0002BEBD086
:106620002033DBB2072BE7D9F0E7EF2BE4D90F33A8
:10663000DBB2022BF7E791420AD14FB92046A37192
:10664000FFF7F2FC082221462846F9F7A3FF84E76A
:106650002046FFF759FD002882D0002F80D0AB796B
:106660001F2B0FD92A8802A8ADF808202A79ADF887
:106670000A908DF80C2000228DF80E308DF80D2038
:10668000FFF7D2FC082221463948F9F783FFFFF7CC
:10669000E5FEFFF7D3FE66E7AB7913F0F00A0ED103
:1066A00098E80300FFF73CFD2846FFF7BDFC0822F1
:1066B00051462846FAF760F8FFF7C0FE7AE7002A4D
:1066C0009BD0298822889142C2D1002FC0D1204678
:1066D000A371FFF7A9FC082239462846FAF74CF8BF
:1066E0008BE7C72B34D8002A3FF43DAF3E46002F3E
:1066F0003FF436AF2A8823889A421CD1AB79DA0757
:1067000013D413F0F00210D0F02AA37106D0DBB23C
:10671000C3F30312013262F30713A3712046FFF79C
:1067200083FC0822214612488FE7082221461048A0
:10673000F9F730FF61E72046FFF7E6FC0028A1D11A
:10674000AB79204643F00103AB71FFF76DFC54E7D2
:1067500098E80300FFF7E4FC082231462846FAF7E0
:106760000BF8FAE6AB7943F00103AB7122E700BF07
:10677000461F0020F0B585B06C4684E80300204633
:10678000FFF7CCFE284F0646284D68B19DF804302F
:106790001BB194E80300FFF7C9FC254C28783B782F
:1067A000834226D105B0F0BD9DF8042002AB94E8E9
:1067B000030083E80300002AEFD038782A78441CCD
:1067C00004F0070494420AD01946194B082203EB3F
:1067D000C000F9F7DFFE3C70FFF710FEDDE7FFF7C2
:1067E0006BFC0822314613483E702E70F9F7C4FF47
:1067F000D3E704EBC000FFF791FE0028D2D02B783E
:1068000034F8330004EBC3035E889A88D98840EAE1
:10681000064042EA0141FFF789FC2B78013303F07F
:1068200007032B70BAE700BF8E1F00208F1F0020C8
:106830004E1F0020461F0020014B1878C0087047EB
:10684000E01F0020024B187800F00700704700BFDF
:10685000E01F0020034B187810F0070018BF01203C
:10686000704700BFE01F0020014B1878704700BF41
:10687000E31F0020024B1A7810431870704700BFC6
:10688000E31F0020024A137823EA000313707047C5
:10689000E31F00200022014B1A707047E31F002005
:1068A000024B1A7810431870704700BFE41F002095
:1068B000024A137823EA000313707047E41F002094
:1068C0000022014B1A707047E41F0020704708B582
:1068D000FFF7FCFF08BD000008B5054A1378034226
:1068E00004D023EA00001070FFF7F1FF08BD00BFDD
:1068F000E11F0020704708B5FFF7FCFF08BD00004E
:1069000008B505490B7830EA030C03D003430B703C
:10691000FFF7F1FF08BD00BFE21F002008B5054AE0
:106920001378034204D023EA00001070FFF7E3FF5E
:1069300008BD00BFE21F002008B5044B1A781AB149
:1069400000201870FFF7D7FF08BD00BFE21F00202E
:1069500010B5084B1C78084B1B781C43074B1B7861
:106960002BB11C4306F012FB08B1FFF7E5FF2046F0
:1069700010BD00BFE31F0020E41F0020E21F002025
:1069800038B50B4C2568FFF7E3FF28702468082210
:1069900020460849F9F7CAFD48B1214608220548B2
:1069A000F9F7F8FD2046BDE8384006F093BA38BD47
:1069B000D40D0020D81F002038B50B4C2568FFF7F8
:1069C000C7FF68702468202220460849F9F7AEFD09
:1069D00048B1214620220548F9F7DCFD2046BDE8F4
:1069E000384006F081BA38BDD80D0020B81F00200D
:1069F00008B506F047FA40B1064B93F90030002B7A
:106A000003DABDE80840FFF7D7BFBDE80840FFF74D
:106A1000B7BF00BFC8490020704708B5FFF7FCFFAB
:106A200008BD0000094A10B5527852070AD5084C33
:106A300041EAC0012170FFF7C5FB2078C008FFF7CD
:106A4000ECFF10BDBDE81040FFF7BCBBC8490020FB
:106A5000E01F0020002008B5024B1870FFF7DDFF93
:106A600008BD00BFE01F002008B50A4A137823EADA
:106A70000000107042070CD198420AD0064B5B7898
:106A80005B0706D5C008FFF7A9FBBDE80840FFF784
:106A9000E1BF08BDE01F0020C849002002460948A8
:106AA00008B54378C3F38001914209D062F38203B1
:106AB000437000F036F8BDE808400220FFF7D4BF6D
:106AC00008BD00BFC8490020044B5878C0F38000BF
:106AD00080F0010000F00100FFF7E0BFC84900208E
:106AE0000120FFF7DBBF0020FFF7D8BF704708B5D4
:106AF000002000F06AFCFFF7F9FF08BD00F032BC8F
:106B000008B500F020FC18B1BDE8084005F00EBF44
:106B100008BD00F032BC00F03BBC00F03CBC00F013
:106B20003EBC00F043BC00F045BC00F047BC00F0A8
:106B300049BC00F04ABC00F04CBC00F04EBC000068
:106B400007B500F0FDFB00F008FC002368468DF857
:106B5000003000F019FC01200B4B187000F01BFCFA
:106B60000A4B01A81B88ADF8043000F01FFC02F0AE
:106B7000E9FBFBF795FB05F00AFFFFF7B8FF02F012
:106B8000D5FB03B05DF804FB161F0020360F01088B
:106B9000FFF7D6BF73B506F037FC0B4D04462B88C4
:106BA00083420ED00026ADF8006006F02DFCADF853
:106BB0000460ADF8020002AB13E90300FEF764FFC6
:106BC0002C8002B070BD00BFF81F0020014B186878
:106BD00000F060BBEC1F0020014B1868704700BF3D
:106BE000F01F002008B500F045FB024B1860024B77
:106BF000186008BDEC1F0020F01F0020014B186832
:106C0000704700BFE81F002008B500F033FB024BBF
:106C10001860024B186008BDEC1F0020E81F002020
:106C2000014B1868704700BFF41F0020074B9142CA
:106C30001860074B196038BF1146064B1A60064BA7
:106C400081422CBF19601860704700BFF01F002000
:106C5000E81F0020F41F0020EC1F00207047704741
:106C600008B5FFF7FCFF08BD704708B5FFF7FCFF4C
:106C7000FFF7F6FF08BD7047704708B5FFF7FCFF48
:106C8000FCF72CFF08BD01207047000008B505483F
:106C900000F0CCFB01F0B6F9FFF7E0FFBDE80840DB
:106CA000FFF7E3BFB1720008FEF71CBD70477047E5
:106CB00008B5FFF7FBFFFDF719FAFFF7F8FF08BD6E
:106CC00008B5FFF71DFF08B9FFF762FF0848FFF797
:106CD00020FF0848FFF723FF04F022FEFFF71BFF09
:106CE000FFF73BFA044B1878BDE80840FFF751BAAC
:106CF000FA1F0020C84900201A1F002008B506F01E
:106D00004BFB00F0A3FA05F056FE00F07DFD04F009
:106D100097FB00F093FCFFF7D3FF06F0B1F8FEF706
:106D20008DFE04F045F904F0FFFD00F07FFDBDE8A5
:106D30000840FFF7A2BF70B504460D46164602F0A4
:106D40002BFD324629462046BDE8704006F0C6BA03
:106D500008B5FEF7C7FC18B1BDE8084006F091B8C9
:106D600008BD00002DE9F04F85B0FFF78CFF88B912
:106D7000FFF710FFFFF7ECFF04F078F804F00AFCCF
:106D800008B1FFF741FF05F009FB05B0BDE8F04F82
:106D9000FEF764BEDFF8C88000F0A2FC464600247F
:106DA000E0B236F8025B00F051FB0B2C54D0854268
:106DB00004F10104F4D02B4B1B789B0701D500F0A4
:106DC0004BFBFFF771FF002701905FFA87F94846F8
:106DD00000F03CFB38F8026B0446B04236D04FF06E
:106DE000000A01254640B6B22E4224D0019B2C4217
:106DF00014BF4FF0010B4FF0000BBBB1514648469A
:106E000006F060FA90B98DF808A08DF8099006F0A8
:106E1000FBFA4FF00103ADF80A008DF80C308DF845
:106E20000DB002AB93E80300FEF72EFE5A46514622
:106E30004846FFF780FF0AF101035FFA83FA6D000D
:106E4000BAF1090FADB2CFD128F8024C01370C2F9F
:106E5000BBD1FFF7C7FE8DE78542ACD188E700BF05
:106E6000B0490020FA1F002038B500F005F9B0F550
:106E7000A44F044643D2B0F5A04F80F0AC80DF2889
:106E800016D8CC2800F28A80A7280AD8A42878D857
:106E9000012804D0031F9BB2A12B28BF0024204649
:106EA00038BDA0F1A8039BB21A2B6FD90024F6E7D6
:106EB000B0F5804F19D2B0F5005F80F0A080E728D0
:106EC000EDD9A0F580739BB2B3F5F85FEED2C0F3B5
:106ED000072000F057F90546E0B200F0CDF82D028A
:106EE00005F4F8550543ACB2D9E7C0B200F0C4F8D8
:106EF00004F47064044344F42044A4B2CFE7B0F532
:106F0000A54F21D245F25F23984251D845F23F2345
:106F100098420ED845F21F23984242D80124C0F36C
:106F2000850300F00300844044EA431444F40D4414
:106F3000E3E70124C0F3820300F00300844044EA45
:106F4000431444F40C44D8E745F2BF2398420AD8CE
:106F500045F29F23984200F01F0034D84AF2F4040F
:106F600044EA00249BE7A0F5A543403B9BB21F2BBE
:106F70009CD8040204F4F85444F4204444F0F0048F
:106F80008DE7A0F1240444F48044B6E7244B583440
:106F9000E4B233F8144044F4884480E740F4A04459
:106FA000ABE74AF2F10300F01F0443EA042476E75A
:106FB0000124C0F3820300F00300844044EA431438
:106FC00044F40A4499E700F0DDF8040204F4F854AC
:106FD00044F4005463E700F01F0000F0D3F8C30648
:106FE00048BF0001C4F343144FEA04244CBF00F02F
:106FF000F00000B2204340F4104084B24FE7C0F3E9
:10700000042000F0BFF80546E0B200F035F82D028C
:1070100005F4F85545EA000444F400546DE700BF58
:107020000A16010882B0ADF80410CBB2C1F30721F3
:107030000B2905D8082B11D81A4602B004F08BBDD5
:10704000FD2905D153B90122194602B004F090BDC3
:10705000FC2903D113B91A461946F6E7002002B0FD
:10706000704707B5ADF804100199FFF7DBFF03B0D7
:107070005DF804EBFFF7F8BEE72850D8DF2807D803
:10708000312865D00ED8292858D02A2867D07047D3
:10709000A0F1E003072B42D8DFE803F015412429D3
:1070A00033413D42392804D0822802D0352840D0CF
:1070B0007047334B1A7892075CD15B7813F0080F56
:1070C00018BF292070472E4A1378D9074ED452781A
:1070D00012F0010F23D013F0100F08BFE32018BFE8
:1070E00000207047264B1B7813F0040FF2E7244A68
:1070F000137859073CD45278D2073BD413F0100FC1
:10710000EDE71F4B5A78910709D51B7813F0100F44
:1071100008BFE720E3E71A4B1B781A07F6D470473D
:10712000174A1378190727D452789107E6D5E42037
:107130007047134B1B7813F0200FC1E7104B1A78E0
:1071400092061BD45B7813F0080F18BF39207047E4
:107150000B4B1B7813F0400F18BF2A207047084BC9
:107160001B7813F0400F18BF31207047392070474B
:10717000E2207047E0207047E62070473520CEE7D8
:10718000C849002010B5304C21784B0713D500F0CA
:107190001402A2F1040C00F01803DCF1000242EB2F
:1071A0000C02A3F1080CDCF1000343EB0C039A4240
:1071B00018BF80F00C000B0713D500F01402A2F1E9
:1071C000140C00F01803DCF1000242EB0C02A3F1F6
:1071D000180CDCF1000343EB0C039A4218BF80F05B
:1071E0000C006478E30713D500F0110202F1FF3CB4
:1071F00000F01803DCF1000242EB0C02A3F1080CD2
:10720000DCF1000343EB0C039A4218BF80F0090045
:10721000A30711D500F0110200F01803A2F1110428
:107220006242A3F1180C6241DCF1000343EB0C0352
:107230009A4218BF80F00900CA0603D5030748BF69
:1072400000F0E70010BD00BFC84900200022014B3C
:107250001A607047CC49002010B50446FEF742FA88
:1072600020B906F09BF8024B241A1C6010BD00BF29
:10727000CC49002008B5FEF735FA18B1BDE8084042
:1072800006F08CB806F08AF8014B1B68184408BD5C
:10729000CC49002010B50446FEF724FA20B1204660
:1072A000BDE8104006F02FB8FFF7E4FF001B10BD4B
:1072B00000207047A0F5A543603B1F2B10B507D8F1
:1072C0004C791CB900F01F00FEF754FB204610BD9E
:1072D0000124FBE708B503464879A8B147F65B42AD
:1072E00093420ED047F65C42934206D047F65A428C
:1072F000934205D1FFF7F4FB01E0FFF7E5FB002027
:1073000008BDFFF7F0FBFAE70120F9E708B50346EF
:10731000487998B147F6014293420CD047F60342B0
:10732000934206D0B3F5F84F02D1FEF740FB0020A0
:1073300008BDFFF7E3FBFEF742FBF8E70120F7E7A4
:10734000002000F061BE08B5002000F0D8FD4FF627
:10735000E363C31A5842584108BD4FF6E361002069
:1073600000F034BE08B5002000F04EFEBDE8084035
:107370004FF6FF71002000F029BE10B50446022030
:1073800000F0AEFD207010BD0178022000F010BEAC
:10739000032000F0A5BD0146032000F009BE10B592
:1073A0000446042000F0ABFD208010BD01880420BD
:1073B00000F00CBE0822172100F028BE0822172179
:1073C00000F0DCBD0F2000F0A9BD01460F2000F049
:1073D0000BBE01460E2000F0EBBD08B5132000F0F7
:1073E0009DFDA0F55D735842584108BD70B50E462D
:1073F00005461446FFF7A1FB014680B13444B4F5BD
:107400005D7F88BF40F2993406F1250198BF25348D
:10741000641A2246284600F0F9FD204670BD224637
:107420002846F9F7A9F9F8E700207047014B1860E2
:10743000704700BFDC0D0020704708B5FFF7FCFF68
:1074400008BD704708B5FFF7FCFF08BD014B33F8D6
:1074500010007047EA49002070474FF4346007F08D
:10746000FDB900BF00BF00BF00BF00BF00BF00BF2D
:1074700000BF00BF00BF00BF00BF00BF00BF00BF14
:1074800000BF00BF00BF00BF00BF00BF00BF00BF04
:1074900000BF704708B5FFF7E0FF08BD704708B5AB
:1074A000FFF7FCFF08BD00007FB5FEF71BF91E4D7E
:1074B00004461E4A60B30023107801A905EB400082
:1074C00001930293039300F0C5F9194E80B1194B53
:1074D0000C22187801A905EB4000F9F727F80123E1
:1074E000337060B90024FFF7ADFF204604B070BDD3
:1074F0003378002BF6D001900290039030700D4B42
:107500000C22187801A905EB4000F9F743F8EAE7E7
:10751000084B1178187805EB410105EB400000F0AD
:10752000FBF9FFF7BCFFE0E7EA490020024A002030
:10753000FB1F0020D049002008B5302383F31188B9
:10754000012100F00F039940202220F00F0008F0E5
:1075500017FE002383F3118808BD000038B5092405
:107560000B4D55F8040B421C01D0FFF7E5FF013C21
:1075700014F0FF04F5D10624064D55F8040B431C06
:1075800001D0FFF7D9FF013C14F0FF04F5D138BD5D
:10759000E00D0020040E00202DE9F843DFF8948070
:1075A000174658F8213005465A1C0E4640D0302266
:1075B00082F31188012223F00F0903F00F0302FA6E
:1075C00003F421464846240408F0DAFDC9F81840BF
:1075D000002484F31188FFF744FF6FEA070C164874
:1075E000AA1E0A3550F8041B32F8023FB1F1FF3FE2
:1075F0001AD021F00F0EDEF810E001F00F012EFA84
:1076000001F1C90710D401243B4313809542E9D10D
:1076100058F82600431C01D0FFF78EFF2146304664
:10762000BDE8F843FFF736BF0CEA03031380EDE72C
:10763000BDE8F883E00D0020040E0020F0B591B005
:1076400000F0DCF8F0B91F4C01AD0FCC0FC594E889
:10765000030085E803001C4E01AF0FCF0FC695E86D
:107660000300083407AD86E803000FCC0FC50FCC2C
:107670000FC52668154C2E6007AD0FCD0FC40FCD7A
:107680000FC4266000F0BAF8002814BF00230623B8
:107690000F4A13700F4AC3F106031370FFF75EFF22
:1076A000182200210C48F9F767F8182200210B482E
:1076B000F9F762F800F04CF811B0BDE8F040FFF7C0
:1076C000BCBE00BF380F0108040E0020E00D0020F2
:1076D000024A0020D0490020EA490020D249002077
:1076E00030B587B0182200216846F9F745F8002523
:1076F00001242246E9B268460135FFF74DFF6400D8
:10770000092DA4B2F5D1182269460E48F8F70EFFEC
:10771000002814BF0124002404D018226946094817
:10772000F8F738FF084B22461978084B054803EB59
:10773000410100F00FF80446FFF7B6FE2043C0B247
:1077400007B030BDD2490020024A0020EA4900209B
:10775000704700002DE9F04106460D461446134FD0
:1077600042B101233B7005F019FE114B1860002057
:10777000BDE8F08197F80080B8F1000FF7D00C4B0E
:10778000186805F0C0FD0028F1D00C2231462846CB
:10779000F8F7CCFE28B10C2231462846F8F7FAFE5D
:1077A0004446002320463B70E2E700BFFC1F002058
:1077B0000020002010B5074C00224FF40071204635
:1077C00008F0DEFC4FF4165007F048F82069C0F3CB
:1077D000402010BD0004004038B5C82406F0C8FFA2
:1077E000054648B9013C4FF47A70A4B207F0FFF99E
:1077F000002CF3D106F0B0FF284638BD014B587875
:10780000704700BF0720002010B5FFF7E5FF064CCA
:107810002070FFF7CFFF6070FDF764FF18B1BDE87F
:10782000104000F045B810BD0720002008B5FDF756
:1078300059FF18B9BDE8084000F03CB808BD000089
:10784000034B187809288CBF00200120704700BF27
:107850000620002070B5144D04462B780E46092BE7
:1078600016D82046314600F055F80446C8B92B78A2
:10787000FF2B1CBF01332B702B78092B94BF0124E5
:10788000002403D905F0C0FD084B1880204670BDC8
:10789000064B188805F030FDB0F5FA7FE1D20024E0
:1078A000F4E700232B70F1E70620002004200020DD
:1078B00005F056BE05F040BEF8B504461E46BDF8BC
:1078C000187062B10C234343104DE85C1D44904294
:1078D00038BF02466B880E481844F8F75BFE204616
:1078E00005F040FE054670B16FB10C20074900FB62
:1078F00004110A79CB880649BA4228BF3A46304675
:107900001944F8F747FE2846F8BD00BF1C0E0020BA
:107910000C20002000F0CEB900F008BA054B1A6820
:10792000054B92F83A1083F8901092F83B2083F8B8
:10793000AC207047401601081C0E002003F054BE16
:10794000114B70B51C68032104F1390003F0EDFF01
:1079500094F83830834215D194F939200F2A11DC7C
:107960000C210A4B01FB02339D685DB1AC4694F8D3
:107970003B2094F83A0004F15C0304F13C01BDE8BB
:107980007040604770BD00BF401601081C0E00200B
:107990002DE9F04390461D460022012385B0009357
:1079A0000E46DDE90C9711460DF10F03FFF784FF3A
:1079B000044650B3D8F8000005F0A5FC63281CD994
:1079C0000022BBB21146009330462B46FFF774FFEE
:1079D00039460446484603F0A8FF9DF80F3083421D
:1079E00014BF002404F001041CB105F0D7FCC8F852
:1079F0000000204605B0BDE8F0833946484603F054
:107A000094FF9DF80F308342DAD13A464946284622
:107A1000F8F7C0FDEDE700001E4B2DE9F0411E68B0
:107A2000082386B006F11B080193042103201A4A9B
:107A3000CDF8008004ABFFF7ABFF054620B1174F30
:107A4000B27E3B789A4215D1284606B0BDE8F08157
:107A50009DF80F109DF80E0003F038FD044650B954
:107A6000002305201A4619460093FFF725FF204002
:107A7000C5B20BE0002440460DF10F020DF10E01DE
:107A800003F00AFD0028E3D1002CE9D1B37E3B705E
:107A9000DAE700BF40160108B0200020882000204F
:107AA00070B50C260E4B86B01B680D460233009352
:107AB000012100200B4A01960DEB0603FFF768FF3A
:107AC000044628B1324608480DEB0601F8F762FD7E
:107AD0000C2228460449F8F75DFD204606B070BD2B
:107AE00040160108A820002094200020F7B5044685
:107AF00008680D4617461E4605F005FC632800D8A9
:107B00007FB1002320463146BDF820200093FFF7C7
:107B1000D3FE044610B105F041FC2860204603B0B6
:107B2000F0BD0124FAE72DE9F0411446069F054611
:107B30000E463A4619462046F8F7F8FC021E234640
:107B400031462846BDE8F04118BF0122FFF7CEBFFD
:107B50007FB5FFF741F80390FFF750F80490FFF767
:107B60005FF80C22064B05901B68009205492C33E8
:107B70006A440A20FFF7D7FF07B05DF804FB00BF97
:107B800040160108A420002007B50C21054B024631
:107B90001B6800910E3304490220FFF7C4FF03B0B5
:107BA0005DF804FB40160108AC2000201FB505F06D
:107BB00077F90122074B8DF80F001B6800920649E8
:107BC0002A330DF10F020920FFF7ADFF05B05DF874
:107BD00004FB00BF40160108B820002037B501247F
:107BE0000E4B07201D680E4B95F828101A7800944C
:107BF0008A1A18BF01220B49FFF778FF58B10A4BC8
:107C000095F829101A7808208A1A18BF0122074906
:107C10000094FFF76BFF03B030BD00BF40160108B2
:107C20001A1F002090200020161F00208C2000200A
:107C300030B50E4D85B0286805F065FB632812D974
:107C4000FFF718FB00230230039004220620009364
:107C500003A9FFF731FE044610B105F09FFB286031
:107C6000204605B030BD0124FAE700BFB420002053
:107C70002DE9F04706460F469046FFF7E1FD002844
:107C800014BF4FF00A094FF001090125394630466B
:107C9000C04710B901354D4501DDBDE8F087044608
:107CA00005FB05FA4FF47070013406F0D7FD54451A
:107CB000F8D1EBE738B5164A04460D46FFF7D8FF72
:107CC00020B329462046134AFFF7D2FFF0B12946D8
:107CD0002046114AFFF7CCFFC0B1294620460F4A83
:107CE000FFF7C6FF90B1294620460D4AFFF7C0FFB7
:107CF00060B1294620460B4AFFF7BAFF30B129464A
:107D00002046BDE83840084AFFF7B2BF002038BD22
:107D1000A17A0008897B0008197A0008317C0008E4
:107D2000DD7B0008AD7B0008517B000870B50E4676
:107D3000054607F099FF294B0C221C683146A31C0D
:107D40001846F8F727FC0C2103F0EFFD264606F84D
:107D50000E0B07F08FFF07F087FF0C2231462846F5
:107D600004F11B05F8F716FC07F084FF07F07CFF11
:107D7000284603F031FC0821284603F0D6FDA07602
:107D800007F078FF07F070FF154B606A1A689042A1
:107D900002D01860FFF760FA07F06CFF07F064FF8D
:107DA00094F828200F4B1A7094F829200E4B1A7063
:107DB00007F060FF07F058FF94F82A0005F06AF812
:107DC00007F058FF07F050FF04F12C0007C8FEF73A
:107DD0002DFFBDE8704007F04DBF00BF4016010801
:107DE000A02000201A1F0020161F00200E2808DDEA
:107DF0000C22044B02FB00303C2343805C23816057
:107E0000C38070471C0E0020F0B587B00E461746A1
:107E10001D468DF80F00FFF713FD10B9002007B0C5
:107E2000F0BD9DF90F300E2BF8DD202EF6D8202D59
:107E3000F4D8002403210DF115008DF815308DF8CC
:107E400014408DF816608DF8175003F06EFD154B39
:107E50008DF8140083F8906083F8AC500422234618
:107E60000B20009405A9FFF727FD0028D6D0234654
:107E7000324639460C200094FFF71EFD0028CDD075
:107E8000234601220D2000940DF10F01FFF714FD90
:107E90000028C3D0224621460C9B00950E20FFF7F8
:107EA0000BFDBCE71C0E0020FEF75CBF08B505F01B
:107EB00038FA05F0CDFFFEF7E9FE05F0CBFFFEF73F
:107EC0001DFF05F0D5FF05F0D9FFFFF7EDFF05F029
:107ED000D7FF05F097FF03F0DDFDFEF7E9FEF2E7BF
:107EE000002307B5014601220DF107008DF8073088
:107EF00000F08CF89DF8070003B05DF804FB002348
:107F000007B5014602220DF10600ADF8063000F07B
:107F10007DF8BDF8060003B05DF804FB07B5042248
:107F2000002301460DEB0200019300F06FF8019869
:107F300003B05DF804FB07B501228DF80710014678
:107F40000DF1070000F067F803B05DF804FB07B51A
:107F50000222ADF8061001460DF1060000F05BF8B4
:107F600003B05DF804FB07B50422019101460DEB57
:107F7000020000F050F803B05DF804FBF8B50546C8
:107F80001446D31D23F0070300AFADEB030D684685
:107F90000E4600F03BF8224669462846F8F7C6FA36
:107FA00020B122463146284600F035F8BD46F8BDDE
:107FB00038B50C460546FFF793FFA04205D0214691
:107FC0002846BDE83840FFF7B6BF38BD38B50C4687
:107FD0000546FFF794FFA04205D021462846BDE89C
:107FE0003840FFF7B4BF38BD38B50C460546FFF73B
:107FF00095FFA04205D021462846BDE83840FFF74E
:10800000B2BF38BD00F014B900F038B80B460146D5
:10801000184600F04DB80B460146184600F09CB8D3
:1080200008B5064B4FF4805218460021F8F7A4FB20
:1080300041F2080200F580531A6008BDC0200020FC
:1080400010B5054C23792BB900F06BF908B101206C
:10805000207110BD0220FCE7C030002010B5064C96
:10806000237933B100F067F910B1002301202371A7
:1080700010BD0220FCE700BFC030002038B5FFF77C
:10808000DFFF044618B9FFF7E9FF204638BD00F0CE
:108090004AF90546FFF7C4FF012C06D1FFF7DEFFC2
:1080A00000280CBF002505F001052C46EDE7000077
:1080B00008B5034608469918B1F5805F05D804490C
:1080C0001944F8F767FA012008BD0020FCE700BF5B
:1080D000C02000200000000038B500F024F904465C
:1080E00008B3FFF7ADFF4FF40072054612490020B8
:1080F00000F03EF970B10EA3D3E900234FF4805194
:108100000D4803F060F902460B464FF4805000F032
:1081100061F950B90024012D01D1FFF79FFF41F211
:108120000802064B1A60204638BD0224F3E700BF60
:1081300025232284E49CF2CBC0200020C030002004
:10814000044B1B68B3F5005F01D3FFF7C5BF0120E7
:10815000704700BFC03000208318B3F5805F2DE961
:10816000F34705460F4616461AD8304C00EB040874
:1081700041463846F8F7DAF9002854D032463946F5
:108180004046F8F707FAFFF75BFF814630B104F588
:1081900080583EB9FFF7D4FF044639E0FFF75EFF91
:1081A00000243CE0052EB24628BF4FF0050A052208
:1081B00000210DF10300F8F7DFFAC5F3024343EAAB
:1081C000CA03524639468DF800300DF103002B0AE0
:1081D0008DF801308DF80250F8F7DCF9DDE9002365
:1081E000D8F8000000F0F6F8044688B1D8F800305E
:1081F0000833C8F80030FFF7A3FF0128044604D174
:10820000A6EB0A0655445744C3E7022818BF0024CA
:10821000B9F1010F03D1FFF721FF0028C0D020469C
:1082200002B0BDE8F0870124F9E700BFC0200020BC
:108230007FB5FFF7F5FE00F06FF8044610B9FFF7C1
:10824000EFFE5BE04FF400720020314900F075F85A
:108250002F4D044610B9FFF7E3FEF0E72AA3D3E958
:1082600000234FF48051284603F0ADF806460C4633
:108270004FF4805002A900F078F8DDE902239C4217
:1082800008BF964201D0FFF7CBFE41F208046946D1
:10829000204600F06AF8034640B3DDE9000350EAE7
:1082A000030220D010F0C00FCDE9020304F108044E
:1082B000C1B2C0F3811318D10A0400F47F46C0F3A1
:1082C000074002F4E02230431043CA0800EBD1011A
:1082D000B1F5805F0AD80DF10B012844F8F75AF97F
:1082E000B4F5005FD3D1012300E00023094A1460F4
:1082F0003BB9FFF7F1FE04460028A0D0204604B0A9
:1083000070BDFFF71DFFF6E725232284E49CF2CB26
:10831000C0200020C030002008B500F0DDF80120AA
:1083200008BD0120704708B5002000F0D7F8B0FA6A
:1083300080F0400908BD0120704738B5D5002A46B5
:108340000C4600F0E8F818B921462544A94203D1AB
:10835000B0FA80F0400938BDD1E90023D243DB43B5
:1083600041F8082B41F8043CF0E70122FFF7E5BF94
:108370002DE9F0470646884615460027C0B0202D57
:10838000A94628BF4FF020094FEAC90A524668465D
:1083900008EBC701F8F7FEF800246B464C450DD1F9
:1083A00052466946304600F0D4F888B92D1B564431
:1083B0002744E4D1012040B0BDE8F087D3E90001B3
:1083C000C043C94343F8080B43F8041C0134E5E7F4
:1083D0000020F0E707B5CDE9002369460122FFF749
:1083E000C7FF03B05DF804FB0022082311460148D3
:1083F00005F00CBA0C08004008B5FFF7F5FF30B1E6
:10840000062005F013FA05F049FA002008BD4FF0E8
:10841000FF30FBE7F7B51F468DF807100B0A090C74
:10842000064615468DF804008DF806308DF80510C7
:10843000FFF7DAFFE8B104210DEB010005F01AFAAD
:10844000044648B945B1022E0BD0032E0ED1284662
:10845000B9B205F019FA044605F020FA204603B037
:10846000F0BD2846B9B205F005FAF4E74FF0FF3445
:10847000F2E74FF0FF34F1E710B5FFF7B5FF88B131
:10848000052005F0D3F905F0E3F9044605F006FAF6
:10849000002C05DB14F0010F14BF6FF0030400245F
:1084A000204610BD4FF0FF34FAE710B5044604F043
:1084B00075FF4FF47A7303FB040404F06FFFA042CE
:1084C00004D2FFF7D9FF031DF7D010BD6FF00100F4
:1084D000FBE70120FFF7E9BF05F01AB900F580338B
:1084E000B3F5002F10B5044612D283B283B9FFF75B
:1084F000F0FF78B9FFF780FF60B9034602462146D6
:10850000D820FFF787FF28B9BDE81040FFF7E1BF8B
:108510004FF0FF3010BD2DE9F04107460D461646DD
:10852000FFF7D7FF0446804638B13246002128467F
:10853000F8F722F92046BDE8F08133462A4639464D
:108540000320FFF767FF04460028F3D03246414678
:10855000EDE72DE9F04106460F46154675B9FFF7E0
:10856000B8FF044638B9FFF73FFF30B3042005F0E9
:108570005DF905F093F92046BDE8F0815FFA86F8D1
:10858000C8F58078A84528BFA846FFF7A2FF044693
:108590000028F0D1FFF730FF04460028EBD1434616
:1085A0003A4631460220FFF735FF04460028E2D163
:1085B00047444644A5EB0805D0E74FF0FF34DAE71F
:1085C00038B54C790546002C42D0FEF74DF900F045
:1085D0002203A5F5F04020380A280AD8DFE800F089
:1085E000060B0F14181D21262A2F330002F041FD1F
:1085F0000024204638BD23B102F0DEFDF8E7002B51
:10860000FAD002F0C5FDF3E723B102F039FEEFE73F
:10861000002BFAD002F022FEEAE723B102F058FE66
:10862000E6E7002BFAD002F03FFEE1E723B102F0CB
:1086300077FEDDE7002BFAD002F05EFED8E723B12B
:1086400002F0A2FED4E7002BFAD002F08FFECFE7B3
:108650000124CEE738B54D790446A5B9FEF704F9F3
:1086600000F02203A4F5F04040380E2849D8DFE896
:1086700000F0080C0F12161B1F24282D31363A3F2C
:10868000430002F00BFD284638BD02F01FFDFAE75B
:1086900002F0EFFCF7E723B102F08EFDF3E7002BC9
:1086A000FAD002F075FDEEE723B102F0E9FDEAE74A
:1086B000002BFAD002F0D2FDE5E723B102F008FE6C
:1086C000E1E7002BFAD002F0EFFDDCE723B102F086
:1086D00027FED8E7002BFAD002F00EFED3E723B135
:1086E00002F052FECFE7002BFAD002F03FFECAE7BD
:1086F00023B102F066FEC6E7002BFAD002F05EFE60
:10870000C1E70125BFE7000030B510F47F4F85B009
:108710000190C0F30725C0F3074217D109B1314BCF
:108720009A5C8DF80C208DF80D208DF80E2000201D
:108730009DF80C3063F307009DF80D3063F30F20B4
:108740009DF80E3063F3174005B030BD9DF804402E
:1087500061B3244B9A5C0620FF236043591BB0FB96
:10876000F3F06FF05403434303EB440303EB430381
:10877000DBB203FB05F4C3F1FF036B4324121B12AE
:10878000C4F1FF04C3F1FF03514354435343C1F306
:108790000721C4F30724C3F30723D2B206281CD849
:1087A000DFE800F006080F12161B060092B2D2E7AF
:1087B00014461A468DF80C408DF80D208DF80E10D9
:1087C000B5E70C461946F5E723460C461146F0E797
:1087D00010461C460A460146ECE7234614460A4664
:1087E000F0E700BF60160108012184B004B0FFF774
:1087F0008BBF012830B501D8C0B230BDB0F5F75FEE
:1088000088BFFF224FF001049EBF42090832D2B256
:10881000A3185910C3F34705C3F34F035B439BB23F
:10882000834205D96A1ED2B29442F1D9601EE3E7B1
:10883000FF2902D06C1CE4B2F6E70846DDE7000031
:10884000074B188800EB402200EB820000F55850DF
:10885000193080B2188000EB1020C0B2704700BF02
:10886000EC0E002008B50146FFF7EAFF4843C0F3CD
:10887000072008BD10F0400316BFC2430246D2B223
:1088800010B502F00F0103B10131094CC2F301121E
:1088900004EB42035B78594314F81230020603EBF1
:1088A0002113DBB244BF5B42DBB283F0800010BD1A
:1088B000441601081FB5C0F3074401905008FFF7A4
:1088C000D9FFA0F180035BB2002BBCBFC0F18000D8
:1088D00043B200205B00DBB204FB03331B128DF8B4
:1088E0000630019BDAB262F30700C3F3072262F39A
:1088F0000F20C3F3074363F3174004B010BD00001B
:10890000144B84B003EB4103E521019093F86C30E4
:10891000C0F307204B43C2EB13231C33002BB8BF1B
:108920005B42A0EBC3031BB223EAE37300FB0333F8
:1089300000201B128DF80530019BDAB262F30700AC
:10894000C3F3072262F30F20C3F3074363F3174017
:1089500004B070479A0C0020144B84B003EB410321
:10896000E521019093F86C30C0F307404B43C2EB14
:1089700013231C33002BB8BF5B42A0EBC3031BB215
:1089800023EAE37300FB033300201B128DF806304B
:10899000019BDAB262F30700C3F3072262F30F20F0
:1089A000C3F3074363F3174004B070479A0C0020E9
:1089B00084B0019000208DF80420019BDAB262F3AC
:1089C0000700C3F3072262F30F20C3F3074363F3E7
:1089D000174004B07047000084B001900B4800EBD2
:1089E000410090F86C3000209B1A8DF80430019BF8
:1089F000DAB262F30700C3F3072262F30F20C3F376
:108A0000074363F3174004B0704700BF9A0C00207F
:108A100084B001900B4800EB410090F86D300020CD
:108A20009B1A8DF80430019BDAB262F30700C3F39E
:108A3000072262F30F20C3F3074363F3174004B028
:108A4000704700BF9A0C002030B5134B85B034310D
:108A5000019003EB4104657903EB4103A5F1200488
:108A600064B21B79002CBCBFC5F1200464B29A1A11
:108A70002244C0B210448DF804000020019BDAB2F9
:108A800062F30700C3F3072262F30F20C3F3074327
:108A900063F3174005B030BD9A0C002084B00190FC
:108AA00000209DF8102003EB430302EB53038DF8E5
:108AB0000430019BDAB262F30700C3F3072262F3CA
:108AC0000F20C3F3074363F3174004B070471FB58B
:108AD00092B2019048B2002802FB02F2BCBF4942A8
:108AE00048B2C0F1380000FB002080B21C46FFF7FE
:108AF00080FE00EB4000044400208DF80440019B00
:108B0000DAB262F30700C3F3072262F30F20C3F364
:108B1000074363F3174004B010BD000084B0019018
:108B200003F13400104B03EB400358791B792038D4
:108B3000703B4B4302FB003200209DF80410002ADA
:108B4000B8BF7F3201EBE2128DF80420019BDAB24C
:108B500062F30700C3F3072262F30F20C3F3074356
:108B600063F3174004B070479A0C002084B0019062
:108B700003F13400104B03EB400358791B79203884
:108B8000703B4B4302FB003200209DF80410002A8A
:108B9000B8BF3F3201EBA2128DF80420019BDAB27C
:108BA00062F30700C3F3072262F30F20C3F3074306
:108BB00063F3174004B070479A0C002030B5174C8F
:108BC00085B03433019004EB430425796379A5F132
:108BD000700464B2203B002C02FB03F3BCBFC5F160
:108BE000700464B2C4F1380201FB023212EB42029B
:108BF000C0B248BF7F3200EBE21200208DF80420A3
:108C0000019BDAB262F30700C3F3072262F30F207D
:108C1000C3F3074363F3174005B030BD9A0C00203F
:108C200001F13403114984B0019001EB430148790B
:108C30000B792028A3EB00034FF0000003EB430364
:108C4000DBB28CBFD2189A1AD2B28DF80420019BE5
:108C5000DAB262F30700C3F3072262F30F20C3F313
:108C6000074363F3174004B0704700BF9A0C00201D
:108C70001FB5C4B201905008FFF7FCFDA0F18003BE
:108C80005BB2002BBCBFC0F1800043B20D205B0083
:108C9000DBB24343002004EB13238DF80430019B27
:108CA000DAB262F30700C3F3072262F30F20C3F3C3
:108CB000074363F3174004B010BD000030B50D4604
:108CC00085B00190C4B21046FFF7D4FD124901EB04
:108CD000450191F86C2002440D20D2B2A2F180032C
:108CE0005BB2002BBCBFC2F1800253B25B00DBB2AF
:108CF0004343002004EB13238DF80430019BDAB2C8
:108D000062F30700C3F3072262F30F20C3F30743A4
:108D100063F3174005B030BD9A0C0020114B84B0AE
:108D2000019003EB410393F86C10C0B28B1A5BB255
:108D3000002BBCBF521A53B21922DBB2534300EBD3
:108D400013208DF804000020019BDAB262F30700C3
:108D5000C3F3072262F30F20C3F3074363F3174003
:108D600004B070479A0C0020FF2928BFFF21C94397
:108D700084B00190C9B2C0F3074000FB011100208C
:108D800009128DF80610019BDAB262F30700C3F3F3
:108D9000072262F30F20C3F3074363F3174004B0C5
:108DA0007047FF2928BFFF21C94384B0C9B2019091
:108DB00001EB8111C0B200EB112100208DF80410ED
:108DC000019BDAB262F30700C3F3072262F30F20BC
:108DD000C3F3074363F3174004B0704784B003EB59
:108DE0008302BDF81030019013449BB2FF2B28BFC3
:108DF000FF23DB43C0F30740DBB20344FF2B28BF54
:108E0000FF2300208DF80630019BDAB262F30700E1
:108E1000C3F3072262F30F20C3F3074363F3174042
:108E200004B0704700291FB5B8BF4942002AB8BF37
:108E3000524209B2090112B2FF294FEA0212A8BF39
:108E4000FF21FF2AA8BFFF22BDF8184009B21C4429
:108E500012B2A4B29142D4BF6418A418A3B2FF2BDB
:108E600028BFFF23DB430190DBB2C0F3074003447C
:108E7000FF2B28BFFF2300208DF80630019BDAB2BC
:108E800062F30700C3F3072262F30F20C3F3074323
:108E900063F3174004B010BD1FB5482B0190C0F319
:108EA000074030D8BDF81840E31A9BB2FF2B28BF0B
:108EB000FF23083189B2102905D902F1080189B2CE
:108EC000112928BFFF23DB43DBB20344002AB8BFCC
:108ED0000332FF2B28BFFF2300200C498DF80630FA
:108EE000497801EBA2028DF80420019BDAB262F30B
:108EF0000700C3F3072262F30F20C3F3074363F3B2
:108F0000174004B010BDFF23D3E700BF084A00207C
:108F100084B0BDF81020C0F30741D31A9BB2FF2BD9
:108F200028BFFF23DBB2DA43D2B21144FF2928BFA6
:108F3000FF210190034400208DF804308DF80610C5
:108F4000019BDAB262F30700C3F3072262F30F203A
:108F5000C3F3074363F3174004B0704784B0BDF810
:108F600010200190D31A9BB2FF2B28BFFF23DB43B5
:108F7000C0F30740DBB20344FF2B28BFFF230020D0
:108F80008DF80630019BDAB262F30700C3F30722C3
:108F900062F30F20C3F3074363F3174004B0704735
:108FA0007FB5164E1546735C0190C0F3074413B9A4
:108FB000FFF746FC7054705C28444008FFF75AFCE9
:108FC000A0F180035BB2002BBCBFC0F1800043B2B4
:108FD00000205B00DBB204FB03331B128DF806306C
:108FE000019BDAB262F30700C3F3072262F30F209A
:108FF000C3F3074363F3174004B070BD6032002031
:109000001FB5184B0190C0F3074401EB81011868AC
:10901000154BC1EB811108441979C90800FB010007
:10902000C0F30720FFF726FCA0F180035BB2002B02
:10903000BCBFC0F1800043B200205B00DBB204FB88
:1090400003331B128DF80630019BDAB262F307007E
:10905000C3F3072262F30F20C3F3074363F3174000
:1090600004B010BD104A0020084A0020024B1A78B4
:1090700010431870704700BFCA30002010B5044676
:1090800020B90029ACBF0020802010BD80EAE07329
:10909000A3EBE0731BB2002903EB0102A7BFCB1ABD
:1090A0005B015B1A5201ABBF93FBF2F392FBF3F34C
:1090B000C3F12003C3F160035BB2D8B2002CBCBF84
:1090C0004042C0B2E1E730B5C0F3072585B0EB1AE6
:1090D00001901046DCB2FFF7D1FFC0EB801300EB2C
:1090E000830300201C44E3B205FB03331B128DF8FD
:1090F0000530019BDAB262F30700C3F3072262F383
:109100000F20C3F3074363F3174005B030BD30B5FC
:10911000C0F3074585B0EB1A01901046DCB2FFF7AB
:10912000ADFFC0EB801300EB830300201C44E3B2CF
:1091300005FB03331B128DF80630019BDAB262F394
:109140000700C3F3072262F30F20C3F3074363F35F
:10915000174005B030BD30B585B09DF82040C0F354
:109160000725019010461C1BFFF788FF2C44E4B232
:10917000241A0020E3B205FB03331B128DF80530DF
:10918000019BDAB262F30700C3F3072262F30F20F8
:10919000C3F3074363F3174005B030BD30B585B066
:1091A0009DF82040C0F30745019010461C1BFFF7B7
:1091B00065FF2C44E4B2241A0020E3B205FB03331C
:1091C0001B128DF80630019BDAB262F30700C3F37D
:1091D000072262F30F20C3F3074363F3174005B080
:1091E00030BD1FB5019010461C46FFF747FF2044D5
:1091F0008DF804000020019BDAB262F30700C3F38C
:10920000072262F30F20C3F3074363F3174004B050
:1092100010BD1FB59DF81840019010461C1BFFF7AC
:109220002DFFE4B2241A00208DF80440019BDAB22D
:1092300062F30700C3F3072262F30F20C3F307436F
:1092400063F3174004B010BD84B004B0FFF7CCBA8C
:109250002DE9F74FDFF8CCA000EBC0080AEB0803BC
:109260005B5C0746FF2B0E462BD000252E4A904410
:109270004FF0000B05EBC50403F134090AEB0401C0
:109280000AEB4909144411F801EBBEF1FF0F0ED0AF
:10929000E8B2874218D15FFA8BF0864214D118F8F1
:1092A00006002030FF2828BFFF2008F806000BF139
:1092B000010BBBF1090F04F10104E4D101350C2DC0
:1092C000D6D103B0BDE8F08F0EF1340E0AEB4E0E8E
:1092D0009EF8040099F804C09EF805E0ACEB000C81
:1092E00099F805000191A0EB0E0080B240430CFB01
:1092F0000C0080B20093FFF77CFA2828009B0199AC
:10930000094AD4D894F800C0C0F12800C0B210288F
:1093100094BF84440CF1100C6046FF2828BFFF2046
:109320002070C4E79A0C0020CC30002008B5034818
:10933000FDF7FBFB0022024B1A7008BD084A002013
:10934000CA30002010B5094C3523204603220849B5
:1093500000F8013BF7F71EF94FF67F732046A38014
:10936000FDF7E3FB0022034B1A7010BD084A0020F2
:10937000740F0108CA3000200020704770B5044601
:109380000E461546FFF7F8FF054B04EBC4041C44DA
:10939000A35DFF2B1EBF2B540130C0B270BD00BFB8
:1093A0009A0C0020014BDB68184700BF50160108DB
:1093B00070470000F7B50C4615461E46FFF7F8FF4C
:1093C00000280ADB064F21467C6833462A46A4461D
:1093D000019403B0BDE8F040604703B0F0BD00BFAA
:1093E00050160108F7B51F4B0546034493F8F430B7
:1093F000194234D01C4E1D4B34791B88E40804FB01
:109400000333711C1C1203226846F7F7C3F8E0B25D
:10941000FFF730FAA0F1800464B2002CBCBFC0F1A9
:10942000800044B21F207778F678FFF71BFA6400BB
:10943000E4B206FB0444074424128DF800708DF852
:1094400002400098FFF700FFC0F30743C0F3072274
:10945000C1B2284603B0BDE8F040FFF7ABBF03B090
:10946000F0BD00BF9A0C0020084A0020104A0020DE
:10947000F7B51F4B0546034493F8F430194234D036
:109480001C4E1D4B34791B88E40804FB0333711C0C
:109490001C1203226846F7F77DF8E0B2FFF7EAF9FD
:1094A000A0F1800464B2002CBCBFC0F1800044B2C3
:1094B0001F20B778F678FFF7D5F96400E4B206FB11
:1094C0000444074424128DF801708DF8024000987E
:1094D000FFF7BAFEC0F30743C0F30722C1B2284624
:1094E00003B0BDE8F040FFF765BF03B0F0BD00BFBB
:1094F0009A0C0020084A0020104A002073B51B4B2C
:109500000446034493F8F43019422DD0184E194BF9
:1095100035791B88ED0805FB0333711C1D120322EE
:109520006846F7F737F8E8B2FFF7A4F9A0F180032F
:109530005BB2002BBCBFC0F1800043B2F6785B0089
:10954000DBB206FB03331B128DF802300098FFF7E5
:109550007BFEC0F30743C0F30722C1B2204602B02E
:10956000BDE87040FFF726BF02B070BD9A0C002026
:10957000084A0020104A002013B5124B0446034449
:1095800093F8F43019421BD0FFF75AF98DF8000018
:109590008020FFF767F90C4B7F30DB788DF80100F6
:1095A0008DF802300098FFF74FFEC0F30743C0F379
:1095B0000722C1B2204602B0BDE81040FFF7FABE54
:1095C00002B010BD9A0C0020084A002037B5134B9A
:1095D0000446034493F8F43019421DD0104D032281
:1095E000691C6846F6F7D6FF03206D78FFF73AF955
:1095F0006FF01F0303FB00558DF800500098FFF734
:1096000023FEC0F30743C0F30722C1B2204603B0D4
:10961000BDE83040FFF7CEBE03B030BD9A0C00204D
:10962000084A0020014B9B68184700BF50160108EC
:109630002DE9F04F524B87B0DC78524E04EB4403D7
:109640004FEAA30B9B080293FF23B3FBF4F30193B0
:1096500083785BB1002211461046FFF7E3FF6C22CE
:1096600000214948F7F788F8002333700025474F59
:10967000DFF814A13B7801333B70D0464FF000096E
:1096800032785FFA89F31A4363D10393F7F7F8F856
:109690003F4B9842039B5CDC8AF800402946184601
:1096A00004AAFFF76BFE98B198F80020029B9DF882
:1096B00010009A425CD9A2EB0B030BFB03F3A4EB63
:1096C0000B0293FBF2F32246DBB21946FFF772FE60
:1096D00009F10109B9F10C0F08F10908D0D10135E0
:1096E000EDB2092D0AF1010AC7D13B78019A9342E4
:1096F00004BF00233B7033780133DBB21C2B3DD910
:1097000000233370234E0B233546671E304629460F
:1097100009220B2B04D190F800C0644508BF0770E4
:1097200011F809CC013AA44524BF01F8097C0C705A
:1097300012F0FF0201F1010100F10100E9D1013B4A
:1097400013F0FF03A5F10905E0D1002007B0BDE843
:10975000F08F98F80020002AA0D094429ED9397842
:109760000198814204BF02F1FF3288F8002095E79A
:109770006243B2FBFBF20023D2B2A6E73370E4E708
:10978000084A0020CB300020CC300020C830002018
:10979000545555052F3100202DE9F04F85B0064670
:1097A0000F461546FBF79EFF8046002852D0002D3D
:1097B00053D03946304602AAFFF7E0FD0446DFF8F1
:1097C000D49099F800302344082B23DDC4F1080A13
:1097D000611C5246494409F10100F6F7DBFE04F131
:1097E00009015246494409F10900F6F7D3FE09EB95
:1097F00044014FEA4A02193109F11900F6F7CAFE8D
:1098000004F111015246494409F11100F6F7C2FE74
:1098100089F800A0002299F800C011469146DFF8AF
:1098200074E00DF1080BD0B200EB0C03DBB2844204
:10983000019314D86444E4B209B1164B1C704DB1C5
:10984000154B1B7803F0FC03802B03D139463046BF
:10985000FFF7FEFC05B0BDE8F08F2C46AFE7019B9B
:109860001BF801AB0EEB03000C4B0AF1340103EBC8
:1098700041010B7949794370019B41720C330EEB26
:109880004303414680F811A083F8019083F80290C9
:109890000132C8E73B310020084A00209A0C002022
:1098A0000C4B1B68C3F38123022B0CD0032B0ED06F
:1098B000012B4FF0000203D011461420FFF7B2BE77
:1098C00014211046FAE7002114220846F6E7142274
:1098D000F2E700BF104A00200120704701207047C6
:1098E00008B5FFF7FBFF08BD08B5FFF7F5FFFFF769
:1098F000F7FF08BDC0EBC00043000020DBB203F15E
:109900000E02D2B2442A63F30700134628BF442351
:1099100082B063F30F2002B0704700002DE9F04FD2
:10992000074689B000780291FFF7E4FFDFF8BC80BA
:109930002F4A98F80450C4B26B081588C0F3072B5F
:1099400003FB05552B4BC5F3072503EB440603F139
:10995000F409E3B29B4507D8BBF1430F8CBF00204D
:10996000012009B0BDE8F08F14F809207B781A4275
:1099700038D096F86D2096F86C10203A92B202FB1F
:1099800002F070391FFA81FA0AFB0A0080B20392D2
:10999000FEF72FFF98F801C0034698F8020098F8E8
:1099A00003E0039A4CEA002012B20FFA8AF1DDF8C4
:1099B00008C040EA0E400095E047C0F307238DF849
:1099C0001C00C0F307408DF81D308DF81E0007986D
:1099D000FFF73AFCC0F30743C0F30722C1B22046A9
:1099E000FFF7E8FC02360134B3E700BF084A002065
:1099F000104A00209A0C00200149FFF78FBF00BFDA
:109A0000579100080149FFF789BF00BF9D910008E9
:109A10000149FFF783BF00BF9D8A00080149FFF796
:109A20007DBF00BF139200082DE9F04F074685B0B7
:109A30000078FFF75FFF8A46DFF89880264A98F89B
:109A40000450C4B26B081588C0F3072B03FB0555FF
:109A5000224BC5F3072503EB440603F1F409E3B2F7
:109A60009B4507D8BBF1430F8CBF0020012005B0F8
:109A7000BDE8F08F14F809207B781A4226D098F8B8
:109A8000023098F8010098F803C096F86D2096F817
:109A90006C1040EA0320203A70392B4640EA0C4013
:109AA000D047C0F307238DF80C00C0F307408DF8B2
:109AB0000D308DF80E000398FFF7C6FBC0F3074387
:109AC000C0F30722C1B22046FFF774FC023601340E
:109AD000C5E700BF084A0020104A00209A0C002069
:109AE0000149FFF7A1BF00BFC79000080149FFF778
:109AF0009BBF00BF0F9100080149FFF795BF00BF52
:109B0000CF8A00080149FFF78FBF00BFE39100082B
:109B10002DE9FF4706460078FFF7ECFE88461F4F09
:109B20001F4B3D791B88AD0802355D43DFF874A0FB
:109B3000C0F30729C5F30725C4B2E1B2894507D8A8
:109B4000B9F1430F8CBF0020012004B0BDE8F087BD
:109B500014F80A2073781A421DD0B8787B782A4608
:109B600043EA0023F87843EA0040C047C0F30723E4
:109B70008DF80C00C0F307408DF80D308DF80E0005
:109B80000398FFF761FBC0F30743C0F30722C1B29C
:109B90002046FFF70FFC0134CFE700BF084A002042
:109BA000104A00208E0D00200149FFF7B1BF00BF11
:109BB000B58800080149FFF7ABBF00BF0189000865
:109BC0000149FFF7A5BF00BF598900080149FFF708
:109BD0009FBF00BFB18900080149FFF799BF00BFCF
:109BE000D98900080149FFF793BF00BF118A000817
:109BF0000149FFF78DBF00BF498A00080149FFF7FF
:109C000087BF00BF718C00080149FFF781BF00BF0B
:109C1000BD8C00080149FFF77BBF00BF1D8D000808
:109C2000837810B5044623B1442200210448F6F796
:109C3000A3FD2046BDE810400249FFF769BF00BF01
:109C400060320020A18F00080149FFF761BF00BF0B
:109C5000019000082DE9F04F814689B0007803910A
:109C6000FFF748FEDFF8A8A02A4A9AF80440C6B2D7
:109C7000A3081488C0F3072503FB0444C4F3072496
:109C800004F14000C0B2FEF7F5FDA0F180072046C8
:109C9000FEF7F0FDDFF880B0A0F180087FB24FFA48
:109CA00088F8F3B29D4206D8432D8CBF00200120D6
:109CB00009B0BDE8F08F16F80B1099F80120114299
:109CC00024D09AF802209AF801009AF803C040EADA
:109CD00002203946424640EA0C400094DDF80CC0B0
:109CE000E047C0F307238DF81C00C0F307408DF850
:109CF0001D308DF81E000798FFF7A6FAC0F3074342
:109D0000C0F30722C1B23046FFF754FB0136C8E763
:109D1000084A0020104A00208E0D00200149FFF75C
:109D200099BF00BF1D8B00080149FFF793BF00BF1B
:109D30006D8B00080149FFF78DBF00BFBD8B000888
:109D40002DE9F04F334D074685B00078FFF7D2FD7F
:109D50002E794FF6FF730136FF2E28BFFF26884667
:109D6000B3FBF6F6DFF8B0B0DFF8B0A0C0F3072918
:109D7000C4B2E0B2814507D8B9F1430F8CBF0020CF
:109D8000012005B0BDE8F08F14F80B207B781A4253
:109D90002ED09AF800302249013B5BB21A0629D531
:109DA00032462B79A878591CFF290B4628BFFF2380
:109DB00003FB02226B78C2F30F2143EA0023E87809
:109DC00043EA0040C047C0F307238DF80C00C0F3FE
:109DD00007408DF80D308DF80E000398FFF734FA28
:109DE000C0F30743C0F30722C1B22046FFF7E2FAEF
:109DF0000134BEE75A5C82420AD103F10C020AEB3D
:109E0000420292F801C092784CEA0222B242C8D3D0
:109E1000013BC3E7084A00208E0D0020144A0020B1
:109E2000254A00200149FFF78BBF00BF698D00085C
:109E30000149FFF785BF00BFA38D00082DE9F04F52
:109E400082468DB008780492FFF754FD8B46414B53
:109E5000C5B21B78C0F3072903933F4B03EB4507BB
:109E6000F4330593EBB2994507D8B9F1430F8CBF92
:109E7000002001200DB0BDE8F08F059BEA5C9BF847
:109E800001301A4221D0D0460024032233490AA8C7
:109E9000F6F780FB2F4B0AF101061E44039A5FFA86
:109EA00088F39A4214D82E4BD87800FB044424122D
:109EB0008DF82A400A98FFF7C7F9C0F30743C0F3AB
:109EC0000722C1B22846FFF775FA01350237C9E704
:109ED00016F8013B97F86C1097F86D20C91AF379C2
:109EE00089B2D21A92B202FB02F001FB010080B2E9
:109EF00007920691FEF77DFC194B164A93F804E091
:109F000008F10C030EF1010EBEF1FF0F28BF4FF058
:109F1000FF0E02EB430393F801C09B78079A4CEACB
:109F2000032C0EFB0CCC0699CCF30F238DF82A40A2
:109F30000093049C034612B20A9809B2A047C0F3EA
:109F400007238DF828008DF82930C0F3074408F165
:109F50000108A3E7144A00209A0C0020094A0020B7
:109F6000084A0020044B01461B78044A013B23EABF
:109F7000E373D8B2FFF762BF144A0020DD8D0008FA
:109F80000146024A0020FFF759BF00BFDD8D0008DF
:109F9000044B01461B78044A013B23EAE373D8B221
:109FA000FFF74CBF144A0020258E00080146024AE4
:109FB0000020FFF743BF00BF258E0008044B014679
:109FC0001B78044A013B23EAE373D8B2FFF736BF9C
:109FD000144A0020998E00080146024A0020FFF72B
:109FE0002DBF00BF998E0008044B01461B78044A20
:109FF000013B23EAE373D8B2FFF720BF144A0020E5
:10A00000118F00080146024A0020FFF717BF00BF6A
:10A01000118F0008044B01461B78044A013B23EAD8
:10A02000E373D8B2FFF70ABF144A00205D8F00081F
:10A030000146024A0020FFF701BF00BF5D8F000804
:10A04000F7B506460078FFF755FC184AC5B25378B5
:10A05000C0F307249078164F43EA0023D07843EAF0
:10A060000040FFF7F1F8C0F307238DF80530C0F387
:10A0700007438DF804008DF80630EBB29C4205D8FA
:10A08000432C8CBF0020012003B0F0BDEA5D737843
:10A090001A4208D028469DF806309DF805209DF804
:10A0A0000410FFF787F90135E7E700BF084A0020F1
:10A0B0008E0D00202DE9FF4106460078FFF71AFCBF
:10A0C000DFF89C80032208F10101C4B2C0F3072528
:10A0D00001A8F6F75FFA019898F80170FFF7B4F855
:10A0E000C0F307238DF8093098F804308DF8080084
:10A0F0001F448DF80470C0F307408DF80A000198E2
:10A10000FFF7A2F8C0F307238DF80D30154FC0F309
:10A1100007438DF80C008DF80E30E3B29D4206D84F
:10A12000432D8CBF0020012004B0BDE8F081E35D29
:10A130007278134211D0DB07204643BF9DF80E30E2
:10A140009DF80D209DF80C109DF80A305CBF9DF81D
:10A1500009209DF80810FFF72DF90134DDE700BF55
:10A16000084A00208E0D00202DE9FF4707460078A1
:10A17000FFF7C0FBDFF86C800322C4B2C0F30725F1
:10A1800008F1010102A8F6F705FA98F80460DFF873
:10A1900058900136B608A9F1870AE3B29D4206D865
:10A1A000432D8CBF0020012004B0BDE8F08714F8D7
:10A1B00009207B781A4213D01AF814301A0998F83B
:10A1C000013002FB06338DF808300298FFF73CF8A7
:10A1D000C0F30743C0F30722C1B22046FFF7EAF8F5
:10A1E0000134DAE7084A00208E0D00202DE9FF47F0
:10A1F00007460078FFF77EFBDFF870800322C4B2C9
:10A20000C0F3072508F1010102A8F6F7C3F998F891
:10A210000460DFF85C900136B608A9F1880AE3B261
:10A220009D4206D8432D8CBF0020012004B0BDE81C
:10A23000F08714F809207B781A4214D01AF81430E9
:10A2400006FB03F298F8013003EB52138DF8083047
:10A250000298FEF7F9FFC0F30743C0F30722C1B22B
:10A260002046FFF7A7F80134D9E700BF084A0020CD
:10A270008E0D00202DE9F04F074685B00078FFF7DE
:10A2800039FB0A23354E88463579DFF8D4A0B5FB73
:10A29000F3F5344B02351B88EDB25D43C0F307295B
:10A2A000C5F30725C4B2AAF1870BE1B2894507D8E7
:10A2B000B9F1430F8CBF0020012005B0BDE8F08F3D
:10A2C00014F80A207B781A4229D01BF81430B07891
:10A2D000202B73782A4643EA0023F07843EA0040B3
:10A2E0001FD9C047C0F307238DF80800C0F307400B
:10A2F0008DF809308DF80A000298FEF7A5FFC0F32B
:10A300000722C0F307418DF805208DF806108DF85F
:10A310000400C3B2D2B2C9B22046FFF74BF80134F1
:10A32000C3E7C047C0F307238DF80C00C0F3074014
:10A330008DF80D308DF80E000398FEF785FFC0F301
:10A340000722C0F307438DF805208DF806308DF8FD
:10A350000400DBB2D2B2C1B2DEE700BF084A00207F
:10A360008E0D0020104A00200149FFF783BF00BF77
:10A37000218C0008F7B503780546C3B91E4B1B793D
:10A380001033FF2B28BFFF231A461C4B1B8802FBF0
:10A3900003330A22C3F30F23B3FBF2F102FB1133A1
:10A3A0009BB223B94420FEF75DFA154B188028783C
:10A3B000FFF7A0FA0446AB78C6B2C4F3072493B9FA
:10A3C0000F4F3888864210D8A0420ED26978C0B2AA
:10A3D000FFF7FCF845233B8007E030466978FFF73C
:10A3E000F5F80136F6B2A642F7D3432C8CBF002015
:10A3F000012003B0F0BD00BF084A0020104A002031
:10A40000DE0E0020F7B503780546CBB91E4B1B794D
:10A410001033FF2B28BFFF231A461C4B1B8802FB5F
:10A4200003330522C3F30F23B3FBF2F202EB8202E4
:10A430009B1A9BB223B94420FEF714FA144B1880E0
:10A440002878FFF757FA0446AB78C6B2C4F307245E
:10A4500093B90F4F3888864210D8A0420ED269783F
:10A46000C0B2FFF789F845233B8007E030466978A2
:10A47000FFF782F80136F6B2A642F7D3432C8CBF21
:10A480000020012003B0F0BD084A0020104A00203F
:10A49000DC0E00202DE9F04F804687B00078FFF7F2
:10A4A00029FAC3B2009398F80230C0F307264BB1E3
:10A4B000002211461046FFF7B5F86C2200213C48F7
:10A4C000F6F75AF998F800306BB93A4C208802F048
:10A4D00013FF18288CBF01220022374B1A7002D9B3
:10A4E00002F092FF20800025DFF8D0B02C46A9466C
:10A4F00003E0B9F10D0F54D80024314905EBC50A2A
:10A5000001EB0A031A1901921B5D009A934240D392
:10A51000B3423ED20B4493F8F42098F8013009F18D
:10A5200001091A425FFA89F933D0214B9BF80320C5
:10A530009A441AF80470A7F1550323EAE373C3F1B0
:10A54000AA038DF810309BF802308DF8113007F116
:10A55000AA03FF2B28BFFF2303EB43030233DBB225
:10A5600002FB03331B128DF812300498FEF76CFEC9
:10A57000C0F30743C0F30722C1B201980078FEF789
:10A5800019FF0D4B1B7823B1013F27EAE7770AF843
:10A5900004700134E4B2092CAFD10135EDB20C2DB9
:10A5A000A7D1432E8CBF0020012007B0BDE8F08F5B
:10A5B000CC30002038310020C9300020084A00206B
:10A5C0009A0C0020F7B503780546CBB91E4B1B79D2
:10A5D0000533FF2B28BFFF231A461C4B1B8802FBA9
:10A5E00003330522C3F30F23B3FBF2F202EB820223
:10A5F0009B1A9BB223B94420FEF734F9144B188000
:10A600002878FFF777F90446AB78C6B2C4F307247D
:10A6100093B90F4F3888864210D8A0420ED269787D
:10A62000C0B2FEF76BFF45233B8007E030466978F8
:10A63000FEF764FF0136F6B2A642F7D3432C8CBF77
:10A640000020012003B0F0BD084A0020104A00207D
:10A65000E40E0020F7B503780546CBB91E4B1B79F5
:10A660000533FF2B28BFFF231A461C4B1B8802FB18
:10A6700003330522C3F30F23B3FBF2F202EB820292
:10A680009B1A9BB223B94420FEF7ECF8144B1880B8
:10A690002878FFF72FF90446AB78C6B2C4F3072435
:10A6A00093B90F4F3888864210D8A0420ED26978ED
:10A6B000C0B2FEF7DDFE45233B8007E030466978F7
:10A6C000FEF7D6FE0136F6B2A642F7D3432C8CBF76
:10A6D0000020012003B0F0BD084A0020104A0020ED
:10A6E000E20E0020F7B503780546CBB91E4B1B7967
:10A6F0000533FF2B28BFFF231A461C4B1B8802FB88
:10A7000003330522C3F30F23B3FBF2F202EB820201
:10A710009B1A9BB223B94420FEF7A4F8144B18806F
:10A720002878FFF7E7F80446AB78C6B2C4F30724ED
:10A7300093B90F4F3888864210D8A0420ED269785C
:10A74000C0B2FEF74FFE45233B8007E030466978F4
:10A75000FEF748FE0136F6B2A642F7D3432C8CBF73
:10A760000020012003B0F0BD084A0020104A00205C
:10A77000E00E002007B50078FFF7BCF8C0F3072013
:10A7800043288CBF0020012003B05DF804FB13B503
:10A790000078FFF7AFF8C0F307242146C0B2F7F7FF
:10A7A000BFFC432C8CBF0020012002B010BD000074
:10A7B0002DE9F04F764B8BB01B78764D834200909D
:10A7C0004FD1754A2B78127803F003039B1A18BFF8
:10A7D0000123724C6278A3706B799A4205D00022F3
:10A7E000114610466370FEF71DFF009B342B3AD8CC
:10A7F000013B332B51D8DFE813F059005E006200B3
:10A8000066006A006E00720076007A007E008200A8
:10A8100086008A008E00920096009A009E00A20098
:10A82000A600AA00AE00B200B600BA00BE00C20088
:10A83000C600D50040010B02B902BD02C102C5022B
:10A84000C902CD02D102D502D902DD02E102E50240
:10A85000E902ED02F102F502F902FD02010305032E
:10A8600009030123B5E7009BFF2B00F0D3820024EE
:10A870004A4B1A7801321A70002C40F0D082022123
:10A88000474A9B781170002B40F0C982009B002B37
:10A8900040F0C58203231370C1E2A478002CE7D0F6
:10A8A000002211461046FEF7BDFEE0E73B48FFF7E9
:10A8B000C7FB0446DCE73948FFF7FCFBF9E73748FC
:10A8C000FFF752FCF5E73548FFF790FCF1E7334816
:10A8D000FFF76AF9EDE73148FFF76CF9E9E72F4830
:10A8E000FFF76EF9E5E72D48FFF7FAF8E1E72B48A7
:10A8F000FFF7FCF8DDE72948FFF77EF8D9E727489E
:10A90000FFF780F8D5E72548FFF760F9D1E723483E
:10A91000FFF762F9CDE72148FFF764F9C9E71F485F
:10A92000FFF766F9C5E71D48FFF772F8C1E71B4856
:10A93000FFF7E2F8BDE71948FFF7E4F8B9E7174871
:10A94000FFF76CF8B5E71548FFF7E8F9B1E71348EA
:10A95000FFF7EAF9ADE71148FFF7ECF9A9E70F486F
:10A96000FFF702FDA5E70D48FFF704FDA1E70B483F
:10A97000FFF748FD9DE70948FFF740F999E70748C9
:10A98000FFF742F995E70548FFF744F991E700BF63
:10A99000E90E0020084A0020EA0E0020E60E002002
:10A9A000EB0E0020237833B9A37823B14420FDF7C0
:10A9B00059FF904B18702078FEF79CFFDFF8388223
:10A9C000DFF83892D8F80020D9F80030ADF81C0034
:10A9D0009A42C0F307263FD2864F9DF81C303A7842
:10A9E000934226D8964224D9854B134493F8F420F9
:10A9F00063781A421DD0FDF723FF820731D500236B
:10AA00008DF820308DF821308DF822300898FEF72F
:10AA10001BFCC0F30722C0F307438DF824008DF818
:10AA200025208DF82630C1B2DBB23878D2B2FEF7DD
:10AA3000C1FC432E10D94420FDF714FF4FF4E0620F
:10AA40002979D9F8003001FB022203F50063A3EB5A
:10AA500012233870C8F80030432E8CBF0024012424
:10AA600006E7FDF7EDFE8DF820008020FDF7FAFEE9
:10AA70007F30EB788DF82100C6E7DFF88891DFF8AA
:10AA80007CA1D9F80020DAF800309A423FF6EFAE08
:10AA9000A3785D4EB3B10022002711461046FEF7A1
:10AAA000C1FDB046BB46FDF7CBFE830724D588F831
:10AAB00000B088F801B088F802B00137442F08F1DF
:10AAC0000308F0D12078FEF715FFADF82000C0F3A1
:10AAD0000727C0B200EB4008DFF830B1B044C3B282
:10AAE0009F4228D8432F94BF012400247FF6C0AE94
:10AAF0004FF00008013F3BE0FDF7A2FE8DF8240077
:10AB00008020FDF7AFFEEB787F3007EB47028DF832
:10AB100026308DF82500B318099802920193FEF7AC
:10AB200093FB029A019BB054C0F30722C0F3074085
:10AB30005A709870C1E710F80B2063781A4209D058
:10AB400098F8023098F8012098F800100190FEF76C
:10AB500031FC019808F103080130C0E701EB410026
:10AB6000013101EB4101032231443044F5F712FD7C
:10AB70005FFA88F1B94208F10108EFDBFDF760FEEA
:10AB800010F0020F4FEA470817D000234744F2198C
:10AB9000F355537093702B7940F6B8321033FF2B76
:10ABA00028BFFF2303EB03131B12B2FBF3F3DAF806
:10ABB00000201344C9F800305AE6FDF741FE8DF835
:10ABC00024008020FDF74EFEEB787F308DF8263094
:10ABD0008DF825000998FEF737FB4744F05506EB42
:10ABE0000708C0F30723C0F3074088F8013088F84E
:10ABF0000200D0E73A310020B0320020104A002095
:10AC00009A0C0020B8320020943100208E0D0020D4
:10AC1000A3784BB1002211461046FEF703FD302207
:10AC200000218048F5F7A8FD2078FEF763FE7E4BF3
:10AC3000ADF820001A687D4BC0F307241B689A42C8
:10AC400040F28F809DF82030A87802936B784FF007
:10AC5000000843EA0023E878754F43EA0040FEF716
:10AC6000F3FAC0F307238DF82400C0F307408DF8F2
:10AC700025308DF826006B4E049706EB880305936C
:10AC800007F10803039300230193059B13F8015B6D
:10AC90000593002D67D09DF824A09DF825B09DF860
:10ACA0002650049B13F8010B0493039B13F801999E
:10ACB0000393029B83420ED884420CD95C4B03441D
:10ACC00093F8F4205B4B5B781A4204D02B465A462B
:10ACD0005146FEF76FFB029B4B450FD84C450DD9F3
:10ACE000534B4B4493F8F420524B5B781A4205D0F7
:10ACF0002B465A4651464846FEF75CFB019B013302
:10AD0000042B0193C1D108F10108B8F10C0F07F130
:10AD10000907B0D1432C24D9002503223046711CE9
:10AD2000F5F7AEFCFDF78CFD10F0030F0CBF01230F
:10AD3000002301350C2DF37006F10406EDD13E4BD6
:10AD400040F6B8321B791033FF2B28BFFF2303EBEB
:10AD500003131B12B2FBF3F3334A12681344334A52
:10AD60001360432C79E6AB46AA469AE73148FFF7D1
:10AD700091FB9EE52F48FEF75BFC9AE52D48FFF717
:10AD800051F896E52B48FFF753F892E52948FFF76D
:10AD9000E9F88EE52748FFF7F3F88AE52548FFF73D
:10ADA000F7F886E52348FFF701F982E52148FFF728
:10ADB00005F97EE51F48FFF70FF97AE51D48FFF713
:10ADC00013F976E51B48FFF71DF972E51948FFF7FF
:10ADD00021F96EE51748FFF72BF96AE51548FEF7EC
:10ADE0001FFF66E51348FFF7EDFB62E51148FFF72B
:10ADF00031FC5EE50F48FFF775FC5AE50D48FEF79C
:10AE000023FF56E50B48FFF7B5FC52E50948FFF76D
:10AE1000BEFC4EE5FEF744FD0222084B1A700BB053
:10AE2000BDE8F08F64310020104A0020B4320020C9
:10AE30009A0C0020E60E0020084A0020EB0E0020AD
:10AE40000120704737B500780138C0B2FEF752FDD7
:10AE5000C0F30724C5B221462846FFF7F1FF21467B
:10AE60002846FAF7C9FA03B030BD00002DE9F041D9
:10AE7000424C2068FCF70EFA0546FCF7FBF920600F
:10AE8000002406463E48A44690F800E0C5F57F47FA
:10AE90007146FF37E3B29E450FD8BCF1000F00D0DA
:10AEA0000170384CDFF8E080257898F80070032DA9
:10AEB00036D8DFE805F01A37465204F10C0200EBF1
:10AEC0004202537892F80280013443EA08239F42F9
:10AED00029BF5B1901F1FF315370C3F307233ABF58
:10AEE0004FF0010CC9B29370D4E70022274B2449DC
:10AEF0001A70274B292227481E60F5F74BFB264B7B
:10AF00001B784BB9FBF762FE244B984204D8244BC4
:10AF10001B789A0718BF9D08012388F800502370FA
:10AF2000BDE8F0813846FFF743FC002FF8D02378C6
:10AF3000022B01D1FEF7D8FCBDE8F0411348FFF722
:10AF400081BF184B184A1F70154B1B78C3F30103C0
:10AF50001370FEF727FA0323E1E7144D2B7823B192
:10AF60000F48FBF7E2FD00232B70094B1868FCF734
:10AF700091F90F28D4D90023D1E700BFA8320020CF
:10AF80003B310020EB0E0020A4320020E60E002012
:10AF9000104A0020144A0020AC320020C0D4010026
:10AFA000084A0020E90E0020EA0E0020CA300020E6
:10AFB00070B50024104B114D1B68984710481022A3
:10AFC000FF2100F8194BF5F7D7FB0E481022FF219F
:10AFD00000F8194BF5F7D0FB01230B4E28463370D0
:10AFE000FBF7A1FD2B78347013F0FC0F03D1BDE803
:10AFF0007040FEF7A7B970BD50160108084A00203E
:10B00000144A00203B310020CA30002070B50446AD
:10B010000A4E88B135787DB92846FFF7C9FB084B41
:10B02000084A1D70084B1B78C3F301031370FEF729
:10B03000B9F90322054B1A70347070BDAC32002090
:10B04000E90E0020EA0E0020084A0020EB0E002046
:10B05000044A137883F0010313700022024B1A7024
:10B06000FEF704B8084A0020EB0E00200020FFF78E
:10B07000EFBF0120FFF7ECBF064A137813F003037C
:10B0800004BF05490B700121137861F301031370AC
:10B09000704700BF084A0020EB0E002008B5FFF7FC
:10B0A000EBFFBDE808400120FDF7E0BF054B1A7833
:10B0B00092071EBF0021044A11701A786FF3010233
:10B0C0001A707047084A0020EB0E002008B5FFF701
:10B0D000EDFFBDE808400120FDF7C8BF024B18781E
:10B0E00000F00300704700BF084A002010B40B4C6A
:10B0F00002462378084699070ED04AB9012262F326
:10B10000870300222370064B1A7010BCFDF7AEBFF8
:10B11000342A88BF3422F2E710BC7047084A002066
:10B12000EB0E00200021FFF7E1BF000038B5FFF76C
:10B13000BDFF0123084C094D20462B70FBF7F3FCA3
:10B14000002320782B70830704D0BDE838408008A6
:10B15000FFF7E8BF38BD00BF084A0020CA30002012
:10B160000121FFF7C3BF0000014B1878800870472A
:10B17000084A0020054B01461B789B080133352BFC
:10B1800034BF18460120FFF7B1BF00BF084A0020B6
:10B190000120FFF7EFBF0000064B01461B78C3F309
:10B1A0008503013B13F0FF0314BF18463420FFF75B
:10B1B0009DBF00BF084A00200120FFF7EDBF00003F
:10B1C00030B4084C0546184623789B0708D0962AC9
:10B1D00028BF96226570A170E27030BCFDF746BFB3
:10B1E00030BC7047084A00200023FFF7E9BF012365
:10B1F000FFF7E6BF07B50322094901A8F5F7CAF929
:10B2000000209DF8043063F307009DF8053063F3D8
:10B210000F209DF8063063F3174003B05DF804FB80
:10B22000094A0020014B5878704700BF084A0020A7
:10B23000014B9878704700BF084A0020014BD8782E
:10B24000704700BF084A0020034903464878CA787F
:10B2500008308978FFF7B4BF084A00200120FFF7C3
:10B26000F3BF0000054910B44C780346083CCA7887
:10B27000A0B2897810BCFFF7A3BF00BF084A002026
:10B280000120FFF7EFBF000010B4064C0346A17881
:10B29000E2781031FF2928BFFF216078C9B210BCC5
:10B2A000FFF78EBF084A00200120FFF7EDBF000026
:10B2B00010B4064C0346A178E278103921EAE17116
:10B2C0006078C9B210BCFFF77BBF00BF084A0020FE
:10B2D0000120FFF7EDBF000010B4064C0346E278F2
:10B2E000A1781E32FF2A28BFFF226078D2B210BC9C
:10B2F000FFF766BF084A00200120FFF7EDBF0000FE
:10B3000010B4064C0346E278A1781E3A22EAE272B3
:10B310006078D2B210BCFFF753BF00BF084A0020CC
:10B320000120FFF7EDBF0000024B18710020FDF770
:10B330009DBE00BF084A0020024B18710120FDF796
:10B3400095BE00BF084A0020014B1879704700BF26
:10B35000084A0020044A13792833FF2B28BFFF2313
:10B360001371FDF783BE00BF084A00200120FFF7DC
:10B37000F1BF0000034A1379283B23EAE3731371FA
:10B38000FDF774BE084A00200120FFF7F3BF00005C
:10B39000084A5379FF2B08D04BB9012383F00103EE
:10B3A0000549CB5C5371FDF761BE0023F6E700232E
:10B3B000F6E700BF084A00204C1601080120FFF7FD
:10B3C000E7BFFFF7FBBFF0B5451804461946104626
:10B3D0000026AC4200D3F0BD14F8012B4FEA011C4B
:10B3E000424093184FEA021E41EB01004CEA127CE6
:10B3F00013EB0E0340EB0C004FEA421E9B184FEA82
:10B40000411C41EB00004CEAD26C13EB0E0340EB05
:10B410000C004FEAC21E4FEAC11C17024CEA526CE4
:10B4200013EB0E034FEA012140EB0C0041EA1261DD
:10B43000DA1940EB01013944B018CAE7FAF752B9FA
:10B4400008B5082200210348F5F796F9BDE8084041
:10B4500000F036B9BC3200208378C078013303F0A5
:10B4600003031B1A58425841704710B50446FFF7B2
:10B47000F3FF78B9A37801F07F01E01841EAC21127
:10B4800001710120013303F00303A370237801331A
:10B49000237010BD0020FCE710B5C37884789C426F
:10B4A00011D003441B79C3F3C014C3F306030B701C
:10B4B0001470C378013303F00303C370437801337E
:10B4C0004370012010BD0020FCE700000A46014641
:10B4D0000148FFF7CABF00BFBC3200200A46014640
:10B4E0000148FFF7D9BF00BFBC32002070B500256E
:10B4F000FC2686B00DF107010DF10600FFF7EEFF07
:10B50000044610B9284606B070BD9DF806309DF877
:10B5100007208DF8083062B3FD238DF8093001F063
:10B5200073FF4FF48173ADF80A00ADF80C30DDE91C
:10B530000201FAF7A9FA642003F059FB9DF80630DE
:10B540009DF807208DF81030E2B1FD238DF8113001
:10B5500001F05AFF0223ADF81200ADF8143006AB2B
:10B5600013E90300FAF790FA642003F040FB254644
:10B57000C0E78DF8096001F047FF40F20313ADF812
:10B580000A00D2E78DF8116001F03EFF0323ADF809
:10B590001200E2E710B5FFF751FF044610B1FFF7C4
:10B5A000A5FF04460A4B1A7832B100221A70094BE3
:10B5B0009A78DA701A785A7000F0E6F8FFF73EFFD2
:10B5C00018B1FFF793FF0443E4B2204610BD00BF5B
:10B5D000C4320020BC32002008B508220149F4F72B
:10B5E000D9FF08BDBC3200200122014B1A70704700
:10B5F000C43200204FF4165003F030B969B1084B43
:10B6000053F82000431C0AD0012100F00F03202230
:10B61000994020F00F0004F0B3BD024BF0E77047F3
:10B62000CC320020C832002079B1094B53F82030C9
:10B630005A1C1FBF23F00F02106903F00F03D840FC
:10B6400014BF00F0010000207047024BEEE700BF7E
:10B65000CC320020C8320020704700002DE9F041B4
:10B660000025154F3B78ECB2A3420CD8FFF7C2FF80
:10B670000026DFF848803B78F5B2AB420DD8FFF7E3
:10B68000EBFFBDE8F08100212046FFF7B7FF012165
:10B690002046FFF7B3FF0135E4E700212846FFF716
:10B6A000C3FF012104462846FFF7BEFF44EA4004D9
:10B6B00008F805400136DEE7D0320020C63200200F
:10B6C00010B5FCF79BF800220D4B0E4C1A70FCF7DE
:10B6D00095F880F001002070FCF790F8FCF78EF8E8
:10B6E00018B1BDE81040FFF7B9BF2378002BF8D0A0
:10B6F000054B064A1A60064B013A1A60F1E700BF93
:10B70000D1320020D0320020C8320020070400408F
:10B71000CC32002070B541EA4203174A0446115C5E
:10B72000DBB201F00300834224D043EA8103DBB2A1
:10B730001355124A124E1578124A03F00F03D35CC8
:10B74000325D254413445BB2012BEDB2335503DD6A
:10B7500000212846FFF7BAFE3357013303DA0121EF
:10B760002846FFF7B3FE3357002B03F00103B8BFA1
:10B770005B42335570BD00BFC6320020D13200207D
:10B78000C532002060170108F8B500250A4F3B7844
:10B79000ECB2A34200D8F8BD00212046FFF744FFD9
:10B7A000012106462046FFF73FFF3146024620466C
:10B7B000FFF7B0FF0135EAE7D0320020C1F1030105
:10B7C000490040FA01F3022213F0010F14BF0E23C7
:10B7D000082302FA01F101421ABFA3F12000C0B20E
:10B7E00043F080007047000010B50A4C40F28222FE
:10B7F0004FF40041084804F0C3FC204603F04CFF1E
:10B800002046064903F0D2FE2046BDE8104003F072
:10B81000E9BE00BF1C4F0020000400407017010863
:10B8200030B5044D00EB40002C186270A370295411
:10B8300030BD00BF3D4A002070B5134605460E4698
:10B8400000242046324629460134FFF7E9FF442C04
:10B85000F7D170BD2DE9F84F08271D4D1D4C00266E
:10B8600095F800B095F801A095F80290A4F10808A9
:10B8700031465846FFF7A2FF0136042E08F8010BA7
:10B88000F6D10026A4F1040831465046FFF796FF92
:10B890000136042E08F8010BF6D1A04600263146E9
:10B8A0004846FFF78BFF0136042E08F8010BF6D14E
:10B8B0000C37B7F54E7F05F1030504F10C04CED12A
:10B8C0004FF46971BDE8F84F034A044803F0A5BE80
:10B8D0003D4A0020DE320020D23200201C4F0020E2
:10B8E000FBF70CB908B5FBF789FF002814BF01204E
:10B8F0000720FBF7ABFD00F0010008BD08B5FBF722
:10B90000EFFEC82003F073F9FBF7EAFEFFF7EAFF4A
:10B9100028B1FFF7E5FFBDE8084001F08DBD08BD87
:10B9200008B5FFF7EBFF08BD704703460144FF2051
:10B93000994200D1704713F8012B5040082210F0B3
:10B94000800F4FEA400018BF80F03100013AC0B2CA
:10B95000F5D1EDE72DE9F843154698460246002853
:10B9600038D0B9B3B5B3ABB3034600241F4613F8C0
:10B97000100B60BB8446184E96F800E00EF10104EF
:10B98000E4B23470C4B100234FEA031912F80990ED
:10B99000A14511D001338B42F6D1BCF1000F00D08C
:10B9A00034703C7001F0FAFC089B05447D603078EF
:10B9B000C7F80880FB6006E0631CA6454FF0010C49
:10B9C000DBB202D13370BDE8F8831C46DAE70134FC
:10B9D0008C42CBD10020F6E7F836002030B568B1B4
:10B9E00081B18AB10024034610F8105B954206D15C
:10B9F000002201201A705A609A60DA6030BD01346A
:10BA0000A142F0D10020F9E71046F7E72DE9F04117
:10BA1000154604460E4601F0C1FC2B680746C31AC2
:10BA2000002B03DD28600025B54201D1BDE8F0817F
:10BA300094F80080B8F1000F0DD06068C31B002B94
:10BA400009DCA368E16898472378434503D128B10E
:10BA500063680344636001351034E5E7207060607B
:10BA6000A060E060F7E7000007B50B4600920821F0
:10BA700002460348FFF76EFF03B05DF804FB00BF0A
:10BA800078360020024608210148FFF7A7BF00BF13
:10BA9000783600200821024A0248FFF7B7BF00BFEE
:10BAA000FC3600207836002013B5044601210068DA
:10BAB0000DF1070200F046F923689DF807000133F5
:10BAC000236002B010BD0820704700F097B800F066
:10BAD000B2B800F0CCB800F0E9B82DE9F84300F0B6
:10BAE0008BF800250026ECB212E05FFA87F94A468F
:10BAF00041462046F9F704FE013703464A464146CF
:10BB0000204600F098F8092FEFD101360C2E03D013
:10BB100000275FFA86F8E8E7012200212046F9F7BE
:10BB200003FE012203460021204600F0BFF8002258
:10BB300020461146F9F7F8FD00220346114620463B
:10BB4000013500F0B3F8082DCCD1BDE8F88300F042
:10BB5000C9B800F0DFB8072810B406D80B2904D8FC
:10BB6000082A02D810BC00F049B8002010BC704769
:10BB7000072802D809B900F07AB8002070471020D1
:10BB8000704708B500F0DBF880B208BD00F0DAB805
:10BB900000F0F8B808B500F030F8BDE8084000F053
:10BBA0000CB900000F2873B5044613D800F0C7F88D
:10BBB000012101AA013800F0C5F89DF804504DB9E3
:10BBC00000F0BDF806463CB922460A4801A9019595
:10BBD00000F04CFD02B070BDB542FBD001212846FB
:10BBE00001AA00F0AFF89DF804300BB9013CE4B2B3
:10BBF0000135E8E7A9BA000870477047072838B54B
:10BC000017D80B2915D8082A13D81225520005FB7E
:10BC10000122D82505FB002505F29D30FCF760F9CF
:10BC2000040205F29E30FCF75BF9A4B2204380B217
:10BC300038BD0020FCE7072838B51D4616D80B296B
:10BC400014D8082A12D81224520004FB0122D82446
:10BC500004FB0024190A04F29D30FCF7A9F9E9B2AB
:10BC600004F29E30BDE83840FCF7A2B938BD072881
:10BC700070B5164618D8B9B9002A4FEA800000F608
:10BC80005D2514BF002002202844FCF729F9002E6E
:10BC90004FEA002414BF012003202844FCF720F9B8
:10BCA000A4B2204380B270BD0020FCE7072870B525
:10BCB00016461D4615D8A1B98000002A00F65D245D
:10BCC00014BF00200220190A2044FCF771F9002E4D
:10BCD00014BF01200320E9B22044BDE87040FCF706
:10BCE00067B970BDF8B51446002700F29D355618A7
:10BCF000B44200D1F8BD6FF46773EB18B3F5D86F99
:10BD000006D22846FCF7ECF8207001350134EFE745
:10BD10002770FAE770B5144600F29D355618B44204
:10BD200000D170BD6FF46773EB18B3F5D86F03D211
:10BD300028462178FCF73CF901340135EFE740F261
:10BD4000835070472DE9F04700F67D2806460F46E0
:10BD50001446454640F282594FF0000AA5EB08030D
:10BD60009BB2BB4201D3BDE8F08733444B4506D8B4
:10BD70002846FCF7B5F8207001350134EEE784F869
:10BD800000A0F9E72DE9F84300F67D2806460F46A6
:10BD90001446454640F28259A5EB08039BB2BB42CC
:10BDA00001D3BDE8F88333444B4503D828462178B6
:10BDB000FCF7FEF801340135EEE70023F0B55A2414
:10BDC00040F2835640F67D2585B0CDE900330293DD
:10BDD0000393013C01D105B0F0BD102E374628BFBA
:10BDE000102729463A466846FCF7C8F83D44F61B3A
:10BDF000EFE7000047F61643984210B50C461BD1FA
:10BE0000FAF732FD62790D4B72B100F0AA000028FA
:10BE100015BF01220022352029201A7001F04EF9A9
:10BE2000FAF7E6FD002010BD1B78002B14BF35206B
:10BE3000292001F061F9F3E70120F4E70037002041
:10BE400010B504464879002800F01081A4F5E044BC
:10BE5000A3B2222B34D88648013CFAF760FE212C8D
:10BE600023D8DFE814F07100F1007D0034003900C0
:10BE700082003E00870096004D00E80052009B00C3
:10BE80005700A000CE005C00A500D7006300AC0006
:10BE9000B60043008C00480091006A00B100C30066
:10BEA000E200E6002E007700FA00714A137843F0B2
:10BEB000010313706E48FAF734FEFAF7FDF800201C
:10BEC00010BD6B4A537843F008035370F2E7684A99
:10BED000137843F00203ECE7654A137843F0040358
:10BEE000E7E7634A137843F00803E2E7604A5378D0
:10BEF00043F00103E9E75E4A537843F00203E4E7C5
:10BF00005B4A137843F01003D3E7594A137843F0A0
:10BF10002003CEE7564A137843F04003C9E7FAF707
:10BF2000CBF8534A137843F08003C2E7504A1378A2
:10BF300023F00C0343F00C03BBE74D4A537823F086
:10BF4000030343F00303C0E7494B1A786FF3000281
:10BF50001A70AFE7464B5A786FF3C3025A70A9E7DD
:10BF6000434B1A786FF34102F2E7414B1A786FF3B3
:10BF70008202EDE73E4B1A786FF3C302E8E73C4BD1
:10BF80005A786FF30002E9E7394B5A786FF34102B0
:10BF9000E4E7374B1A786FF30412D9E7344B1A7879
:10BFA0006FF34512D4E7324B1A786FF38612CFE75E
:10BFB000FAF782F82E4B1A786FF3C712C8E72C4AAB
:10BFC000137823F00C0374E7294A537823F0030312
:10BFD0007BE727490B78C3F3800282F00102D2B2DB
:10BFE00062F3820362F3C3030B7063E720494B786B
:10BFF000DA4302F0010262F3000362F341034B7083
:10C0000058E71B490B78C3F3801282F0010262F3F8
:10C010008613E9E7FAF750F815490B78C3F3C01215
:10C0200082F0010262F3C713DEE70120FAF783FD15
:10C0300040E70020FAE70E490B78C3F3001282F0C4
:10C04000010262F30413CFE709490B78C3F300023E
:10C0500082F0010262F30003C6E705494B78C3F39F
:10C06000C00282F0010262F3C303C8E7012027E7A0
:10C07000C849002000EB4003C3EB031300EB83002F
:10C0800003B2002B07DAB3F1800001D503F17F0082
:10C0900040F30720704703F18000F9E7164B1B7847
:10C0A000D90707D5154B187840007F281FD800B353
:10C0B000C0B270479A0703D5104B18788000F4E798
:10C0C0005B0703D50D4B1878C000EEE70C4B1B78CF
:10C0D0005BB10C4A0949127808789342F4D258436C
:10C0E000C000B0FBF2F080B2DFE70820E0E77F207D
:10C0F00070470120704700BF0C370020F00E002071
:10C100000D370020F10E0020144B1B78D90705D500
:10C11000134B18788008F8B1C0B270479A0703D55E
:10C120000F4B18784008F6E75B0705D50C4B1878DD
:10C130007F28F0D97F2070470A4B1B7853B10A4AF9
:10C14000074912780878934236BF584380B2B0FB53
:10C15000F2F0EDE70120DFE7012070470C37002007
:10C16000F40E00200E370020F50E0020CD2808B573
:10C1700005D1FFF793FF4042294BD87008BDCE2868
:10C1800002D1FFF78BFFF7E7CF2805D1FFF786FF36
:10C190004042234B9870F1E7D02802D1FFF77EFF91
:10C1A000F7E7D92804D1FFF7AFFF1D4B1871E5E77A
:10C1B000DA2803D1FFF7A8FF4042F6E7DB2805D1D4
:10C1C000FFF7A2FF4042164B5871D7E7DC2802D197
:10C1D000FFF79AFFF7E700F12F03DBB2072B08D830
:10C1E00001230F4AD13803FA00F0537818435070F6
:10C1F000C4E7DD2805D10B4A137843F0010313701F
:10C20000BCE7DE2804D1074A137843F00203F6E7BF
:10C21000DF28B3D1034A137843F00403EFE700BFEC
:10C22000063700200C370020364BCD2893F902202A
:10C230000AD193F9031000290CDA0021D97052B900
:10C240000021314A117006E0CE280DD193F9031078
:10C250000029F2DC72B11A795B7913435AB2002BD0
:10C260004FD12A4B1A707047CF2806D1002AF1DA35
:10C2700000229A7093F90320E1E7D02802D1002A26
:10C28000F6DCE7E7D92893F9041004D10029E1DDB1
:10C2900000211971DEE7DA2802D10029DADAF7E79E
:10C2A000DB2893F9051004D10029D3DA0021597154
:10C2B000D0E7DC2802D10029F8DCCBE700F12F0120
:10C2C000C9B2072907D80121D1388140587820EA1E
:10C2D00001005870BEE7DD2805D10D48017821F036
:10C2E00001010170B6E7DE2804D10948017821F088
:10C2F0000201F6E7DF28ADD10548017821F00401FD
:10C30000EFE77047063700200D3700200E3700207A
:10C310000C37002008B501F077F8094BDA789978E6
:10C320000A431CBF074A10801A795B7913431CBF6C
:10C33000054B18800248BDE8084000F0E1BD00BF91
:10C34000063700200237002004370020062208B5F7
:10C3500000210548F4F710FA0023044A1370044A38
:10C360001370044A137008BD063700200D370020F3
:10C370000E3700200C37002090F902305BB990F99D
:10C38000033043B990F904302BB990F90500003817
:10C3900018BF0120704701207047000037B5594C85
:10C3A000062221466846F4F7F5F800239DF802209E
:10C3B000A370E370237163719DF8033013430AD0B7
:10C3C000514B188800F098FF50490B783BB3504A06
:10C3D000127890422CDC9DF804209DF80530134320
:10C3E0000BD04C4B188800F087FF4B490B78002B83
:10C3F0004ED04A4A1278904253DC6946414800F0D8
:10C40000B5FE18B93F48FFF7B7FF08B1FFF782FF45
:10C41000062269463B48F4F7BDF803B030BD0A2553
:10C420003F4A12786A439042D5DD01330B7001E038
:10C43000FF2BFAD19DF902503DB1FFF72FFE002DE1
:10C44000CCBF0123FF235843A0709DF903503DB199
:10C45000FFF724FE002DCCBF0123FF235843E070DB
:10C4600094F902000028B6D094F90320002AB2D033
:10C47000FFF700FE30B1A0701046FFF7FBFD20B1C2
:10C48000E070A8E70123A370F6E70123E370A2E7B9
:10C490000A25244A12786A439042AEDD01330B70BC
:10C4A00001E0FF2BFAD19DF904503DB1FFF72CFEBE
:10C4B000002DCCBF0123FF23584320719DF9055067
:10C4C0003DB1FFF721FE002DCCBF0123FF235843D0
:10C4D000607194F9040000288FD094F90520002A97
:10C4E0008BD0FFF7C7FD30B120711046FFF7C2FDBA
:10C4F00020B1607181E701232371F6E701236371A5
:10C500007BE700BF06370020023700200D370020F0
:10C51000EF0E0020043700200E370020F30E00201D
:10C52000EE0E0020F20E00204B4B4C4A2DE9F0415C
:10C5300013F80080C308D55C494A00F00700D65CB8
:10C54000484A0541D75C064115F0010547FA00F05D
:10C550000C4606F0010600F0010711D0E120F9F7C2
:10C56000C5FA002C6AD040484FF47A72A4FB00034D
:10C570000021002300F2E730F3F738FE02F037FB2A
:10C580008EB1E620F9F7B2FA002C59D036484FF4B4
:10C590007A72A4FB00030021002300F2E730F3F7D6
:10C5A00025FE02F024FB21464046F9F721FB002C32
:10C5B00048D02D484FF47A72A4FB000300210023D9
:10C5C00000F2E730F3F712FE02F011FB86B1E6202D
:10C5D000F9F7D4FAC4B324484FF47A72A4FB0003E9
:10C5E0000021002300F2E730F3F700FE02F0FFFA2B
:10C5F00085B1E120F9F7C2FA44B31B484FF47A72CF
:10C60000A4FB00030021002300F2E730F3F7EEFD66
:10C6100002F0EDFAF7B12C20F9F708FBC4B112488B
:10C620004FF47A72A4FB00040023002100F2E730EB
:10C63000F3F7DCFDBDE8F04102F0D9BA01209DE737
:10C640000120AEE70120BFE70120CFE70120DFE7AF
:10C650000120EFE7BDE8F081A417010824180108C4
:10C660008417010894170108A08601002DE9F84FEE
:10C67000304C0546A2FB04030E46174600234FF438
:10C680007A72002100F2E730F3F7B0FDA046814650
:10C690003046A84788B1012847D13046A84701282D
:10C6A00004460CD13046A847F9F7C0FA002F3AD01B
:10C6B000484602F09CFA002CEAD1BDE8F88F022827
:10C6C00004D13046A847F9F711FAEFE7032804D15F
:10C6D0003046A847F9F752FAE8E70428E6D1304691
:10C6E000A8474FF0000B04464FF00A0A124BE15CDA
:10C6F00011F004010ED1BBF1000F12D040F2E7306F
:10C700004FF47A720023CBFB0801F3F76FFD02F0C0
:10C710006EFACBE73046A847303C0AFB0B4B044689
:10C72000E4E70120F3E70120C3E73946FFF7FCFE09
:10C73000AEE700BFA0860100790F0108F8B51446E6
:10C7400042791D469DF81870284B92B11C7000F07C
:10C750005BFE274B188004F12003DBB2072B44D883
:10C76000012004F00704A040C0B2BDE8F840F9F78A
:10C7700065BA1E78A6422ED11D4B188800F0BCFD6C
:10C78000C72828D8AE4205F1200415D006F12003B1
:10C79000DBB2072B06D8012006F00706B040C0B276
:10C7A000F9F755FAE3B2072B06D8012005F0070385
:10C7B0009840C0B2F9F742FA3846E4B2F9F736FACF
:10C7C000072C12D8012005F00705A840C0B2BDE82B
:10C7D000F840F9F73CBA04F12003DBB2072B04D888
:10C7E000012004F00704A040F0E7F8BD0F37002057
:10C7F000103700200346A3F5F843183B07B5084659
:10C80000062B3BD8DFE803F0171E0410252C33005D
:10C8100026230093E12347F61A411A46FFF78EFFBD
:10C82000002003B05DF804FB27230093E52347F6BF
:10C830001B411A46F2E72623E022009347F61841EF
:10C84000E123EBE72723E422009347F61941E52390
:10C85000E4E72623E222009347F61C41E123DDE7CB
:10C860002723E622009347F61D41E523D6E7282338
:10C87000E522009347F61E410123CFE7487918B11E
:10C880000022024B1A70CCE70120CAE70F370020C4
:10C8900047F67743984270B506D047F678439842FA
:10C8A00029D00124204670BD4C7994B100F02CF8B9
:10C8B000F9F788FC00F028F8044600F02BF805464C
:10C8C00000F02EF8294602462046F9F789FD00249B
:10C8D000E8E700F019F8F9F781FC00F015F80546D3
:10C8E00000F018F8064600F01BF8314602462846CC
:10C8F000F9F776FDD6E74C7914B100F00BF8D7E7DD
:10C9000000F008F8E7E70000014B1878704700BF17
:10C91000F70E0020014B1878704700BFF80E00207A
:10C92000014B1878704700BFF60E002007B50DF1D7
:10C9300007020DF106010DF1050000F05EFA9DF809
:10C940000530262B0CD19DF80630092B08D19DF817
:10C950000700A0F127035842584103B05DF804FBDB
:10C960000020FAE720B127220921262000F05CBA36
:10C97000FF2211461046F9E77047704710B504468C
:10C98000FFF7FBFF2046BDE8104000F067BA08B58E
:10C9900000F032FA0020FFF7E5FF0020FFF7EEFF7E
:10C9A000FFF79BF8FFF7F6F8BDE8084027220921BA
:10C9B000262000F039BA08B5FFF7DEFF00F048FA8C
:10C9C000FFF7DBFFFFF7B2FF18B9BDE80840FFF73C
:10C9D000DEBF08BDFEF74ABB08B50346487940B143
:10C9E000A3F5EE427F2A03D8D8B2FFF7DBF8002088
:10C9F00008BD0120FCE70000212305482021037029
:10CA0000002343701D2383700423C370F6F726BAF6
:10CA1000094B002022230548202103700123437085
:10CA2000002383700623C370F6F718BA094B002061
:10CA30002323044820210370002343708370C370B4
:10CA4000F6F70CBA094B0020F8B547788678BB1981
:10CA5000442B07DDFD230F4843702021BDE8F8403B
:10CA6000F6F7FCB9092E07D80025C41CEBB29E428C
:10CA700004F1030403D8F8BDFE230648ECE7781957
:10CA800014F8013C14F8022C14F8031CFCF792FC77
:10CA90000135EBE7094B002008B50020FEF742FB0B
:10CAA000FEF704FBFEF7E8FABDE808403320FEF786
:10CAB00039BB00002723034820210370442343701F
:10CAC000F6F7CCB9094B0020282303482021037036
:10CAD00002234370F6F7C2B9094B0020FF2303700D
:10CAE00070470020704710B503780446013B032BC4
:10CAF0000BD8DFE803F0020B1215FEF79FFB96231D
:10CB0000C0EB0020B0FBF3F0607010BDFEF7E6FA5A
:10CB10000028F9D0FEF728FBF6E7FEF715FCF3E74F
:10CB2000FEF780FB6070FEF783FBA070EDE738B581
:10CB300003780446013B032B2CD8DFE803F00211F5
:10CB40001E23FEF76FFB0546FEF772FB9723627804
:10CB500001465A43A8B2120ABDE83840FEF744BB6A
:10CB600043781BB9BDE83840FEF7A0BAFEF784FA57
:10CB70006078BDE83840FEF7D5BA4078BDE8384067
:10CB8000FEF7D2BB45788478FEF758FB2146024673
:10CB90002846E1E738BD034610F8022B082A05D0E5
:10CBA000092A05D0072A05D1FFF7C1BFFFF79BBFB0
:10CBB000FCF7BCBBFF221A70704708B54378032B03
:10CBC00003D1BDE80840FFF7E6BFFFF787FF08BDC8
:10CBD00070B504460D46FFF784FF002840F00B8136
:10CBE0002378013B272B00F28380DFE813F0280035
:10CBF0004B007C0096009C00A800AB00AB00AB0093
:10CC000081008100B000B400BA00C500D000D3009C
:10CC1000D600E100EC00F500810081008100810078
:10CC2000810081008100810081008100810032004B
:10CC3000350038003B003F0042004500480000231B
:10CC400063700D23A37029462046BDE87040F6F7B7
:10CC500005B9FFF7D1FEF6E7FFF7DCFEF3E7FFF7D4
:10CC6000E7FEF0E72046FFF7EFFEECE7FFF714FFE3
:10CC7000E9E7FEF75BFAE6E7FFF71CFFE3E7FFF7FC
:10CC800023FFE0E76378013B052B31D8DFE803F0B1
:10CC9000030D101F302500F081FB030EA370030C61
:10CCA000E370030A23716071CDE700F0D1F8F4E777
:10CCB000002322461946A678F0180B28C3D8013362
:10CCC0000E2BD170117102F10202F5D1BBE70023E6
:10CCD000A370E37023716371B5E70023A370E37061
:10CCE00023710823F7E76378022B04D0052B10D0BB
:10CCF000FF232370A7E7E378A07840EA0320237995
:10CD000040EA0340637940EA036000BAFFF736FE69
:10CD100099E7A078FFF75EFE95E7E278A178607862
:10CD2000FEF7D3FEBDE762792379A17843EA0223B7
:10CD30005BBAE27860789BB2FEF7C9FE83E7FEF744
:10CD4000CCFE80E729462046FFF737FF7BE7FEF75A
:10CD500016FF607077E7FEF714FF030A6370A07098
:10CD600071E76078A378E17840EA032040BA221D99
:10CD700080B2FEF70BFF66E76078A378E17840EABF
:10CD8000032040BA221D80B2FEF702FF5BE7FEF7E8
:10CD900001FF58E7FEF797FEDBE76078A378E178BC
:10CDA00040EA032040BA221D80B2FEF7D0FE4AE7D7
:10CDB0006078A378E17840EA032040BA221D80B26F
:10CDC000FEF7C7FE3FE7E278A178003A18BF0122DC
:10CDD0006078FEF77EFE64E762792379A17843EA02
:10CDE0000223E2785BBA003A18BF012260789BB256
:10CDF000FEF771FE27E770BD704770B50D4614460B
:10CE0000064620B140F29930FBF76AF8307025B140
:10CE100040F29A30FBF764F8287024B140F29B305E
:10CE2000FBF75EF8207070BD38B50D46144601461C
:10CE300040F29930FBF7BCF8294640F29A30FBF7F4
:10CE4000B7F82146BDE8384040F29B30FBF7B0B858
:10CE500008B54FF46770FBF743F808BDC1B24FF453
:10CE60006770FBF7A5B80000014B1860704700BF62
:10CE700014370020014B1868704700BF143700209A
:10CE80007047704708B500F0F1F9431E5842584109
:10CE900008BD0000014B1870704700BF1C37002010
:10CEA00010B5F8F71FFC10B9064B187810BD064BEB
:10CEB00018680028FAD000680028F7D0BDE81040B4
:10CEC000004700BF1C3700201437002008B5FFF7CB
:10CED000E7FF08BD034B1B6813B15B6803B118473C
:10CEE000704700BF14370020044A126822B19268CC
:10CEF00012B1062101701047704700BF143700209F
:10CF0000044A126822B1D26812B10221017010479E
:10CF1000704700BF143700200B4B07B51A888242B8
:10CF20000FD01880094B1B685BB11B694BB1032202
:10CF30008DF80500000A8DF806008DF8042001A880
:10CF4000984703B05DF804FB1A370020143700201F
:10CF50000C4B07B51A88824210D018800A4B1B6808
:10CF600063B11B6953B104228DF80500000A8DF8E6
:10CF700006008DF804200DEB0200984703B05DF821
:10CF800004FB00BF18370020143700200E4B10B5EB
:10CF90001C680234FFF776FF68B10C4B93F9003040
:10CFA000002B08DA0A4B1C681E230234002023449D
:10CFB0009C4202D110BD0623F8E714F8012B002A89
:10CFC000F6D00130C0B2F3E7D40D0020C8490020EC
:10CFD000D80D002010B5044618B3FFF753FFB0B1C9
:10CFE000124B93F90030002B11DAEF2C4FEAD402E8
:10CFF00017D80F4B04F007041B6813449A780123D9
:10D0000003FA04F4224214BF1846002010BD094B55
:10D010001B689A1C083312F8011BA14203D09A42E4
:10D02000F9D10020F2E70120F0E700BFC849002055
:10D03000D80D0020D40D00204FF0FF32002330B572
:10D04000841C14F8015B8D420ED0B2F1FF3F02D177
:10D05000002D08BF1A460133DDB2062D5BB2F0D1B8
:10D06000531C01D01044817030BD002210B5831CC8
:10D07000083013F8014B8C4208BF03F8012C83429F
:10D08000F7D110BDEF294FEAD10308D81844012386
:10D0900001F0070103FA01F18378194381707047A9
:10D0A000EF294FEAD10308D81844012301F0070102
:10D0B0008B40817821EA03018170704710B50446E6
:10D0C000FFF7E0FE214650B1084B93F90030002BEA
:10D0D00005DABDE81040064B1868FFF7D3BF054BD3
:10D0E000BDE810401868FFF7A7BF00BFC84900207F
:10D0F000D80D0020D40D002010B50446FFF7C2FE65
:10D10000214650B1084B93F90030002B05DABDE8F9
:10D110001040064B1868FFF7C3BF054BBDE8104031
:10D120001868FFF7A2BF00BFC8490020D80D002033
:10D13000D40D002008B5FFF7A5FE68B1084B93F9A0
:10D140000030002B08DA1E22064B18680021BDE8CB
:10D1500008400230F3F710BB034B06221868F5E7CE
:10D16000C8490020D80D0020D40D002042784B780B
:10D170009A421DD190F902301BB191F902209A42D6
:10D1800016D190F903301BB191F903209A420FD1C7
:10D1900090F905301BB191F905209A4208D190F918
:10D1A000040030B191F90430181A18BF01207047FB
:10D1B0000120704782B002B0704707B50190FFF7B9
:10D1C000F9FF03B05DF804FB07B500284FF0040237
:10D1D00014BF0223012306490DEB0200CB70F3F7C5
:10D1E000D9F90198FFF7E9FF03B05DF804FB00BF30
:10D1F000F90E002007B50422032306490DEB0200B7
:10D20000CB70F3F7C7F90198FFF7D7FF03B05DF8CC
:10D2100004FB00BFF90E0020FFF7D6BF07B50422BC
:10D22000012306490DEB0200CB70F3F7B3F9019827
:10D23000FFF7C3FF03B05DF804FB00BFF90E002049
:10D24000FFF7ECBF07B5003818BF012004220649DC
:10D2500088700DEB0200F3F79DF90198FFF7ADFF21
:10D2600003B05DF804FB00BFF90E0020014B987875
:10D27000704700BFF90E002007B504220549487029
:10D280000DEB0200F3F786F90198FFF796FF03B064
:10D290005DF804FBF90E0020014B5878704700BF81
:10D2A000F90E002007B50422054908700DEB0200B5
:10D2B000F3F770F90198FFF780FF03B05DF804FB06
:10D2C000F90E0020044B33F8102001238B401A4242
:10D2D00014BF0120002070471E37002042B90123EF
:10D2E000044A8B4032F8101021EA030122F8101092
:10D2F000704700BF1E37002010B5044600F084F8C8
:10D30000001B80B210BD10B5044600F047F8001BAA
:10D3100010BD10B5044610220021F3F72DFA204667
:10D3200010BD08B501F0D8FDBDE8084001F058BABD
:10D3300008B5F8F74CFBBDE8084040F2A46001F0E6
:10D3400056BC08B5F9F7A6FAF9F7BAFAFFF7F2FEF4
:10D35000FEF7FCFF0020FFF7DFFD0020FFF7F8FDE0
:10D36000BDE80840F8F741BB302383F31188064B32
:10D37000DA69064B1A600023054A1360054A1360F8
:10D3800083F31188704700BF484B002040370020CE
:10D39000383700203C370020FFF7E6BF70B501F0BA
:10D3A00045FA124D124B1349DC692B680A68E41ADE
:10D3B000A242114A0AD9A3F58333E03B2B601568DA
:10D3C0000E4B04F583342B44E034136016680C6074
:10D3D0004FF47A7501F033FA002109480023E4FB89
:10D3E0000501084AF2F702FF304470BD40370020C3
:10D3F000484B0020383700203C37002088598F02E6
:10D400009F860100A086010008B5FFF7C7FF80B224
:10D4100008BD0000BFF34F8F0549064BCA6802F4F0
:10D42000E0621343CB60BFF34F8F00BFFDE700BF47
:10D4300000ED00E00400FA0508B5024A024B1A604C
:10D44000FFF7E8FFEFBEADDEFC6F00200A4A08B52B
:10D4500052F8041C094B99420CD1002342F8043CB9
:10D4600083F31488064B1A6882F3088862B65B68F7
:10D470009847FEE708BD00BF00700020EFBEADDE9C
:10D4800000E0FF1F08B5FFF7C5FF000083B5284D7A
:10D49000284E002301210DF107008DF8073000F020
:10D4A000FFF898B19DF807300F2B0FD802F0DCFB86
:10D4B0009DF80740012184F010030DF107008DF85D
:10D4C000073000F0C9F820B902F0D4FB00F09AF858
:10D4D000DEE70C236343E95CEA1861B90C2363437C
:10D4E000E81887687FB90C2303FB0454217999B9A4
:10D4F00002F0C0FBCDE753883068184400F0BEF856
:10D500000028EBD1E0E7EA5C3168C38840880B442F
:10D5100001441046B847E6E7E3883068184400F055
:10D520009BF8044602F0A6FB002CB2D1CEE700BF68
:10D530001C0E00204016010807B500F0C9F80023B2
:10D54000FF2200934FF49A61034B044801F01CFB47
:10D5500003B05DF804FB00BF8DD4000848370020FD
:10D5600000F0C6B873B5044600F04CF8E0B20F28DE
:10D570008DF806003FD802F077FB01210DF106007F
:10D580009DF8066000F068F828B9002402F072FBEC
:10D59000204602B070BDFF2301210DF107008DF878
:10D5A000073000F06BF804460028EED09DF80630F6
:10D5B0009DF8072083F010039A42E6D10C237343B1
:10D5C0000E4DE95CEA1869B90C2303FB065529796D
:10D5D0000029DBD00A4AEB881068184400F04EF8A6
:10D5E0000446D3E75388064A1068184400F034F81C
:10D5F0000028E9D1C9E70024CAE700BF1C0E0020BB
:10D600004016010873B5302484F31188114D0026AB
:10D610002B685B69003B18BF01238DF8073086F348
:10D6200011889DF807300BB902B070BD84F31188E2
:10D6300028680C3001F036FE86F311889DF807301B
:10D6400084F311882B685B69003B18BF01238DF8B8
:10D650000730E4E7080F002070B50646064B0C467D
:10D6600018680A4603683146DD694FF4FA63A84733
:10D67000031B5842584170BD080F002070B5064684
:10D68000064B0C4618680A46036831461D6A4FF47B
:10D69000FA63A847031B5842584170BD080F002089
:10D6A00038B5064B0C461B681A6895680A46014651
:10D6B0001846A847031B5842584138BD080F0020A0
:10D6C00008B5F6F7B5F908BD08B5F6F7B1F908BD24
:10D6D00010B5054C2046FFF7F7FF20680349BDE869
:10D6E000104001F023BF00BF080F0020000F0020F2
:10D6F00010B5054C2046FFF7E3FF20680349BDE85D
:10D70000104001F013BF00BF080F0020000F0020E1
:10D71000184B10B51C785CBB012208211A70164802
:10D72000224602F02DFD22462021134802F028FD5A
:10D7300022461021104802F023FD4FF47A7001F0C8
:10D7400056FA41F6822208210B4802F019FD40F2F8
:10D7500082222021084802F013FD40F2822210218B
:10D76000054802F00DFD054801F02EFF044B1C702A
:10D7700010BD00BF183C002000040040E84E00200F
:10D78000303C002010B504461C4801F085FF1C48C1
:10D79000037823B1194801F082FF002010BD2168F1
:10D7A0004B1CF7D0E288002AF4D0164B92001A8264
:10D7B0006279032A05D8DFE802F0021A1D1F002251
:10D7C000DA600124047021F00F0001F00F0199606C
:10D7D000224604FA01F1586002F0D2FC09490748D8
:10D7E00001F0E4FE054801F0FDFE2046D6E74FF4C7
:10D7F0008002E5E78022E3E7034AE1E7E84E002004
:10D80000303C00201C3C0020800040001FB5ADF8DB
:10D810000A300123019001A88DF808108DF8092025
:10D820000393FFF7AFFF05B05DF804FB1FB50121BF
:10D830008DF807000DF10F0304480DF1070201F008
:10D84000F8FE9DF80F0005B05DF804FBE84E0020DF
:10D85000002307B5012106480DF107028DF80730B6
:10D8600001F009FF9DF8070003B05DF804FB00BF5D
:10D87000E84E002008B50246024801F0EBFE002009
:10D8800008BD00BFE84E002008B50246024801F07E
:10D89000F2FE002008BD00BFE84E002010B5084C85
:10D8A00023783BB1074801F0ABFE064801F08CFE3F
:10D8B000002323700348BDE8104001F0F0BE00BF14
:10D8C000303C0020E84E00200E4B10B51A78BAB953
:10D8D00001220D4C1A70206040F282324FF48061B8
:10D8E0000A4802F04DFC4FF40061084840F28232D1
:10D8F00002F046FC2146BDE81040054801F016BE86
:10D9000010BD00BF313C00200C0F0020000800407B
:10D91000304C00204FF0FF3108B5024801F0E6FC22
:10D92000C0B208BD3C4C00200A464FF0FF33014610
:10D93000014801F080BD00BF604C002008B50348DD
:10D9400001F019FE80F00100C0B208BD304C00208B
:10D9500070B590F84420044602F07F03212B51D18A
:10D9600012F0800F90F845301DD0022B17D0032BFA
:10D9700005D0012B17D1BDE8704000F065BD90F8CF
:10D98000483090F8495053EA05253BD1FFF76EFC2B
:10D99000334B256418700120A363E06370BDBDE8BC
:10D9A000704000F08BBE0A2B23D00B2B12D0092B1A
:10D9B00028D194F8483094F8491043EA012323F021
:10D9C0000203FBB9274BA3630223E363264B012029
:10D9D0002364E3E794F8483094F8492053EA02239B
:10D9E00003D194F84600FFF72DFC0023A363E36303
:10D9F000EDE794F84700FFF755FC2046BDE870407E
:10DA000000F084BE02F09F02812A18D194F84530BC
:10DA1000062B14D194F84920616894F848304D6879
:10DA200043EA0223204694F8472094F84610A8477A
:10DA300070B14368A3630368E3630023C7E7032669
:10DA40000A4DD5F89C302BB9013E05F1A805F8D157
:10DA50000020A3E7204698470028F5D09EE700BFA6
:10DA60003C3C0020403C0020B5DA00087811002042
:10DA7000F8B50F4C0022234643F8042F90F84B7062
:10DA800090F8496090F8465090F84A2090F8481075
:10DA900090F8470042EA072241EA062145EA0020C1
:10DAA00000F020FA20606068002818BF2046F8BD0A
:10DAB000343C0020034693F84A2093F84B30074942
:10DAC00042EA0323022B087804D1012801D006285A
:10DAD00002D14878FFF7D0BB704700BF403C002020
:10DAE00010B5064A064C117824784B1C03F00F033E
:10DAF0009C421EBF034C1370605410BD394B002074
:10DB00003A4B0020294B0020084608B5052935D896
:10DB1000DFE801F0203403202035302383F311881F
:10DB2000214800F016FB214800F013FB204800F0CC
:10DB300010FB204800F01DFB002383F311881E4BCF
:10DB40001B7813B10520FFF7CBFF0220BDE808408A
:10DB5000FFF7C6BFFFF7C4FF302383F311881248D5
:10DB600000F0D0FA114800F0CDFA114800F0CAFADE
:10DB7000104800F0DBFA002383F3118808BD30233E
:10DB800083F31188084800F0DEFA084800F0DBFA59
:10DB9000074800F0D8FA074800F0D8FA002383F3CA
:10DBA00011880520D2E700BF781100202012002044
:10DBB000C8120020701300203D3C0020102208B540
:10DBC00000210448F2F7D8FD0023034A1370034AEA
:10DBD000137008BD294B0020394B00203A4B002020
:10DBE00070B52A4D2A4C002128782378294E984276
:10DBF00033D101B1207070BD01222370264B1A7001
:10DC0000264B93F84F10081E18BF0120FFF7F2FAB9
:10DC1000E9E700222370204B1A70FFF792FB1F4B9D
:10DC200093F84F10081E18BF0120FFF7F5FADAE746
:10DC300023701A4B93F84F10081E18BF0120FFF7EE
:10DC4000C3FAD0E7002123700846F8E72370FFF7F6
:10DC5000E5FA0120FFF7F6FAC5E71A46B25C013390
:10DC6000012103F00F03052AC1D80FF2080C5CF85C
:10DC700022F000BF4DDC0008EFDB000831DC0008BB
:10DC800045DC0008F9DB000813DC0008394B0020F4
:10DC90003A4B0020294B00203D3C0020504F0020F3
:10DCA00070B50546184C204600F0A6F904F1A80608
:10DCB000204600F0D1F9304600F09EF904F5A87432
:10DCC000304600F0C9F9204600F096F920460F4C86
:10DCD00000F0C2F9204600F0ABF9204600F0CCF984
:10DCE000284602F017F9284601F016FD41F2883067
:10DCF00000F07DFF2846064901F0FBFC2846BDE800
:10DD0000704002F0E5B800BF7811002070130020C9
:10DD1000341801082DE9F04104461E4D02F0FAF8CE
:10DD2000204601F0F9FC05F1A808284600F0B3F9F7
:10DD3000194E05F5A877404600F0ADF9384600F0D9
:10DD4000AAF9304600F0CAF941F2883000F04FFFDE
:10DD5000284600F051F9284600F07EF9404600F0D0
:10DD60004BF9404600F078F9384600F045F938465E
:10DD700000F072F9304600F05BF9304600F07CF9B3
:10DD80002046064901F0B5FC2046BDE8F04102F00E
:10DD90009FB800BF781100207013002034180108CC
:10DDA00037B50023A825054C009305FB004042F23F
:10DDB000107300F055FA03B030BD00BF7811002099
:10DDC00010B50446FFF752FA2146BDE8104008227C
:10DDD0000120FFF7E5BF014620220020FFF7E0BF4A
:10DDE000014606220020FFF7DBBF01460322002088
:10DDF000FFF7D6BF20290A4603D101460220FFF7CC
:10DE0000CFBF704710B5084C88B000232022694668
:10DE1000204600F092FA08B908B010BD20216846EB
:10DE2000FEF7D6FEF1E700BF70130020FFF70EBB30
:10DE30007047704708B5FFF7F9FF01F0BDFEFFF727
:10DE4000F7FF08BD08B501F0D3FEFFF7F2FF08BDEC
:10DE5000FFF7F6B908B5FFF7B1FE0448FFF720FF5A
:10DE6000BDE8084041F2883000F0C1BE504F0020AC
:10DE70000148FEF7F9BF00BF140F0020FFF7B0BE46
:10DE800000F094BB30B5144B85B01C7814BB012254
:10DE900068461A70FFF73DFA2346104A104C04A951
:10DEA00001EB630111F8100C02EB43010509655DFC
:10DEB00000F00F008D700025205CCD70591C0233DE
:10DEC00002EB4101202B8870CD70E8D14223137002
:10DED0000323537005B030BD863C0020423C002037
:10DEE000121A010810B51C46030A032B0FD007D8DD
:10DEF000012B30D0022B07D15B20184A226010BDC5
:10DF0000212B19D0222B1ED000200246F6E7C0B2EA
:10DF10000328F9D8DFE800F00205080B0420104AB6
:10DF2000ECE712200F4AE9E710200F4AE6E7FFF777
:10DF3000A9FF0E4A1078E1E70229E5D80C4B092029
:10DF400053F82120DAE70229DED80A4B53F82120C2
:10DF5000094B585CD2E71220084ACFE75F18010846
:10DF6000101901081419010828190108423C002061
:10DF700044180108501801085C180108BA18010873
:10DF800013B5446BD4F888201378042B13D10123E4
:10DF900094F88C1012898B4013420CD1204601A9B1
:10DFA00001F07AF8024630B1019B94F88C10D4F855
:10DFB000880001F02DFC02B010BD10B5026F0446C0
:10DFC0001378042B13D1012390F8741052898B40DD
:10DFD00013420CD100F0B5FF024640B1E36994F85A
:10DFE0007410206F043BBDE8104001F0FFBB10BD72
:10DFF000406BFFF7E2BF00001FB500F15C03C36494
:10E0000090F8843013B100F170030365074B0121D0
:10E010000193D0F89030D0F8982000930290D0F877
:10E02000943001F016F805B05DF804FB81DF0008BC
:10E030001FB500F15C030365064B01210193836F5B
:10E04000D0F8802000930290C36F00F058FF05B015
:10E050005DF804FBF1DF0008302383F31188D0F86A
:10E06000883090F88C2003EB82039861002380F8BD
:10E07000A03083F311887047302383F3118890F820
:10E080007430026F093342F82300002380F8843093
:10E0900083F31188704710B53023044683F3118849
:10E0A00090F88C20D0F88830053203EB82030022F0
:10E0B0005A6001236FF00101037200F0D8FD204681
:10E0C00000F0DEFFD4F8A43013B1DA681868904786
:10E0D00000F0D0FC002383F3118810BD10B530236D
:10E0E000044683F3118801236FF00101037200F0ED
:10E0F000BEFD204600F01AFF00F0BCFC002383F3B5
:10E10000118810BD012310B5044603726FF00101A0
:10E1100000F0ADFD204600F0B3FFD4F8A43023B1E9
:10E12000BDE81040DA681868104710BD012310B52B
:10E13000044603726FF0010100F099FD2046BDE82E
:10E14000104000F0F3BE00230372704700230372F7
:10E15000704710B5044690F88C1000F13802D0F8E2
:10E16000880001F003FB204600F08AFF00232372A1
:10E1700010BD10B5044600F0D9FE002320462372DE
:10E18000BDE81040FFF719BF00EB8103F7B59C69AC
:10E1900005460E4684B3302383F311880023226999
:10E1A00084F8A03063699A4201D1E368B3B905EB02
:10E1B0008603DB685B691B6883B1D4F8A43053B174
:10E1C00001A9204600F068FFD4F8A43001469F68FA
:10E1D000019A1868B847204600F06CFF204601A954
:10E1E00000F05AFF024648B1019B3146284601F033
:10E1F0000FFB002383F3118803B0F0BD05EB86030A
:10E20000DB681A68022AF4D15A691268002AF0D031
:10E210001B8A013B1340ECD105F14402E5E701F113
:10E22000090210B550F82240CCB1302282F3118897
:10E2300000EB8103DB689B695B6853B1236F94F843
:10E240007420204603EB8203DB689B69596800F069
:10E2500082FE2046FFF7B1FE002383F3118810BD34
:10E260002DE9F84F1E4604460F46924630239DF88E
:10E27000285083F31188D0F888301B78042B05D000
:10E28000002585F311882846BDE8F88F90F8A03066
:10E2900023B101364FF0FF3618BF0026002383F369
:10E2A00011884FF030094FF0010833465246394685
:10E2B000204600F03AFF82451CD989F3118894F872
:10E2C000A0304FF0000B002808BF43F001036FF0AF
:10E2D000010184F8A030204684F8088000F0C7FCD3
:10E2E000204600F0CDFE84F808B000F0C3FB8BF3AD
:10E2F0001188DAE7002DC6D1204600F05BFF01252A
:10E30000C1E7302383F31188026943699A4210D12F
:10E31000C36883B10123D0F8882090F88C1012894B
:10E320008B4013420CBF01200020002383F311888F
:10E3300070470020F9E71846F7E738B51446054658
:10E34000302282F31188026F1278042A03D0002051
:10E3500080F3118838BD90F8842022B101334FF04A
:10E36000FF3318BF0023002282F31188224628467B
:10E3700000F02CFEB0FA80F35B0985F88430231A94
:10E3800058425841E6E70000006810B440B1054C1F
:10E390008264E469083040F8044C10BCF2F7FAB823
:10E3A00010BC7047484B00200168134631B18A6C9D
:10E3B00003F108009A640831F2F7ECB8704710B521
:10E3C0000446006840B1826C00210830F2F7D4F9AD
:10E3D000002223681A605A6010BD000010B40C7847
:10E3E000082C0BD850F8240040B1054C8264E46935
:10E3F000083040F8044C10BCF2F7CCB810BC7047A1
:10E40000484B00200829134609D850F8211031B193
:10E410008A6C03F108009A640831F2F7BBB87047C0
:10E4200070B50026051F00F1200455F8040F38B11F
:10E43000826C00210830F2F79FF92B681E605E6045
:10E44000A542F2D170BD000038B590F848300446BE
:10E45000022B1CD890F84610082918D80D4AD25C17
:10E46000022A14D8A8200C4B00FB0233D3F8A400D6
:10E4700060B10A4D43682A460068984705F10803D1
:10E48000A363AB6C0120E3630023236438BD002049
:10E49000FCE700BF7411002078110020B83E002076
:10E4A000036843B19100196003490B78002A18BF33
:10E4B00043F001030B707047043F0020006810B167
:10E4C0000068C0F387007047036870B50BB900207F
:10E4D00070BD302383F31188036800211C685B68DA
:10E4E00081F31188002CF2D04FF47A76074A08485D
:10E4F000D569084AED1AE5FB06010023F1F776FE1F
:10E5000084428CBF00200120E2E700BF484B00207E
:10E510009F860100A08601004B1E072B0BD850F8E8
:10E52000213043B19100196003490B78002A18BFCC
:10E5300043F001030B707047043F0020082906D800
:10E5400050F8210020B10068C0F387007047002018
:10E5500070470000082970B501D9002070BD50F83F
:10E560002130002BF9D0302383F3118850F821306B
:10E5700000211C685B6881F31188002CEDD04FF4FA
:10E580007A76074A0748D569074AED1AE5FB06017E
:10E590000023F1F72BFE84428CBF00200120DDE731
:10E5A000484B00209F860100A0860100404B2DE9CA
:10E5B000F74F1B78002B47D000242546DFF8F48066
:10E5C0003D4E08F1080AD6F8A4B0BBF1000F34D0D4
:10E5D000002C3CD10127302383F31188F9B2DBF8FA
:10E5E0001430DBF80000019198474FF00009002833
:10E5F00018BF45F0010589F311882F48FFF781FE08
:10E60000C0B1DBF818300199DBF80000984788B1F9
:10E61000302383F31188274ADBF804300199DBF8B3
:10E620000000984789F3118851464846D8F8482099
:10E63000FFF7B6FB0137092FCDD10134032C06F1CA
:10E64000A806C0D11A4B1D7003B0BDE8F08F30276B
:10E6500087F311880021DBF81430DBF800009847BD
:10E660004FF00009002818BF45F0010589F3118813
:10E670003046FFF746FE0028DFD04946DBF8183069
:10E68000DBF8000098470028D7D087F31188094AA3
:10E690004946DBF80430DBF80000984789F311881D
:10E6A0005146D8F84820E0B2FFF77AFBC5E700BF33
:10E6B000043F00206C3E00207811002010B590F837
:10E6C00048300446022B19D890F84610082915D86E
:10E6D0000B4AD25C022A11D8A8200A4B00FB023355
:10E6E000D3F8A40048B1436900689847064B1870F6
:10E6F000A36301200023E063236410BD0020FCE736
:10E700007411002078110020683E002010B590F8A8
:10E7100048300446022B19D890F84610082915D81D
:10E720000B4AD25C022A11D8A8200A4B00FB023304
:10E73000D3F8A40048B1036994F8472000689847CB
:10E7400000230120A363E363236410BD0020FCE7E2
:10E75000741100207811002010B5044C204601F0FF
:10E76000D9FB2046BDE8104000F0D6BF504F002036
:10E77000024B1878031F584258417047504F0020F1
:10E7800070477047FEE7000070B50825134C6068BD
:10E7900023680146A268043B8A4219D8D31C1B1A7D
:10E7A000C11E23F003038A4238BF00231844E368E4
:10E7B000C11EDA1C121A22F00302994288BF0022FD
:10E7C0000021F1F7D9FF013D04F11004DFD170BD44
:10E7D00053F8046F41F8046BDEE700BF241A010808
:10E7E00038B501230025074C2370656000F044FB19
:10E7F0000549064800F04CF90223237085F311887F
:10E8000038BD00BF404B0020A81A0108484B00202B
:10E8100072B60322024BD865024B1A70FEE700BFA6
:10E82000484B0020404B002000F054B8EFF311801B
:10E8300020B9EFF30583302282F31188704710B5B9
:10E8400030B9EFF30584C4F3080414B180F31188E0
:10E8500010BD00F00FF984F31188F9E7034A5168FD
:10E8600053685B1A9842FBD8704700BF001000E065
:10E8700010B50A4C23699A6891420CD85A68816095
:10E880000360426010609A685860511A99604FF0B6
:10E89000FF33A36110BD1B68891AECE7484B0020C9
:10E8A0000361002310B410BCC2604361FFF7E0BFF6
:10E8B000036881689A680A449A60426813605A60E3
:10E8C00000234FF0FF320360014B9A61704700BF95
:10E8D000484B002070B5124D2A46EB690133EB61BD
:10E8E00052F8103F934206D030269A68013A9A6057
:10E8F0002C69A36803B170BD226861680A60516029
:10E90000236083F311882046E3682169984786F3E2
:10E91000118861690029EBD02046FFF7A9FFE7E7DE
:10E92000484B002000238268037503691B689968BF
:10E930009142FBD25A680360426010605860704791
:10E9400000238268037503691B6899689142FBD8AC
:10E950005A680360426010605860704708B5084606
:10E96000302383F311880A7D0023052A06D8DFE8C7
:10E9700002F00B050503120E826913604FF0FF339E
:10E980008361FFF7CFFF002383F3118808BD8269FD
:10E990009368013393604268036813605A60EDE73F
:10E9A000FFF7C0BF054BD968087518680268536047
:10E9B0001A6001220275D860F1F702BC484B0020B2
:10E9C00030B50C4B0446DD684B1C87B00FD02B468E
:10E9D0006846094AFFF764FF2046FFF7E3FF009B04
:10E9E00013B16846FFF764FFA86907B030BDFFF7B1
:10E9F000D9FFF9E7484B00205DE9000838B50C4D18
:10EA00008161EB6881689A680446914203D8BDE849
:10EA10003840FFF787BF1846FFF792FF01230146F2
:10EA200023752046EC60BDE83840F1F7C9BB00BF54
:10EA3000484B0020044B1A68DB6890689B6898423A
:10EA400094BF002001207047484B0020084B10B5B0
:10EA50001C68D868226853601A6001222275DC6045
:10EA6000FFF76EFF01462046BDE81040F1F7A8BB56
:10EA7000484B0020044B1A68DB6892689B689A42F6
:10EA800001D9FFF7E3BF7047484B002030BFFDE7D7
:10EA900070B5002504461A4B86B058608562016344
:10EAA0000E4600F0A3F904F11003236163614FF0F7
:10EAB000FF33A361134BE561D9692B460A46204613
:10EAC000C4E9082304F1340180230F4A2460646000
:10EAD000A560E562E56500F01DF801230B4AE060E2
:10EAE00003750092726868460192B268CDE902230C
:10EAF000074BCDE9043500F03FF806B070BD00BF0C
:10EB0000404B0020484B0020B41A0108B91A0108F4
:10EB10008DEA000802228B604B62002308618A8222
:10EB200008460B62CB6170478368C168A3F14C0251
:10EB300043F81C2C026943F84C2C42690C4843F8FA
:10EB4000482C0C4A43F8180C43F82C2C022203F8EA
:10EB5000142C002243F8201C03F8132C43F8041C47
:10EB600043F8082C43F80C2CA3F12800704700BF91
:10EB7000484B0020D101000808B5FFF7D5FFBDE8DC
:10EB80000840FFF70DBF000038B5302484F311882A
:10EB90002839441844F8243C049B002544F8203CC0
:10EBA0000A4BA4F1240144F8043C0223A382084B3D
:10EBB000E16020462946A260236162622562E56128
:10EBC000FFF71CFF85F31188204638BDD1010008EE
:10EBD000484B0020024BDB6898610F20FFF7E2BE34
:10EBE000484B0020302383F31188FFF7F3BF08B5AB
:10EBF0000146302383F311880820FFF7E1FE00234C
:10EC000083F3118808BD0000054BDB6821B1036068
:10EC100098610320FFF7D4BE4FF0FF30704700BF6C
:10EC2000484B00200346006820B100221A60816131
:10EC3000FFF7B6BE70470000064BDB6839B142688B
:10EC400018605A60136043600420FFF7B9BE4FF0AC
:10EC5000FF307047484B002003460068834205D0D0
:10EC600002681A6053608161FFF79ABE704738B539
:10EC700004460D462068844200D138BD03682360F5
:10EC80005C608561FFF78CFEF4E7034610B51B68F6
:10EC9000984203D09C688A689442F8D25A680B6004
:10ECA0004A601160596010BD0023006040608360BD
:10ECB0007047000038B58168164B0446DD6891B98D
:10ECC0002B6A8560C360286238BD8B600B7D7BB189
:10ECD000062B14D10B684A68886913605A60FFF7E5
:10ECE000D4FF8B699968AB688A689A42EDD306E0D5
:10ECF0004A680B68084613605A60FFF751FE2046C9
:10ED00002946FFF7C2FFAC610620BDE83840FFF797
:10ED100049BE00BF484B002008B5302383F311885B
:10ED2000FFF7C8FF002383F3118808BD154A034687
:10ED3000D16810B5302282F31188C26800680A6277
:10ED400098421BD0486A82B98860186802681A60C5
:10ED50005360026A9860DA600362FFF721FEFFF7F2
:10ED600089FE002383F3118810BD1468A24203D0EA
:10ED7000A468A04238BF2046D268E4E7002383603D
:10ED8000EFE700BF484B0020C3691943037DC16111
:10ED90000A2B03D18369194205D170470B2B06D189
:10EDA00083698B4303D100238361FFF7F9BD70476B
:10EDB00070B506460D460468B44200D170BDE368E4
:10EDC0002B43E36015B123691D4203D0A16860683D
:10EDD000FFF7DAFF2468EFE7EFF30983203383F3CB
:10EDE0000988002383F3118870470000302080F3E6
:10EDF000118862B60C4B0D4AD96821F4E061090410
:10EE0000090C0A43DA60D3F8FC20094942F0807209
:10EE1000C3F8FC200A6842F001020A602022DA7777
:10EE200083F82200704700BF00ED00E00003FA0500
:10EE3000001000E0302310B583F311880B4B5B68A2
:10EE400013F400630FD0EFF309844FF08073203C7C
:10EE5000E36184F30988FFF7EDFD10B1044BA36172
:10EE600010BD044BFBE783F31188F9E700ED00E0E8
:10EE7000E3010008E6010008024B034A1A60034A56
:10EE80005A607047A84B0020A84F00200070002057
:10EE9000F0B50B4D0446D5E90067BB1B9A420CD870
:10EEA000731E0B441A44494202EA01000444A7427B
:10EEB00003D3A64201D82C60F0BD0020FCE700BFC0
:10EEC000A84B002008B5302383F31188FFF7E0FF3B
:10EED000002383F3118808BD08B500F043FF01F05B
:10EEE00041F900F000FB00F055FB00F0F4FBFEF7E9
:10EEF000A9FFBDE8084000F000B801F09BB901721D
:10EF0000002130B5039C043303FB0425C361049B3B
:10EF100000600363059B4060C160426102618561DE
:10EF2000046242628162C162436330BD0022416A71
:10EF3000C2604161016182626FF00101C262FFF74C
:10EF400096BE03694269934201D1C2680AB9181D8D
:10EF500070470020704703691960C26800210132C0
:10EF6000C260C269134482690361934224BF436A49
:10EF70000361FFF771BE38B504460D46E3683BB147
:10EF800062690020131D1268A3621344E36207E064
:10EF9000237A33B929462046FFF74EFE0028EDDAE2
:10EFA00038BD6FF00100FBE7C368C269013BC36075
:10EFB0004369134482694361934224BF436A4361B6
:10EFC00000238362036B03B1184770472DE9F84FA4
:10EFD00004460E46904699464FF0300A8AF311884F
:10EFE0000025AB46A76A4FB949462046FFF7C3FF45
:10EFF00020B187F311882846BDE8F88FE76AA16A37
:10F000007A1AA8EB0507974228BF1746402F16D952
:10F0100030464022F1F7BEFAA36A40364033A3627D
:10F020004035A26AE36A9A4202D32046FFF7BCFF4A
:10F030008BF311884545DED28AF31188D2E730463A
:10F040003A46F1F7A7FAA36A3E443B44A3623D4423
:10F05000E7E710B5029C04330172C36103FB04218E
:10F0600000238362C362039B00600363049B4060D0
:10F07000C46042610261816104624262436310BD07
:10F08000026A6FF00101C260426A426102610022BD
:10F090008262C262FFF7EBBD034640691A69824291
:10F0A00001D1DB681BB950F8043B0B6070470023AB
:10F0B0001846FAE7C368C2690133C3604369002197
:10F0C000134482694361934224BF436A4361FFF75B
:10F0D000C3BD38B504460D46E3683BB12369002043
:10F0E0001A1DA262E2691344E36207E0237A33B98E
:10F0F00029462046FFF7A0FD0028EDDA38BD6FF065
:10F100000100FBE703691960C268013AC260C26985
:10F11000134482690361934224BF436A036100235D
:10F120008362036B03B1184770472DE9F84F04461B
:10F130000E46904699464FF0300A8AF31188002512
:10F14000AB46A76A4FB949462046FFF7C2FF20B138
:10F1500087F311882846BDE8F88FE76AA06A3A1A53
:10F16000A8EB0507974228BF1746402F18D931460C
:10F170004022F1F70FFAA36A40364033A3624035CC
:10F18000A26AE36A9A4204D3E16920460439FFF790
:10F19000B9FF8BF311884545DCD28AF31188D0E79B
:10F1A00031463A46F1F7F6F9A36A3E443B44A3627E
:10F1B0003D44E5E7302208B582F31188816A29B120
:10F1C00003690439C91A01D0FFF79CFF002383F3B8
:10F1D000118808BDF8B5154682680B46AA428169B8
:10F1E000066938BF8568761AB54204460BD21846C0
:10F1F0002A46F1F7CFF9A3692B44A361A3682846F7
:10F200005B1BA360F8BD0CD918463246F1F7C2F972
:10F21000AF1B3A46E1683044F1F7BCF9E3683B4480
:10F22000EBE718462A46F1F7B5F9E368E5E72DE97B
:10F23000F0410446154683682769934238BF8568C4
:10F2400040690E463F1ABD420BD22A46F1F7A2F999
:10F2500063692B446361A36828465B1BA360BDE818
:10F26000F0810CD93A46A5EB0708F1F793F942462D
:10F27000E068F119F1F78EF9E3684344EAE72A46BA
:10F28000F1F788F9E368E5E710B50024C361029B54
:10F29000C16081614161114400604060846001612E
:10F2A000036210BDC2686FF00101826142610022F9
:10F2B0008260FFF7DCBC08B582694369934201D1E3
:10F2C000826882B98268013282605A1C4261197078
:10F2D0000369426900219A4224BFC3684361FFF772
:10F2E000BBFC002008BD4FF0FF30FBE770B53023BA
:10F2F00004460D4683F31188A668A6B1A368A269E7
:10F30000013BA360531CA36115782269934224BF7B
:10F31000E368A361E3690BB120469847002383F3B8
:10F320001188284607E029462046FFF785FC00287B
:10F33000E2DA86F3118870BD2DE9F74F04460E46D8
:10F3400017469846D0F81C904FF0300A8AF311887F
:10F350004FF0000B154665B12A4631462046FFF7AF
:10F3600039FF034660B941462046FFF765FC002897
:10F37000F1D0002383F31188781B03B0BDE8F08F30
:10F38000B9F1000F03D001902046C847019B8BF3D1
:10F390001188ED1A1E448AF31188DCE7C361009BD3
:10F3A000C16081614161114400604060826001611F
:10F3B00003627047F8B504460D461646302383F3C2
:10F3C0001188A768A7B1A368013BA36063695A1CB1
:10F3D00062611D70236962699A4224BFE3686361B8
:10F3E000E3690BB120469847002080F3118807E0BD
:10F3F00031462046FFF720FC0028E2DA87F3118827
:10F40000F8BD8369426910B59A4201D182687AB920
:10F4100082680021013282605A1C82611C78036973
:10F420009A4224BFC3688361FFF716FC204610BDD3
:10F430004FF0FF30FBE72DE9F74F04460E46174625
:10F440009846D0F81C904FF0300A8AF311884FF09C
:10F45000000B154665B12A4631462046FFF7E7FE08
:10F46000034660B941462046FFF7E6FB0028F1D08D
:10F47000002383F31188781B03B0BDE8F08FB9F146
:10F48000000F03D001902046C847019B8BF31188E1
:10F49000ED1A1E448AF31188DCE70C30FFF74CBFED
:10F4A0004FF0FF330C30FFF747BF3030FFF7C3BFDB
:10F4B0004FF0FF333030FFF7BEBF0C30FFF716BF01
:10F4C0004FF0FF310C30FFF711BF3030FFF772BF44
:10F4D0004FF0FF323030FFF76DBF012914BF6FF0DE
:10F4E00013000020704700F055BF000037B51546E7
:10F4F00002460B460C49044642F8041B42600122B6
:10F5000000F154010272009080220C30FFF7BCFE23
:10F510002B468022009404F1D40104F13000FFF75F
:10F520003DFF03B030BD00BFC01A010810B5302345
:10F53000044683F3118800F04DFF0223002023725C
:10F5400080F3118810BD38B5436904460D461BB9D8
:10F5500004210844FFF72CFC294604F10C00FFF7B6
:10F56000AAFE002806DA201D4FF40061BDE83840ED
:10F57000FFF71EBC38BD302383F311880023406998
:10F5800083F31188B0FA80F0400970474FF0FF31E3
:10F59000FFF73ABB01F008B80123037000230C30D9
:10F5A00040F8083C40F8043CFFF77EBB10B5302320
:10F5B000044683F31188416001F00CF80223002017
:10F5C000237080F3118810BD10B53023044683F3F7
:10F5D000118801F073F8002301226360227083F325
:10F5E000118810BD302383F31188436899685A68E5
:10F5F0004FF480338B409361002383F3118870476D
:10F60000302383F31188436899685A6801238B403B
:10F610009361002383F31188704710B5302484F37D
:10F6200011880324047001F08CF8002383F31188FF
:10F6300010BD38B50446302585F31188032504F83C
:10F64000085B01F067F82046FFF7A0FF002383F373
:10F65000118838BD10B53023044683F31188032385
:10F6600004F8083B01F06DF82046FFF78FFF0023F8
:10F6700083F3118810BD10B53023044683F311883D
:10F68000032304F8083B01F074F82046FFF77EFFDF
:10F69000002383F3118810BD0C30FFF73DBB0C3005
:10F6A000FFF744BB10B50446002101F01DFC00210A
:10F6B000204601F00BFC63681B6813B1062120464D
:10F6C0009847A36823F00113A3600023E363062394
:10F6D00084F8343010BD01F06DBA012303700023AB
:10F6E000C36183620362C3624362036343608360F6
:10F6F000704738B50446302383F3118800254160F4
:10F70000C56005614561856101F05AFA02232370E5
:10F7100085F31188284638BD70B53023044683F33D
:10F72000118801F065FA254600260123666005F878
:10F730000C3B1C3455F8043B7BB1586920B16FF089
:10F7400001010C30FFF76EFA55F8043C986920B1BE
:10F750006FF001010C30FFF765FAA54245F8046C23
:10F76000E8D1FFF787F986F3118870BD70B500EB1B
:10F770008103054650690E461446DA6018B114221A
:10F780000021F0F7F9FFA06918B114220021F0F769
:10F79000F3FF31462846BDE8704001F047BAF8B59E
:10F7A00004460027836800F1100503F0011383600D
:10F7B00000F11C0655F8043B7BB1586920B16FF08D
:10F7C00001010C30FFF72EFA55F8043C986920B17E
:10F7D0006FF001010C30FFF725FAB54245F8047CC3
:10F7E000E8D12046BDE8F84001F0ACBAF0B40125FC
:10F7F00000EB8104E4684789A4698D403D4345815D
:10F8000023600023A2606360E360F0BC01F00CBBE6
:10F81000F0B4012500EB8104E468078964698D4038
:10F820003D43058123600023A2606360E360F0BC78
:10F8300001F01ABB2DE9F0410223002504464FF0E8
:10F8400030080370C564C563856000F10C0600F1E3
:10F850001C0756F8043BABB188F3118856F8043CFA
:10F86000586920B16FF001010C30FFF7DBF956F851
:10F87000043C986920B16FF001010C30FFF7D2F918
:10F8800085F31188BE4246F8045CE2D1204684F834
:10F89000345001F039FA63681B6823B12046BDE893
:10F8A000F04100211847BDE8F081F8B5037804461F
:10F8B000052B29D080F850300523037043681B685E
:10F8C0000BB10421984700263027A66004F10C05EF
:10F8D0001C3455F8043BABB187F3118855F8043C50
:10F8E000586920B16FF001010C30FFF79BF955F812
:10F8F000043C986920B16FF001010C30FFF792F9D8
:10F9000086F31188A542E4D1F8BD0178052906D116
:10F9100090F85020436802701B6803B11847704785
:10F9200070B590F8343004463BB1836823F001137E
:10F9300083600023C36380F834300021204604F143
:10F94000440201F055FA63689B684BB994F844305F
:10F9500013F060052BD02046BDE87040FFF7A2BE33
:10F96000204698470028F1D094F84B2094F84A306C
:10F9700043EA0223E26B9A4288BFE36394F944307E
:10F98000E16B002B80F20281002900F0F78009234F
:10F9900084F83430302383F3118800212046E36B50
:10F9A000A26BFFF735FF002383F3118870BD94F835
:10F9B000452003F07F0343EA022340F202329342E0
:10F9C00000F0C98021D8B3F5807F4CD00DD8012B31
:10F9D00043D0022B00F09780002BBCD104F14C02E5
:10F9E000A2630222E2632364BEE7B3F5817F00F0E5
:10F9F0009F80B3F5407FAED194F84630012BAAD159
:10FA0000B4F84C3043F0020336E0B3F5006F51D048
:10FA10001BD8B3F5A06F35D0A3F5C063012B9AD8DE
:10FA200094F84920616894F848304E6843EA02230C
:10FA3000204694F8462094F84710B04700288AD012
:10FA40004368A3630368E3631AE0B3F5106F36D02D
:10FA500040F6024293427FF47EAF544BA3630223ED
:10FA6000E3630023BFE794F84630012B7FF473AFC4
:10FA7000B4F84C3023F00203A4F84C30A563E563DE
:10FA8000256471E7B4F84430B3F5A06F0ED194F853
:10FA90004630204684F84E3001F0C0F863681B6899
:10FAA00013B1012120469847032323700023A36349
:10FAB000E36398E704F14F03A3630123C3E72378CB
:10FAC000042B10D1302383F311882046FFF767FE03
:10FAD00085F311880321636884F84F5021701B68F7
:10FAE0000BB12046984794F84630002BDED084F8BE
:10FAF0004F300423237063681B68002BD6D002218B
:10FB000020469847D2E794F8483020461D0603F077
:10FB10000F010AD501F050F9012804D002287FF422
:10FB20001AAF234B9AE7234B98E701F029F9F3E743
:10FB300094F84630002B7FF40EAF94F8483013F061
:10FB40000F01B3D01A06204602D501F0E5F9ADE762
:10FB500001F0D6F9AAE794F84630002B7FF4FBAE0B
:10FB600094F8483013F00F01A0D01B06204602D5B0
:10FB700001F0BAF99AE701F0A9F997E714232046B2
:10FB800084F83430BDE8704001F042B961B115230A
:10FB900084F83430302383F3118800212046E36B4E
:10FBA000A26BFFF723FEFEE60B23E8E7EC1A010841
:10FBB000E81A0108EA1A010808B500F0D5F80B4B5D
:10FBC0009A6C42F020029A649A6C9A6C42F040025D
:10FBD0009A649A6C9A6C42F080029A649A6C9A6C5D
:10FBE00042F480729A649B6C08BD00BF000C014017
:10FBF000704700207047162303604FF0FF307047B6
:10FC0000184670470020704708B513460021582257
:10FC10001846F0F7B1FD4FF400524260002008BDD5
:10FC20000120704710B50022044608460121FFF765
:10FC300049F918B90C234FF0FF30236010BD0000C4
:10FC400008B50248FEF7E4FDF0F768FCEE1A01087B
:10FC500008B50248FEF7DCFDF0F760FCF31A010876
:10FC600001207047704700000148FFF755B800BFFA
:10FC7000F81300200148FFF759B800BFF81300201F
:10FC80000122090100F1604303F56143C9B283F821
:10FC9000001300F01F039A4043099B0003F16043E7
:10FCA00003F56143C3F880211A607047012200F018
:10FCB0001F039A4043099B0003F1604303F561432E
:10FCC000C3F88020C3F88021002300F1604000F5D4
:10FCD000614080F800337047090100F16040C9B20B
:10FCE00000F56D400176704717498A68022A12D0E4
:10FCF000032A26D0154B1649012A08BF0B46124A83
:10FD0000926902F07F02013252080132B3FBF2F332
:10FD1000104A13607047104A0B68526F49686FEAC7
:10FD2000921201290CBF0A490C4902F00302033266
:10FD30004A4303F01F0301335B080133B2FBF3F3C3
:10FD4000DDE7074BDBE700BF000C014000127A0043
:10FD5000006CDC0208140020000401400048E801A7
:10FD6000001BB700FFF7C0BF13B50C20032440F2FF
:10FD7000BE71314B314A9C62D862C2F894100021A6
:10FD80009962D9629C62D8628020C3F81C0CD3F8B7
:10FD90001C0CC3F81C0C009101914FF40141C3F8F5
:10FDA000481C4FF6FC71A3F5744319630F211960C9
:10FDB0000223136501234BF68031D364936D03F066
:10FDC00001030193009B01330093019B13B9009B36
:10FDD0008B42F3D1019B03B9FEE7194B19498024EB
:10FDE000C3F800140021A3F5884399611C62196AC5
:10FDF000012019622021586019601968196019687A
:10FE00000143196054679067D16F0329FCD1022226
:10FE10009A6001220021DA60074A9162D1629A6CED
:10FE200042F400429A649A6CDA6C42F40062DA643A
:10FE3000DB6C02B010BD00BF0000014000040140B7
:10FE40000050014013000003134B834223D1134B96
:10FE500002201A6C124942F480721A641A6C42F041
:10FE600002021A64D3F8882042F00202C3F8882004
:10FE7000D3F8882022F00202C3F8882001225A63B6
:10FE8000DA670864DA6608225A615A695A615A695F
:10FE900042F001025A617047504F0020000C0140AF
:10FEA000004C0140084B83420CD1084B5A6902F0C8
:10FEB00008025A6100225A61DA66DA671A6C22F087
:10FEC00002021A64704700BF504F0020000C01402E
:10FED0000F4A936C43F4004343F0200393644FF0C4
:10FEE00080436FF4C0521A634FF07072DA624FF0C1
:10FEF00020721A6000225A609A60DA604FF44C3225
:10FF00005A62012203F5A0335A700722DA72704751
:10FF1000000C01400E4A6FF48051936C43F400438F
:10FF200043F0200393644FF080436FF4C0521A6390
:10FF300000221A609A60DA6019634FF080711960CC
:10FF40004FF4805159605A624FF080529A61704765
:10FF5000000C014010B5074C6369DB0704D5064A65
:10FF600013680BB15068984701236361BDE81040E6
:10FF7000FEF760BF00180040B04B002010B5074CE2
:10FF800063699B0704D5064A93680BB1D06898470C
:10FF900002236361BDE81040FEF74CBF001800402B
:10FFA000B04B002010B5074C63695B0704D5064AC7
:10FFB00013690BB15069984704236361BDE8104091
:10FFC000FEF738BF00180040B04B002010B5074CBA
:10FFD00063691B0704D5064A93690BB1D06998473A
:10FFE00008236361BDE81040FEF724BF00180040FD
:10FFF000B04B002010B5074C6369DB0604D5064AF8
:020000040801F1
:10000000136A0BB1506A984710236361BDE8104032
:10001000FEF710BF00180040B04B0020164B10B583
:100020005C69A30604D5154A936A0BB1D06A984758
:10003000600604D5114A136B0BB1506B984721062B
:1000400004D50E4A936B0BB1D06B9847E20504D5EB
:100050000A4A136C0BB1506C9847A30504D5074AA4
:10006000936C0BB1D06C9847BDE810404FF4787298
:10007000014B5A61FEF7DEBE00180040B04B002075
:100080001A4B10B55C69620504D5194A136D0BB1A2
:10009000506D9847230504D5154A936D0BB1D06D6B
:1000A0009847E00404D5124A136E0BB1506E98477E
:1000B000A10404D50E4A936E0BB1D06E984762042A
:1000C00004D50B4A136F0BB1506F9847230404D526
:1000D000074A936F0BB1D06F9847BDE810404FF4BB
:1000E0007C42024B5A61FEF7A5BE00BF00180040DB
:1000F000B04B0020062108B50846FFF7C1FD0621D8
:100100000720FFF7BDFD06210820FFF7B9FD0621F6
:100110000920FFF7B5FD06210A20FFF7B1FD0621F2
:100120001020FFF7ADFDBDE8084006212120FFF7B4
:10013000A7BD08B50620FFF7B9FD0720FFF7B6FDFC
:100140000820FFF7B3FD0920FFF7B0FD0A20FFF7F5
:10015000ADFD1020FFF7AAFDBDE808402120FFF704
:10016000A5BD000000231946044A0133102B11607D
:10017000516002F10802F8D1704700BFB04B002077
:10018000C9434FF05533016302F003015943016045
:1001900042F380014160C2F3C10159438160C2F35F
:1001A00041115943C160C2F3C1214B43C3624FF0B7
:1001B0001133C2F3C3125A43026242627047000015
:1001C0001A4B70B59C6C0F2644F4C0649C649B6C05
:1001D000012301F003048B4021F0030101F1804170
:1001E00001F5A0518D68A400C0F38320A04006FA59
:1001F00004F425EA040528438860D8430C4912F02A
:10020000010F8C6814BF1C4304408C6012F0020F75
:10021000CA6814BF1A430240CA60054A5361116894
:100220000B43136053680340536070BD000C0140E2
:10023000001800404FF0E02340F2BF325A61002224
:100240009A61072208210B201A61FFF745BD08B506
:10025000302383F31188FEF7E7FA002383F3118834
:1002600008BD08B5FFF7F3FFBDE80840FEF7E2BDA3
:10027000024A536843F0020353607047003800405D
:10028000024A536843F00203536070470084004001
:10029000F8B5D0F8546105467369D806DCB20AD5C2
:1002A000302383F311884FF48061281DFEF780FD11
:1002B000002383F31188302383F311882F1D14F05A
:1002C0000F032FD183F311887368980714D5A10603
:1002D00012D5302383F31188E818FFF792F800282D
:1002E00041DA0821281DFEF763FD736823F002033D
:1002F0007360002383F3118873689A0711D563062E
:100300000FD5302383F311886A6CAB6C9A4205D108
:10031000AB6B1BB11021281DFEF74AFD002383F3B0
:100320001188F8BD14F0020F14BF4FF48071002142
:10033000620748BF41F02001230748BF41F0400158
:1003400014F00104384618BF41F08001FEF730FD7B
:1003500033682CB195F8581128461940FFF7F3F887
:100360007469E4B2ABE73060C3E7000008B5034846
:10037000FFF78EFFBDE80840FEF75CBD8C4D002006
:1003800008B50348FFF784FFBDE80840FEF752BDFB
:10039000304C002010B5094C00212046084AFFF7D8
:1003A000A5F8084B0021C4F85431074C074A2046F1
:1003B000FFF79CF8064BC4F8543110BD8C4D00205B
:1003C0007102010800380040304C00208102010811
:1003D0000084004038B5374D037A002918BF0D4618
:1003E000012B044635D1344B984217D1334B0A21A7
:1003F0009A6C1E2042F480429A649A6CD3F8902042
:1004000042F48042C3F89020D3F8902022F4804236
:10041000C3F89020D3F89030FFF732FC284B9C4271
:1004200017D1264B0821DA6C202042F00802DA644A
:10043000DA6CD3F8942042F00802C3F89420D3F881
:10044000942022F00802C3F89420D3F89430FFF7E8
:1004500017FCD4F85431E9791A6902F050020A43C2
:1004600029681A614A0802F1B76202F55842B2FBE4
:10047000F1F202F00F01C3F8C0108021D960C2F37D
:10048000071119600021C2F307325A60D9606879F8
:100490002A790243A8790243DA600122C3F89C104A
:1004A000C3F898205A6842F005025A60FF2384F886
:1004B000583138BDF81A01088C4D0020000C01405D
:1004C000304C002070B50446C5692E6BC26A6B6A59
:1004D0009A4234BFC36A6B6A013B30D2E36A002B95
:1004E00039D1EB620223237063681B680BB120468D
:1004F0009847302383F31188002104F10800FEF7A8
:1005000091FB002383F31188F30717D5286A228E05
:10051000666AE36A616AD31A3344121A934228BFA7
:10052000134699424FF6FF7138BF636A013B1BD2F5
:10053000636A1BB9EB6A23F00103EB6270BD296E9D
:10054000E26A013AE262A26A002AC5D01170A26A88
:100550000132A262C0E7E26AEB699A429EBFE36A97
:1005600003F1FF33EB61CFE7626A013A6262226A0C
:100570000AB92966DAE712F8010B28662262D5E784
:1005800008B50348FFF79EFFBDE80840FEF752BCE0
:10059000E84E002008B50348FFF794FFBDE8084087
:1005A000FEF748BC1C4F002010B5064C2046FEF755
:1005B000F3FF054BE361054C2046FEF7EDFF044BCE
:1005C000E36110BDE84E0020003000401C4F0020C9
:1005D0000090004010B503780446012B45D1344B00
:1005E00098421FD1334B0A219A6C1A2042F4805250
:1005F0009A649A6CD3F8902042F48052C3F8902009
:10060000D3F8902022F48052C3F89020D3F8903091
:10061000FFF736FB6268E369128A5A611A6942F091
:1006200001021A61244B9C421FD1224B0921DA6C32
:100630001B2042F01002DA64DA6CD3F8942042F006
:100640001002C3F89420D3F8942022F01002C3F8CB
:100650009420D3F89430FFF713FB6268E369128AA1
:100660005A611A6942F001021A616168E269CB8934
:1006700089890B4343F007039BB21360238E4BB968
:1006800001239361916999420DD10133B3F5807FC4
:10069000F7D1238600239361D361D36A23F0FF034C
:1006A000D362936C10BD012B08BF0023F1E700BF9C
:1006B000E84E0020000C01401C4F002010B50378CC
:1006C0000446022B1FD10022C3699A60DA6A22F025
:1006D000FF02DA629B6C0C4B984208D11A20FFF79C
:1006E000E5FA0A4B9A6C22F480529A649B6C084B90
:1006F0009C4208D11B20FFF7D9FA044BDA6C22F098
:100700001002DA64DB6C10BDE84E0020000C0140E2
:100710001C4F002010B50C4691B18362038E4162DC
:10072000C1625908A14228BF2146C369026299618A
:100730000139D961DA6A42F01102DA6201229A6063
:1007400010BD10B50C4699B100238362038E41623F
:10075000C1625908A14228BF2146C369026299615A
:100760000139D961DA6A42F01102DA6201229A6033
:1007700010BD10B50C4699B100230362038E41628F
:10078000C1625908A14228BF2146C36982629961AA
:100790000139D961DA6A42F01102DA6201229A6003
:1007A00010BD000010B590F834300446B3B1063BDC
:1007B000DAB20F2A11D80F2B0FD8DFE803F00F0E93
:1007C0000E080F0F0E0E0E0E0E0E0E0E0F0F036CF8
:1007D00003B19847002384F8343010BD0021602213
:1007E000064B99735A7499735A7463681B6813B1F2
:1007F0000621204698470623EDE700BF0040014050
:1008000090F8342010B5152A04460CD801239340E3
:100810000C4A134208D19B0205D5036C03B19847DB
:10082000002384F8343010BD00216022064B9973F8
:100830005A7499735A7443681B680BB10621984720
:100840000623EEE7410E1000004001400146F8B5D6
:10085000284C861C04EB86035F682748BB698173BC
:10086000027DD20739D5254A9D68817390F817E03B
:1008700002EB810C827D42EA0E22A81885422DD11E
:100880009868104498605868104458601868801A36
:100890001860188A013880B218827B8A934200D887
:1008A00008BB012303FA01F2638923EA020363818F
:1008B00004EB86035B68DB680BB10E489847302376
:1008C00083F3118804EB86046368986941680C30EF
:1008D000FEF7A8F9002383F31188F8BD9CF800E027
:1008E00005F801EBCAE7044A137D03F0FE03137514
:1008F000F3E700BF504F002000400140204001407E
:10090000F8B5214C871C04EB87035E6801467269C9
:1009100050681568A84219D3012303FA01F223890C
:1009200023EA02032381B3680BB1204698473023A2
:1009300083F3118804EB87046368002158690C3045
:10094000FEF770F9002383F3118817E00F4B9973BA
:10095000136918445060281ADED0348A844228BFB4
:1009600004469068146103440948936000EB8100D9
:100970001C44A34203D10122044B5A74F8BD13F85E
:10098000012B0270F5E700BF504F002000400140EE
:10099000204001402DE9F041844B9B799C07DFB258
:1009A00002D58348FEF7B1FF780702D58048FEF7ED
:1009B00041FF390713D57E4C6368DB6823B97B4A56
:1009C000D37A03F0F703D3722378052B02D178484A
:1009D000FEF79BFF6368DB680BB175489847734B64
:1009E0009A781D7902F0FF06EDB252B9002D3AD186
:1009F000FB0702D56E48FEF758FFBDE8F041FEF751
:100A000019BAF20720D50022694CE0689A7393F86E
:100A100011C01CF0040F5FFA8CF11CBF5A7484F8EB
:100A20003420CB0605D58022604B5A74002384F80D
:100A3000343094F834300BB1062B24D1CC0703D5D5
:100A4000436800215A489847B20702D50120FFF7B2
:100A500057FF730702D50220FFF752FF340702D574
:100A60000320FFF74DFFA80702D50120FFF7EEFE98
:100A7000690702D50220FFF7E9FE2A07B8D503204F
:100A8000FFF7E4FEB4E7092B4CD1DFF820C19CF856
:100A90001130DAB213F00203D6D102F01102112A9A
:100AA000D2D042698CF80E3051681369D2F800E058
:100AB00019445160BEEB0101B0F8108016D04145D9
:100AC00028BF414694681161234493605A189342A9
:100AD00007D1038A99422CBF02210A218CF81110F8
:100AE000B2E713F8014B8CF82040F0E7434504D1FE
:100AF0000A238CF811301161A6E7238923F0010342
:100B0000238183680BB12A489847302383F31188E7
:100B10000021E36858690C30FEF784F8002383F362
:100B2000118891E7152B8FD1DFF880E09EF8113006
:100B3000D90789D500228369D3F808C08EF80E2022
:100B40009EF81620D1B26244944527D19A680A448F
:100B50009A605A680A445A601A68521A1A601A8AC5
:100B6000013A92B21A82438A8B424FF000010F4B36
:100B7000997300D8BAB948225A74638923F00103E3
:100B80006381E368DB6813B100210948984730238B
:100B900083F31188E36898694168BCE79EF8208078
:100BA0000CF8018BD0E740225A744DE70040014019
:100BB000504F00200148FEF790BD00BF504F00206D
:100BC00010B50478012C0ED1074AC260FFF73CF93A
:100BD0000022064B0D21DA72DC715A720E20BDE83C
:100BE0001040FFF74DB810BD001B01080040014048
:100BF00010B503780446012B0CD00E20FFF756F8F1
:100C00000022054B2046DA72DA715A72BDE81040B4
:100C1000FFF748B910BD00BF0040014090F84E20DA
:100C2000014B1A70704700BF0040014000EB81008B
:100C3000344BC26801F00F0110B59973106800F0D1
:100C40000300002956D002282CD003282AD00128DE
:100C500027D153690BB993691BB3E020294B9874D2
:100C6000108AC0F3C70018744020587408205874C4
:100C700058740120DC7900FA01F149B241EA04001C
:100C8000C0B2D871C0205875528AC2F3C702DA7454
:100C900080221A7510221A751A755A7A1143C9B230
:100CA000597210BD506980B100209874108AC0F349
:100CB000C7001874402058740820587458740120D4
:100CC000DC7988402043C0B2D8719369002BE8D00A
:100CD00000200C4B5875528AC2F3C702DA74802286
:100CE0001A7510221A751A750122587A02FA01F142
:100CF0000143D4E70028D4D1DA7942F00102DA7155
:100D0000CFE700BF00400140002208B50B4BDA716D
:100D10005A724268D2681AB1DA7A42F00802DA727C
:100D2000074B0021C360FFF781FF0122034B5A707C
:100D3000DA7A42F00102DA7208BD00BF00400140D9
:100D4000001B010870B50D4B0021DA79402602F036
:100D50000102DA71082401228025102059729A7349
:100D60000132D2B2042A99745E745C745C74597551
:100D70001D7518751875F2D170BD00BF0040014097
:100D80000C4B01F00F029A7341B95A7C52070ED4F2
:100D9000D87910F0010018BF02207047187D10F0BC
:100DA000200004D15B7A134113F0010FF3E7012017
:100DB000704700BF004001400C4B01F00F029A73D6
:100DC00041B95A7C52070ED4D87910F0010018BFEF
:100DD00002207047587C10F0100004D1DB791341D9
:100DE00013F0010FF3E70120704700BF00400140FE
:100DF00001F00F03054901EB830102F108030878B4
:100E000002F8010B9342FAD1704700BF2040014025
:100E10004822044B01F00F0199735A74002380F8A3
:100E2000343070470040014010B501F00F0400EB72
:100E30008101CB6899690A6872B1588A1318013B1D
:100E4000B3FBF0F39BB20B82064B9C7334B11A7D5B
:100E500002F0FE021A7510BD0123F4E740225A7415
:100E6000F9E700BF0040014000EB810311F00F01E2
:100E700070B508BF4025DC6808BF124B626904BF2B
:100E800099735D74238A15680F4CAB4228BF2B46BB
:100E90001361926804EB8104D518AA4205D1094A6E
:100EA000917331B10123537470BD12F8016B267038
:100EB000F3E7517CC168098A8B422CBF02230A23C5
:100EC000F1E700BF0040014020400140054B01F028
:100ED0000F01997311B120221A75704760225A745C
:100EE000704700BF00400140044B01F00F019973AF
:100EF00011B110225A7470476022FBE70040014094
:100F0000044B01F00F01997311B180221A757047DB
:100F10005974704700400140044B01F00F01997370
:100F200011B140225A747047597470470040014013
:100F3000000000B400B48014000000400100004034
:100F40000200004003000040040000400D08004083
:100F50000C0400400D0400400E0400400608004050
:100F60000708004008080040090800400408004045
:100F70000508004000FF96000020202020202020AF
:100F80002020282828282820202020202020202039
:100F90002020202020202020208810101010101049
:100FA0001010101010101010100404040404040495
:100FB000040404101010101010104141414141412F
:100FC0000101010101010101010101010101010111
:100FD0000101010110101010101042424242424221
:100FE00002020202020202020202020202020202E1
:100FF0000202020210101010200000000000000089
:1010000000000000000000000000000000000000E0
:1010100000000000000000000000000000000000D0
:1010200000000000000000000000000000000000C0
:1010300000000000000000000000000000000000B0
:1010400000000000000000000000000000000000A0
:101050000000000000000000000000000000000090
:101060000000000000000000000000000000000080
:10107000000000000000000000000000040C002040
:101080000000000000000000000000000000000060
:101090000000000000000000000000000000000050
:1010A0000000000000000000000000000000000040
:1010B0000000000000000000000000000000000030
:1010C0000000000000000000000000000000000020
:1010D0000000000000000000000000000000000010
:1010E0001B1A191817161D1E1F2000000000FF00F4
:1010F000FF55FFAAFF2BFFBFFF6A01010008004058
:1011000001080040020800400308004006000040BB
:101110000A0400400B040040FFFFFFFFFFFFFFFF3A
:101120000C0400400D0400400E040040060800407E
:101130000708004008080040090800400408004073
:1011400005080040610D0A00450050004F004D00A9
:1011500041004B0045005200000032002E003400D8
:101160004700200044006F006E0067006C006500BF
:10117000000053706C697436352D310053706C6902
:101180007436352D320053706C697436352D33004A
:1011900053706C69743635204254340053706C6956
:1011A00074363520425435000008004001080040E4
:1011B0000208004003080040060000400A04004006
:1011C0000B040040FFFFFFFFFFFFFFFF0C04004088
:1011D0000D0400400E0400400608004007080040CF
:1011E00008080040090800400408004005080040C5
:1011F0000948032181620C21C162084890F810035C
:10120000074900F00F000A68824200D00860002001
:10121000401C2328FCDB70470000014000F0FF1F4A
:10122000040401400748032181620C21C162064881
:10123000016801F00F01082901D90821016000BFF0
:1012400000BF70470000014004040140000000405E
:101250000100004002000040030000400400004084
:101260000D080040A900AA00A900AA00A900AA0030
:10127000A900AA000000000000000000000000001B
:1012800000000000000035001E001F0020002100AB
:1012900022002300000000002B0014001A000800A8
:1012A00015001700000000000000390004001600BF
:1012B000070009000A00000000000000E1001D0016
:1012C0001B00060019000500000000000000E000FF
:1012D000E300E200000000002C000000000000001D
:1012E00000000000000000000000000000000000FE
:1012F000000024002500260027002D002E000000FD
:101300002A00A8001C0018000C00120013002F0077
:10131000300031004C000B000D000E000F003300B8
:101320003400000028004B00110010003600370088
:1013300038000000E50052004E0000002C000000C4
:10134000E6002152E400500051004F000000000070
:101350000000000000000000000000000000290064
:101360003A003B003C003D003E003F000000000012
:101370004378007E017E027E037E1700000000009D
:101380000000390004000252070009000A000000B2
:1013900000000000E1001D00427806001900057EF3
:1013A000000000000000067E0B70E200000000005C
:1013B000077E0000000000000000000000000000A8
:1013C000000000000000000000004000410042005A
:1013D0004300440045000000037CA8001C001800E6
:1013E0000C001200130046784578310049000B00CC
:1013F0000D000E000F0048784778000028004A00D2
:10140000137010003600370038000000E5004978FE
:101410004D0000002C000000E6000000E4004C78C5
:101420004A784B7800000000000000000000000037
:1014300000000000000035001E001F0020002100F9
:1014400022002300000000002B0014001A000800F6
:10145000150017000000000000003900040016000D
:10146000070009000A00000000000000E1001D0064
:101470001B00060019000500000000000000E0004D
:10148000E200E300000000002C000000000000006B
:10149000000000000000000000000000000000004C
:1014A000000024002500260027002D002E0000004B
:1014B0002A00A8001C0018000C00120013002F00C6
:1014C000300031004C000B000D000E000F00330007
:1014D0003400000028004B001100100036003700D7
:1014E00038000000E50052004E0000002C00000013
:1014F000E7002352E400500051004F0000000000BC
:1015000000000000000000000000000000002900B2
:101510003A003B003C003D003E003F000000000060
:101520004378007E017E027E037E170000000000EB
:101530000000390000521600070009000A000000F0
:1015400000000000E1001D00427806001900057E41
:10155000000000000000067EE200E3000000000042
:10156000077E0000000000000000000000000000F6
:1015700000000000000000000000400041004200A8
:101580004300440045000000037CA8001C00180034
:101590000C001200130046784578310049000B001A
:1015A0000D000E000F0048784778000028004A0020
:1015B000137010003600370038000000E50049784D
:1015C0004D0000002C000000E700E600E4004C782D
:1015D0004A784B78E200E900EA00B500B600B700AF
:1015E000CD008301CC008A019201940121022302E3
:1015F00024022502260227022A02B300B4006F004B
:1016000070009F01CB019F02A002E200E900EA0006
:10161000B500B600B700CD008301CC008A0192016D
:1016200094012102230224022502260227022A0213
:10163000B300B4006F0070009F01CB019F02A002B5
:101640000C200020003131295A1B750AFF000000D0
:10165000E9B7000821B8000839B8000855B80008F3
:101660000001010101010101010102020202020265
:101670000202020303030303030303040404040438
:1016800004040505050505060606060607070707FF
:101690000708080808090909090A0A0A0B0B0B0CB4
:1016A0000C0C0D0D0D0E0E0E0F0F0F101011111151
:1016B00012121313141415151616171718181919D2
:1016C0001A1A1B1B1C1D1D1E1E1F20202122222337
:1016D0002424252626272829292A2B2C2D2D2E2F78
:1016E00030313232333435363738393A3B3C3D3E8F
:1016F0003F404142434445464748494A4C4D4E4F7E
:1017000050515354555658595A5B5D5E5F6162643F
:10171000656668696B6C6D6F7072737577787A7BCC
:101720007D7E8082838587888A8C8E8F9193959623
:10173000989A9C9EA0A2A3A5A7A9ABADAFB1B3B543
:10174000B7BABCBEC0C2C4C6C9CBCDCFD1D4D6D81F
:10175000DBDDDFE2E4E7E9EBEEF0F3F5F8FAFDFFBD
:1017600000FF0100010000FFFF0000010001FF0079
:1017700000000000000400400F0000000000000016
:101780002000000000000000000000000000000039
:101790000000000000000000000000000000000049
:1017A0000000000000000000000000002A2B2800BC
:1017B0000000000000000000000000000000002900
:1017C000000000002C1E3420212224342627252E40
:1017D000362D3738271E1F20212223242526333378
:1017E000362E37381F0405060708090A0B0C0D0EA4
:1017F0000F101112131415161718191A1B1C1D2F70
:101800003130232D350405060708090A0B0C0D0E8F
:101810000F101112131415161718191A1B1C1D2F4F
:101820003130354C000000007E0F00D4FFFFFFC7B1
:101830000000007809DB000871DA000851D90008BF
:1018400000000000711801088A180108AA18010890
:10185000CC1801083A1901085C1901084422B6099C
:10186000025B00030100A0FA09040000010301016A
:10187000000921110100012244000705810308002D
:101880000109040100020300000009211101000107
:101890002222000705820320000107050203200021
:1018A00001090402000103000000092111010001E7
:1018B00022B6000705830320000112010002000088
:1018C00000402D34C6E43000010203010501090681
:1018D000A101050719E029E7150025019508750103
:1018E00081029501750881010507190029FF15007E
:1018F00026FF0095067508810005081901290515C0
:10190000002501950575019102950175039101C0AE
:10191000040309041203450050004F004D0041002C
:101920004B004500520000001003530070006C0093
:10193000690074003600350000000660FF0961A1EF
:10194000010962150026FF009520750881020963D0
:10195000150026FF00952075089102C005010902B7
:10196000A10185020901A100050919012908150035
:10197000250195087501810205010930093115819C
:10198000257F95027508810609381581257F950107
:1019900075088106050C0A38021581257F950175A9
:1019A000088106C0C005010980A101850319012A2B
:1019B000B700150126B700950175108100C0050C10
:1019C0000901A101850419012AA002150126A0021E
:1019D000950175108100C005010906A10185060564
:1019E0000719E029E7150025019508750181020511
:1019F00007190029EF1500250195F07501810205F1
:101A00000819012905950575019102950175039144
:101A100001C03031323334353637383941424344EE
:101A20004546000000240108A44F0020A44F0020D8
:101A3000A44F002000240108000000000000000066
:101A40000000000000240108000000000000000069
:101A50000000000000240108000000000000000059
:101A60000000000000240108000000000000000049
:101A70000000000000240108000000000000000039
:101A80000000000000240108000000000000000029
:101A90000000000000240108000000000000000019
:101AA0000000000063300000A41A0108083F002075
:101AB000184000206D61696E0069646C650000006B
:101AC00000000000B1F40008A1F40008D1F40008FF
:101AD000C1F40008CBF40008BBF40008ABF4000824
:101AE0009BF40008DBF400080000010000006578AA
:101AF0006974006B696C6C000096000003000000C4
:101B00000000000021F90008A507010801080108EC
:101B10004000400018400020184000200100000054
:101B20002C4000205245454E54206D616C6C6F6313
:101B30002073756363656564656400002E2E2F2E27
:101B40002E2F2E2E2F2E2E2F2E2E2F2E2E2F2E2EB0
:101B50002F2E2E2F6E65776C69622F6C6962632F52
:101B60007374646C69622F72616E642E630000008E
:101B70002C2066756E6374696F6E3A200000000059
:101B8000617373657274696F6E20222573222066FB
:101B900061696C65643A2066696C65202225732250
:101BA0002C206C696E65202564257325730A00005E
:101BB000232D302B20000000686C4C0065666745C3
:101BC00046470000303132333435363738394142F8
:101BD0004344454600000000303132333435363757
:0C1BE00038396162636465660000000033
:081BEC0058E6FE7F0100000035
:101BF400040C002000000000C0100108A01001081F
:101C04008010010800000000000000000000000037
:101C140000000000000000000000000000000000C0
:101C240000000000000000000000000000000000B0
:101C340000000000000000000000000000000000A0
:101C44000000000000000000000000000000000090
:101C5400000000000000FF00092700088927000891
:101C640051290008D12700082D2800080000000091
:101C740001000000C0270900000000640E080201F2
:101C84000101010101010001FFFFFFFFFFFFFFFF51
:101C9400FFFFFF1C1B1A19181716FFFF1011121350
:101CA4001415FFFFFF020F0E0D0C0BFFFFFF0306C1
:101CB4000708090AFFFFFF040105FFFF00FFFFFFFC
:101CC400FFFFFFFFFFFFFFFFFF1D1E1F202122FF5D
:101CD40023FF2C2B2A2928272625242D2E2F30318B
:101CE40032FF33343C3B3A3938FF373635FF3DFF5A
:101CF4003E3F4041424341401340052009300240E9
:101D040024401F302D303B30483056304F20412086
:101D140034202620182003101510221030103E10F5
:101D24004C1053004500370029001C000E00000031
:101D340060006E007C008A009800A500BA00D210F2
:101D4400BE10AC109F1091108310751067105A10BC
:101D54005D206B20792086209420A220B820D220F8
:101D6400D230C130AE309B308D3080307230643030
:101D74006B4086409440A240B040BF40D24004042F
:101D8400040404040404040404040404040404040F
:101D940004040404040404040404040404040404FF
:101DA40004040404040404040404040404040404EF
:101DB40004040404040404040404040404040404DF
:101DC40004040000901F0020981F002029740008BC
:101DD40000080040010800400208004003080040D9
:101DE400060000400A0400400B040040FFFFFFFF10
:101DF400FFFFFFFF00000040010000400200004020
:101E040003000040040000400D08004000000000F2
:101E14000100000000000000000000000C000200AF
:101E2400000000000C000E00000000000000000094
:101E34000000000001001A00000000000000000083
:101E440008001B000000000000000000000000006B
:101E54003D79000804002400000000000000000098
:101E6400010028000000000000000000010029001B
:101E7400000000000000000001002A000000000033
:101E8400000000000C002C00000000000000000016
:101E940004003800000000001D79000820003C0008
:101EA40000000000000000000100390000000000F4
:101EB400417900080000000020005C0000000000E0
:101EC4000000000000000000000000004500450084
:101ED40045004500450000FF00FFFF0339050114DC
:101EE4000A1E01500828030102000001000000003E
:101EF40000C20100030000008C4D00200096000089
:101F04000300000099D20008C1DD0008D7DD0008F5
:101F1400E1DD0008EBDD0008F5DD0008000000004D
:101F240000000000020000000000000000000000AB
:101F3400000000000000000000000000000000009D
:101F4400000000000000000000000000000000008D
:101F5400000000000000000000000000000000007D
:101F64000000000006000000000000000000000067
:101F7400030000000000000000000000000000005A
:101F8400000000000000000000000000000000004D
:101F9400000000000000000000000000000000003D
:101FA400000000000000000000000000000000002D
:101FB400030000000000000000000000000000001A
:101FC400000000000000000000000000000000000D
:101FD40000000000000000000000000000000000FD
:101FE40000000000000000000000000000000000ED
:101FF40000000000000000000000000020000000BD
:10200400C40F002010100020A9E3000889E3000891
:10201400BFE30008A1E40008BDE40008C9E4000827
:1020240000000000000000000400000000000000A8
:10203400000000000000000000000000000000009C
:10204400000000000000000000000000000000008C
:10205400000000000000000000000000000000007C
:102064000000000000000000030000000000000069
:102074000000000006000000000000000000000056
:10208400000000000000000000000000000000004C
:10209400000000000000000000000000000000003C
:1020A400000000000000000000000000000000002C
:1020B40000000000200000000000000000000000FC
:1020C4002C0F0020780F00203010002000000000AA
:1020D4007C1000200000000000000000C810002058
:1020E40005E40008DDE3000821E4000819E5000820
:1020F4003DE5000855E50008000000000000000070
:1021040000000000000000000000000000000000CB
:1021140000000000000000000000000000000000BB
:1021240000000000000000000000000000000000AB
:10213400000000000000000000000000000000009B
:10214400080000000811002054110020A9E3000831
:1021540089E30008BFE30008A1E40008BDE4000827
:10216400C9E40008010200000000000000000000B3
:10217400000000000000000000000000000000005B
:10218400000000000000000000000000000000004B
:10219400000000000000000000000000000000003B
:1021A400030000000000000089E1000800000000B6
:1021B40020000000000000000000000002000000F9
:1021C400000000000000000000000000000000000B
:1021D40000000000000000000000000000000000FB
:1021E40000000000000000000000000000000000EB
:1021F400504F0020030000000400000020000000F5
:10220400D83D00200000000000000000EC10002079
:1022140000000000000000000000000000000000BA
:1022240000000000000000000000000000000000AA
:10223400000000000000000000000000000000009A
:102244000000000000000000030000000000000087
:1022540089E1000800000000080000000000000000
:102264000000000002000000000000000000000068
:10227400000000000000000000000000000000005A
:10228400000000000000000000000000000000004A
:102294000000000000000000504F0020010000007A
:1022A4000400000008000000883C0020000000003A
:1022B4000000000058110020000000000000000091
:1022C400000000000000000000000000000000000A
:1022D40000000000000000000000000000000000FA
:1022E40000000000000000000000000000000000EA
:1022F400030000000000000089E100081FE200085C
:102304002000200000000000000000000200000087
:1023140000000000000000000000000000000000B9
:1023240000000000000000000000000000000000A9
:102334000000000000000000000000000100000098
:10234400504F0020020000000400000020000000A4
:10235400B83C002000000000000000001410002021
:102364000000000000000000000000000000000069
:102374000000000000000000000000000000000059
:102384000000000000000000000000000000000049
:102394000000000000000000000000000000000039
:1023A4000000000000000000000000000000000029
:1023B4000000000000000000000000000000000019
:1023C4000000000000000000000000000000000009
:1023D400504F002002000000040000002000000014
:1023E400483D002000000000F8130020F8130020EE
:0C23F400000000000000000000D8B80548
:04000005080001B935
:00000001FF
