:020000040800F2
:1000000000040020B9010008BB010008BB01000882
:10001000BB010008BB010008BB010008BB010008D0
:10002000BB010008BB010008BB010008C1ED0008CE
:10003000BB010008BB010008BB0100084B0201081E
:10004000BB010008BB010008BB010008BB010008A0
:10005000BB010008BB0100083DFF000865FF000868
:100060008DFF0008B5FF0008DDFF0008BB01000898
:10007000BB010008BB0100087D090108BB010008A5
:1000800005000108BB010008BB010008BB01000816
:10009000BB010008BB010008BB010008BB01000850
:1000A000BB010008BB010008690501087D050108C6
:1000B000BB010008BB01000855030108BB01000893
:1000C0006903010869000108BB010008BB010008C1
:1000D000BB010008BB010008BB010008BB01000810
:1000E00072B6264880F30888254880F30988254899
:1000F00025490860022080F31488BFF36F8F0EF04B
:1001000033FB0DF08BFE4FF0553020491B4A9142D6
:100110003CBF41F8040BFAE71D49194A91423CBF24
:1001200041F8040BFAE71B491B4A1C4B9A423EBF9D
:1001300051F8040B42F8040BF8E700201849194A5B
:1001400091423CBF41F8040BFAE70EF011FB0EF0B0
:100150000CFB154C154DAC4203DA54F8041B8847D0
:10016000F9E707F099FE124C124DAC4203DA54F84D
:10017000041B8847F9E70EF0F9BA000000040020DC
:10018000000C00200000000808ED00E00000002046
:1001900000040020DC1B0108000C00200C140020CF
:1001A00010140020A44F0020E0000008E000000828
:1001B000E0000008E000000892E700F000F8FEE729
:1001C0002DE9F04FC1F80CD0C3689D46BDE8F08F13
:1001D000002383F311882846A04700200EF0F6FC88
:1001E000FEE70EF027FC00DFFEE7000053B94AB936
:1001F000002908BF00281CBF4FF0FF314FF0FF302F
:1002000000F08AB9ADF1080C6DE904CE00F01AF8DF
:10021000DDF804E0DDE9022304B07047430803F091
:100220005533C01A830803F0333300F033301844D9
:1002300000EB101000F00F3000EB002000EB00404E
:10024000000E70472DE9F047089E0D46044688468B
:10025000002B4DD18A42944668D9B2FA82F252B14B
:1002600001FA02F3C2F1200120FA01F10CFA02FCBA
:1002700041EA030894404FEA1C41B8FBF1F71FFA2A
:100280008CFE01FB178807FB0EF0230C43EA0843A2
:1002900098420AD91CEB030307F1FF3580F01E8159
:1002A000984240F21B81023F63441B1AB3FBF1F0FA
:1002B00001FB103300FB0EFEA4B244EA0344A64542
:1002C0000AD91CEB040400F1FF3380F00981A64534
:1002D00040F20681644402380021A4EB0E0440EA97
:1002E00007401EB10023D440C6E90043BDE8F087B3
:1002F0008B4208D9002E00F0EE800021C6E90005EF
:100300000846BDE8F087B3FA83F100294AD1AB4231
:1003100002D3824200F2FC80841A65EB03030120C1
:100320009846002EE2D0C6E90048DFE702B9FFDEBA
:10033000B2FA82F2002A40F09180A1EB0C00012178
:100340004FEA1C471FFA8CFEB0FBF7F307FB1300C4
:10035000250C45EA00450EFB03F0A84208D91CEB2A
:10036000050503F1FF3802D2A84200F2CE804346D1
:100370002D1AB5FBF7F007FB10550EFB00FEA4B2DB
:1003800044EA0544A64508D91CEB040400F1FF35F6
:1003900002D2A64500F2B6802846A4EB0E0440EA3D
:1003A00003409EE7C1F120078B4022FA07FC4CEA8C
:1003B000030C25FA07FA4FEA1C49BAFBF9F820FAB0
:1003C00007F309FB18AA8D401FFA8CFE1D4300FAA3
:1003D00001F308FB0EF02C0C44EA0A44A04202FA96
:1003E00001F20BD91CEB040408F1FF3A80F088807D
:1003F000A04240F28580A8F102086444241AB4FBAC
:10040000F9F009FB104400FB0EFEADB245EA0444CE
:10041000A64508D91CEB040400F1FF356CD2A645B3
:100420006AD90238644440EA0840A0FB0295A4EB74
:100430000E04AC42C846AE4656D353D0002E69D007
:10044000B3EB080264EB0E0422FA01F304FA07F797
:100450001F43CC40C6E90074002147E70CFA02FCB8
:10046000C2F1200125FA01F34FEA1C4720FA01F1FD
:1004700095400D43B3FBF7F107FB11331FFA8CFED8
:10048000280C40EA034001FB0EF3834204FA02F415
:1004900008D91CEB000001F1FF382FD283422DD97F
:1004A00002396044C01AB0FBF7F307FB1300ADB28A
:1004B00045EA004503FB0EF0A84208D91CEB0505F0
:1004C00003F1FF3816D2A84214D9023B6544281A1A
:1004D00043EA014138E73146304607E72F46E4E674
:1004E0001846F9E64B45A9D2B9EB020865EB0C0EAC
:1004F0000138A3E74346EAE7284694E74146D1E7B7
:10050000D0467BE76444023847E7023B65442FE767
:10051000084606E73146E9E6704700BF062008B501
:1005200000F08AFA01200FF07FFB00BF032A10B50C
:1005300016D940EA010C1CF0030F04460B4622D1E9
:1005400019462046D1F800E0D0F800C00433F44545
:1005500004F1040417D1043A032A20461946EFD8BF
:10056000541EA2B100F1FF3C013901E0C3180CD0C8
:100570001CF801EF11F8012FA4EB0C039645F5D000
:10058000AEEB020010BD541EECE7184610BD10463D
:1005900010BD00BF844641EA000313F0030349D1B4
:1005A000403A23D30B6803604B6843608B688360D9
:1005B000CB68C3600B6903614B6943618B698361DD
:1005C000CB69C3610B6A03624B6A43628B6A8362C5
:1005D000CB6AC3620B6B03634B6B43638B6B8363AD
:1005E000CB6BC36340304031403ADBD230320BD367
:1005F0000B6803604B6843608B688360CB68C360A3
:1006000010301031103AF3D20C3205D351F8043BBC
:1006100040F8043B043AF9D2043208D0D2071CBF98
:1006200011F8013B00F8013B01D30B8803806046C1
:10063000704700BF082A13D38B07B1D010F0030313
:10064000AED0C3F10403D21ADB071CBF11F8013B83
:1006500000F8013BA4D331F8023B20F8023B9FE7AE
:10066000043AD9D3013A11F8013B00F8013BF9D221
:100670000B7803704B7843708B78837060467047BB
:1006800088420DD98B1883420AD900EB020CBAB10B
:10069000624613F801CD994202F801CDF9D17047B5
:1006A0000F2A0ED8034602F1FF3C4AB10CF1010CAF
:1006B000013B8C4411F8012B614503F8012FF9D15E
:1006C000704740EA01039B074FD1A2F1100370B5B8
:1006D00001F1200C23F00F0501F1100E00F11004C0
:1006E000AC441B095EF8105C0EF1100E44F8105C6F
:1006F0005EF81C5C103444F81C5C5EF8185C44F82E
:10070000185C5EF8145CE64544F8145CEAD10133E9
:1007100012F00C0F01EB031102F00F0400EB0313B6
:1007200027D08E46043C24F003064FEA940C1E4466
:100730001C1F5EF8045B44F8045FB442F9D10CF16D
:10074000010402F0030203EB840301EB840102F1D4
:10075000FF3C4AB10CF1010C013B8C4411F8012B18
:10076000614503F8012FF9D170BD034602F1FF3C4A
:100770009CE72246EBE700BF830730B548D0541E04
:10078000002A3FD00346CAB201E0013C3AD303F845
:10079000012B9D07F9D1032C2DD9CDB245EA0525B2
:1007A0000F2C45EA054536D9A4F1100222F00F0CB2
:1007B00003F1200EE6444FEA121C03F1100242E955
:1007C000045542E9025510327245F8D10CF101028C
:1007D00014F00C0F03EB021204F00F0C13D0ACF169
:1007E000040323F003030433134442F8045B9342ED
:1007F000FBD10CF003042CB1CAB21C4403F8012B4A
:100800009C42FBD130BD64461346002CF4D1F9E77D
:1008100003461446BFE71A46A446E0E738B5124B34
:1008200004461D68AA6B1AB10023C2E9044338BD0F
:10083000182000F02DFA0246A86378B100210B239E
:1008400001209381C2E90401084B0949094DC2E91D
:10085000011300231560C2E9044338BD4221064B51
:10086000064800F0CDF900BF000C0020ECDE0500CA
:1008700034126DE60E33CDAB0C1B0108241B0108AE
:1008800038B5194B1C68A26B8AB1136917495469B2
:1008900003FB01F1164800FB0411A3FB00300133F8
:1008A00041EB0001C2E9043121F0004038BD1820BD
:1008B00000F0EEF90246A06388B1012400250B2365
:1008C0000A480C49C2E90445116001460A4D0B4C27
:1008D00093810B4BC2E90154C2E9043138BD4E216A
:1008E000084B094800F08CF9000C00202DF45158F9
:1008F0002D7F954C0E33CDAB34126DE6ECDE05004A
:100900002E7F954C0C1B0108241B010838B5446C44
:100910000CB1002038BD8021054600F02FFA0246B8
:10092000686430B1031F7C3243F8044F9342FBD11B
:10093000EFE74FF0FF3038BD1F29F8B5054608D85E
:10094000466C0C4617464EB156F8240046F8247003
:10095000F8BD16234FF0FF302B60F8BD802100F06A
:100960000DFA0646686440B10021031F00F17C05C2
:1009700043F8041F9D42FBD1E6E74FF0FF30F8BD7E
:100980001F2938B5054620D8426C0C466AB152F88A
:10099000213053B1012B16D0591C10D00025204610
:1009A00042F824509847284638BD284600F0F8F809
:1009B000224601462846BDE8384000F0DDB816233F
:1009C00001202B6038BD002038BD16234FF0FF30CA
:1009D0002B6038BD1F292BD8426C38B50C46054614
:1009E00082B152F8243002EB84024BB1591C1AD068
:1009F000012B16D00025204615609847284638BDA3
:100A0000012038BD802100F0B9F90246686460B168
:100A10000020131F02F17C0143F8040F9942FBD11F
:100A2000DFE7032038BD022038BD4FF0FF3038BD6E
:100A30004FF0FF30704700BF38B5144B1F281D68BA
:100A40001FD86A6C044662B152F820304BB1012BBA
:100A500015D0591C0FD0002542F820509847284641
:100A600038BD284600F09CF8224601462846BDE8DD
:100A7000384000F081B8162301202B6038BD0020DB
:100A800038BD16234FF0FF302B6038BD000C00201E
:100A9000124B1F2870B51E6808D80D46716C0446AD
:100AA00049B151F8240041F8245070BD16234FF08D
:100AB000FF30336070BD8021304600F05FF90146A1
:100AC000706440B10022031F00F17C0C43F8042F36
:100AD0006345FBD1E5E74FF0FF3070BD000C00200F
:100AE00038B50B4B1D686C6C0CB1002038BD8021F3
:100AF000284600F043F9686438B1031F00F17C0216
:100B000043F8044F9342FBD1EFE74FF0FF3038BD7D
:100B1000000C002038B5174B1F281D6827D86A6CB9
:100B2000044682B152F8243002EB84024BB1591CC6
:100B30001BD0012B17D0002520461560984728466A
:100B400038BD012038BD8021284600F017F9024643
:100B5000686460B10020131F02F17C0143F8040FA8
:100B60008B42FBD1DEE7032038BD022038BD4FF0B9
:100B7000FF3038BD000C002070B50026074D04463C
:100B8000084611462E600FF057F8431C00D070BD88
:100B90002B68002BFBD0236070BD00BF1814002011
:100BA0000FF052B820F0030110F00300C0F1000074
:100BB00051F8043B00F1040C4FEACC0C6FF000023A
:100BC0001CBF22FA0CF213434FF0010C4CEA0C2C20
:100BD0004CEA0C4CA3EB0C0222EA030212EACC1200
:100BE00004BF51F8043B0430F4D0C2F1000102EA22
:100BF0000102B2FA82F2C2F11F0200EBD20070478A
:100C0000144600B51A460A4B0D461B6885B0DE68CF
:100C100003464CB1074901913046074902940095BB
:100C200000F022F8FFF77AFC04490C46F3E700BF16
:100C3000000C0020581B0108681B0108641B0108F8
:100C400008B513460022FFF7DBFF00BF0CB400B568
:100C500083B004AB53F8042B019300F025F903B0E3
:100C60005DF804EB02B070470EB400B5074A82B0DD
:100C700003AB0146106853F8042B019300F014F9FC
:100C800002B05DF804EB03B0704700BF000C002019
:100C9000024B0146186800F071B800BF000C00203C
:100CA000024B0146186800F003B800BF000C00209A
:100CB000002952D038B551F8043C0C1F002BB8BFA6
:100CC000E418054601F0AEF92B4A1368002B45D015
:100CD000A3420CD921686018834228D0636028465B
:100CE0001460BDE8384001F09FB9A3420FD81A46FE
:100CF0005B68002BF9D11168501884421DD034D3A1
:100D0000636054602846BDE8384001F08DB9116831
:100D10005018A04215D028D8216860188342EFD11E
:100D200018685B680144C4E900135460EAE7186876
:100D30005B680144C4E90013D1E7236819441160DA
:100D4000E0E720680144501883421160DAD1D3E90A
:100D500000030144C2E90013D4E7704728466360EA
:100D60001460BDE8384001F05FB90C2328462B60C1
:100D7000BDE8384001F058B910140020F8B5CD1C7A
:100D800025F0030508350C2D38BF0C25002D06462F
:100D900023DBA94221D8264F01F044F93A6822B357
:100DA000144603E063682246FBB11C4623685B1BC4
:100DB000F8D40B2B15D8636894420CBF3B6053608A
:100DC000304601F031F904F10B00231D20F007003B
:100DD000C21A01D01B1AA350F8BD0C2300203360A7
:100DE000F8BD23601C442560EAE77968D1B1294643
:100DF00030460EF00BFF431C01460CD0C41C24F0FF
:100E00000304A04205D03046611A0EF0FFFE013007
:100E100001D02560D4E70C233046336001F004F99B
:100E20000020F8BD30460EF0F1FE7860DFE700BF2D
:100E3000101400209368013B002B936005DAD2F870
:100E400018C0634507DB0A2905D01368581C1060D9
:100E500008461970704700F069BB00BF9BB1F8B538
:100E6000134406460F46541E5D1E01E0AC4208D0F6
:100E70003A46304614F8011FFFF7DCFF431CF5D15A
:100E8000F8BD0020F8BD0020704700BF936810B582
:100E9000144613B91846536010BD00F031FE00230C
:100EA000C4E9013310BD00BF2DE9F04F0E46924654
:100EB0001C4607469FB018B18369002B00F0A8803C
:100EC000954B9E4200F0AA80944B9E4200F0B58064
:100ED000934B9E4208BFFE68B389180740F1A38078
:100EE0003369002B00F09F80002320220B933023D6
:100EF0009AF80010059401258A4C8DF831208DF860
:100F0000323000297DD0D1460B4604E019F8013F6C
:100F1000002B00F09480252BF8D1B9EB0A0B40F0A0
:100F2000918099F80030002B6BD000234FF0FF32F6
:100F300009F10109CDE90723069309938DF85B3088
:100F40001C9304E0001B05FA00F018430690CA4603
:100F50000522204619F8011B01F01CF8069B002809
:100F6000F0D1D90644BF20228DF85B201A0748BF74
:100F70002B229AF8001048BF8DF85B202A2972D1E5
:100F8000059A1168043200290592C0F2A0800991E7
:100F90009AF801100AF1010A2E2976D0DFF888911B
:100FA0000322484600F0F6FF48B14022069BA0EB22
:100FB000090002FA00F003430AF1010A06931AF845
:100FC000011B062259488DF8301000F0E3FF00287D
:100FD00000F08380564B002B6CD005A9009132465F
:100FE0003846544B06A9AFF300800390039B0133AE
:100FF00007D00B9B039A9AF8001013440B93002917
:1010000081D1B3895B0615D40B981FB0BDE8F08F72
:1010100000F056FD404B9E427FF456AF7E68B38988
:1010200018073FF55DAF3146384600F0E1FA002879
:101030003FF45AAF4FF0FF30E7E7BE684CE7B9EB3B
:101040000A0BDED0D046CAF1010A03E0934538D935
:1010500018F8011F32463846FFF7ECFE01300AEB64
:101060000802F3D1CDE7A1F13002092A94D8099BF7
:101070001AF8011F03EB830302EB4303A1F13002D3
:10108000092AF5D92E29099388D19AF801102A291D
:101090002DD1059B0AF102001A680433002A05933A
:1010A000B8BF4FF0FF339AF8021007928246B8BFDC
:1010B000079373E7059B073323F007030833059372
:1010C00097E70B9A99F800305A440B922BE7494264
:1010D00043F00203099106935AE705A900913246AD
:1010E0003846144B06A900F0CBF803907EE70023A6
:1010F000A1F13002092A0AF1010A07933FF64EAF27
:101100001AF8011F03EB830302EB4303A1F1300242
:10111000092AF5D9079341E7A810010888100108AA
:1011200068100108981B0108A01B0108A41B0108F6
:10113000000000005D0E00088C4600B58646134690
:10114000034A714610685DF804EB6246FFF7ACBED7
:10115000000C00202DE9F04791461E460A698B6875
:101160000C469A42B8BF1A46C9F8002091F843309D
:101170000546DDF8208013B10132C9F8002022684D
:1011800091065DD5D9F800300233C9F800302268E5
:1011900012F0060F11461ED1E168CB1A002BD8BF02
:1011A000114618DD002704F1190A06E0D9F80030CD
:1011B000E268A2EB030CBC450CDD0123524631462C
:1011C0002846C047013007F10107EFD14FF0FF304B
:1011D000BDE8F087216894F84330003B18BF012335
:1011E0008A060AD53021E21882F8431094F8451097
:1011F0005A1C2244023382F843103146284604F137
:101200004302C0470130E1D0236803F00603042BFA
:101210001DD0A3682269934225DD00279B1A1F4435
:1012200004F11A09002401E0BC421CDA01234A46F9
:1012300031462846C047013004F10104F4D1C5E726
:1012400012F0060F12D0003B18BF0123D5E7D9F8E2
:101250000030E1682269C91AA36821EAE177934264
:10126000DCDC0029DCDC0020BDE8F087E168D9F88F
:101270000030CB1A002BD8BF114693DCABE700BF80
:101280002DE9F04317460A7E85B00C46064698467F
:101290000C9D01F1430C002A33D0A2F15803D9B2BE
:1012A000202967D8202B65D8DFE813F0DD00640023
:1012B000640064006400640064006400640064000E
:1012C0006400A3006E0064006400640064006E00AB
:1012D000640064006400640021007F00BF006400BB
:1012E0006400AE0064007F0064006400E4002368D2
:1012F0001A0640F102812B686269191D29601B687A
:101300001A600023E14623613B4621463046CDF872
:10131000008003AAFFF71EFF013020D04A4639465D
:1013200030462369C047013019D02368E0689B0725
:10133000039919D5431A002B16DD002504F119096C
:1013400004E0E0680399431AAB420DDD01234A46ED
:1013500039463046C047013005F10105F1D14FF063
:10136000FF3005B0BDE8F0838842B8BF084605B03D
:10137000BDE8F083012384F8422004F1420923618F
:10138000002384F84330BFE72368190602D45A06C5
:1013900000F1BF8029680A68043129601146002ADB
:1013A0006ADB0A25DFF87CE110E02368180640F1CB
:1013B0009A802B68191D296019686F2A0CBF0825AF
:1013C0000A25DFF860E1002384F843306268002AD0
:1013D000A2607DDB236823F004032360002959D138
:1013E000002A77D1E146082D63D0ACEB09032361D5
:1013F0008AE701222B6804F14209196804332B6043
:1014000084F842102261BBE72B6800211A1D2A6074
:10141000D3F800906268484600F0BCFD00287FD0F9
:10142000A0EB090060602061AAE7236843F0200375
:1014300023607822DFF8F0E084F845202A68111D47
:101440002960190642D45D0640D51188D80744BFEB
:1014500043F020032360002943D12368102523F0A3
:1014600020032360AFE75823DFF8B8E084F8453065
:101470002368E3E72368DCE72D2284F843206268D1
:101480004942002AA26002DB23F0040323600A25FC
:10149000DFF890E0E146B1FBF5F30A4605FB1310D7
:1014A00019461EF80030AA4209F8013DF3D2082D72
:1014B0009BD12368D90798D5626823699A4294DC46
:1014C000302309F1FF3989F800308EE71168BDE754
:1014D0000029DFD19EF8003004F1420984F842303F
:1014E00081E710256FE713F0400F2B6803F104012B
:1014F00029600CBF196819885FE713F0400F2B684B
:10150000626903F1040129601B6814BF1A801A6024
:10151000F7E62A68B2F9001004322A600A463EE76C
:10152000606880E7AC1B0108C01B0108F8B50646DF
:101530000D46144608B1836943B3254B9C422AD01B
:10154000244B9C4229D0244B9C4208BFF468A269DA
:10155000A389A2601A0722D5236903B322686169AF
:10156000D31AEDB299422F4629DD0133A168013922
:10157000A160511C2160157062699A4216D0A3893E
:10158000DB0701D50A2D11D03846F8BD00F098FAD6
:101590000F4B9C42D4D17468D9E7B468D7E7214691
:1015A000304600F025F838B92369D7E721463046A0
:1015B00000F024F90028E7D04FF0FF37E4E7214698
:1015C000304600F01BF90028F6D101232268CDE750
:1015D000A8100108881001086810010803460A468F
:1015E000024908681946FFF7A1BF00BF000C0020A0
:1015F0003C4B70B51D6806460C460DB1AB69E3B1B6
:10160000394B9C421FD0394B9C424DD0384B9C42A9
:1016100008BFEC68B4F90C3018079AB219D52169E3
:1016200011B312F001002FD000256069A56040427F
:10163000A06100292ED0002070BD284600F040FA9D
:10164000294B9C42DFD16C68B4F90C3018079AB270
:10165000E5D4D1063ED5520728D4216943F00803CA
:10166000A3819AB20029DCD102F42070B0F5007F8A
:10167000D7D02146304600F0FFFBB4F90C30216989
:101680009AB212F00100CFD1950758BF6069A060EF
:101690000029D0D1120658BF0846CDD543F04003EB
:1016A0004FF0FF30A38170BDAC68B3E7616B51B1FF
:1016B00004F14402914204D03046FFF7F9FAB4F93C
:1016C0000C30002262630022216923F02403C4E964
:1016D0000012C3E7092243F0400332604FF0FF30AD
:1016E000A38170BD000C0020A8100108881001081B
:1016F00068100108F8B58B890C46190707463BD4DA
:101700006268002A55DDE66A002E50D000223D684E
:101710003A6013F4805250D101233846216AB04711
:10172000421C5CD0A389E66A5B0705D56368C01AD2
:10173000636B0BB1236CC01A0246216A0023384642
:10174000B047411C3BD13B68002B38D01D2B01D04A
:10175000162B4BD100232269C4E90023616B3D6045
:1017600029B304F14403994202D03846FFF7A0FAA6
:10177000002318466363F8BD2669C6B19A0718BFEF
:101780000023256808BF63692660AD1BA3600CE0D9
:101790002B463246D4F828C03846216AE047B0F1DB
:1017A000000CA5EB0C05664412DD002DF0DC0020DA
:1017B000F8BD226C002AA6DCF9E7606DB4E70022D0
:1017C000236962602360A389DB04C7D56065C5E730
:1017D000A3894FF0FF3043F04003A381F8BD3B687D
:1017E000002B9FD01D2B06D0162B04D0A38943F0CD
:1017F0004003A381F8BD00203D60F8BD38B50B69FA
:10180000BBB10C46054608B18369B3B10D4B9C4290
:1018100011D00D4B9C4213D00C4B9C4208BFEC687E
:10182000B4F90C302BB121462846BDE83840FFF70B
:1018300061BF002038BD6C68F2E700F041F9E5E7D0
:10184000AC68EDE7A81001088810010868100108CD
:1018500038B540B303690446E3B1174B1D680DB1B9
:10186000AB69CBB1154B9C420FD0154B9C4221D09C
:10187000144B9C4208BFEC68B4F90C3053B12146BC
:101880002846BDE83840FFF735BF6C68B4F90C3026
:10189000002BF4D1002038BD284600F011F9074B89
:1018A0009C42E2D1F1E7084B08491868BDE838408E
:1018B00000F0BEBAAC68DFE7000C0020A8100108F9
:1018C000881001086810010864100108FD1700085D
:1018D00000207047014900F0ABBA00BFFD170008B7
:1018E00000207047682270B54D1E02FB05F50E46BC
:1018F00005F17401FFF742FA044640B100210C30B3
:10190000C4E9016005F168022160FEF735FF204659
:1019100070BD00BF274B2DE9F0411E680746B36933
:1019200053B34FF004084836D6E90134013B04D5DF
:101930001EE05A1C04F168041AD0B4F90C50013BA3
:10194000002DF6D11C4B08222946C4E90055C4E9F4
:101950000253C4E904556566A56104F15C00FEF715
:101960000BFFC4E90D55C4E912552046BDE8F081CE
:1019700035682DB12E46D7E7304600F01FF8D0E786
:101980004FF4D6713846FFF7F9F9044668B105609F
:1019900029460546C0F804800C304FF4D072A06090
:1019A000FEF7EAFE34602E46BEE70C2330603B6053
:1019B000DBE700BF641001080100FFFF0023334A8A
:1019C0002DE9F0471268C0E912339042036508BF61
:1019D00001232F4908BF836181620546FFF79AFF03
:1019E000034628466B60FFF795FFA8602846002451
:1019F000FFF790FF04236E68DFF898A0DFF8989057
:101A0000DFF89880264FE8600822F3602146C6E997
:101A10000044C6E904447466B460B46106F15C0035
:101A2000FEF7AAFE1F4BC6E9086AC6E90A983763A3
:101A3000AE680822F3602146C6E90044C6E90444C2
:101A40007466B460B46106F15C00FEF795FE164B57
:101A5000C6E9086AC6E90A983763EE682146F3606A
:101A60000822C6E90044C6E904447466B460B4615F
:101A700006F15C00FEF780FE0123C6E9086AC6E9AC
:101A80000B87C6F82890AB61BDE8F08764100108A9
:101A9000D51800087D200008A5200008E5200008D2
:101AA000052100080900010012000200024B034951
:101AB000186800F0BDB900BF64100108FD170008E8
:101AC000836903B97AE77047704700BF704700BF6A
:101AD000704700BF704700BF024B0349186800F011
:101AE00087B900BF000C0020D1180008024B034941
:101AF000186800F07DB900BF000C0020E118000854
:101B00009368002B00F0B7802DE9F04FB1F90C304D
:101B10000C4619078046174683B098B225D523692D
:101B20001BB310F002033D682DD04FF0000B5E4652
:101B3000DFF8B8A2002E00F08B80564533465A4697
:101B400028BF53464046216AD4F828C0E047002801
:101B500040F38780BB6883441B1A361ABB60002B96
:101B6000E8D1002003B0BDE8F08F21464046FFF7E2
:101B70003FFD002840F03681B4F90C303D6898B242
:101B800010F00203D1D110F0010976D14E46002E9B
:101B90005AD08205D4F808B040F1B580B3455A4612
:101BA00000F2CD8010F4906F00F0CB8023682169A3
:101BB000A3EB010B636903EB430A0AEBDA7A0BF13F
:101BC00001034FEA6A0A33445345524684BF9A469A
:101BD0005246430540F1EA8011464046FFF7CEF8F1
:101BE000002800F0F9805A4621690190FEF7D2FCE6
:101BF000A289019B22F4906242F08002A28103EB51
:101C00000B0023613246AAEB0B03B346C4F814A0C1
:101C1000A3602060B246002649460192FEF730FDDF
:101C2000A3682168019AA3EB0B030A44A360226016
:101C3000B868D144A0EB0A00B860002891D0B4F98C
:101C40000C0080B2002EA4D1D5E9009608359EE79D
:101C5000D5E900B608356DE721464046FFF7CEFDD1
:101C600080B3B4F90C304FF0FF3043F04003A38150
:101C700003B0BDE8F08F002070471E46AA46994683
:101C800018461D4656B3002832D04A4620682169BE
:101C9000B24228BF32468842636904D9A16803EB87
:101CA000010B5A4574DC934265DC2A464046216AA2
:101CB000D4F828C0E047B0F1000BD2DDB9EB0B0936
:101CC000CAD00120BB685D44A3EB0B03A6EB0B0657
:101CD000BB60002B3FF445AF002ED4D10AF10803BE
:101CE00053F8046C9A4653F8085C0833002EF7D07A
:101CF00032460A21284600F04DF9002869D001300B
:101D0000A0EB0509C1E72068236998421BD86369E5
:101D1000B34218D86FF0004CB44528BFB4469CFBC2
:101D2000F3FC4A4603FB0CF34046216AD4F828C072
:101D3000E047B0F1000A94DDA6EB0A0678E7B34667
:101D40003246206866E7B345DA4628BFB2464946C0
:101D50005246FEF795FCA3682268A3EB0A0352449F
:101D6000A3602260002BE7D121464046FFF746FDE5
:101D70000028E1D075E7294693460192FEF780FCE2
:101D8000A368019A9B1AA36023681A44226095E70E
:101D900029465A46FEF774FC236821465B444046B8
:101DA0002360FFF72BFD002888D05AE7404600F05B
:101DB0003DF9034600287FF422AF40462169FEF733
:101DC00077FF0C22B4F90C30C8F8002023F0800310
:101DD00049E7721C914659E70C22B4F90C30C8F857
:101DE000002040E74FF0FF30BCE600BF00FCFF7F63
:101DF0002DE9F0410026884600F14807D7E9015453
:101E0000013D0ED4A389013D012B06D9B4F90E3052
:101E1000013302D02046C04706436B1C04F168041E
:101E2000F0D13F68002FE9D13046BDE8F08100BF16
:101E30002DE9F8434FF000090746884600F14806AF
:101E4000D6E90154013D10D4A389013D012B08D9E5
:101E5000B4F90E30013304D021463846C04749EA70
:101E600000096B1C04F16804EED13668002EE7D13E
:101E70004846BDE8F88300BFF0B58B890C4699074A
:101E800097B007D5012204F14703C4E90432236067
:101E900017B0F0BDB4F90E10054600292DDB6A46D7
:101EA0000DF0A6FE002827DB019E4FF4806706F4A4
:101EB0007046A6F50056B6FA86F6394628467609E3
:101EC000FEF75CFF30B3A3891A4A43F08003AA628D
:101ED000C4E90407A3812060002ED9D02846B4F9B4
:101EE0000E100DF091FE0028D2D0A38923F0030339
:101EF00043F00103A381CBE7A38913F0800F14BF44
:101F000040274FF48067284639460026FEF736FF03
:101F10000028D8D1B4F90C309A05B9D4012123F0A6
:101F2000030304F1470243F00203C4E90421A3813F
:101F30002260ADE7D518000870B50C46B1F90E1057
:101F4000164600291D4696B013DB6A460DF050FE7A
:101F500000280EDB01994FF4806301F47041A1F574
:101F60000051B1FA81F1002049092960336016B0AF
:101F700070BD0022B4F90C302A601B0604D5402342
:101F80000020336016B070BD4FF4806300203360D2
:101F900016B070BD5FFA81FC810710D00346511E58
:101FA0002AB90AE09A0718460AD0013905D318461B
:101FB00013F8012B6245F5D1704700207047114698
:101FC00003290CD80029F8D00346014401E08B42D4
:101FD000F3D0184613F8012B6245F8D1ECE702461E
:101FE00010B54CEA0C2444EA044410460368043259
:101FF0006340A3F1013E2EEA030313F0803F04D1B6
:10200000043903291046F0D851B10346014401E0D8
:102010008B4205D0184613F8012B6245F8D110BD4C
:10202000002010BD704700BF704700BFF8B51446D0
:10203000F9B1CAB106460D4600F068F8A04202D3D5
:102040002F463846F8BD21463046FEF797FE074634
:102050000028F6D022462946FEF79CFA304629464B
:10206000FEF726FE3846F8BD2746FEF721FE384625
:10207000F8BD1146BDE8F840FEF780BE10B50C462D
:10208000B1F90E100DF0ABFD002803DB636D0344C6
:10209000636510BDA38923F48053A38110BD00BFE5
:1020A000002070472DE9F0410C46B1F90C101F4695
:1020B000CB05054616460BD421F48051A1813B4641
:1020C00032462846B4F90E10BDE8F0410DF08CBD43
:1020D000B4F90E10022300220DF088FDB4F90C10A3
:1020E000EAE700BF10B50C46B1F90E100DF07EFD09
:1020F000A389421C0EBF23F4805343F480536065D0
:10210000A38110BDB1F90E100DF067BD51F8040C9C
:102110000028A0F10400BCBF0B58C018704700BFD6
:102120002DE9F74304460D4609F07CF800274FF0EF
:1021300012092D4EDFF8B4807080E0B2854250D98C
:1021400000232B4A0FE01CF801EBBEF1FF0F01D07A
:1021500070451BD001310929F5D10133DBB20C2BBD
:1021600002F109023BD094460021ECE7012A07D195
:10217000012B05D173888DF800708DF8017016E081
:102180008DF801308DF80010738810E0D8F8002029
:102190002AB309FB032333F81120110AD3B2120A20
:1021A000E4D1002BECD18DF800308DF801308DF8A2
:1021B0000230009806F00CFBC0F307238DF80400F2
:1021C000C0F307408DF805308DF806009DF8063005
:1021D00020469DF805209DF8041007F0DFF8013433
:1021E000ABE703B0BDE8F083640C00201C140020B2
:1021F0009A0C0020032805D8D82202FB00F10248DF
:1022000005F0EAB8704700BF20140020074B084AC9
:1022100010B51A600023074C2370607009F002F8B3
:1022200060806078BDE81040FFF7E4BF1C14002018
:1022300020140020640C0020024B1878431E5842E2
:1022400058417047640C0020F0B5124B18780128F3
:102250001DD1114B1B68A3B112244A7804FB023331
:102260000A780E4933F812500E4631F8027BC4B298
:10227000AF4207D104F0070136F81110012023F80E
:102280001210F0BD01300928EFD10021F6E700203F
:10229000F7E700BF640C00201C140020D4100108D4
:1022A000704700002DE9F0431F4B85B01B784BB3FE
:1022B000002201AC1146104607F0A8F90025A046FF
:1022C0000A27DFF868900A2249464046FEF762F97D
:1022D00000F086FE0378EAB2B3FBF7F3934200D82E
:1022E000EAB900F07DFE03782678312B0DD9002362
:1022F000962219463046013507F050F80A2D04F1B0
:102300000104E0D105B0BDE8F08300F069FE037878
:102310001D2B4FF00003EBD81A469621EAE7002365
:1023200020781A461946E6E734400020C810010814
:10233000F8B50D4616460446364F002845D00BF03A
:1023400021F8354B38601A69570402D51A6911040F
:1023500042D41A69520402D41B691F043ED42E4A87
:102360001169C1F38033490405D5136913F4004F93
:1023700014BF002302232A78511E042930D9062ACB
:1023800030D0002A0CBF03200020244A14B9117851
:10239000994202D11C1A18BF0124022B137023D0BA
:1023A000032B2AD0012B31D102232B7094B100F0E2
:1023B00071FA0022314600F0B7F90AF0E3FF184B3A
:1023C00018600AF0B2FF012005E038680AF08FFFBC
:1023D0003228B4D80020F8BD0323CCE70123CAE794
:1023E0000120D2E70220D0E703232B70002CF1D08C
:1023F00000F050FA00220621DDE701232B70002CAB
:10240000E8D000F047FA00221146D4E7002CE1D0D2
:10241000D3E700BF0015002000080040FC14002096
:10242000F8140020014B1860704700BFF81400201A
:1024300070B503F04DF90446B8B100F0CDFD284D5C
:1024400002782B789A4206D000F0C6FD002203786D
:102450002B70244B1A6000F0BFFD0378022B16D0BE
:10246000032B04D00BB91F4A1360204670BD1D4DCD
:102470002E689EB90AF086FF286000F00BFA054628
:1024800000F008FA32460146284601F0E9FE154DF3
:102490002868C0B90AF076FF2860E6E730460AF0FF
:1024A00026FF47F22F539842F1D90AF06BFF2860BC
:1024B000112000F051FF44F620600CF08CFB01204D
:1024C00000F0F0FBE3E70AF012FF074B9842CCD98B
:1024D0000AF058FF2860012000F0E4FBC5E700BFC8
:1024E000FD140020F8140020DF93040013B58DF8CC
:1024F00007100DF10701FFF71BFF044608B9FFF7AE
:1025000097FF204602B010BD2DE9F04103F0E0F83E
:10251000002828D020224FF4804158480DF024FE96
:1025200000BF00BF00BF00BF00BF00BF00BF00BFB3
:1025300000BF00BF00BF00BF00BF00BF00BF00BFA3
:1025400000BF00BF00BF00BF00BF00BF00BF00BF93
:10255000302383F3118803220E2148480DF024FE16
:10256000002383F3118803F0B3F8002828D0202239
:102570004FF4004141480DF0F7FD00BF00BF00BF20
:1025800000BF00BF00BF00BF00BF00BF00BF00BF53
:1025900000BF00BF00BF00BF00BF00BF00BF00BF43
:1025A00000BF00BF00BF00BF00BF302383F311880E
:1025B00003220F2131480DF0F7FD002383F311882A
:1025C0002F4B1B7873B309244FF001082D4E56F89A
:1025D000041B4A1C0BD021F00F0701F00F0108FA71
:1025E00001F50122294638460DF0BEFDBD61013CD2
:1025F00014F0FF04EBD14FF00108234E56F8041BF2
:102600004B1C0BD021F00F0701F00F0108FA01F568
:102610000122294638460DF0A7FDBD610134E4B220
:10262000092CEBD1002280214FF080400DF09CFD61
:1026300000BF00BF00BF00BF00BF00BF00BF00BFA2
:1026400000BF00BF00BF00BF00BF00BF00BF00BF92
:1026500000BF00BF00BF00BF00BF00BF00BF00BF82
:10266000302383F31188012207214FF080400DF0C1
:102670009BFD002383F31188BDE8F0810008004032
:10268000F01E0020E410010808110108072805D0F9
:102690000E38012804D8072000F0E4BA0320FBE735
:1026A0007047000008B503F013F838B14FF08043CD
:1026B0004FF400129A614FF000729A61074B1B7839
:1026C0005BB1112000F048FE44F620600CF083FA64
:1026D000BDE80840022000F0C5BA08BDF01E002089
:1026E00010B5084C237863B100F0C2FA0338012812
:1026F0009DBF0023032023700220BDE8104000F09E
:10270000A3BA10BDF01E002008B500F065FC0378E8
:10271000022B03D100F068FC007808BD0020FCE724
:1027200000F04ABC70470000F8B50C461546064656
:10273000F8B921BB134F3B78A34200D13DB100F063
:102740004BFC0323037000F04FFC002303703C702C
:1027500004F03EFA2946204600F09AFE2A46214619
:10276000304601F07DFD2A4621463046FFF7DAFF6C
:10277000F8BD0029DED1012000F00EFADAE70220D0
:10278000FAE700BF1A15002037B5044600F024FC14
:102790000378012B0DD00025CDE9005500F01CFC7D
:1027A0000378022B07D0094B2A4619780846FFF711
:1027B000BBFF03B030BD24B1082221466846FDF7B7
:1027C000E9FE684600F026FDF3E700BF1A15002079
:1027D00037B5044600F000FC0378012B0ED000252D
:1027E00000958DF8045000F0F7FB0378022B07D01A
:1027F0000D4B2A4619780846FFF796FF03B030BD07
:1028000074B163788DF80030A3788DF80130E378E7
:102810008DF8023063798DF8033023798DF8043018
:10282000684600F05BFDE9E71A15002037B504465D
:1028300000F0D2FB0378012B0DD00025ADF8065037
:1028400000F0CAFB0378022B07D0114B2A461978F7
:102850000846FFF769FF03B030BD002CFBD063785A
:10286000A27843EA0223ADF80630813B022B09D857
:1028700001220DF1060002FA03F3ADF8063000F074
:1028800011FDE8E70DF1060000F0F6FCE3E700BFFC
:102890001A150020014B1878704700BF1A15002048
:1028A00038B5154C00252378032B22D8DFE803F038
:1028B000020B131B0A2311488370C5700AF014FB26
:1028C0000123237038BDF6230C48C37085700AF0CD
:1028D0000BFB0223F5E7F62308488370C5700AF066
:1028E00003FB0323EDE70A2304488570C3700AF055
:1028F000FBFA2570E6E700BF041500200C15002048
:102900007047000010B5FFF7FBFF00F079FA00F008
:1029100075FB01F045FA00F05BF9012803D1BDE831
:10292000104000F05BB900F089F968B9074C2068E5
:1029300004F0A6FC40F6B733984205D900F00EFE2D
:1029400010B104F08DFC206010BD00BF0815002000
:102950002DE9F04F00258FB08146CDE90255049551
:10296000ADF8145000F038FB0378012B0AD000F0CA
:1029700033FB0378022B08D05C4B2A4619780846B3
:10298000FFF7D2FE0FB0BDE8F08FB9F1000F00F0F5
:10299000A4804FF01E082022494606A8FDF7FAFD44
:1029A000534F9DF819300DF11A063B7016F8010BC4
:1029B000FDF734FC08F1FF34054414F0FF08EDB2D4
:1029C000F4D14C4E4FF0060BB2461AF8013B9BB3C4
:1029D00000242246D3B29D420BD81AF8013CA342F0
:1029E00018BF0AF8018C22E001331E2B04D11C46CB
:1029F00007E000230DF11A0111F8010BDCB20028E9
:102A0000F2D004F138036B4413F81E0C019202F06B
:102A1000EEFF40EAC404E4B2214606A80AF034FB03
:102A20001AF8013C019AA34202F10102D2D10BF142
:102A3000FF3B1BF0FF0BC8D14946202206A8FDF73B
:102A4000A9FD4FF000084FF001095FFA88F39D429D
:102A50000FD800F095FA002845D125480AF02EFA43
:102A600002A800F0F0FB8DE701331E2B04D11C46B9
:102A700007E000230DF11A0212F8011BDCB2002955
:102A8000F2D004F138036B4413F81E0C02F0AFFFD0
:102A900040EAC404E4B2214606A80AF0F5FA324638
:102AA000002312F8011BA14202D021B93B449C70C3
:102AB00008F10108C9E70133062BF2D16F2CF7D8D2
:102AC0000EAB03EBD40313F8301C04F0070409FA2F
:102AD00004F40C4303F8304CEAE708224946044862
:102AE000FDF74AFEB5E7FFF70DFFB2E71A15002024
:102AF000121500201415002070B5044660B10AF0CC
:102B0000ADF90D4B834215D018460AF0A1F9BDE886
:102B1000704001200AF08ABB00F05EFA0378022BB5
:102B200008D1054D20466B6898472046AB68BDE844
:102B30007040184770BD00BF680C002038B50446CF
:102B400088B10AF08BF9114C84421ED00122104B3F
:102B50001A7001F05BF80F480BF0D0F82046BDE882
:102B600038400AF075B90B4B1B78042B05D1074D83
:102B70006B6898472046AB68984706480CF0C0FD44
:102B800004480DF0BBF901F049F838BD140F0020DE
:102B90003D3C0020504F002010B50C4B04461A78E5
:102BA000824204D00128187002D0022807D010BD3C
:102BB0000020FFF7A1FF2046FFF7C0FFF7E7002046
:102BC000FFF7BCFF0120FFF797FFF0E7800C002024
:102BD000014B1878704700BF800C002010B5FFF73C
:102BE00059FE0E4CB0B90E4B1B78052B12D1236841
:102BF00013B904F035FB2060206804F041FB41F676
:102C00005733984208D9002301202360BDE81040C3
:102C100000F048B80023236010BD00BF1C15002041
:102C2000504F002008B5044B186804F029FBC72852
:102C300094BF0020012008BD24150020014B187806
:102C4000704700BF20150020014B1870704700BF6F
:102C50002015002008B504F003FB014B186008BDE7
:102C600024150020014B1870704700BF2815002064
:102C7000014B1878704700BF28150020302310B58D
:102C800083F3118800F0A0FC002484F3118872B64D
:102C900000F052FE00F094FD04F056FC84F311881D
:102CA00062B610BD014B1870704700BF2915002097
:102CB00010B5074C237828B11BB1FFF7CBFF0323D6
:102CC000237010BD002BFCD10122024B1A70F8E7D3
:102CD0002015002029150020F8B50F4B0F4E1F6856
:102CE00001F00BF8054618B9002434702046F8BDF1
:102CF000FFF7D0FD18B90A4B1B78042BF4D03478B9
:102D00001CB100232C463370F0E7002FEED003F007
:102D100053FFB842EAD3F4E7840C002029150020C1
:102D2000504F002008B500F0EBFF18B1BDE8084097
:102D3000FFF778BF08BD0120704708B5FFF7FBFF1C
:102D400018B1BDE80840FFF76DBF08BD70B5FFF7CB
:102D5000A1FD044668B9084E3578012D09D100F06F
:102D600055FF30460AF0CAFF224621462846FFF7A3
:102D7000DBFC012070BD00BF504F002008B5FFF7FD
:102D8000E5FF18B1BDE80840FFF74CBF08BD70472C
:102D900008B508F097F9003818BF0120044B1870E7
:102DA00008F078F90AF0B8FAFFF7F1FF08BD00BFA4
:102DB0002A150020002310B5074C2370FFF772FC82
:102DC000FFF75CFF2378054A022B18BF032313701B
:102DD000FFF786FC10BD00BF28150020201500203D
:102DE00008B5064B1B780BB108F03AF90AF09DFACA
:102DF00002F04AFCBDE8084003F0EABE2A150020B4
:102E000010B5154C2378032B1BD8DFE803F0020A1A
:102E1000131BFFF761FFA0B1FFF71CFF0123237015
:102E20000FE0FFF77FFF60B1FFF7B2FFFFF712FF80
:102E30000223F4E7FFF781FF18B1FFF70BFFFFF75D
:102E4000B9FF10BDFFF79AFF0028FAD0FFF7C8FFBF
:102E5000FFF700FF0023E2E720150020202938B506
:102E600005460C4610D1FFF7B3FE012806D12246D5
:102E70002946BDE8384002200AF086BF2146284690
:102E8000BDE8384000F0E0BA38BD09F095BE00005A
:102E9000054A064B06495A60116051609A60DA6033
:102EA000002219611A707047101D0020FC1C0020C0
:102EB0002B1500202DE9F041174C0E466768A568D8
:102EC00007F59C784545E36804D19F4206D1002070
:102ED000BDE8F08105F108029342F7E70F49226946
:102EE00001F2CF739B1A312B98BF2161322EEED89D
:102EF0002369014632461846FDF74CFB034645451B
:102F0000334428606B6018BF08354FF0010023611F
:102F10000CBFA760A560DBE7FC1C00202B15002080
:102F2000074A10B5D3689268934207D0D3E90014DA
:102F3000641A2246FDF72EFB204610BD0024FBE755
:102F4000FC1C0020074BDA6899688A4208D059684F
:102F500001F59C70824201D1D96070470832DA6075
:102F6000704700BFFC1C0020014B1878704700BF61
:102F7000FC1C0020014B1870704700BFFC1C002097
:102F8000034BD8689B68C01A18BF0120704700BF68
:102F9000FC1C00200246002330B50C1812F8015B1F
:102FA0002B44A242DBB2F9D1435430BD012070471B
:102FB00008B5FFF7FBFF08BD08B54FF4E1300AF094
:102FC00077FCFFF765FFBDE8084024220021014897
:102FD000FDF7D2BB551E002000487047880C00202A
:102FE000004870478B0C002000487047890C002077
:102FF00018B111B189B20AF08BBC704773B5FFF7F5
:10300000B3FF03280FD8DFE800F040022D3B774BD9
:10301000186804F035F90A2805D900220220744BFB
:103020001A70FFF7A7FF734D734C0AF07BFC002862
:1030300056D00AF063FC2A68012A38D0022A3ED012
:10304000002A5BD161282FD85F2804D8A0F15A0349
:10305000DBB2032BE9D8012302222B60674B2070DF
:103060001A70E2E7624A13780133DBB2282B02D8E8
:1030700013700020D5E700231370FFF763FFF8E714
:10308000FFF760FF0020FFF775FF5D48FFF748FF7F
:1030900001460028C7D05A48FFF7AAFF04F0E0F81D
:1030A000524B18600120BCE7AF28BED1D3E7022302
:1030B000524A2B6013786070013B1370B5E7237898
:1030C000612B0FD163780D2B18D10A2816D1FFF789
:1030D0004BFF012802D10320FFF74CFF00232B6098
:1030E00002B070BDAF2B09D16378602B06D10323EA
:1030F0002B60424BA0700130187096E73F49531C7B
:103100002B600B78A054013BDBB20B70002B8CD1F1
:10311000194639488A421FD1A25C9A4230D1032213
:10312000384901A8FDF736FA032101A80AF0F0FB9F
:1031300020462978FFF73CFF0028D1D02378602B68
:1031400010D8592B1CD95A3B062B19D8DFE803F0AD
:103150001B1F3F431818470010F8016B013133441F
:10316000DBB2D7E7AF2B0BD1A678202E08D12649AA
:1031700032462648FDF70EFA31462448FFF785FE11
:1031800000232B6051E76278214B5A70F8E763788F
:10319000313B052BF4D801A252F823F0B5310008D9
:1031A000BD310008C33100088131000881310008B9
:1031B000C93100080122164B1A70E1E70222144BB4
:1031C000FAE70322124BF7E70422114BF4E7627887
:1031D0000F4BDA70D4E762780D4B9A70D0E76078C5
:1031E000431E58425841FFF763FDC9E7C01E002047
:1031F000BD1E0020501E0020991E0020541E0020DD
:10320000551E00202C1101089C1E0020791E002054
:10321000880C00201FB5002301930293ADF80C30F9
:10322000A123082201460DF105008DF80430FDF7B9
:10323000B1F901A80921FFF7ADFE0A21FFF73AFE17
:1032400005B05DF804FB1FB50023CDE90033029300
:103250000393A2230E2201460DF101008DF80030E8
:10326000FDF798F968460F21FFF794FE1021FFF74C
:1032700021FE05B05DF804FB002307B50193A323ED
:10328000022201460DF105008DF80430FDF782F9A8
:1032900001A80321FFF77EFE0421FFF70BFE03B018
:1032A0005DF804FB37B5022504462A460A4901A801
:1032B000FDF770F900238DF80630A4238DF8043053
:1032C0002378294601A88DF80530FFF763FE032116
:1032D000FFF7F0FD03B030BD180F0108002307B55C
:1032E0000093ADF804308DF80630A823052201467E
:1032F0000DF101008DF80030FDF74CF9684606210C
:10330000FFF748FE0721FFF7D5FD03B05DF804FB8A
:1033100030B50021054687B0112201A80091FDF7C4
:103320002BFA2846FDF73EFCC4B2122C11D8A92373
:10333000224629460DF102008DF800308DF801403B
:10334000FDF728F9A11C6846FFF724FE1521FFF7B9
:10335000B1FD07B030BD000037B5022504462A464E
:103360000A4901A8FDF716F900238DF80630A623B7
:10337000294601A88DF804308DF80540FFF70AFEB4
:103380000321FFF797FD03B030BD00BF180F010800
:1033900030B50C4600218FB005462D2202A80191C0
:1033A000FDF7EAF92E2C11D8AB23224629460DF160
:1033B00006008DF804308DF80540FDF7EBF8A11CF0
:1033C00001A8FFF7E7FDE11CFFF774FD0FB030BD6A
:1033D00030B50C4600218FB005462D2202A8019180
:1033E000FDF7CAF92E2C11D8AC23224629460DF13F
:1033F00006008DF804308DF80540FDF7CBF8A11CD0
:1034000001A8FFF7C7FDE11CFFF754FD0FB030BD69
:103410001FB5002304220293ADF80C30AD2340EA1F
:10342000014001900DEB02010DF109008DF808300B
:10343000FDF7B0F802A80521FFF7ACFD0621FFF764
:1034400039FD05B05DF804FB30B50C4600218BB0AA
:103450000546202202A80191FDF78EF9202C14D1F7
:10346000AF238DF804306123224629460DF1070071
:103470008DF805308DF80640FDF78CF8232101A862
:10348000FFF788FD2421FFF715FD0BB030BD0000CC
:1034900010B50C46062851D8DFE800F004212C3581
:1034A0003E4709001120BDE81040FFF755BF30200E
:1034B000FFF752FF002C41D012212148FFF768FF8F
:1034C00018212048FFF784FF43F22D404EF2C641F9
:1034D000FFF79EFF5220FFF73FFF5120E3E7312027
:1034E000FFF73AFF54B35220FFF736FF1648FFF7B5
:1034F0000FFFF2E73220FFF72FFFFCB15220FFF75A
:103500002BFF1248F3E73320FFF726FFB4B1522018
:10351000FFF722FF0E48EAE73420FFF71DFF6CB1EA
:103520005220FFF719FF0B48E1E73520FFF714FFA2
:1035300024B15220FFF710FF0748D8E710BD00BFA5
:1035400030110108421101085A11010864110108E3
:103550006E110108781101088411010808B5FFF700
:103560000FFD20B95320FFF7F7FE012008BD002012
:10357000FCE7000010B5C4B20B2C03D0122C0ED007
:10358000012000E00220FFF76DFB2046FFF77EF8E8
:103590000CF0C3FD4FF0FF32024B5A6110BD042006
:1035A000F1E700BF001800400023054A0549C2E9C1
:1035B00000130133102B02F10802F8D1704700BF4D
:1035C000B04B0020753500082DE9F041FFF7ECFF06
:1035D00002F07EF8002800F0938009254FF00108E2
:1035E000724E56F8041B481C0CD021F00F0701F056
:1035F0000F0108FA01F421460522384624040CF094
:10360000B3FDBC61013D15F0FF05EAD1062401269A
:103610003027674D55F8040B411C2ED000F00F01E8
:10362000202206FA01F120F00F000CF09DFD00BFF2
:1036300000BF00BF00BF00BF00BF00BF00BF00BF92
:1036400000BF00BF00BF00BF00BF00BF00BF00BF82
:1036500000BF00BF00BF00BF00BF00BF00BF87F3B7
:10366000118855F8040C022200F00F0120F00F0021
:103670000CF09AFD002383F31188013C14F0FF0441
:10368000C8D100224FF480614FF080400CF06CFDF7
:1036900000BF00BF00BF00BF00BF00BF00BF00BF32
:1036A00000BF00BF00BF00BF00BF00BF00BF00BF22
:1036B00000BF00BF00BF00BF00BF00BF00BF00BF12
:1036C000302585F3118803220A214FF080400CF049
:1036D0006BFD002484F3118885F3118801220C21ED
:1036E0004FF080400CF060FD84F311880621232008
:1036F0000CF0BAFAFEF708FFBDE8F0410CF0EEBCA2
:1037000009254FF001082B4E56F8041B4A1C0CD01B
:1037100021F00F0701F00F0108FA01F421460522FC
:10372000384624040CF020FDBC61013D15F0FF0576
:10373000EAD10624012630271F4D55F8040B431CFF
:103740002ED000F00F01202206FA01F120F00F0028
:103750000CF00AFD00BF00BF00BF00BF00BF00BFEC
:1037600000BF00BF00BF00BF00BF00BF00BF00BF61
:1037700000BF00BF00BF00BF00BF00BF00BF00BF51
:1037800000BF00BF87F3118855F8040C022200F037
:103790000F0120F00F000CF007FD002383F31188C8
:1037A000013C14F0FF04C8D16BE700BF9011010881
:1037B00034120108B41101083412010870470000E6
:1037C00008B50AF02BFB03222B4B2C499A620C22E2
:1037D000DA62D1F890202A4822F01802C1F890202D
:1037E00000229A62DA62D3F8402C03F5406342F477
:1037F00080721A641A6C4FF4006142F002021A647B
:1038000001225A63DA67DA6608225A615A695A61F4
:103810005A6942F001025A619A6C42F4C0629A6499
:103820009A6C9A6C42F480429A649A6CDA6C42F018
:103830000802DA64DA6C9A6C42F480529A649A6CE8
:10384000DA6C42F01002DA6440F28232DB6C0CF087
:103850008BFC40F282324FF400714FF080400CF04C
:1038600083FC40F282324FF480614FF080400CF0D4
:103870007BFCFFF7A3FF08BD0000014000040140EE
:10388000000800404FF0E02210B500210124136928
:1038900023F001031361224B224A5A6100228B005C
:1038A00003F1604303F56143D3F80001D040C00742
:1038B00048BF04FA02F002F1010248BFC3F88001D8
:1038C000202AF1D101310829E8D1174C636843F06F
:1038D00000736360154B1A6802F009021A601A68D7
:1038E00042F46C3242F004021A6040F2B3321A62BF
:1038F0000F4B43F001039847236943F0040323610E
:1039000030BF0C4B43F0010398474FF0E02223698E
:1039100023F004032361136943F00103136110BD15
:1039200000180040FFFF070000ED00E0000001402C
:103930000C120108D8110108FFF7A4BF08B507F061
:1039400071FC1E3080B2962828BF9620C0B208BDF8
:103950000B8807B5A3F5FC43032B1ED8DFE803F063
:1039600002213B55364A012013789278C3F3420373
:1039700002F007020DF107018DF80730FEF7D8FCC1
:103980009DF80730042B02D013F0FD0F05D1FEF790
:1039900081FF01221146FEF7C7FE002003B05DF84B
:1039A00004FB274A012013789278C3F3420302F004
:1039B00007020DF107018DF80730FEF7B9FC9DF8FD
:1039C0000730042B02D013F0FD0FE6D1FEF762FFA3
:1039D00001220221DFE71A4A012013789278C3F30B
:1039E000420302F007020DF107018DF80730FEF7E0
:1039F0009FFC9DF80730042B02D013F0FD0FCCD1B3
:103A0000FEF748FF01220321C5E70D4A0120137884
:103A10009278C3F3420302F007020DF107018DF81B
:103A20000730FEF785FC9DF80730DA1E012A01D920
:103A3000002BB2D1FEF72EFF01220621ABE700BF1B
:103A4000AC49002008B540F282324FF400714FF0CB
:103A500080400CF089FBBDE8084040F282324FF410
:103A600080614FF080400CF07FBB000010B50A4C25
:103A7000238803F00E0363F0FE032380A37823F072
:103A80000F0343F00103A370FEF70AFC2068BDE8B2
:103A9000104003F044B800BFAC490020002310B52B
:103AA00086B08DF80C3004938DF8143055238DF8C2
:103AB0000830052304AC8DF809008DF80A108DF844
:103AC0000B201946009402AA0F2004F093F906B0C7
:103AD00010BD000008B503F020F8044B186018B9B9
:103AE000BDE80840FFF7C2BF08BD00BFAC490020D9
:103AF00008B5FFF7EFFF09F045FC3C4B186001F0FB
:103B0000E7FD0122202100285CD04FF080400CF01E
:103B10002BFB07F087FB18B14FF0804320229A61FE
:103B200001224FF480714FF080400CF01DFB07F034
:103B300079FB20B14FF080434FF480729A612022CC
:103B40004FF480412A480CF00FFB20224FF4004133
:103B500027480CF009FB4FF400332648012283610B
:103B600002210CF001FB002280214FF080400CF07C
:103B7000FBFA4FF4004120224FF080400CF0F4FAA1
:103B8000FEF7CEFD09F0FEFB1B4B186003F069F851
:103B90001A4B18780009FEF739FB07F01FFB184B8A
:103BA000C0F307221870C0F307405A709870FFF7EF
:103BB00017FA144B027814491A700F20BDE8084018
:103BC00004F00AB94FF080400CF0CEFA01224FF415
:103BD00080714FF080400CF0C7FA07F023FB0028FB
:103BE000ADD04FF0804320229A61A5E7E81E002067
:103BF0000008004000040040F41E0020AC490020F2
:103C0000A849002038400020C55500084FF4003274
:103C1000014B9A61704700BF000400400222014B33
:103C20009A617047000400407FB5FFF70BFF042244
:103C300000210DF10900FCF79FFD002204AB049266
:103C40008DF814200093CC2205238DF80820194606
:103C500002AA0F2004F0CEF807B05DF804FB10B5FF
:103C600001F036FD70B107F0DDFA18B14FF0804376
:103C700020229A6107F0D6FA20B14FF080434FF42A
:103C800080729A61FEF706FE0446FEF703FE0022EC
:103C900001462046FEF748FDFFF7C6FF09F072FB1C
:103CA000BDE81040FEF7BEBB7FB5042200210DF138
:103CB0000900FCF761FD002204AB04928DF814208A
:103CC0000093BB2205238DF80820194602AA0F2075
:103CD00004F090F807B05DF804FB08B501F0F8FCBB
:103CE00038B14FF080434FF400129A614FF0807268
:103CF0009A61BDE80840FFF7D7BF00207047000079
:103D000010B586B001F0E4FC48B30023ADF80A30EA
:103D10008DF80C3004938DF81430AA238DF80830F8
:103D20001A4B04AA1B780F208DF809300523009246
:103D3000194602AA04F05EF8154B1B7813F00E0F1B
:103D40000DD004224FF480614FF080400CF00CFA4B
:103D500004224FF400714FF080400CF005FAFEF79A
:103D600099FD78B90B4B1B7863B90B4C2378012B69
:103D700008D00222094B20469A610CF0BFF8204679
:103D80000BF0BEFC012006B010BD00BFF01E0020ED
:103D9000AC490020D01E0020504F002000040040FD
:103DA00038B5144D144C2868C8B109F0A0FA63283E
:103DB00015D97020FFF7D0FA5520FFF7CDFA57201C
:103DC000FFF7CAFA0022217811F00E0F0CBF012074
:103DD0001046C1F34201FEF7A7FC00232B60A27836
:103DE00021780020BDE8384002F00702C1F342010B
:103DF000FEF77CBBF41E0020AC490020554B37B5C4
:103E00001880A0F5FC400C46032800F2A080DFE8F3
:103E100000F002355778504A012013789278C3F3A6
:103E2000420302F007020DF107018DF80730FEF79B
:103E30007FFA9DF80730042B02D013F0FD0F1AD142
:103E40006579464C002D7DD0FEF724FD012805D074
:103E5000FEF720FD00220121FEF766FC237833B92E
:103E600040F6B8303B4A3E4907F0F2FD207009F0B9
:103E700089FAFEF7D7FA002003B030BD364A012098
:103E800013789278C3F3420302F007020DF10701A1
:103E90008DF80730FEF74CFA9DF80730042B02D05E
:103EA00013F0FD0FE7D165792C4C002D4AD0FEF7B9
:103EB000F1FC0228D2D0FEF7EDFC00220221CBE774
:103EC000254A012013789278C3F3420302F00702D7
:103ED0000DF107018DF80730FEF72AFA9DF807303B
:103EE000042B02D013F0FD0FC5D165791B4C4DB3E7
:103EF000FEF7D0FC0328B1D0FEF7CCFC0022032152
:103F0000AAE7154A012013789278C3F3420302F01E
:103F100007020DF107018DF80730FEF709FA9DF849
:103F20000730DA1E012A01D9002BA4D165790B4C88
:103F300045B1FEF7AFFC062890D0FEF7ABFC00229F
:103F4000062189E7207807F091FD25708FE7012091
:103F500092E700BFDE1E0020AC490020FB1E0020BF
:103F6000513900082DE9F04104460D4601F050FC9E
:103F70000646A0B3244B1A783AB16A792AB10022D6
:103F8000114610461A7005F041FBFFF725F803783B
:103F9000022B03D109F0F6F9FEF744FA45F2232388
:103FA0009C4207D047F643039C4218D045F2212398
:103FB0009C4217D195F80580B8F1000F0FD1FEF79C
:103FC0003BF9074658B1114E33782BB129462046AC
:103FD00086F80080FEF738F9012333703E463046FC
:103FE000BDE8F081FEF728F90028F8D0A4F5A44335
:103FF000203B1F2BF3D96B79002BF0D029462046AC
:10400000FEF722F90026EAE7FA1E002058400020B9
:1040100013B507F09DF80128374C0CD107F0DEF8F6
:10402000C0F3072310F0FF008DF8053013D1DBB289
:10403000C3B10323237023780133DBB20B2B23702E
:1040400020D10023237007F01DF823782B4AD05C81
:1040500007F07AF822E0782810D005D8282809D06F
:10406000502809D00923E5E7A02809D0C828F9D1AC
:104070000823DFE70423DDE70523DBE70623D9E791
:104080000723D7E70A2BDED107F0A8F8FF21C0F3FA
:104090000742002007F09FF807F00CF807F09EF8A1
:1040A0002378C0F30742092B24D8DFE803F01D234F
:1040B00023050C0F1215181BFF21002002B0BDE8CC
:1040C000104007F088B8FF212820F7E7FF21502093
:1040D000F4E7FF217820F1E7FF21A020EEE7FF21A0
:1040E000C820EBE70021E8E7FF2002B0BDE8104060
:1040F00007F016B9C820F8E7F11E00208C0C00204C
:1041000030B587B0FEF7C6FB20B93C4B1B780BB12E
:10411000FEF7C6FBFEF7F6FB4FF080431B69384CF9
:10412000C3F3C013237001F0D3FA20B3354D2868D0
:1041300009F0DDF8B0F57A7F1DD309F023F90023EB
:10414000ADF80A308DF80C3004938DF81430F1235B
:104150008DF80830237804AA8DF8093005232860EB
:10416000194600920F2002AA03F044FE18B109F08C
:1041700009F9254B18604FF080431B69234AC3F3AC
:10418000C0331370227882B3002B14BF66246424DA
:104190001F4D286858BB09F0F5F828602046FFF746
:1041A000DBF85320FFF7D8F801F092FAC0B1194CB0
:1041B000206809F09CF8B0F5FA6F11D909F0E2F81F
:1041C0002060FEF70DFF144D03782B70FEF762FBA5
:1041D0000446FEF75FFB2A7801462046FFF75EFCA7
:1041E00007B0BDE8304002F058BD6524D0E709F0C3
:1041F0007EF8B0F57A7FCED8D6E700BF35400020F4
:10420000D01E0020E41E0020E81E0020C41E002056
:10421000D81E0020E01E00203840002073B515464F
:1042200006461C46019109F0ADF8084B03221860C0
:10423000074B64001E60074B01A91D60064B074831
:104240001C60FCF7A7F902B070BD00BF081F00207A
:10425000FC1E0020001F00200C1F0020051F002056
:10426000F7B55E4B5E4D0E462F7814461A70FEF77A
:1042700011FBC7F34207874213D0FEF70BFB2B78E5
:1042800000F0070060F343032B7003F00E032BB123
:1042900003289EBFAB7860F30203AB70286802F07E
:1042A0003EFC711E052900F29780DFE801F0031F34
:1042B000374F677FFF237CB100228DF806308DF8E1
:1042C00004208DF805200123C8221120019903B094
:1042D000BDE8F040FFF7A2BF8DF806304FF4FA7248
:1042E00001238DF804408DF80540EEE7FF235CB113
:1042F00000228DF806308DF804208DF8052001236A
:10430000C82212200199E2E78DF806304FF4FA72C4
:1043100001238DF804408DF80540F2E7FF235CB1DE
:1043200000228DF806308DF804208DF80520012339
:10433000C82213200199CAE78DF806304FF4FA72AB
:1043400001238DF804408DF80540F2E7FF235CB1AE
:1043500000228DF806308DF804208DF80520012309
:10436000C82229200199B2E78DF806304FF4FA727D
:1043700001238DF804408DF80540F2E7FF235CB17E
:1043800000228DF806308DF804208DF805200123D9
:10439000C8222A2001999AE78DF806304FF4FA7264
:1043A00001238DF804408DF80540F2E7FF238DF8D6
:1043B00004304CB10023C8228DF805308DF806304A
:1043C00001231420019982E701234FF4FA728DF83A
:1043D00005408DF80640F4E703B0F0BD041F00204F
:1043E000AC49002010B5FEF7F7FD0378022B0CD086
:1043F000FEF750FA0446FEF74DFA064B01461A78CE
:104400002046FFF72DFF012010BD01F017FB002013
:10441000FAE700BF041F002070B5164C2068D0B129
:1044200008F065FF144B154D1B68984208D2144BD9
:1044300018682B6813F0010313D11A46194614E0CB
:1044400008F0A0FF2B68206033B900232360FFF73A
:10445000C9FF0028EBD170BD013B2B60002BE6D1DA
:10446000F3E708498B784A780978BDE8704004F092
:1044700095BF00BF081F0020001F00200C1F002058
:10448000FC1E0020051F0020F7B50C4C1D462378AC
:1044900006461746019173B90123237008F072FF95
:1044A0006D006060032201A904F11100A760E560BE
:1044B0002674FCF76FF803B0F0BD00BF3C4000204D
:1044C00010B5124C237803B3606808F010FFA3689E
:1044D00098420FD308F056FFE368606033B90023B9
:1044E0002370636000231A46194609E0013BE3602C
:1044F000002BF4D0E368DB07F4D5E37CA27C617C7D
:10450000207CBDE8104004F049BF10BD3C400020B5
:1045100037B5FFF713FA044601F0DAF8002852D055
:104520002A4B1D78FDB12A4B1D782A4B85B10025F9
:10453000224629461D6028462B4604F02FFF2B46B5
:10454000224629463D2003B0BDE8304004F026BF96
:104550002A4621461D6028462B4604F01FFF2B46A5
:104560002A462146EEE7FEF73BFD0378052B28D8C7
:104570008DF804408DF805508DF80650012347F260
:1045800030523F200199FFF77FFFFEF729FD0378A6
:10459000CBB9104C236813B908F0F4FE20602068F2
:1045A00088B108F0A4FE4EF6602398420BD9002390
:1045B00001202360084B187003B0BDE83040FEF7BF
:1045C00071BB044B1D6003B030BD00BFD01E002086
:1045D000C41E0020CC1E0020F01E00202DE9F34157
:1045E00006461D46182000231746134A019100FB7A
:1045F00003F111F802808C18B8F1000F17D10123D4
:10460000237008F0BFFE6D0060600322A760E560C4
:10461000267401A904F11100FBF7BCFFFF2E0ABFAD
:10462000064BC4F81480636102B0BDE8F081013329
:10463000632BDCD1F8E700BF60400020D1460008C2
:104640001FB500248DF800408DF801408DF8024020
:1046500000990123FA223620FFF7C0FF8DF80440AD
:104660008DF805408DF8064001990123FA22422079
:10467000FFF7B4FF8DF808408DF809408DF80A4027
:1046800002990123FA224320FFF7A8FF0123FA220F
:1046900041208DF80C408DF80D408DF80E400399A7
:1046A00004B0BDE81040FFF799BF102307B58DF89F
:1046B00004308DF805308DF80630FA220323FF20F0
:1046C0000199FFF78BFF012003B05DF804FB0000A8
:1046D0001822144B82B002FB0030437C6E2B10D1A9
:1046E000827CE2B9C27CD2B98DF804308DF8052005
:1046F0008DF806200123FA22FF20019902B0FFF76E
:104700006DBF63B9837C6E2B09D1C37C3BB98DF837
:1047100004308DF805306F238DF80630EAE702B0DB
:10472000704700BF60400020094A0023114610B5C1
:10473000147C844206D1182253430022C818C26058
:10474000CA5410BD0133632B02F11802F0D1F8E70F
:104750006040002070B586B005460E46FFF702FCAB
:1047600018B90024204606B070BD31462846FFF730
:1047700045FB04460028F4D0452D7FD81D2DF1D9E6
:104780001E3D272DEED801A353F825F0214C00083B
:10479000694C0008B14C0008054D0008594D00084F
:1047A000A54D0008E74D00082F4E0008774E000881
:1047B000BF4E0008654700089F4F000809500008D9
:1047C0006547000865470008074F00084F4F00087D
:1047D0006547000865470008654700086547000809
:1047E0006547000865470008CD4F00086547000889
:1047F00065470008654700086547000857490008F5
:1048000091490008CB490008054A00083F4A0008C2
:10481000794A0008B34A0008ED4A0008394B0008FD
:10482000734B0008AD4B0008E74B0008A5F5FC45AD
:10483000053D022D00F24984DFE815F0480511041A
:104840005505A5F5F045433D092D8BD801A353F837
:1048500025F000BF51520008654700086547000871
:1048600065470008654700086547000817510008BC
:1048700063510008E95000080351000847F64C0353
:104880009D424BD847F642039D42DAD8B5F5A44F76
:1048900000F08B841FD8E32D00F0E984E72D7FF42E
:1048A00061AFA14D287801F0A2F8022840F00285FE
:1048B0009E4B1B78DB067FF555AFFDF7BDFC00284E
:1048C0007FF450AF7579E720002D00F0FB8400F0F5
:1048D00069FF2C4646E745F202239D4200F08F8493
:1048E00047F213039D427FF43DAFFDF7A5FC00287E
:1048F00040F0B7837579002D3FF434AF00236E226A
:104900008DF810308DF811208DF81230FA22012325
:10491000FF200499FFF762FE2C4623E747F6076362
:104920009D423FF61FAF47F603639D423FF67EAFC1
:10493000B5F5F84F00F0BE8347F603439D427FF480
:1049400011AF74797A4D002C00F0CB8308F01AFD7A
:104950000024286006E7774B9B78D8067FF502AFE6
:10496000714D287801F043F8022805D1747954B9C3
:10497000AF2000F02DFFF5E6287801F038F8032885
:104980007FF4F0AEF2E7AF2000F00CFF0024E9E680
:10499000684B9B78D9067FF5E5AE634D287801F02A
:1049A00026F8022805D1747954B9AA2000F010FF26
:1049B000D8E6287801F01BF803287FF4D3AEF2E79D
:1049C000AA2000F0EFFE0024CCE65A4B9B78DA06D2
:1049D0007FF5C8AE544D287801F009F8022805D1BA
:1049E000747954B9A92000F0F3FEBBE6287800F0F2
:1049F000FEFF03287FF4B6AEF2E7A92000F0D2FE56
:104A00000024AFE64B4B9B78DB067FF5ABAE464D03
:104A1000287800F0ECFF022805D1747954B9A82059
:104A200000F0D6FE9EE6287800F0E1FF03287FF430
:104A300099AEF2E7A82000F0B5FE002492E63D4BC7
:104A40009B78DD067FF58EAE374D287800F0CFFFDE
:104A5000022805D1747954B9AD2000F0B9FE81E681
:104A6000287800F0C4FF03287FF47CAEF2E7AD2085
:104A700000F098FE002475E62E4B9B78D8067FF553
:104A800071AE294D287800F0B2FF022805D1747963
:104A900054B9AC2000F09CFE64E6287800F0A7FF33
:104AA00003287FF45FAEF2E7AC2000F07BFE002429
:104AB00058E6204B9B78D9067FF554AE1A4D2878DE
:104AC00000F095FF022805D1747954B9AE2000F0AA
:104AD0007FFE47E6287800F08AFF03287FF442AE85
:104AE000F2E7AE2000F05EFE00243BE6114B9B781F
:104AF000DA067FF537AE0C4D287800F078FF0228F3
:104B000005D1747954B9AB2000F062FE2AE628780A
:104B100000F06DFF03287FF425AEF2E7AB2000F034
:104B200041FE00241EE600BF161F0020C8490020D9
:104B3000D41E0020AC490020984B9B78DB067FF503
:104B400011AE974D287800F052FF022805D17479F4
:104B500054B9B12000F03CFE04E6287800F047FF8D
:104B600003287FF4FFADF2E7B12000F01BFE002424
:104B7000F8E58A4B9B78DD067FF5F4AD884D287803
:104B800000F035FF022805D1747954B9B52000F042
:104B90001FFEE7E5287800F02AFF03287FF4E2AD46
:104BA000F2E7B52000F0FEFD0024DBE57B4B9B78AF
:104BB000D8067FF5D7AD7A4D287800F018FF022887
:104BC00005D1747954B9B22000F002FECAE5287804
:104BD00000F00DFF03287FF4C5ADF2E7B22000F02E
:104BE000E1FD0024BEE56D4B9B78D9067FF5BAAD9B
:104BF0006B4D287800F0FBFE022805D1747954B97A
:104C0000B42000F0E5FDADE5287800F0F0FE0328C3
:104C10007FF4A8ADF2E7B42000F0C4FD0024A1E5C4
:104C20005E4B9B78DA067FF59DAD5D4C207800F0F9
:104C3000DEFE02280ED0207800F0D9FE032809D02D
:104C400074793A201CB100F047FF00248AE500F097
:104C50008BFF87E57479BE201CB100F03DFF002476
:104C600080E500F081FF7DE54C4B9B78DB067FF50E
:104C700079AD4B4C207800F0BAFE02280ED0207897
:104C800000F0B5FE032809D074793B201CB100F078
:104C900023FF002466E500F067FF63E57479BD201B
:104CA0001CB100F019FF00245CE500F05DFF59E540
:104CB0003A4B9B78DD067FF555AD394C207800F0F6
:104CC00096FE02280ED0207800F091FE032809D02D
:104CD00074793C201CB100F0FFFE002442E500F096
:104CE00043FF3FE57479E32034B100F0F5FE2B205B
:104CF00000F0F2FE002435E500F036FF2B2000F036
:104D000033FF2FE5254B9B78D8067FF52BAD244C40
:104D1000207800F06CFE02280ED0207800F067FEAC
:104D2000032809D074793D201CB100F0D5FE002481
:104D300018E500F019FF15E57479E32034B100F0AF
:104D4000CBFE082000F0C8FE00240BE500F00CFFAD
:104D5000082000F009FF05E5104B9B78D9067FF588
:104D600001AD0F4C207800F042FE02280ED02078D2
:104D700000F03DFE032809D074793E201CB100F0FC
:104D8000ABFE0024EEE400F0EFFEEBE473790BB928
:104D90000024E7E406F0B8FA0024E3E4AC4900207C
:104DA000161F0020954B9B78DA067FF5DBAC944C00
:104DB000207800F01CFE02280ED0207800F017FEAC
:104DC000032809D074793F201CB100F085FE00242F
:104DD000C8E400F0C9FEC5E47379002BD8D006F012
:104DE0007FFA0024BEE4854B9B78DB067FF5BAACE6
:104DF000834C207800F0FBFD02280ED0207800F0D4
:104E0000F6FD032809D0747940201CB100F064FE3F
:104E10000024A7E400F0A8FEA4E47479AC201CB13F
:104E200000F05AFE00249DE400F09EFE9AE4734BCD
:104E30009B78DD067FF596AC714C207800F0D7FDAD
:104E400002280ED0207800F0D2FD032809D0747912
:104E500041201CB100F040FE002483E400F084FEF9
:104E600080E47479AE201CB100F036FE002479E4B1
:104E700000F07AFE76E4614B9B78D8067FF572AC41
:104E80005F4C207800F0B3FD02280ED0207800F0AF
:104E9000AEFD032809D0747942201CB100F01CFE3D
:104EA00000245FE400F060FE5CE47479AB201CB188
:104EB00000F012FE002455E400F056FE52E44F4B81
:104EC0009B78D9067FF54EAC4D4C207800F08FFDD5
:104ED00002280ED0207800F08AFD032809D07479CA
:104EE00043201CB100F0F8FD00243BE400F03CFE40
:104EF00038E47479A8201CB100F0EEFD002431E400
:104F000000F032FE2EE43D4B9B78DA067FF52AACAA
:104F10003B4C207800F06BFD02280ED0207800F08A
:104F200066FD032809D0747944201CB100F0D4FD3B
:104F3000002417E400F018FE14E47479AA201CB1D0
:104F400000F0CAFD00240DE400F00EFE0AE42B4B35
:104F50009B78DB067FF506AC294C207800F047FDF6
:104F6000022810D0207800F042FD03280BD074797D
:104F7000452024B100F0B0FD0024FFF7F3BB00F0A2
:104F8000F3FDFFF7EFBB7479A92024B100F0A4FD75
:104F90000024FFF7E7BB00F0E7FDFFF7E3BB174B8B
:104FA0009B78DD067FF5DEAB164B1B7813F00A0508
:104FB0007FF4D8AB7479352024B100F08DFD2C46F8
:104FC000FFF7D0BB00F0D0FDFFF7CCBB0B4B9B78BD
:104FD000D8067FF5C7AB0B4B1B7813F00A057FF49F
:104FE000C1AB7479292024B100F076FD2C46FFF77F
:104FF000B9BB00F0B9FDFFF7B5BB00BFAC4900205D
:10500000161F00201A1F00207579D5B101F022FC6F
:1050100081067FF5A7AB0122B44BB54C1A7001F0A5
:1050200019FC00F02000207001F022FC462000F066
:10503000B9FB01F0D3FC207801F012FC0024FFF74B
:1050400091BBAA4B1A78002A3FF48CAB46201D7006
:105050002C4600F0BDFB01F0C1FCFFF783BB737968
:1050600013B90024FFF77EBBA24D0024AB7883F078
:105070001002C2F3001262F30413AB70286801F04F
:105080004EFDF0238DF80830AB7804AAC3F300136B
:105090008DF8093005230092194602AA0F20ADF8B9
:1050A0000A408DF80C4004948DF8144002F0A2FEE2
:1050B000FFF758BB7579002D3FF454AB01F014FD98
:1050C0002C4608F0ADF9FFF74DBBFDF7B5F80446E7
:1050D0000028C6D17379002BC3D0FEF799FFFFF7E4
:1050E00041BB2C60FFF73EBB7379002B3FF43AAB1A
:1050F00006F01EF9D6287FF635ABFFF7A1FAFFF7C9
:1051000031BB7379002B3FF42DAB06F011F95F280A
:105110003FF628ABF1E77579002D3FF423AB05F09E
:10512000B1FF00F0D5FA30B14FF0804320229A61F0
:105130004FF480729A6106F075F895287FF612ABED
:10514000FEF7FCFB8DF810008DF811008DF81200B1
:105150000223FA2236200499FFF740FA2C46FFF783
:1051600001BB7579002D3FF4FDAA06F05BF81E28FF
:105170003FF6F8AA0024002320461A4619460134B7
:1051800004F00CF9442CF6D1FEF7D8FB8DF8100092
:105190008DF811008DF812000223FA2242200499A2
:1051A000FFF71CFA2C46FFF7DDBA7379002B3FF4AA
:1051B00058AF00210E20FFF7B7FAFF234E4C8DF8B1
:1051C00010308DF811308DF81230FA2203230F20A1
:1051D0000499FFF703FA207800F009FC022808D1AF
:1051E000002000F0BDFB002000F0DBFF0024FFF7F3
:1051F000B9BA207800F0FBFB0328F7D1F0E7737908
:10520000002B3FF42EAF00210F20FFF78DFAFF2374
:10521000394C8DF810308DF811308DF81230FA229B
:1052200003230E200499FFF7D9F9207800F0DFFB63
:1052300002280AD0207800F0DAFB032805D00220EB
:1052400000F08EFB002000F0ACFF0024FFF78ABACC
:105250007379002B3FF486AA05F07AFF1D287FF4AE
:1052600081AA1F2005F070FF0024FFF77BBA224DB2
:10527000287800F0BCFB022811D1204B1B78DA06FD
:105280007FF570AAFCF7D8FF00287FF46BAA757928
:10529000E3205DB100F086FA2C46FFF763BA287868
:1052A00000F0A5FB03287FF45DAAE6E700F090FA82
:1052B000FFF758BA287800F09AFB03287FF452AA27
:1052C000FFF7F6BA00F084FAFFF74CBA094B0C4A24
:1052D0001B78002413F00E0318BF737903F0010349
:1052E0001370FFF73FBA0024FFF73CBAF81E002006
:1052F000F91E0020AC490020161F0020C8490020DC
:1053000034400020F8B500252E461D4C237873B19B
:10531000606807F0ECFFA368984212D308F032F8F7
:10532000E36860604BB9636926706660C3B9013594
:10533000632D04F11804E9D1F8BD013BE360002BB3
:10534000F1D0E368207C13F0010311D0FF28677CC3
:10535000A17CE37C07D11A46384604F057F9E6E70A
:10536000E8B29847E3E70A46394604F017F8DEE763
:10537000FF281A4602D119461846EEE71946F4E707
:10538000604000207FB500F0A3F9A0B10422002105
:105390000DF10900FBF7F0F9002204AB04928DF83F
:1053A00014200093DD2205238DF8082019460F20D4
:1053B00002AA02F01FFD00220B4B1A7001F0DEFB67
:1053C00003F0B4FF094801F0A0FBFFF76EF940B10C
:1053D00007F0D8FFFDF726F807B05DF804EBFEF7FD
:1053E00087BB07B05DF804FB970C0020C84900207C
:1053F00073B5FEF7A3FA674B04461E78A6B10024E6
:1054000096238DF804408DF806308DF805400198FC
:1054100003F0DEF9C0F30742C0F30721C0B204F085
:10542000F5F8204602B070BD5B4D286840B107F02A
:105430005EFF40F6B833984202D9FFF7A3FF2E6013
:1054400007F038FD810705D5002321461A460220C2
:1054500003F0A4FF514D287800F0C9FA02280ED0BD
:10546000287800F0C4FA032809D04D4B1B78DA06DF
:1054700005D5002321461A46012003F08FFF494D30
:10548000FEF7CAFF2B7863B9474E306807F02FFF4D
:10549000B0F5FA6F16D901232B7007F073FF306057
:1054A00010E0424B1B786BB9FCF7C6FE38B9FFF72A
:1054B00007F8FFF72DF807F065FF3B4B18602B78D6
:1054C000002BE1D0FFF71EFF394B9B78DB0609D597
:1054D0001625002328461A462146013503F05EFFB3
:1054E000232DF6D1334B186830B107F000FFB0F52B
:1054F000FA6F2CBF002001202F4E304D327880F003
:105500000103FF2A2DD133702B78FF2B32D0327854
:105510009A422FD02A4B186807F0E9FEB0F5166FB3
:105520002CBF0025012507F02DFF4FF44873B0FB79
:10553000F3F2367802FB1300F6B975B1B0F5C87F07
:105540000BD2334622463146042003F027FF334670
:1055500022463146402003F021FFFCF7A3FE012044
:1055600060E79A42D0D033702A7007F00BFF144BDB
:105570001860C9E70025D6E715B1B0F5C87FECD2B1
:10558000002321461A46042003F008FF0023214689
:105590001A46DFE7FA1E0020D41E0020161F002046
:1055A000C8490020970C0020C81E0020DC1E0020E7
:1055B000AC490020E81E0020990C0020980C002027
:1055C000EC1E002038B51C460B780D46CC2B41D084
:1055D00006D8AA2B15D0BB2B33D0552B09D038BDFC
:1055E000F02B3ED0F12B43D0DD2BF8D1FFF7CAFED4
:1055F00004E0002289786878FDF796F8002323708C
:10560000EDE71E4B1B7813F00E0F0DD004224FF464
:1056100080614FF080400AF0A7FD04224FF4007132
:105620004FF080400AF0A0FD002323706B78144AED
:10563000003B18BF012301201370BDE83840FDF77F
:1056400031BB4FF400124FF080439A614FF08072EB
:105650009A61D3E720224FF080439A614FF4807221
:10566000F6E7064B49789A7861F304129A70C5E719
:1056700007F088FE034B1860C0E700BFAC4900206C
:10568000F01E0020E81E002008B5104B00209A787C
:10569000197802F00702C1F34201FCF727FF41F23B
:1056A000883009F098FA00F013F805F0BBFD4FF0D0
:1056B000804328B120229A614FF480729A6108BD1C
:1056C0004FF400129A614FF08072F7E7AC49002066
:1056D00010B5054C002220464FF400710AF044FD3D
:1056E0002069C0F3402010BD0004004003280DD8FD
:1056F0000B290BD8082A09D86C2301EBC10103FB45
:105700000011034B0A4433F8120070470120704720
:105710005C120108032808D839B9054B82F0010250
:1057200002EB400033F8100070470120704700BFC3
:105730004C120108A0F58073B3F5F85F10B526D2BE
:1057400010F4805F00F4807300F4007400F4806152
:1057500000F400620DD0002B0CBF002010200CB113
:1057600040F0200009B140F040000AB140F0800054
:1057700010BD181E18BF01200CB140F0020009B185
:1057800040F00400002AF3D040F00800F0E70020C9
:10579000EEE710B50C46FFF7CDFF2346BDE81040FD
:1057A00018470000A0F1E003072B10B5044600D90C
:1057B00040B920460449FFF7ECFFE0B2BDE81040D5
:1057C00000F08AB90149F6E7295C00085160000839
:1057D00010B50446C0B200F0C7F9A4F1E003072BEE
:1057E00000D92CB903492046BDE81040FFF7D1BFCE
:1057F0000149F8E73B5C000863600008012070473E
:105800000120704708B5FFF7FBFF08BD0120704776
:10581000012070477047704708B5FFF7FCFF08BDCF
:10582000012070477047704713B502AB03E90300CE
:105830000F4B1B78B3B99DF8053073B16AB100F016
:1058400063FD04460146009800F01CFD20460099C7
:1058500002B0BDE8104001F0DBBB009800F034FD61
:105860000446F3E7009800F04FFD0099F0E700BF11
:10587000151F0020034610B400885C880A4640EAE1
:105880000440998810BCFFF7CFBF10B50446012132
:10589000FFF7F0FF2146FFF7B1FF30B101212046AD
:1058A000FFF7E8FF2146FFF7ADFF00F0010010BD54
:1058B00038B500210446FFF7DDFF05462146FFF716
:1058C000A9FF21462846FFF7A7FF38BD38B50121BB
:1058D0000446FFF7CFFF21460546FFF797FFB8B311
:1058E00021462846FEF736FF90B32146284607F0AA
:1058F00067F868B32146284606F070FF40B321469A
:10590000284606F091FA18B32146284606F066FAB2
:10591000F0B12146284602F047FEC8B1214628468C
:1059200002F08CFEA0B12146284606F0A5FF78B112
:105930002146284601F0B4FC50B12146284601F02A
:10594000BFFC28B121462846BDE8384001F0D4BC50
:10595000002038BD012303FA00F0C0B200F0F3BB11
:1059600010B504460120A040C0B201F0CCF820469A
:10597000BDE81040FFF7EEBF0120704708B5FFF704
:10598000FBFF08BD10B5044600F08CFB2046FFF776
:1059900047FF2046FFF7F2FF10BD08B50120FFF7D3
:1059A000F1FFBDE8084007F03BBD08B50020FFF758
:1059B000E9FFBDE8084007F059BD08B5FFF732FF21
:1059C000FEF78BF905F046FA00F033F8BDE8084021
:1059D000012005F00FBB08B500F030F8002005F0FD
:1059E00009FBFFF720FFBDE80840FEF738B9034682
:1059F00000091CBF034604209A081EBF134602304C
:105A0000C0B25B081CBF0130C0B2704701207047B4
:105A1000704738B50546FFF7F9FF044610B1284630
:105A2000FFF7F6FF204638BD704708B5FFF7F1FFD6
:105A300008BD08B50020FFF7F8FF08BD08B507F05E
:105A400023FAFFF7F2FF08BD10B507F01DFA074B68
:105A500004461A78824207D0187007F093FC044B72
:105A600018602046FFF7E1FF10BD00BF141F0020A3
:105A7000101F00201FB56C4684E803009DF8053018
:105A80000BB100F013FF0023ADF80E3094E80300D3
:105A9000ADF80C10C9B2029002AC29B994E8030029
:105AA00000F05EFE04B010BD2046FFF7EEFE0028B9
:105AB000F4D1F7E70379012B02D1008800F044BC50
:105AC000704708B529B106F045FBBDE8084006F06F
:105AD00015BC06F09DFBF8E710B50446002840D041
:105AE000031FDBB2A02B0ED807F068FA20B12046C6
:105AF00007F0F6FA00F072FF204607F0D3FABDE88F
:105B0000104000F06BBF00F12003DBB2072B07D879
:105B100000F007040120A040C0B200F0A1FEEEE7B3
:105B200000F15B03DBB2022B05D8BDE8104024383E
:105B300080B207F0E5B900F15803DBB21A2B06D8A2
:105B4000BDE81040074A32F8130007F0F5B93334C6
:105B5000E4B2122C05D806F0FDFABDE8104006F0BC
:105B6000CDBB10BDBC15010808B50346A0B3021F8C
:105B7000D2B2A02A05D807F0B3FABDE8084000F079
:105B80002DBF00F12002D2B2072A07D800F0070388
:105B900001209840C0B200F06BFEEEE700F15B021E
:105BA000D2B2022A04D8BDE80840002007F0A8B904
:105BB00000F15802D2B21A2A04D8BDE808400020E9
:105BC00007F0BAB93333DBB2122B05D806F020FB4D
:105BD000BDE8084006F092BB08BD000038B50C4691
:105BE0000546FFF779FF9CB140F2E73009494FF4D1
:105BF0007A72A4FB014120184FF0000341F100012B
:105C0000FAF7F4FA08F0E7FF2846FFF7ADFF38BDD2
:105C10000120F7E7A086010008B539280CBF502104
:105C20000021FFF7DBFF08BD08B528B100F018FE22
:105C3000BDE8084000F0D2BE08BD08B528B100F0AC
:105C400017FEBDE8084000F0C9BE08BD2DE9F047C9
:105C5000877981460C46457900F0F2FD3F090646FA
:105C600008B32E46FDB1C4F3072303F0F002402A27
:105C70000CD0E1B201F12002D2B2072A26D903F0FA
:105C8000E003202B02D1012920D90FB3A04B5E786D
:105C900016F0040607D0022000F0DCFE00F0D0FD74
:105CA00080F00106F6B2C4F3033ABAF10B0F3ED806
:105CB000DFE81AF01000100049004900A300BA0004
:105CC0003D003D00BF001D01300130010026EAE724
:105CD0003E46E8E7C4F30723C4F3032713F0F00FAD
:105CE00018BF3F01E4B285B157B104F12003DBB224
:105CF000072B384600D92CB900F0B2FD00F06EFE3B
:105D0000204640E000F0C2FDF8E72046FFF72CFFF8
:105D10006FB104F12003DBB2072B384600D914B968
:105D200000F0A6FD01E000F0B9FD00F057FEAAF179
:105D3000080ABAF1030F00F2428107F0A5F8BDE8A6
:105D4000F047FFF772BEC4F3072303F0F003C4F378
:105D50000328202BE4B218BF4FEA08182CB1012CFD
:105D600034D0002D3CD0DFB1CAE7694B5B785A07CD
:105D700014D45DB1B8F1000F04D0404600F070FDBE
:105D800000F02CFE0020FFF7A7FED0E72846FFF723
:105D9000EBFEB8F1000FCAD04046C1E755B11FB9BC
:105DA0004046FFF741FFC2E7012FC0D1404600F057
:105DB0009DFDBCE7002FBAD14046FFF73EFF4046AD
:105DC00000F0A2FD404600F07DFDB0E715B1052FC3
:105DD000ADD8E5E7042FAAD84046FFF72EFFA6E787
:105DE000002FF9D0392C0CBF4FF4FA50012008F0E5
:105DF000F2FE2046FFF7B8FE99E714F4406FC4F3B3
:105E0000812307D0012B92D165B1C4F3090007F0BB
:105E100093F88CE725B1C4F3090007F071F886E721
:105E20002846FAE72846F2E72946E0B2FFF749FE9E
:105E30007DE714F4407F29D1002D7FF478AFC4F3BF
:105E400042108000C2B204F00F0014F0100300FAF8
:105E500002F0C5B21EBF0F209040C043C4F381249E
:105E600018BFC3B2022C43EA050009D0032C0AD0A4
:105E7000012C02D000F072F959E700F067F956E7FB
:105E800000F074F953E700F05EF950E7C4F3012223
:105E90000DB312F0010F3FF44AAFC4F3421080007B
:105EA000C2B204F00F0014F0100300FA02F0C5B201
:105EB0001EBF0F209040C043C4F3812418BFC3B25B
:105EC000022C43EA05000CD0032C0DD0012C05D088
:105ED00000F098F92BE712F0020FDCE700F08AF9E6
:105EE00025E700F097F922E700F04EF91FE7E7B247
:105EF000C4F3032425B1204600F05AF9384650E790
:105F00003846FFF79AFE204600F05EF90FE700BF23
:105F1000C84900205FFA84F8A8F1F003042B39D8AF
:105F2000DFE803F003220E151E003DB1042F3FF6FB
:105F3000FEAEC4F3042000F051F9F8E6052FF6E7B1
:105F4000C4F30420002DDFD100F032F9EFE625B1D3
:105F5000C4F3042000F025F9E9E600F01FF9E6E6B5
:105F6000224B5B785B0704D4C4F30420002DCBD014
:105F7000EAE72DB10321C4F3042000F049FDD6E681
:105F8000012000F067FD012F7FF6D1AE022000F066
:105F900061FDCCE62DB10FB14046F4E6C4F3042018
:105FA000D2E74FB1B8F1390F0CBF4FF4FA500120CE
:105FB00008F011FE40461DE7C4F30420A4E79EB19B
:105FC00000F036FC10F001000ED189F8050000F059
:105FD00029FC00F0EDF8484600F01CF800F022FC27
:105FE000BDE8F04700F0F0B8BDE8F087C8490020F0
:105FF00038B501880446407900F0B2F9054600F052
:1060000011F900F09FF829462046BDE83840FFF717
:106010001DBE0000037910B50446B3B1FFF756FC6E
:1060200068B900F00DFC80B1637973B1074B5B7800
:106030005B070AD5BDE81040022000F00BBD2046EA
:10604000FFF7D6FF2046FFF733FC10BDC8490020FC
:1060500008B528B100F01AFCBDE8084000F0BEBC4D
:1060600008BD08B528B100F019FCBDE8084000F0F3
:10607000B5BC08BD08B5002006F042FF002006F0C0
:106080005BFF00F013FC00F0A9FC06F053F9BDE83B
:10609000084006F033B908B507F040F8BDE80840FD
:1060A000FFF7E8BF08B500F0EBFBBDE80840FFF7DD
:1060B000F2BFC0F30333062BC2B213D094BF0E332A
:1060C000063303F00F03012B10D8F02A10D004D8A8
:1060D000E72A8CBF002001207047F42A14BF00205B
:1060E00001207047E72A03D9F12AF7E7002070471B
:1060F0000120704708B50346007930B1188800F0D8
:1061000023F9BDE80840FFF7D4BF08BD82B002AB59
:1061100003E9030002B0704782B002AB03E9030059
:1061200002B07047704708B5FFF7FCFF08BD704725
:1061300008B5FFF7FCFFFFF7F6FF014B187008BD2D
:10614000161F00207047FFF7F3BF0000024B1B78BB
:106150001843FFF7EDBF00BF161F0020024B1B784E
:106160001840FFF7E5BF00BF161F0020024B1B7849
:106170005840FFF7DDBF00BF161F0020704708B56D
:10618000FFF7FCFF08BD704708B5FFF7FCFFFFF7FE
:10619000F6FF014B187008BD1A1F00200020FFF702
:1061A000F3BF012303FA00F0C0B2FFF7EDBF000018
:1061B000012303FA00F0034B1B781843C0B2FFF72A
:1061C000E3BF00BF1A1F00200123034A8340107859
:1061D00020EA0300FFF7D8BF1A1F0020012303FAAB
:1061E00000F0034B1B785840C0B2FFF7CDBF00BF93
:1061F0001A1F0020024B1B781843FFF7C5BF00BFD2
:106200001A1F0020024B1B781840FFF7BDBF00BFCC
:106210001A1F0020024B1B785840FFF7B5BF00BF84
:106220001A1F0020704701F00703C90830B501EBC1
:10623000410101240139114400229C40E4B211F8CB
:10624000015F20FA02F343F300036B402340013265
:106250006B40032A0B70F2D130BD002210B500F064
:106260000704C00800EB4000014410468B5CE3408B
:1062700003F00103934001321843032AC0B2F5D161
:1062800010BD000017B40C46ADF80400C1B2C0F355
:1062900007200B280AD808290ED801EBC001084AAC
:1062A0000144204603B010BCFFF7BDBF031DDBB2A5
:1062B000012B01D8034AF4E703B010BC704700BFBC
:1062C0001B1F0020171F002082B0ADF80400C3B2CE
:1062D000C0F307200B2808D8082B0DD803EBC00308
:1062E0000749184402B0FFF7B8BF0430C0B2012814
:1062F00002D818460349F5E7002002B0704700BFF6
:106300001B1F0020171F002073B507240C4BADF88E
:1063100004001E780B4B1B781E4346FA04F3DB0780
:10632000E5B205D4013CF8D20025284602B070BD84
:106330002846019900F08BFE80B20128F2D0F4E7E4
:106340001A1F0020161F002007B5ADF804000198A1
:10635000FFF7DAFF019903B05DF804EB00F077BEB8
:1063600013B5104BADF804101B782BB1019802B097
:10637000BDE81040FFF7E8BF70B10198FFF7C4FF18
:10638000044601460198FFF77DFF2046019902B0BF
:10639000BDE8104000F05BBE0198FFF795FF044692
:1063A000F3E700BF151F002010B5012404FA01F126
:1063B00004FA02F20A43D1B202408A4204FA03F418
:1063C00006BF2043C0B2A04310BD000008B513466D
:1063D0000A46014603480078FFF7E6FFBDE808409B
:1063E000FFF7D2BE1A1F0020F8B50C4B0C4E1C78DC
:1063F0000C4D3378A34200D1F8BD05EBC40335F84A
:1064000034005F889A88D98840EA074042EA01410F
:106410000134FFF781FE04F00704EAE78F1F002034
:106420008E1F00204E1F0020064B10B418885C8879
:106430009A88D98840EA044042EA014110BCFFF73B
:106440006BBE00BF461F00201A4AF8B5937913F0BF
:10645000F00F0AD1537943B1174B18491B780D78C7
:1064600016885788164CAB4200D1F8BD04EBC30127
:106470000879D0B134F83300B04216D14879A0B9C8
:106480004888C01B80B2C7280FD80120937960F3D9
:10649000071393718B7960F307138B710548FFF72E
:1064A000B9FDBDE8F840FFF79FBF013303F00703D4
:1064B000D9E700BF461F00208F1F00208E1F00203D
:1064C0004E1F0020F0B50D4B0D4C1B7826780D4C5F
:1064D000B34201D10020F0BD04EBC3056F788F42B9
:1064E00006D114F83370874202D16D79954203D1F9
:1064F000013303F00703EBE70120ECE78F1F0020D7
:106500008E1F00204E1F00202DE9FF47E84604465D
:10651000924D062201464046FAF73CF82B796779FE
:106520002279C3B9AAB18FB12046FFF7E3FD064631
:1065300060B1082221462846FAF72CF82846FFF7D2
:10654000B9FAFFF781FFFFF76FFF4CE02046FFF736
:1065500061FD012647E0B4F802906B886E79A9EBE3
:1065600003039BB2002E00F0B280C72B00F28A809A
:10657000002A38D0AB79298813F0F00F228850D147
:1065800091420FD1002F40F0E380012262F3071304
:10659000AB71FFF749FF2846FFF73CFDAB79A371CC
:1065A000002620E0002F40F0D38025783A46284688
:1065B0006178FFF787FF2846FFF784FF054600282C
:1065C000EED10098FFF7C0FEC0F30332032AC3B236
:1065D0000DD8012A15D910F4706F17D0A27912F0D6
:1065E000F00F13D12E46304604B0BDE8F0870632D6
:1065F00002F00F02012A0ED92046FFF70BFD3546A7
:10660000F0E710F4706F01D0002BEBD02033DBB239
:10661000072BE7D9F0E7EF2BE4D90F33DBB2022BDE
:10662000F7E791420AD14FB92046A371FFF7F2FC78
:10663000082221462846F9F7ADFF84E72046FFF7F8
:1066400059FD002882D0002F80D0AB791F2B0FD9A5
:106650002A8802A8ADF808202A79ADF80A908DF8AA
:106660000C2000228DF80E308DF80D20FFF7D2FCA3
:10667000082221463948F9F78DFFFFF7E5FEFFF7BD
:10668000D3FE66E7AB7913F0F00A0ED198E8030069
:10669000FFF73CFD2846FFF7BDFC0822514628467F
:1066A000FAF76AF8FFF7C0FE7AE7002A9BD029883C
:1066B00022889142C2D1002FC0D12046A371FFF79A
:1066C000A9FC082239462846FAF756F88BE7C72B6B
:1066D00034D8002A3FF43DAF3E46002F3FF436AF9A
:1066E0002A8823889A421CD1AB79DA0713D413F095
:1066F000F00210D0F02AA37106D0DBB2C3F303126C
:10670000013262F30713A3712046FFF783FC0822CE
:10671000214612488FE7082221461048F9F73AFF30
:1067200061E72046FFF7E6FC0028A1D1AB792046BF
:1067300043F00103AB71FFF76DFC54E798E80300E9
:10674000FFF7E4FC082231462846FAF715F8FAE686
:10675000AB7943F00103AB7122E700BF461F002075
:10676000F0B585B06C4684E803002046FFF7CCFE08
:10677000284F0646284D68B19DF804301BB194E8B7
:106780000300FFF7C9FC254C28783B78834226D1CB
:1067900005B0F0BD9DF8042002AB94E8030083E847
:1067A0000300002AEFD038782A78441C04F007044C
:1067B00094420AD01946194B082203EBC000F9F79E
:1067C000E9FE3C70FFF710FEDDE7FFF76BFC0822E7
:1067D000314613483E702E70F9F7CEFFD3E704EB35
:1067E000C000FFF791FE0028D2D02B7834F8330098
:1067F00004EBC3035E889A88D98840EA064042EADF
:106800000141FFF789FC2B78013303F007032B705C
:10681000BAE700BF8E1F00208F1F00204E1F0020F0
:10682000461F0020014B1878C0087047E01F002069
:10683000024B187800F00700704700BFE01F0020EF
:10684000034B187810F0070018BF0120704700BFF5
:10685000E01F0020014B1878704700BFE31F0020A5
:10686000024B1A7810431870704700BFE31F0020D6
:10687000024A137823EA000313707047E31F0020D5
:106880000022014B1A707047E31F0020024B1A7858
:1068900010431870704700BFE41F0020024A1378AD
:1068A00023EA000313707047E41F00200022014B0D
:1068B0001A707047E41F0020704708B5FFF7FCFF0F
:1068C00008BD000008B5054A1378034204D023EA46
:1068D00000001070FFF7F1FF08BD00BFE11F0020AE
:1068E000704708B5FFF7FCFF08BD000008B5054973
:1068F0000B7830EA030C03D003430B70FFF7F1FF72
:1069000008BD00BFE21F002008B5054A1378034206
:1069100004D023EA00001070FFF7E3FF08BD00BFBA
:10692000E21F002008B5044B1A781AB10020187035
:10693000FFF7D7FF08BD00BFE21F002010B5084BCE
:106940001C78084B1B781C43074B1B782BB11C434E
:1069500006F010FB08B1FFF7E5FF204610BD00BFB1
:10696000E31F0020E41F0020E21F002038B50B4C7D
:106970002568FFF7E3FF28702468082220460849AD
:10698000F9F7D4FD48B1214608220548F9F702FE7F
:106990002046BDE8384006F091BA38BDD40D00203D
:1069A000D81F002038B50B4C2568FFF7C7FF68706B
:1069B0002468202220460849F9F7B8FD48B121464D
:1069C00020220548F9F7E6FD2046BDE8384006F0EC
:1069D0007FBA38BDD80D0020B81F002008B506F0DA
:1069E00045FA40B1064B93F90030002B03DABDE8BD
:1069F0000840FFF7D7BFBDE80840FFF7B7BF00BFAB
:106A0000C8490020704708B5FFF7FCFF08BD00002B
:106A1000094A10B5527852070AD5084C41EAC0011C
:106A20002170FFF7C5FB2078C008FFF7ECFF10BD11
:106A3000BDE81040FFF7BCBBC8490020E01F0020A4
:106A4000002008B5024B1870FFF7DDFF08BD00BF3E
:106A5000E01F002008B50A4A137823EA00001070EE
:106A600042070CD198420AD0064B5B785B0706D5EB
:106A7000C008FFF7A9FBBDE80840FFF7E1BF08BD6C
:106A8000E01F0020C84900200246094808B54378A5
:106A9000C3F38001914209D062F38203437000F096
:106AA00036F8BDE808400220FFF7D4BF08BD00BF9C
:106AB000C8490020044B5878C0F3800080F00100E2
:106AC00000F00100FFF7E0BFC84900200120FFF7F8
:106AD000DBBF0020FFF7D8BF704708B5002000F0EB
:106AE0006AFCFFF7F9FF08BD00F032BC08B500F002
:106AF00020FC18B1BDE8084005F00CBF08BD00F04F
:106B000032BC00F03BBC00F03CBC00F03EBC00F0EE
:106B100043BC00F045BC00F047BC00F049BC00F0AD
:106B20004ABC00F04CBC00F04EBC000007B500F0C1
:106B3000FDFB00F008FC002368468DF8003000F0F3
:106B400019FC01200B4B187000F01BFC0A4B01A82C
:106B50001B88ADF8043000F01FFC02F0E7FBFBF7E8
:106B60009FFB05F008FFFFF7B8FF02F0D3FB03B06F
:106B70005DF804FB161F00201E0F0108FFF7D6BFAB
:106B800073B506F035FC0B4D04462B8883420ED0BE
:106B90000026ADF8006006F02BFCADF80460ADF8FF
:106BA000020002AB13E90300FEF764FF2C8002B081
:106BB00070BD00BFF81F0020014B186800F060BBDB
:106BC000EC1F0020014B1868704700BFF01F002029
:106BD00008B500F045FB024B1860024B186008BD79
:106BE000EC1F0020F01F0020014B1868704700BF09
:106BF000E81F002008B500F033FB024B1860024B81
:106C0000186008BDEC1F0020E81F0020014B186829
:106C1000704700BFF41F0020074B91421860074BDC
:106C2000196038BF1146064B1A60064B81422CBFD3
:106C300019601860704700BFF01F0020E81F002097
:106C4000F41F0020EC1F00207047704708B5FFF7C5
:106C5000FCFF08BD704708B5FFF7FCFFFFF7F6FF24
:106C600008BD7047704708B5FFF7FCFFFCF740FF11
:106C700008BD01207047000008B5054800F0CCFBB6
:106C800001F0B6F9FFF7E0FFBDE80840FFF7E3BF0A
:106C90009D720008FEF71CBD7047704708B5FFF7EE
:106CA000FBFFFDF72DFAFFF7F8FF08BD08B5FFF76A
:106CB0001DFF08B9FFF762FF0848FFF720FF0848EB
:106CC000FFF723FF04F020FEFFF71BFFFFF73BFA5F
:106CD000044B1878BDE80840FFF751BAFA1F0020AE
:106CE000C84900201A1F002008B506F049FB00F033
:106CF000A3FA05F054FE00F07DFD04F095FB00F0D2
:106D000093FCFFF7D3FF06F0AFF8FEF78DFE04F01B
:106D100043F904F0FDFD00F07FFDBDE80840FFF7FA
:106D2000A2BF70B504460D46164602F029FD324654
:106D300029462046BDE8704006F0C4BA08B5FEF703
:106D4000C7FC18B1BDE8084006F08FB808BD0000C8
:106D50002DE9F04F85B0FFF78CFF88B9FFF710FFE2
:106D6000FFF7ECFF04F076F804F008FC08B1FFF739
:106D700041FF05F007FB05B0BDE8F04FFEF764BE2C
:106D8000DFF8C88000F0A2FC46460024E0B236F8E6
:106D9000025B00F051FB0B2C54D0854204F101043E
:106DA000F4D02B4B1B789B0701D500F04BFBFFF772
:106DB00071FF002701905FFA87F9484600F03CFB1D
:106DC00038F8026B0446B04236D04FF0000A012575
:106DD0004640B6B22E4224D0019B2C4214BF4FF045
:106DE000010B4FF0000BBBB15146484606F05EFA6E
:106DF00090B98DF808A08DF8099006F0F9FA4FF0D7
:106E00000103ADF80A008DF80C308DF80DB002AB1F
:106E100093E80300FEF72EFE5A4651464846FFF718
:106E200080FF0AF101035FFA83FA6D00BAF1090FDE
:106E3000ADB2CFD128F8024C01370C2FBBD1FFF7F0
:106E4000C7FE8DE78542ACD188E700BFB04900207E
:106E5000FA1F002038B500F005F9B0F5A44F04463C
:106E600043D2B0F5A04F80F0AC80DF2816D8CC28F4
:106E700000F28A80A7280AD8A42878D8012804D04C
:106E8000031F9BB2A12B28BF0024204638BDA0F1D0
:106E9000A8039BB21A2B6FD90024F6E7B0F5804FF8
:106EA00019D2B0F5005F80F0A080E728EDD9A0F5F9
:106EB00080739BB2B3F5F85FEED2C0F3072000F009
:106EC00057F90546E0B200F0CDF82D0205F4F8556B
:106ED0000543ACB2D9E7C0B200F0C4F804F4706462
:106EE000044344F42044A4B2CFE7B0F5A54F21D227
:106EF00045F25F23984251D845F23F2398420ED87D
:106F000045F21F23984242D80124C0F3850300F0C4
:106F10000300844044EA431444F40D44E3E70124AD
:106F2000C0F3820300F00300844044EA431444F4B5
:106F30000C44D8E745F2BF2398420AD845F29F2374
:106F4000984200F01F0034D84AF2F40444EA0024C6
:106F50009BE7A0F5A543403B9BB21F2B9CD80402A6
:106F600004F4F85444F4204444F0F0048DE7A0F114
:106F7000240444F48044B6E7244B5834E4B233F894
:106F8000144044F4884480E740F4A044ABE74AF25C
:106F9000F10300F01F0443EA042476E70124C0F360
:106FA000820300F00300844044EA431444F40A449A
:106FB00099E700F0DDF8040204F4F85444F40054B6
:106FC00063E700F01F0000F0D3F8C30648BF0001DC
:106FD000C4F343144FEA04244CBF00F0F00000B2A5
:106FE000204340F4104084B24FE7C0F3042000F087
:106FF000BFF80546E0B200F035F82D0205F4F8556B
:1070000045EA000444F400546DE700BFF21501089E
:1070100082B0ADF80410CBB2C1F307210B2905D81B
:10702000082B11D81A4602B004F089BDFD2905D1FC
:1070300053B90122194602B004F08EBDFC2903D1D8
:1070400013B91A461946F6E7002002B0704707B593
:10705000ADF804100199FFF7DBFF03B05DF804EB16
:10706000FFF7F8BEE72850D8DF2807D8312865D0C9
:107070000ED8292858D02A2867D07047A0F1E003FD
:10708000072B42D8DFE803F01541242933413D4264
:10709000392804D0822802D0352840D07047334B9D
:1070A0001A7892075CD15B7813F0080F18BF29207B
:1070B00070472E4A1378D9074ED4527812F0010F38
:1070C00023D013F0100F08BFE32018BF0020704733
:1070D000264B1B7813F0040FF2E7244A1378590764
:1070E0003CD45278D2073BD413F0100FEDE71F4B7E
:1070F0005A78910709D51B7813F0100F08BFE720C5
:10710000E3E71A4B1B781A07F6D47047174A13782F
:10711000190727D452789107E6D5E4207047134B1E
:107120001B7813F0200FC1E7104B1A7892061BD47E
:107130005B7813F0080F18BF392070470B4B1B7892
:1071400013F0400F18BF2A207047084B1B7813F02C
:10715000400F18BF3120704739207047E220704738
:10716000E0207047E62070473520CEE7C849002070
:1071700010B5304C21784B0713D500F01402A2F162
:10718000040C00F01803DCF1000242EB0C02A3F146
:10719000080CDCF1000343EB0C039A4218BF80F0AB
:1071A0000C000B0713D500F01402A2F1140C00F030
:1071B0001803DCF1000242EB0C02A3F1180CDCF125
:1071C000000343EB0C039A4218BF80F00C00647874
:1071D000E30713D500F0110202F1FF3C00F01803A1
:1071E000DCF1000242EB0C02A3F1080CDCF100031D
:1071F00043EB0C039A4218BF80F00900A30711D596
:1072000000F0110200F01803A2F111046242A3F190
:10721000180C6241DCF1000343EB0C039A4218BFE7
:1072200080F00900CA0603D5030748BF00F0E70055
:1072300010BD00BFC84900200022014B1A607047F2
:10724000CC49002010B50446FEF742FA20B906F0FA
:1072500099F8024B241A1C6010BD00BFCC490020D5
:1072600008B5FEF735FA18B1BDE8084006F08AB84F
:1072700006F088F8014B1B68184408BDCC49002073
:1072800010B50446FEF724FA20B12046BDE81040B0
:1072900006F02DB8FFF7E4FF001B10BD002070477B
:1072A000A0F5A543603B1F2B10B507D84C791CB93E
:1072B00000F01F00FEF754FB204610BD0124FBE741
:1072C00008B503464879A8B147F65B4293420ED011
:1072D00047F65C42934206D047F65A42934205D1A4
:1072E000FFF7F4FB01E0FFF7E5FB002008BDFFF727
:1072F000F0FBFAE70120F9E708B50346487998B1B1
:1073000047F6014293420CD047F60342934206D01F
:10731000B3F5F84F02D1FEF740FB002008BDFFF7A0
:10732000E3FBFEF742FBF8E70120F7E7002000F05F
:1073300061BE08B5002000F0D8FD4FF6E363C31A24
:107340005842584108BD4FF6E361002000F034BEBA
:1073500008B5002000F04EFEBDE808404FF6FF7172
:10736000002000F029BE10B50446022000F0AEFD5A
:10737000207010BD0178022000F010BE032000F044
:10738000A5BD0146032000F009BE10B50446042047
:1073900000F0ABFD208010BD0188042000F00CBE81
:1073A0000822172100F028BE0822172100F0DCBDBA
:1073B0000F2000F0A9BD01460F2000F00BBE0146D2
:1073C0000E2000F0EBBD08B5132000F09DFDA0F5E8
:1073D0005D735842584108BD70B50E4605461446C7
:1073E000FFF7A1FB014680B13444B4F55D7F88BF4F
:1073F00040F2993406F1250198BF2534641A2246DB
:10740000284600F0F9FD204670BD22462846F9F7CF
:10741000B3F9F8E700207047014B1860704700BFD0
:10742000DC0D0020704708B5FFF7FCFF08BD704772
:1074300008B5FFF7FCFF08BD014B33F8100070479B
:10744000EA49002070474FF4346007F0FBB900BFF1
:1074500000BF00BF00BF00BF00BF00BF00BF00BF34
:1074600000BF00BF00BF00BF00BF00BF00BF00BF24
:1074700000BF00BF00BF00BF00BF00BF00BF70471C
:1074800008B5FFF7E0FF08BD704708B5FFF7FCFF40
:1074900008BD00007FB5FEF71BF91E4D04461E4ACD
:1074A00060B30023107801A905EB4000019302931B
:1074B000039300F0C5F9194E80B1194B0C221878CE
:1074C00001A905EB4000F9F731F80123337060B9E9
:1074D0000024FFF7ADFF204604B070BD3378002BC9
:1074E000F6D001900290039030700D4B0C2218786A
:1074F00001A905EB4000F9F74DF8EAE7084B1178D0
:10750000187805EB410105EB400000F0FBF9FFF7AF
:10751000BCFFE0E7EA490020024A0020FB1F0020F0
:10752000D049002008B5302383F31188012100F0F1
:107530000F039940202220F00F0008F015FE0023D1
:1075400083F3118808BD000038B509240B4D55F8A8
:10755000040B421C01D0FFF7E5FF013C14F0FF04CF
:10756000F5D10624064D55F8040B431C01D0FFF756
:10757000D9FF013C14F0FF04F5D138BDE00D002027
:10758000040E00202DE9F843DFF89480174658F8E0
:10759000213005465A1C0E4640D0302282F3118815
:1075A000012223F00F0903F00F0302FA03F421462E
:1075B0004846240408F0D8FDC9F81840002484F394
:1075C0001188FFF744FF6FEA070C1648AA1E0A3518
:1075D00050F8041B32F8023FB1F1FF3F1AD021F0FE
:1075E0000F0EDEF810E001F00F012EFA01F1C907CD
:1075F00010D401243B4313809542E9D158F826006A
:10760000431C01D0FFF78EFF21463046BDE8F8430A
:10761000FFF736BF0CEA03031380EDE7BDE8F883FC
:10762000E00D0020040E0020F0B591B000F0DCF871
:10763000F0B91F4C01AD0FCC0FC594E8030085E8ED
:1076400003001C4E01AF0FCF0FC695E803000834AE
:1076500007AD86E803000FCC0FC50FCC0FC5266819
:10766000154C2E6007AD0FCD0FC40FCD0FC4266093
:1076700000F0BAF8002814BF002306230F4A137045
:107680000F4AC3F106031370FFF75EFF18220021B3
:107690000C48F9F771F8182200210B48F9F76CF83B
:1076A00000F04CF811B0BDE8F040FFF7BCBE00BFE1
:1076B000200F0108040E0020E00D0020024A0020E7
:1076C000D0490020EA490020D249002030B587B0D7
:1076D000182200216846F9F74FF8002501242246B8
:1076E000E9B268460135FFF74DFF6400092DA4B2E9
:1076F000F5D1182269460E48F8F718FF002814BF84
:107700000124002404D0182269460948F8F742FFF2
:10771000084B22461978084B054803EB410100F05D
:107720000FF80446FFF7B6FE2043C0B207B030BDE5
:10773000D2490020024A0020EA4900207047000098
:107740002DE9F04106460D461446134F42B1012380
:107750003B7005F017FE114B18600020BDE8F0816A
:1077600097F80080B8F1000FF7D00C4B186805F0BF
:10777000BEFD0028F1D00C2231462846F8F7D6FE8F
:1077800028B10C2231462846F8F704FF444600236E
:1077900020463B70E2E700BFFC1F002000200020D5
:1077A00010B5074C00224FF40071204608F0DCFCB5
:1077B0004FF4165007F046F82069C0F3402010BD82
:1077C0000004004038B5C82406F0C6FF054648B995
:1077D000013C4FF47A70A4B207F0FDF9002CF3D10C
:1077E00006F0AEFF284638BD014B5878704700BF01
:1077F0000720002010B5FFF7E5FF064C2070FFF7CB
:10780000CFFF6070FDF764FF18B1BDE8104000F0D5
:1078100045B810BD0720002008B5FDF759FF18B97D
:10782000BDE8084000F03CB808BD0000034B1878E4
:1078300009288CBF00200120704700BF06200020CF
:1078400070B5144D04462B780E46092B16D82046E9
:10785000314600F055F80446C8B92B78FF2B1CBF01
:1078600001332B702B78092B94BF0124002403D9FA
:1078700005F0BEFD084B1880204670BD064B1888E9
:1078800005F02EFDB0F5FA7FE1D20024F4E70023E5
:107890002B70F1E7062000200420002005F054BEE4
:1078A00005F03EBEF8B504461E46BDF8187062B13C
:1078B0000C234343104DE85C1D44904238BF024600
:1078C0006B880E481844F8F765FE204605F03EFE2A
:1078D000054670B16FB10C20074900FB04110A790D
:1078E000CB880649BA4228BF3A4630461944F8F7D1
:1078F00051FE2846F8BD00BF1C0E00200C200020C1
:1079000000F0CEB900F008BA054B1A68054B92F8A2
:107910003A1083F8901092F83B2083F8AC2070471F
:10792000281601081C0E002003F052BE114B70B542
:107930001C68032104F1390003F0EBFF94F83830A0
:10794000834215D194F939200F2A11DC0C210A4BFE
:1079500001FB02339D685DB1AC4694F83B2094F87E
:107960003A0004F15C0304F13C01BDE8704060475B
:1079700070BD00BF281601081C0E00202DE9F04341
:1079800090461D460022012385B000930E46DDE996
:107990000C9711460DF10F03FFF784FF044650B317
:1079A000D8F8000005F0A3FC63281CD90022BBB264
:1079B0001146009330462B46FFF774FF39460446C4
:1079C000484603F0A6FF9DF80F30834214BF002401
:1079D00004F001041CB105F0D5FCC8F800002046F5
:1079E00005B0BDE8F0833946484603F092FF9DF8A4
:1079F0000F308342DAD13A4649462846F8F7CAFDA5
:107A0000EDE700001E4B2DE9F0411E68082386B00B
:107A100006F11B080193042103201A4ACDF80080C7
:107A200004ABFFF7ABFF054620B1174FB27E3B78A2
:107A30009A4215D1284606B0BDE8F0819DF80F1096
:107A40009DF80E0003F036FD044650B900230520D2
:107A50001A4619460093FFF725FF2040C5B20BE0F8
:107A6000002440460DF10F020DF10E0103F008FD58
:107A70000028E3D1002CE9D1B37E3B70DAE700BFE8
:107A800028160108B02000208820002070B50C26A0
:107A90000E4B86B01B680D46023300930121002077
:107AA0000B4A01960DEB0603FFF768FF044628B169
:107AB000324608480DEB0601F8F76CFD0C2228460B
:107AC0000449F8F767FD204606B070BD2816010886
:107AD000A820002094200020F7B5044608680D4631
:107AE00017461E4605F003FC632800D87FB100232B
:107AF00020463146BDF820200093FFF7D3FE044610
:107B000010B105F03FFC2860204603B0F0BD012411
:107B1000FAE72DE9F0411446069F05460E463A461F
:107B200019462046F8F702FD021E23463146284634
:107B3000BDE8F04118BF0122FFF7CEBF7FB5FFF7C8
:107B400041F80390FFF750F80490FFF75FF80C221C
:107B5000064B05901B68009205492C336A440A20A5
:107B6000FFF7D7FF07B05DF804FB00BF2816010838
:107B7000A420002007B50C21054B02461B6800918C
:107B80000E3304490220FFF7C4FF03B05DF804FB85
:107B900028160108AC2000201FB505F075F9012258
:107BA000074B8DF80F001B68009206492A330DF130
:107BB0000F020920FFF7ADFF05B05DF804FB00BF21
:107BC00028160108B820002037B501240E4B0720E5
:107BD0001D680E4B95F828101A7800948A1A18BF61
:107BE00001220B49FFF778FF58B10A4B95F829108D
:107BF0001A7808208A1A18BF012207490094FFF753
:107C00006BFF03B030BD00BF281601081A1F00200B
:107C100090200020161F00208C20002030B50E4D33
:107C200085B0286805F063FB632812D9FFF718FBBD
:107C300000230230039004220620009303A9FFF7DB
:107C400031FE044610B105F09DFB2860204605B0CA
:107C500030BD0124FAE700BFB42000202DE9F04731
:107C600006460F469046FFF7E1FD002814BF4FF08F
:107C70000A094FF00109012539463046C04710B9BD
:107C800001354D4501DDBDE8F087044605FB05FAE9
:107C90004FF47070013406F0D5FD5445F8D1EBE790
:107CA00038B5164A04460D46FFF7D8FF20B32946DB
:107CB0002046134AFFF7D2FFF0B129462046114A69
:107CC000FFF7CCFFC0B1294620460F4AFFF7C6FF99
:107CD00090B1294620460D4AFFF7C0FF60B1294602
:107CE00020460B4AFFF7BAFF30B129462046BDE8CF
:107CF0003840084AFFF7B2BF002038BD8D7A00082F
:107D0000757B0008057A00081D7C0008C97B000807
:107D1000997B00083D7B000870B50E46054607F0CC
:107D200097FF294B0C221C683146A31C1846F8F714
:107D300031FC0C2103F0EDFD264606F80E0B07F092
:107D40008DFF07F085FF0C223146284604F11B0504
:107D5000F8F720FC07F082FF07F07AFF284603F0CF
:107D60002FFC0821284603F0D4FDA07607F076FF0B
:107D700007F06EFF154B606A1A68904202D01860D7
:107D8000FFF760FA07F06AFF07F062FF94F8282017
:107D90000F4B1A7094F829200E4B1A7007F05EFFF3
:107DA00007F056FF94F82A0005F068F807F056FF30
:107DB00007F04EFF04F12C0007C8FEF72DFFBDE8C9
:107DC000704007F04BBF00BF28160108A02000201C
:107DD0001A1F0020161F00200E2808DD0C22044B5D
:107DE00002FB00303C2343805C238160C3807047EA
:107DF0001C0E0020F0B587B00E4617461D468DF8C4
:107E00000F00FFF713FD10B9002007B0F0BD9DF97A
:107E10000F300E2BF8DD202EF6D8202DF4D80024BC
:107E200003210DF115008DF815308DF814408DF8F3
:107E300016608DF8175003F06CFD154B8DF814008B
:107E400083F8906083F8AC50042223460B20009402
:107E500005A9FFF727FD0028D6D02346324639462C
:107E60000C200094FFF71EFD0028CDD023460122F0
:107E70000D2000940DF10F01FFF714FD0028C3D071
:107E8000224621460C9B00950E20FFF70BFDBCE718
:107E90001C0E0020FEF75CBF08B505F036FA05F0B1
:107EA000CBFFFEF7E9FE05F0C9FFFEF71DFF05F069
:107EB000D3FF05F0D7FFFFF7EDFF05F0D5FF05F085
:107EC00095FF03F0DBFDFEF7E9FEF2E7002307B5BF
:107ED000014601220DF107008DF8073000F08CF803
:107EE0009DF8070003B05DF804FB002307B50146C9
:107EF00002220DF10600ADF8063000F07DF8BDF865
:107F0000060003B05DF804FB07B504220023014618
:107F10000DEB0200019300F06FF8019803B05DF8DB
:107F200004FB07B501228DF8071001460DF107008B
:107F300000F067F803B05DF804FB07B50222ADF866
:107F4000061001460DF1060000F05BF803B05DF885
:107F500004FB07B50422019101460DEB020000F07D
:107F600050F803B05DF804FBF8B505461446D31D80
:107F700023F0070300AFADEB030D68460E4600F09B
:107F80003BF8224669462846F8F7D0FA20B1224647
:107F90003146284600F035F8BD46F8BD38B50C46E8
:107FA0000546FFF793FFA04205D021462846BDE8CD
:107FB0003840FFF7B6BF38BD38B50C460546FFF769
:107FC00094FFA04205D021462846BDE83840FFF77F
:107FD000B4BF38BD38B50C460546FFF795FFA04243
:107FE00005D021462846BDE83840FFF7B2BF38BD6E
:107FF00000F012B900F038B80B460146184600F000
:108000004DB80B460146184600F09AB808B5064B25
:108010004FF4805218460021F8F7AEFB41F20802F7
:1080200000F580531A6008BDC020002010B5054C33
:1080300023792BB900F069F908B10120207110BD36
:108040000220FCE7C030002010B5064C237933B184
:1080500000F065F910B100230120237110BD02204A
:10806000FCE700BFC030002038B5FFF7DFFF044653
:1080700018B9FFF7E9FF204638BD00F048F905467A
:10808000FFF7C4FF012C06D1FFF7DEFF00280CBF6D
:10809000002505F001052C46EDE7000008B5034674
:1080A00008469918B1F5805F05D804491944F8F7D6
:1080B00071FA012008BD0020FCE700BFC0200020AD
:1080C00038B500F024F9044608B3FFF7AFFF4FF4CA
:1080D000007205461249002000F03EF970B10EA36F
:1080E000D3E900234FF480510D4803F060F90246B4
:1080F0000B464FF4805000F061F950B90024012D77
:1081000001D1FFF7A1FF41F20802064B1A60204699
:1081100038BD0224F3E700BF25232284E49CF2CB80
:10812000C0200020C0300020044B1B68B3F5005F66
:1081300001D3FFF7C5BF0120704700BFC03000204A
:108140008318B3F5805F2DE9F34705460F461646C1
:108150001AD8304C00EB040841463846F8F7E6F9E7
:10816000002854D0324639464046F8F713FAFFF754
:108170005DFF814630B104F580583EB9FFF7D4FF6A
:10818000044639E0FFF760FF00243CE0052EB246CC
:1081900028BF4FF0050A052200210DF10300F8F772
:1081A000EBFAC5F3024343EACA03524639468DF857
:1081B00000300DF103002B0A8DF801308DF80250CC
:1081C000F8F7E8F9DDE90023D8F8000000F0F6F848
:1081D000044688B1D8F800300833C8F80030FFF7FB
:1081E000A3FF0128044604D1A6EB0A0655445744D0
:1081F000C3E7022818BF0024B9F1010F03D1FFF72C
:1082000023FF0028C0D0204602B0BDE8F08701243B
:10821000F9E700BFC02000207FB5FFF7F7FE00F0B0
:108220006FF8044610B9FFF7F1FE5BE04FF40072FF
:108230000020314900F075F82F4D044610B9FFF7C2
:10824000E5FEF0E72AA3D3E900234FF48051284646
:1082500003F0ADF806460C464FF4805002A900F03A
:1082600078F8DDE902239C4208BF964201D0FFF76F
:10827000CDFE41F208046946204600F06AF8034644
:1082800040B3DDE9000350EA030220D010F0C00F34
:10829000CDE9020304F10804C1B2C0F3811318D17F
:1082A0000A0400F47F46C0F3074002F4E0223043A2
:1082B0001043CA0800EBD101B1F5805F0AD80DF177
:1082C0000B012844F8F766F9B4F5005FD3D1012318
:1082D00000E00023094A14603BB9FFF7F1FE0446B1
:1082E0000028A0D0204604B070BDFFF71DFFF6E7C0
:1082F00025232284E49CF2CBC0200020C030002043
:1083000008B500F0DDF8012008BD0120704708B570
:10831000002000F0D7F8B0FA80F0400908BD012035
:10832000704738B5D5002A460C4600F0E8F818B971
:1083300021462544A94203D1B0FA80F0400938BD56
:10834000D1E90023D243DB4341F8082B41F8043C38
:10835000F0E70122FFF7E5BF2DE9F0470646884622
:1083600015460027C0B0202DA94628BF4FF0200990
:108370004FEAC90A5246684608EBC701F8F70AF9FE
:1083800000246B464C450DD152466946304600F0FC
:10839000D4F888B92D1B56442744E4D1012040B0BD
:1083A000BDE8F087D3E90001C043C94343F8080B97
:1083B00043F8041C0134E5E70020F0E707B5CDE9F8
:1083C000002369460122FFF7C7FF03B05DF804FBF5
:1083D000002208231146014805F00CBA0C080040A1
:1083E00008B5FFF7F5FF30B1062005F013FA05F0E8
:1083F00049FA002008BD4FF0FF30FBE7F7B51F46F4
:108400008DF807100B0A090C064615468DF8040076
:108410008DF806308DF80510FFF7DAFFE8B104217A
:108420000DEB010005F01AFA044648B945B1022ED9
:108430000BD0032E0ED12846B9B205F019FA044626
:1084400005F020FA204603B0F0BD2846B9B205F089
:1084500005FAF4E74FF0FF34F2E74FF0FF34F1E7AD
:1084600010B5FFF7B5FF88B1052005F0D3F905F089
:10847000E3F9044605F006FA002C05DB14F0010FC1
:1084800014BF6FF003040024204610BD4FF0FF34EA
:10849000FAE710B5044604F075FF4FF47A7303FB56
:1084A000040404F06FFFA04204D2FFF7D9FF031DBC
:1084B000F7D010BD6FF00100FBE70120FFF7E9BF27
:1084C00005F01AB900F58033B3F5002F10B5044656
:1084D00012D283B283B9FFF7F0FF78B9FFF780FFBC
:1084E00060B9034602462146D820FFF787FF28B926
:1084F000BDE81040FFF7E1BF4FF0FF3010BD2DE9A0
:10850000F04107460D461646FFF7D7FF0446804662
:1085100038B1324600212846F8F72EF92046BDE84A
:10852000F08133462A4639460320FFF767FF0446A9
:108530000028F3D032464146EDE72DE9F0410646EA
:108540000F46154675B9FFF7B8FF044638B9FFF76F
:108550003FFF30B3042005F05DF905F093F92046A4
:10856000BDE8F0815FFA86F8C8F58078A84528BF95
:10857000A846FFF7A2FF04460028F0D1FFF730FF1E
:1085800004460028EBD143463A4631460220FFF725
:1085900035FF04460028E2D147444644A5EB0805D0
:1085A000D0E74FF0FF34DAE738B54C790546002CB8
:1085B00042D0FEF74FF900F02203A5F5F040203835
:1085C0000A280AD8DFE800F0060B0F14181D212630
:1085D0002A2F330002F041FD0024204638BD23B18C
:1085E00002F0DEFDF8E7002BFAD002F0C5FDF3E75C
:1085F00023B102F039FEEFE7002BFAD002F022FEA1
:10860000EAE723B102F058FEE6E7002BFAD002F0C9
:108610003FFEE1E723B102F077FEDDE7002BFAD061
:1086200002F05EFED8E723B102F0A2FED4E7002BF1
:10863000FAD002F08FFECFE70124CEE738B54D79AE
:108640000446A5B9FEF706F900F02203A4F5F040B0
:1086500040380E2849D8DFE800F0080C0F12161B2E
:108660001F24282D31363A3F430002F00BFD2846E7
:1086700038BD02F01FFDFAE702F0EFFCF7E723B187
:1086800002F08EFDF3E7002BFAD002F075FDEEE765
:1086900023B102F0E9FDEAE7002BFAD002F0D2FDA7
:1086A000E5E723B102F008FEE1E7002BFAD002F083
:1086B000EFFDDCE723B102F027FED8E7002BFAD06C
:1086C00002F00EFED3E723B102F052FECFE7002BFB
:1086D000FAD002F03FFECAE723B102F066FEC6E719
:1086E000002BFAD002F05EFEC1E70125BFE70000D3
:1086F00030B510F47F4F85B00190C0F30725C0F36B
:10870000074217D109B1314B9A5C8DF80C208DF8D6
:108710000D208DF80E2000209DF80C3063F307002B
:108720009DF80D3063F30F209DF80E3063F3174072
:1087300005B030BD9DF8044061B3244B9A5C06201F
:10874000FF236043591BB0FBF3F06FF05403434326
:1087500003EB440303EB4303DBB203FB05F4C3F178
:10876000FF036B4324121B12C4F1FF04C3F1FF0388
:10877000514354435343C1F30721C4F30724C3F3C4
:108780000723D2B206281CD8DFE800F006080F1233
:10879000161B060092B2D2E714461A468DF80C401A
:1087A0008DF80D208DF80E10B5E70C461946F5E74B
:1087B00023460C461146F0E710461C460A46014681
:1087C000ECE7234614460A46F0E700BF48160108C6
:1087D000012184B004B0FFF78BBF012830B501D868
:1087E000C0B230BDB0F5F75F88BFFF224FF0010483
:1087F0009EBF42090832D2B2A3185910C3F34705ED
:10880000C3F34F035B439BB2834205D96A1ED2B2C6
:108810009442F1D9601EE3E7FF2902D06C1CE4B258
:10882000F6E70846DDE70000074B188800EB40221A
:1088300000EB820000F55850193080B2188000EB30
:108840001020C0B2704700BFEC0E002008B50146F2
:10885000FFF7EAFF4843C0F3072008BD10F04003CC
:1088600016BFC2430246D2B210B502F00F0103B1E7
:108870000131094CC2F3011204EB42035B78594306
:1088800014F81230020603EB2113DBB244BF5B4243
:10889000DBB283F0800010BD2C1601081FB5C0F3B9
:1088A000074401905008FFF7D9FFA0F180035BB2A5
:1088B000002BBCBFC0F1800043B200205B00DBB2E4
:1088C00004FB03331B128DF80630019BDAB262F30E
:1088D0000700C3F3072262F30F20C3F3074363F3D8
:1088E000174004B010BD0000144B84B003EB4103EB
:1088F000E521019093F86C30C0F307204B43C2EBA5
:1089000013231C33002BB8BF5B42A0EBC3031BB285
:1089100023EAE37300FB033300201B128DF80530BC
:10892000019BDAB262F30700C3F3072262F30F2060
:10893000C3F3074363F3174004B070479A0C002059
:10894000144B84B003EB4103E521019093F86C30A4
:10895000C0F307404B43C2EB13231C33002BB8BFBB
:108960005B42A0EBC3031BB223EAE37300FB0333B8
:1089700000201B128DF80630019BDAB262F307006B
:10898000C3F3072262F30F20C3F3074363F31740D7
:1089900004B070479A0C002084B0019000208DF83C
:1089A0000420019BDAB262F30700C3F3072262F3EB
:1089B0000F20C3F3074363F3174004B07047000070
:1089C00084B001900B4800EB410090F86C3000201F
:1089D0009B1A8DF80430019BDAB262F30700C3F3EF
:1089E000072262F30F20C3F3074363F3174004B079
:1089F000704700BF9A0C002084B001900B4800EB38
:108A0000410090F86D3000209B1A8DF80430019BD6
:108A1000DAB262F30700C3F3072262F30F20C3F355
:108A2000074363F3174004B0704700BF9A0C00205F
:108A300030B5134B85B03431019003EB41046579B7
:108A400003EB4103A5F1200464B21B79002CBCBFE9
:108A5000C5F1200464B29A1A2244C0B210448DF8C1
:108A600004000020019BDAB262F30700C3F307227F
:108A700062F30F20C3F3074363F3174005B030BD23
:108A80009A0C002084B0019000209DF8102003EB88
:108A9000430302EB53038DF80430019BDAB262F317
:108AA0000700C3F3072262F30F20C3F3074363F306
:108AB000174004B070471FB592B2019048B2002829
:108AC00002FB02F2BCBF494248B2C0F1380000FBD1
:108AD000002080B21C46FFF780FE00EB40000444FB
:108AE00000208DF80440019BDAB262F30700C3F363
:108AF000072262F30F20C3F3074363F3174004B068
:108B000010BD000084B0019003F13400104B03EB62
:108B1000400358791B792038703B4B4302FB0032ED
:108B200000209DF80410002AB8BF7F3201EBE2124A
:108B30008DF80420019BDAB262F30700C3F3072229
:108B400062F30F20C3F3074363F3174004B0704789
:108B50009A0C002084B0019003F13400104B03EB19
:108B6000400358791B792038703B4B4302FB00329D
:108B700000209DF80410002AB8BF3F3201EBA2127A
:108B80008DF80420019BDAB262F30700C3F30722D9
:108B900062F30F20C3F3074363F3174004B0704739
:108BA0009A0C002030B5174C85B03433019004EB9B
:108BB000430425796379A5F1700464B2203B002C4D
:108BC00002FB03F3BCBFC5F1700464B2C4F1380208
:108BD00001FB023212EB4202C0B248BF7F3200EB0F
:108BE000E21200208DF80420019BDAB262F3070044
:108BF000C3F3072262F30F20C3F3074363F3174065
:108C000005B030BD9A0C002001F13403114984B045
:108C1000019001EB430148790B792028A3EB000375
:108C20004FF0000003EB4303DBB28CBFD2189A1A5B
:108C3000D2B28DF80420019BDAB262F30700C3F3CD
:108C4000072262F30F20C3F3074363F3174004B016
:108C5000704700BF9A0C00201FB5C4B201905008A5
:108C6000FFF7FCFDA0F180035BB2002BBCBFC0F19D
:108C7000800043B20D205B00DBB24343002004EBD5
:108C800013238DF80430019BDAB262F30700C3F3BB
:108C9000072262F30F20C3F3074363F3174004B0C6
:108CA00010BD000030B50D4685B00190C4B210462D
:108CB000FFF7D4FD124901EB450191F86C20024405
:108CC0000D20D2B2A2F180035BB2002BBCBFC2F177
:108CD000800253B25B00DBB24343002004EB13235A
:108CE0008DF80430019BDAB262F30700C3F3072268
:108CF00062F30F20C3F3074363F3174005B030BDA1
:108D00009A0C0020114B84B0019003EB410393F8BF
:108D10006C10C0B28B1A5BB2002BBCBF521A53B29C
:108D20001922DBB2534300EB13208DF8040000201E
:108D3000019BDAB262F30700C3F3072262F30F204C
:108D4000C3F3074363F3174004B070479A0C002045
:108D5000FF2928BFFF21C94384B00190C9B2C0F3E5
:108D6000074000FB0111002009128DF80610019B3D
:108D7000DAB262F30700C3F3072262F30F20C3F3F2
:108D8000074363F3174004B07047FF2928BFFF2152
:108D9000C94384B0C9B2019001EB8111C0B200EBAC
:108DA000112100208DF80410019BDAB262F3070054
:108DB000C3F3072262F30F20C3F3074363F31740A3
:108DC00004B0704784B003EB8302BDF8103001900B
:108DD00013449BB2FF2B28BFFF23DB43C0F30740A4
:108DE000DBB20344FF2B28BFFF2300208DF80630A1
:108DF000019BDAB262F30700C3F3072262F30F208C
:108E0000C3F3074363F3174004B0704700291FB54D
:108E1000B8BF4942002AB8BF524209B2090112B292
:108E2000FF294FEA0212A8BFFF21FF2AA8BFFF2295
:108E3000BDF8184009B21C4412B2A4B29142D4BF8A
:108E40006418A418A3B2FF2B28BFFF23DB430190B3
:108E5000DBB2C0F307400344FF2B28BFFF230020F1
:108E60008DF80630019BDAB262F30700C3F30722E4
:108E700062F30F20C3F3074363F3174004B010BD40
:108E80001FB5482B0190C0F3074030D8BDF81840FB
:108E9000E31A9BB2FF2B28BFFF23083189B21029A8
:108EA00005D902F1080189B2112928BFFF23DB434C
:108EB000DBB20344002AB8BF0332FF2B28BFFF23D5
:108EC00000200C498DF80630497801EBA2028DF89C
:108ED0000420019BDAB262F30700C3F3072262F3B6
:108EE0000F20C3F3074363F3174004B010BDFF2303
:108EF000D3E700BF084A002084B0BDF81020C0F3BB
:108F00000741D31A9BB2FF2B28BFFF23DBB2DA4302
:108F1000D2B21144FF2928BFFF2101900344002051
:108F20008DF804308DF80610019BDAB262F3070069
:108F3000C3F3072262F30F20C3F3074363F3174021
:108F400004B0704784B0BDF810200190D31A9BB2D2
:108F5000FF2B28BFFF23DB43C0F30740DBB20344F2
:108F6000FF2B28BFFF2300208DF80630019BDAB2CB
:108F700062F30700C3F3072262F30F20C3F3074332
:108F800063F3174004B070477FB5164E1546735C07
:108F90000190C0F3074413B9FFF746FC7054705CAE
:108FA00028444008FFF75AFCA0F180035BB2002B75
:108FB000BCBFC0F1800043B200205B00DBB204FB09
:108FC00003331B128DF80630019BDAB262F30700FF
:108FD000C3F3072262F30F20C3F3074363F3174081
:108FE00004B070BD603200201FB5184B0190C0F373
:108FF000074401EB81011868154BC1EB811108444E
:109000001979C90800FB0100C0F30720FFF726FC0F
:10901000A0F180035BB2002BBCBFC0F1800043B263
:1090200000205B00DBB204FB03331B128DF806301B
:10903000019BDAB262F30700C3F3072262F30F2049
:10904000C3F3074363F3174004B010BD104A002078
:10905000084A0020024B1A7810431870704700BF6E
:10906000CA30002010B5044620B90029ACBF00204A
:10907000802010BD80EAE073A3EBE0731BB20029EF
:1090800003EB0102A7BFCB1A5B015B1A5201ABBF16
:1090900093FBF2F392FBF3F3C3F12003C3F16003FC
:1090A0005BB2D8B2002CBCBF4042C0B2E1E730B5E1
:1090B000C0F3072585B0EB1A01901046DCB2FFF72C
:1090C000D1FFC0EB801300EB830300201C44E3B20C
:1090D00005FB03331B128DF80530019BDAB262F3F6
:1090E0000700C3F3072262F30F20C3F3074363F3C0
:1090F000174005B030BD30B5C0F3074585B0EB1A59
:1091000001901046DCB2FFF7ADFFC0EB801300EB1F
:10911000830300201C44E3B205FB03331B128DF8CC
:109120000630019BDAB262F30700C3F3072262F351
:109130000F20C3F3074363F3174005B030BD30B5CC
:1091400085B09DF82040C0F30725019010461C1BF8
:10915000FFF788FF2C44E4B2241A0020E3B205FB99
:1091600003331B128DF80530019BDAB262F307005E
:10917000C3F3072262F30F20C3F3074363F31740DF
:1091800005B030BD30B585B09DF82040C0F307452F
:10919000019010461C1BFFF765FF2C44E4B2241A13
:1091A0000020E3B205FB03331B128DF80630019B50
:1091B000DAB262F30700C3F3072262F30F20C3F3AE
:1091C000074363F3174005B030BD1FB5019010464B
:1091D0001C46FFF747FF20448DF804000020019B48
:1091E000DAB262F30700C3F3072262F30F20C3F37E
:1091F000074363F3174004B010BD1FB59DF8184036
:10920000019010461C1BFFF72DFFE4B2241A00202A
:109210008DF80440019BDAB262F30700C3F3072222
:1092200062F30F20C3F3074363F3174004B010BD8C
:1092300084B004B0FFF7CCBA2DE9F74FDFF8CCA02B
:1092400000EBC0080AEB08035B5C0746FF2B0E46E9
:109250002BD000252E4A90444FF0000B05EBC5049F
:1092600003F134090AEB04010AEB4909144411F82B
:1092700001EBBEF1FF0F0ED0E8B2874218D15FFAC2
:109280008BF0864214D118F806002030FF2828BF42
:10929000FF2008F806000BF1010BBBF1090F04F1E8
:1092A0000104E4D101350C2DD6D103B0BDE8F08F17
:1092B0000EF1340E0AEB4E0E9EF8040099F804C02D
:1092C0009EF805E0ACEB000C99F805000191A0EBCD
:1092D0000E0080B240430CFB0C0080B20093FFF7FD
:1092E0007CFA2828009B0199094AD4D894F800C038
:1092F000C0F12800C0B2102894BF84440CF1100CB7
:109300006046FF2828BFFF202070C4E79A0C002089
:10931000CC30002008B50348FDF7FDFB0022024BCE
:109320001A7008BD084A0020CA30002010B5094C48
:10933000352320460322084900F8013BF7F72AF9B4
:109340004FF67F732046A380FDF7E5FB0022034B19
:109350001A7010BD084A00205C0F0108CA300020B6
:109360000020704770B504460E461546FFF7F8FF1B
:10937000054B04EBC4041C44A35DFF2B1EBF2B5400
:109380000130C0B270BD00BF9A0C0020014BDB68F9
:10939000184700BF3816010870470000F7B50C46A3
:1093A00015461E46FFF7F8FF00280ADB064F214648
:1093B0007C6833462A46A446019403B0BDE8F040D9
:1093C000604703B0F0BD00BF38160108F7B51F4B6A
:1093D0000546034493F8F430194234D01C4E1D4B1B
:1093E00034791B88E40804FB0333711C1C1203222C
:1093F0006846F7F7CFF8E0B2FFF730FAA0F1800443
:1094000064B2002CBCBFC0F1800044B21F2077784A
:10941000F678FFF71BFA6400E4B206FB0444074445
:1094200024128DF800708DF802400098FFF700FFBD
:10943000C0F30743C0F30722C1B2284603B0BDE81A
:10944000F040FFF7ABBF03B0F0BD00BF9A0C0020A7
:10945000084A0020104A0020F7B51F4B0546034478
:1094600093F8F430194234D01C4E1D4B34791B88CC
:10947000E40804FB0333711C1C1203226846F7F74F
:1094800089F8E0B2FFF7EAF9A0F1800464B2002C99
:10949000BCBFC0F1800044B21F20B778F678FFF758
:1094A000D5F96400E4B206FB0444074424128DF8A5
:1094B00001708DF802400098FFF7BAFEC0F3074331
:1094C000C0F30722C1B2284603B0BDE8F040FFF761
:1094D00065BF03B0F0BD00BF9A0C0020084A002011
:1094E000104A002073B51B4B0446034493F8F43034
:1094F00019422DD0184E194B35791B88ED0805FB04
:109500000333711C1D1203226846F7F743F8E8B2D3
:10951000FFF7A4F9A0F180035BB2002BBCBFC0F140
:10952000800043B2F6785B00DBB206FB03331B120C
:109530008DF802300098FFF77BFEC0F30743C0F3BD
:109540000722C1B2204602B0BDE87040FFF726BF37
:1095500002B070BD9A0C0020084A0020104A00207A
:1095600013B5124B0446034493F8F43019421BD050
:10957000FFF75AF98DF800008020FFF767F90C4BD0
:109580007F30DB788DF801008DF802300098FFF70E
:109590004FFEC0F30743C0F30722C1B2204602B01A
:1095A000BDE81040FFF7FABE02B010BD9A0C0020D3
:1095B000084A002037B5134B0446034493F8F430AF
:1095C00019421DD0104D0322691C6846F6F7E2FFD0
:1095D00003206D78FFF73AF96FF01F0303FB005586
:1095E0008DF800500098FFF723FEC0F30743C0F347
:1095F0000722C1B2204603B0BDE83040FFF7CEBE1F
:1096000003B030BD9A0C0020084A0020014B9B6833
:10961000184700BF381601082DE9F04F524B87B0AC
:10962000DC78524E04EB44034FEAA30B9B080293F1
:10963000FF23B3FBF4F3019383785BB1002211465F
:109640001046FFF7E3FF6C2200214948F7F794F832
:10965000002333700025474FDFF814A13B78013316
:109660003B70D0464FF0000932785FFA89F31A4315
:1096700063D10393F7F704F93F4B9842039B5CDCFB
:109680008AF800402946184604AAFFF76BFE98B1F5
:1096900098F80020029B9DF810009A425CD9A2EB3A
:1096A0000B030BFB03F3A4EB0B0293FBF2F3224639
:1096B000DBB21946FFF772FE09F10109B9F10C0F8F
:1096C00008F10908D0D10135EDB2092D0AF1010ADE
:1096D000C7D13B78019A934204BF00233B70337893
:1096E0000133DBB21C2B3DD900233370234E0B23F7
:1096F0003546671E3046294609220B2B04D190F8C7
:1097000000C0644508BF077011F809CC013AA445B0
:1097100024BF01F8097C0C7012F0FF0201F1010175
:1097200000F10100E9D1013B13F0FF03A5F10905A8
:10973000E0D1002007B0BDE8F08F98F80020002AA3
:10974000A0D094429ED939780198814204BF02F199
:10975000FF3288F8002095E76243B2FBFBF200235A
:10976000D2B2A6E73370E4E7084A0020CB300020ED
:10977000CC300020C8300020545555052F31002032
:109780002DE9F04F85B006460F461546FBF7A0FFC2
:109790008046002852D0002D53D03946304602AAC8
:1097A000FFF7E0FD0446DFF8D49099F80030234439
:1097B000082B23DDC4F1080A611C5246494409F113
:1097C0000100F6F7E7FE04F109015246494409F1A8
:1097D0000900F6F7DFFE09EB44014FEA4A021931AE
:1097E00009F11900F6F7D6FE04F111015246494479
:1097F00009F11100F6F7CEFE89F800A0002299F8D1
:1098000000C011469146DFF874E00DF1080BD0B2AC
:1098100000EB0C03DBB28442019314D86444E4B23D
:1098200009B1164B1C704DB1154B1B7803F0FC03AE
:10983000802B03D139463046FFF7FEFC05B0BDE86A
:10984000F08F2C46AFE7019B1BF801AB0EEB03003A
:109850000C4B0AF1340103EB41010B794979437058
:10986000019B41720C330EEB4303414680F811A07B
:1098700083F8019083F802900132C8E73B31002061
:10988000084A00209A0C00200C4B1B68C3F381236C
:10989000022B0CD0032B0ED0012B4FF0000203D073
:1098A00011461420FFF7B2BE14211046FAE700213A
:1098B00014220846F6E71422F2E700BF104A0020FF
:1098C000012070470120704708B5FFF7FBFF08BD76
:1098D00008B5FFF7F5FFFFF7F7FF08BDC0EBC000C5
:1098E00043000020DBB203F10E02D2B2442A63F33C
:1098F0000700134628BF442382B063F30F2002B051
:10990000704700002DE9F04F074689B000780291BA
:10991000FFF7E4FFDFF8BC802F4A98F80450C4B288
:109920006B081588C0F3072B03FB05552B4BC5F3BC
:10993000072503EB440603F1F409E3B29B4507D87E
:10994000BBF1430F8CBF0020012009B0BDE8F08FB0
:1099500014F809207B781A4238D096F86D2096F8D2
:109960006C10203A92B202FB02F070391FFA81FAB1
:109970000AFB0A0080B20392FEF72FFF98F801C09D
:10998000034698F8020098F803E0039A4CEA002096
:1099900012B20FFA8AF1DDF808C040EA0E400095D5
:1099A000E047C0F307238DF81C00C0F307408DF893
:1099B0001D308DF81E000798FFF73AFCC0F30743EF
:1099C000C0F30722C1B22046FFF7E8FC023601349B
:1099D000B3E700BF084A0020104A00209A0C00207C
:1099E0000149FFF78FBF00BF3F9100080149FFF712
:1099F00089BF00BF859100080149FFF783BF00BF01
:109A0000858A00080149FFF77DBF00BFFB91000870
:109A10002DE9F04F074685B00078FFF75FFF8A46D3
:109A2000DFF89880264A98F80450C4B26B0815886D
:109A3000C0F3072B03FB0555224BC5F3072503EBAA
:109A4000440603F1F409E3B29B4507D8BBF1430F89
:109A50008CBF0020012005B0BDE8F08F14F809206C
:109A60007B781A4226D098F8023098F8010098F8CE
:109A700003C096F86D2096F86C1040EA0320203A57
:109A800070392B4640EA0C40D047C0F307238DF8CD
:109A90000C00C0F307408DF80D308DF80E000398D0
:109AA000FFF7C6FBC0F30743C0F30722C1B220464D
:109AB000FFF774FC02360134C5E700BF084A0020F6
:109AC000104A00209A0C00200149FFF7A1BF00BFF7
:109AD000AF9000080149FFF79BBF00BFF790000857
:109AE0000149FFF795BF00BFB78A00080149FFF79A
:109AF0008FBF00BFCB9100082DE9FF4706460078D5
:109B0000FFF7ECFE88461F4F1F4B3D791B88AD08C1
:109B100002355D43DFF874A0C0F30729C5F30725BC
:109B2000C4B2E1B2894507D8B9F1430F8CBF002018
:109B3000012004B0BDE8F08714F80A2073781A42B7
:109B40001DD0B8787B782A4643EA0023F87843EAA8
:109B50000040C047C0F307238DF80C00C0F3074056
:109B60008DF80D308DF80E000398FFF761FBC0F300
:109B70000743C0F30722C1B22046FFF70FFC0134B0
:109B8000CFE700BF084A0020104A00208E0D0020B9
:109B90000149FFF7B1BF00BF9D8800080149FFF7E9
:109BA000ABBF00BFE98800080149FFF7A5BF00BFB0
:109BB000418900080149FFF79FBF00BF998900084C
:109BC0000149FFF799BF00BFC18900080149FFF7AC
:109BD00093BF00BFF98900080149FFF78DBF00BF9F
:109BE000318A00080149FFF787BF00BF598C000880
:109BF0000149FFF781BF00BFA58C00080149FFF7AD
:109C00007BBF00BF058D0008837810B5044623B1E3
:109C1000442200210448F6F7AFFD2046BDE810407D
:109C20000249FFF769BF00BF60320020898F00083A
:109C30000149FFF761BF00BFE98F00082DE9F04F30
:109C4000814689B000780391FFF748FEDFF8A8A0AD
:109C50002A4A9AF80440C6B2A3081488C0F307251C
:109C600003FB0444C4F3072404F14000C0B2FEF730
:109C7000F5FDA0F180072046FEF7F0FDDFF880B08B
:109C8000A0F180087FB24FFA88F8F3B29D4206D85F
:109C9000432D8CBF0020012009B0BDE8F08F16F8DD
:109CA0000B1099F80120114224D09AF802209AF85A
:109CB00001009AF803C040EA02203946424640EAD1
:109CC0000C400094DDF80CC0E047C0F307238DF88A
:109CD0001C00C0F307408DF81D308DF81E0007985A
:109CE000FFF7A6FAC0F30743C0F30722C1B230461C
:109CF000FFF754FB0136C8E7084A0020104A00204D
:109D00008E0D00200149FFF799BF00BF058B0008A9
:109D10000149FFF793BF00BF558B00080149FFF7CA
:109D20008DBF00BFA58B00082DE9F04F334D0746CE
:109D300085B00078FFF7D2FD2E794FF6FF7301361C
:109D4000FF2E28BFFF268846B3FBF6F6DFF8B0B03B
:109D5000DFF8B0A0C0F30729C4B2E0B2814507D84C
:109D6000B9F1430F8CBF0020012005B0BDE8F08F92
:109D700014F80B207B781A422ED09AF80030224932
:109D8000013B5BB21A0629D532462B79A878591CBB
:109D9000FF290B4628BFFF2303FB02226B78C2F387
:109DA0000F2143EA0023E87843EA0040C047C0F3AC
:109DB00007238DF80C00C0F307408DF80D308DF8A7
:109DC0000E000398FFF734FAC0F30743C0F30722ED
:109DD000C1B22046FFF7E2FA0134BEE75A5C824284
:109DE0000AD103F10C020AEB420292F801C0927808
:109DF0004CEA0222B242C8D3013BC3E7084A002022
:109E00008E0D0020144A0020254A00200149FFF74A
:109E10008BBF00BF518D00080149FFF785BF00BF10
:109E20008B8D00082DE9F04F82468DB008780492A2
:109E3000FFF754FD8B46414BC5B21B78C0F3072991
:109E400003933F4B03EB4507F4330593EBB299457E
:109E500007D8B9F1430F8CBF002001200DB0BDE839
:109E6000F08F059BEA5C9BF801301A4221D0D04666
:109E70000024032233490AA8F6F78CFB2F4B0AF182
:109E800001061E44039A5FFA88F39A4214D82E4BB7
:109E9000D87800FB044424128DF82A400A98FFF772
:109EA000C7F9C0F30743C0F30722C1B22846FFF742
:109EB00075FA01350237C9E716F8013B97F86C10BF
:109EC00097F86D20C91AF37989B2D21A92B202FBBF
:109ED00002F001FB010080B207920691FEF77DFCC3
:109EE000194B164A93F804E008F10C030EF1010E29
:109EF000BEF1FF0F28BF4FF0FF0E02EB430393F8B4
:109F000001C09B78079A4CEA032C0EFB0CCC0699F7
:109F1000CCF30F238DF82A400093049C034612B221
:109F20000A9809B2A047C0F307238DF828008DF8DE
:109F30002930C0F3074408F10108A3E7144A0020C0
:109F40009A0C0020094A0020084A0020044B0146D0
:109F50001B78044A013B23EAE373D8B2FFF762BFE0
:109F6000144A0020C58D00080146024A0020FFF770
:109F700059BF00BFC58D0008044B01461B78044A39
:109F8000013B23EAE373D8B2FFF74CBF144A002029
:109F90000D8E00080146024A0020FFF743BF00BFB4
:109FA0000D8E0008044B01461B78044A013B23EA4E
:109FB000E373D8B2FFF736BF144A0020818E000841
:109FC0000146024A0020FFF72DBF00BF818E000826
:109FD000044B01461B78044A013B23EAE373D8B2E1
:109FE000FFF720BF144A0020F98E00080146024AFC
:109FF0000020FFF717BF00BFF98E0008044B014691
:10A000001B78044A013B23EAE373D8B2FFF70ABF87
:10A01000144A0020458F00080146024A0020FFF73D
:10A0200001BF00BF458F0008F7B506460078FFF76F
:10A0300055FC184AC5B25378C0F307249078164FE0
:10A0400043EA0023D07843EA0040FFF7F1F8C0F379
:10A0500007238DF80530C0F307438DF804008DF811
:10A060000630EBB29C4205D8432C8CBF0020012067
:10A0700003B0F0BDEA5D73781A4208D028469DF817
:10A0800006309DF805209DF80410FFF787F901358B
:10A09000E7E700BF084A00208E0D00202DE9FF41B0
:10A0A00006460078FFF71AFCDFF89C80032208F1CF
:10A0B0000101C4B2C0F3072501A8F6F76BFA0198B5
:10A0C00098F80170FFF7B4F8C0F307238DF8093052
:10A0D00098F804308DF808001F448DF80470C0F320
:10A0E00007408DF80A000198FFF7A2F8C0F3072394
:10A0F0008DF80D30154FC0F307438DF80C008DF827
:10A100000E30E3B29D4206D8432D8CBF00200120C3
:10A1100004B0BDE8F081E35D7278134211D0DB0733
:10A12000204643BF9DF80E309DF80D209DF80C1081
:10A130009DF80A305CBF9DF809209DF80810FFF7D4
:10A140002DF90134DDE700BF084A00208E0D002004
:10A150002DE9FF4707460078FFF7C0FBDFF86C806A
:10A160000322C4B2C0F3072508F1010102A8F6F7E3
:10A1700011FA98F80460DFF858900136B608A9F192
:10A18000870AE3B29D4206D8432D8CBF00200120F0
:10A1900004B0BDE8F08714F809207B781A4213D088
:10A1A0001AF814301A0998F8013002FB06338DF8BA
:10A1B00008300298FFF73CF8C0F30743C0F30722CA
:10A1C000C1B22046FFF7EAF80134DAE7084A002076
:10A1D0008E0D00202DE9FF4707460078FFF77EFB34
:10A1E000DFF870800322C4B2C0F3072508F1010133
:10A1F00002A8F6F7CFF998F80460DFF85C90013612
:10A20000B608A9F1880AE3B29D4206D8432D8CBF57
:10A210000020012004B0BDE8F08714F809207B7805
:10A220001A4214D01AF8143006FB03F298F80130E1
:10A2300003EB52138DF808300298FEF7F9FFC0F3D4
:10A240000743C0F30722C1B22046FFF7A7F8013445
:10A25000D9E700BF084A00208E0D00202DE9F04FFD
:10A26000074685B00078FFF739FB0A23354E88464C
:10A270003579DFF8D4A0B5FBF3F5344B02351B88F4
:10A28000EDB25D43C0F30729C5F30725C4B2AAF1B7
:10A29000870BE1B2894507D8B9F1430F8CBF002085
:10A2A000012005B0BDE8F08F14F80A207B781A422F
:10A2B00029D01BF81430B078202B73782A4643EA53
:10A2C0000023F07843EA00401FD9C047C0F30723BA
:10A2D0008DF80800C0F307408DF809308DF80A00AA
:10A2E0000298FEF7A5FFC0F30722C0F307418DF8DF
:10A2F00005208DF806108DF80400C3B2D2B2C9B2A1
:10A300002046FFF74BF80134C3E7C047C0F30723EB
:10A310008DF80C00C0F307408DF80D308DF80E005D
:10A320000398FEF785FFC0F30722C0F307438DF8BB
:10A3300005208DF806308DF80400DBB2D2B2C1B230
:10A34000DEE700BF084A00208E0D0020104A0020E2
:10A350000149FFF783BF00BF098C0008F7B50378F8
:10A360000546C3B91E4B1B791033FF2B28BFFF23B3
:10A370001A461C4B1B8802FB03330A22C3F30F232C
:10A38000B3FBF2F102FB11339BB223B94420FEF779
:10A390005DFA154B18802878FFF7A0FA0446AB78D1
:10A3A000C6B2C4F3072493B90F4F3888864210D839
:10A3B000A0420ED26978C0B2FFF7FCF845233B807B
:10A3C00007E030466978FFF7F5F80136F6B2A642A5
:10A3D000F7D3432C8CBF0020012003B0F0BD00BF99
:10A3E000084A0020104A0020DE0E0020F7B503784E
:10A3F0000546CBB91E4B1B791033FF2B28BFFF231B
:10A400001A461C4B1B8802FB03330522C3F30F23A0
:10A41000B3FBF2F202EB82029B1A9BB223B94420F7
:10A42000FEF714FA144B18802878FFF757FA044601
:10A43000AB78C6B2C4F3072493B90F4F388886426D
:10A4400010D8A0420ED26978C0B2FFF789F8452330
:10A450003B8007E030466978FFF782F80136F6B2B4
:10A46000A642F7D3432C8CBF0020012003B0F0BDDF
:10A47000084A0020104A0020DC0E00202DE9F04F91
:10A48000804687B00078FFF729FAC3B2009398F8A6
:10A490000230C0F307264BB1002211461046FFF7E9
:10A4A000B5F86C2200213C48F6F766F998F80030C0
:10A4B0006BB93A4C208802F013FF18288CBF012298
:10A4C0000022374B1A7002D902F092FF208000253B
:10A4D000DFF8D0B02C46A94603E0B9F10D0F54D8EF
:10A4E0000024314905EBC50A01EB0A031A19019250
:10A4F0001B5D009A934240D3B3423ED20B4493F883
:10A50000F42098F8013009F101091A425FFA89F93B
:10A5100033D0214B9BF803209A441AF80470A7F11A
:10A52000550323EAE373C3F1AA038DF810309BF8B7
:10A5300002308DF8113007F1AA03FF2B28BFFF234B
:10A5400003EB43030233DBB202FB03331B128DF830
:10A5500012300498FEF76CFEC0F30743C0F30722E5
:10A56000C1B201980078FEF719FF0D4B1B7823B19B
:10A57000013F27EAE7770AF804700134E4B2092CB6
:10A58000AFD10135EDB20C2DA7D1432E8CBF0020E9
:10A59000012007B0BDE8F08FCC300020383100201A
:10A5A000C9300020084A00209A0C0020F7B5037833
:10A5B0000546CBB91E4B1B790533FF2B28BFFF2364
:10A5C0001A461C4B1B8802FB03330522C3F30F23DF
:10A5D000B3FBF2F202EB82029B1A9BB223B9442036
:10A5E000FEF734F9144B18802878FFF777F9044602
:10A5F000AB78C6B2C4F3072493B90F4F38888642AC
:10A6000010D8A0420ED26978C0B2FEF76BFF452386
:10A610003B8007E030466978FEF764FF0136F6B20A
:10A62000A642F7D3432C8CBF0020012003B0F0BD1D
:10A63000084A0020104A0020E40E0020F7B50378F5
:10A640000546CBB91E4B1B790533FF2B28BFFF23D3
:10A650001A461C4B1B8802FB03330522C3F30F234E
:10A66000B3FBF2F202EB82029B1A9BB223B94420A5
:10A67000FEF7ECF8144B18802878FFF72FF9044602
:10A68000AB78C6B2C4F3072493B90F4F388886421B
:10A6900010D8A0420ED26978C0B2FEF7DDFE452385
:10A6A0003B8007E030466978FEF7D6FE0136F6B209
:10A6B000A642F7D3432C8CBF0020012003B0F0BD8D
:10A6C000084A0020104A0020E20E0020F7B5037867
:10A6D0000546CBB91E4B1B790533FF2B28BFFF2343
:10A6E0001A461C4B1B8802FB03330522C3F30F23BE
:10A6F000B3FBF2F202EB82029B1A9BB223B9442015
:10A70000FEF7A4F8144B18802878FFF7E7F8044602
:10A71000AB78C6B2C4F3072493B90F4F388886428A
:10A7200010D8A0420ED26978C0B2FEF74FFE452382
:10A730003B8007E030466978FEF748FE0136F6B206
:10A74000A642F7D3432C8CBF0020012003B0F0BDFC
:10A75000084A0020104A0020E00E002007B50078CB
:10A76000FFF7BCF8C0F3072043288CBF002001206E
:10A7700003B05DF804FB13B50078FFF7AFF8C0F342
:10A7800007242146C0B2F7F7CBFC432C8CBF002036
:10A79000012002B010BD00002DE9F04F764B8BB0C8
:10A7A0001B78764D834200904FD1754A2B781278F2
:10A7B00003F003039B1A18BF0123724C6278A37045
:10A7C0006B799A4205D00022114610466370FEF75D
:10A7D0001DFF009B342B3AD8013B332B51D8DFE8C7
:10A7E00013F059005E00620066006A006E0072009D
:10A7F00076007A007E00820086008A008E00920039
:10A8000096009A009E00A200A600AA00AE00B20028
:10A81000B600BA00BE00C200C600D50040010B025F
:10A82000B902BD02C102C502C902CD02D102D502E0
:10A83000D902DD02E102E502E902ED02F102F502D0
:10A84000F902FD020103050309030123B5E7009B9B
:10A85000FF2B00F0D38200244A4B1A7801321A7081
:10A86000002C40F0D0820221474A9B781170002BC7
:10A8700040F0C982009B002B40F0C5820323137077
:10A88000C1E2A478002CE7D0002211461046FEF762
:10A89000BDFEE0E73B48FFF7C7FB0446DCE739486D
:10A8A000FFF7FCFBF9E73748FFF752FCF5E73548BF
:10A8B000FFF790FCF1E73348FFF76AF9EDE731481D
:10A8C000FFF76CF9E9E72F48FFF76EF9E5E72D4848
:10A8D000FFF7FAF8E1E72B48FFF7FCF8DDE7294836
:10A8E000FFF77EF8D9E72748FFF780F8D5E7254836
:10A8F000FFF760F9D1E72348FFF762F9CDE7214878
:10A90000FFF764F9C9E71F48FFF766F9C5E71D4877
:10A91000FFF772F8C1E71B48FFF7E2F8BDE71948F7
:10A92000FFF7E4F8B9E71748FFF76CF8B5E7154803
:10A93000FFF7E8F9B1E71348FFF7EAF9ADE7114887
:10A94000FFF7ECF9A9E70F48FFF702FDA5E70D486F
:10A95000FFF704FDA1E70B48FFF748FD9DE7094815
:10A96000FFF740F999E70748FFF742F995E70548EF
:10A97000FFF744F991E700BFE90E0020084A0020E4
:10A98000EA0E0020E60E0020EB0E0020237833B9FB
:10A99000A37823B14420FDF759FF904B187020781D
:10A9A000FEF79CFFDFF83882DFF83892D8F80020F5
:10A9B000D9F80030ADF81C009A42C0F307263FD208
:10A9C000864F9DF81C303A78934226D8964224D977
:10A9D000854B134493F8F42063781A421DD0FDF799
:10A9E00023FF820731D500238DF820308DF82130E8
:10A9F0008DF822300898FEF71BFCC0F30722C0F345
:10AA000007438DF824008DF825208DF82630C1B23B
:10AA1000DBB23878D2B2FEF7C1FC432E10D9442005
:10AA2000FDF714FF4FF4E0622979D9F8003001FBFB
:10AA3000022203F50063A3EB12233870C8F800303C
:10AA4000432E8CBF0024012406E7FDF7EDFE8DF8B0
:10AA500020008020FDF7FAFE7F30EB788DF8210092
:10AA6000C6E7DFF88891DFF87CA1D9F80020DAF892
:10AA700000309A423FF6EFAEA3785D4EB3B10022AC
:10AA8000002711461046FEF7C1FDB046BB46FDF754
:10AA9000CBFE830724D588F800B088F801B088F889
:10AAA00002B00137442F08F10308F0D12078FEF7F7
:10AAB00015FFADF82000C0F30727C0B200EB400837
:10AAC000DFF830B1B044C3B29F4228D8432F94BFBF
:10AAD000012400247FF6C0AE4FF00008013F3BE0A8
:10AAE000FDF7A2FE8DF824008020FDF7AFFEEB7885
:10AAF0007F3007EB47028DF826308DF82500B3181C
:10AB0000099802920193FEF793FB029A019BB054BD
:10AB1000C0F30722C0F307405A709870C1E710F8DD
:10AB20000B2063781A4209D098F8023098F8012077
:10AB300098F800100190FEF731FC019808F1030825
:10AB40000130C0E701EB4100013101EB410103227B
:10AB500031443044F5F71EFD5FFA88F1B94208F13F
:10AB60000108EFDBFDF760FE10F0020F4FEA470827
:10AB700017D000234744F219F355537093702B7983
:10AB800040F6B8321033FF2B28BFFF2303EB03132B
:10AB90001B12B2FBF3F3DAF800201344C9F80030BB
:10ABA0005AE6FDF741FE8DF824008020FDF74EFEA9
:10ABB000EB787F308DF826308DF825000998FEF768
:10ABC00037FB4744F05506EB0708C0F30723C0F3F3
:10ABD000074088F8013088F80200D0E73A310020B9
:10ABE000B0320020104A00209A0C0020B832002019
:10ABF000943100208E0D0020A3784BB10022114625
:10AC00001046FEF703FD302200218048F5F7B4FD21
:10AC10002078FEF763FE7E4BADF820001A687D4B6E
:10AC2000C0F307241B689A4240F28F809DF82030C1
:10AC3000A87802936B784FF0000843EA0023E87885
:10AC4000754F43EA0040FEF7F3FAC0F307238DF88F
:10AC50002400C0F307408DF825308DF826006B4E98
:10AC6000049706EB8803059307F108030393002379
:10AC70000193059B13F8015B0593002D67D09DF8A8
:10AC800024A09DF825B09DF82650049B13F8010BD5
:10AC90000493039B13F801990393029B83420ED8FC
:10ACA00084420CD95C4B034493F8F4205B4B5B78F3
:10ACB0001A4204D02B465A465146FEF76FFB029BC0
:10ACC0004B450FD84C450DD9534B4B4493F8F420CA
:10ACD000524B5B781A4205D02B465A46514648469D
:10ACE000FEF75CFB019B0133042B0193C1D108F1FA
:10ACF0000108B8F10C0F07F10907B0D1432C24D992
:10AD0000002503223046711CF5F7BAFCFDF78CFDD7
:10AD100010F0030F0CBF0123002301350C2DF3703D
:10AD200006F10406EDD13E4B40F6B8321B791033E4
:10AD3000FF2B28BFFF2303EB03131B12B2FBF3F31C
:10AD4000334A12681344334A1360432C79E6AB4606
:10AD5000AA469AE73148FFF791FB9EE52F48FEF798
:10AD60005BFC9AE52D48FFF751F896E52B48FFF775
:10AD700053F892E52948FFF7E9F88EE52748FFF7F1
:10AD8000F3F88AE52548FFF7F7F886E52348FFF74B
:10AD900001F982E52148FFF705F97EE51F48FFF735
:10ADA0000FF97AE51D48FFF713F976E51B48FFF721
:10ADB0001DF972E51948FFF721F96EE51748FFF70D
:10ADC0002BF96AE51548FEF71FFF66E51348FFF704
:10ADD000EDFB62E51148FFF731FC5EE50F48FFF738
:10ADE00075FC5AE50D48FEF723FF56E50B48FFF7C3
:10ADF000B5FC52E50948FFF7BEFC4EE5FEF744FD01
:10AE00000222084B1A700BB0BDE8F08F64310020AD
:10AE1000104A0020B43200209A0C0020E60E0020D8
:10AE2000084A0020EB0E00200120704737B500785B
:10AE30000138C0B2FEF752FDC0F30724C5B2214667
:10AE40002846FFF7F1FF21462846FAF7D1FA03B06A
:10AE500030BD00002DE9F041424C2068FCF710FAAB
:10AE60000546FCF7FDF92060002406463E48A4464E
:10AE700090F800E0C5F57F477146FF37E3B29E4585
:10AE80000FD8BCF1000F00D00170384CDFF8E08023
:10AE9000257898F80070032D36D8DFE805F01A37CA
:10AEA000465204F10C0200EB4202537892F8028001
:10AEB000013443EA08239F4229BF5B1901F1FF31A6
:10AEC0005370C3F307233ABF4FF0010CC9B293701C
:10AED000D4E70022274B24491A70274B2922274800
:10AEE0001E60F5F757FB264B1B784BB9FBF764FE4A
:10AEF000244B984204D8244B1B789A0718BF9D080E
:10AF0000012388F800502370BDE8F0813846FFF730
:10AF100043FC002FF8D02378022B01D1FEF7D8FC98
:10AF2000BDE8F0411348FFF781BF184B184A1F7066
:10AF3000154B1B78C3F301031370FEF727FA0323A5
:10AF4000E1E7144D2B7823B10F48FBF7E4FD002314
:10AF50002B70094B1868FCF793F90F28D4D90023FC
:10AF6000D1E700BFA83200203B310020EB0E0020CB
:10AF7000A4320020E60E0020104A0020144A0020CF
:10AF8000AC320020E0930400084A0020E90E0020C3
:10AF9000EA0E0020CA30002070B50024104B114D7D
:10AFA0001B68984710481022FF2100F8194BF5F74D
:10AFB000E3FB0E481022FF2100F8194BF5F7DCFBEC
:10AFC00001230B4E28463370FBF7A3FD2B7834701A
:10AFD00013F0FC0F03D1BDE87040FEF7A7B970BDB8
:10AFE00038160108084A0020144A00203B3100208E
:10AFF000CA30002070B504460A4E88B135787DB954
:10B000002846FFF7C9FB084B084A1D70084B1B7800
:10B01000C3F301031370FEF7B9F90322054B1A704D
:10B02000347070BDAC320020E90E0020EA0E002022
:10B03000084A0020EB0E0020044A137883F0010335
:10B0400013700022024B1A70FEF704B8084A002061
:10B05000EB0E00200020FFF7EFBF0120FFF7ECBF51
:10B06000064A137813F0030304BF05490B7001214E
:10B07000137861F301031370704700BF084A002082
:10B08000EB0E002008B5FFF7EBFFBDE808400120FC
:10B09000FDF7E0BF054B1A7892071EBF0021044A56
:10B0A00011701A786FF301021A707047084A002075
:10B0B000EB0E002008B5FFF7EDFFBDE808400120CA
:10B0C000FDF7C8BF024B187800F00300704700BFBF
:10B0D000084A002010B40B4C024623780846990712
:10B0E0000ED04AB9012262F3870300222370064B77
:10B0F0001A7010BCFDF7AEBF342A88BF3422F2E7C5
:10B1000010BC7047084A0020EB0E00200021FFF71A
:10B11000E1BF000038B5FFF7BDFF0123084C094D22
:10B1200020462B70FBF7F5FC002320782B7083075B
:10B1300004D0BDE838408008FFF7E8BF38BD00BF45
:10B14000084A0020CA3000200121FFF7C3BF0000D9
:10B15000014B187880087047084A0020054B0146CB
:10B160001B789B080133352B34BF18460120FFF7AD
:10B17000B1BF00BF084A00200120FFF7EFBF000069
:10B18000064B01461B78C3F38503013B13F0FF0315
:10B1900014BF18463420FFF79DBF00BF084A0020A7
:10B1A0000120FFF7EDBF000030B4084C05461846FB
:10B1B00023789B0708D0962A28BF96226570A17035
:10B1C000E27030BCFDF746BF30BC7047084A002033
:10B1D0000023FFF7E9BF0123FFF7E6BF07B503220E
:10B1E000094901A8F5F7D6F900209DF8043063F36A
:10B1F00007009DF8053063F30F209DF8063063F3D8
:10B20000174003B05DF804FB094A0020014B587851
:10B21000704700BF084A0020014B9878704700BF74
:10B22000084A0020014BD878704700BF084A002028
:10B23000034903464878CA7808308978FFF7B4BFD5
:10B24000084A00200120FFF7F3BF0000054910B4B1
:10B250004C780346083CCA78A0B2897810BCFFF746
:10B26000A3BF00BF084A00200120FFF7EFBF000086
:10B2700010B4064C0346A178E2781031FF2928BFAC
:10B28000FF216078C9B210BCFFF78EBF084A0020CA
:10B290000120FFF7EDBF000010B4064C0346A17873
:10B2A000E278103921EAE1716078C9B210BCFFF789
:10B2B0007BBF00BF084A00200120FFF7EDBF000060
:10B2C00010B4064C0346E278A1781E32FF2A28BF4C
:10B2D000FF226078D2B210BCFFF766BF084A002098
:10B2E0000120FFF7EDBF000010B4064C0346E278E2
:10B2F000A1781E3A22EAE2726078D2B210BCFFF75F
:10B3000053BF00BF084A00200120FFF7EDBF000037
:10B31000024B18710020FDF79DBE00BF084A0020B7
:10B32000024B18710120FDF795BE00BF084A0020AE
:10B33000014B1879704700BF084A0020044A13796E
:10B340002833FF2B28BFFF231371FDF783BE00BFF7
:10B35000084A00200120FFF7F1BF0000034A1379DB
:10B36000283B23EAE3731371FDF774BE084A0020FB
:10B370000120FFF7F3BF0000084A5379FF2B08D0E4
:10B380004BB9012383F001030549CB5C5371FDF7F1
:10B3900061BE0023F6E70023F6E700BF084A00205D
:10B3A000341601080120FFF7E7BFFFF7FBBFF0B538
:10B3B00045180446194610460026AC4200D3F0BD9D
:10B3C00014F8012B4FEA011C424093184FEA021E69
:10B3D00041EB01004CEA127C13EB0E0340EB0C0036
:10B3E0004FEA421E9B184FEA411C41EB00004CEA19
:10B3F000D26C13EB0E0340EB0C004FEAC21E4FEA77
:10B40000C11C17024CEA526C13EB0E034FEA0121E8
:10B4100040EB0C0041EA1261DA1940EB01013944BA
:10B42000B018CAE7FAF754B908B508220021034852
:10B43000F5F7A2F9BDE8084000F036B9BC320020AB
:10B440008378C078013303F003031B1A5842584134
:10B45000704710B50446FFF7F3FF78B9A37801F001
:10B460007F01E01841EAC21101710120013303F0AC
:10B470000303A37023780133237010BD0020FCE781
:10B4800010B5C37884789C4211D003441B79C3F370
:10B49000C014C3F306030B701470C378013303F0B8
:10B4A0000303C370437801334370012010BD0020B3
:10B4B000FCE700000A4601460148FFF7CABF00BF8B
:10B4C000BC3200200A4601460148FFF7D9BF00BF41
:10B4D000BC32002070B50025FC2686B00DF10701B6
:10B4E0000DF10600FFF7EEFF044610B9284606B03E
:10B4F00070BD9DF806309DF807208DF8083062B3C6
:10B50000FD238DF8093001F073FF4FF48173ADF81E
:10B510000A00ADF80C30DDE90201FAF7ABFA64205D
:10B5200003F059FB9DF806309DF807208DF8103088
:10B53000E2B1FD238DF8113001F05AFF0223ADF87E
:10B540001200ADF8143006AB13E90300FAF792FAD3
:10B55000642003F040FB2546C0E78DF8096001F048
:10B5600047FF40F20313ADF80A00D2E78DF81160EF
:10B5700001F03EFF0323ADF81200E2E710B5FFF73C
:10B5800051FF044610B1FFF7A5FF04460A4B1A7895
:10B5900032B100221A70094B9A78DA701A785A7010
:10B5A00000F0E6F8FFF73EFF18B1FFF793FF044302
:10B5B000E4B2204610BD00BFC4320020BC320020DF
:10B5C00008B508220149F4F7E5FF08BDBC320020A8
:10B5D0000122014B1A707047C43200204FF41650FC
:10B5E00003F030B969B1084B53F82000431C0AD06E
:10B5F000012100F00F032022994020F00F0004F0F9
:10B60000B3BD024BF0E77047CC320020C8320020B7
:10B6100079B1094B53F820305A1C1FBF23F00F0299
:10B62000106903F00F03D84014BF00F001000020A0
:10B630007047024BEEE700BFCC320020C83200203A
:10B64000704700002DE9F0410025154F3B78ECB222
:10B65000A3420CD8FFF7C2FF0026DFF848803B78F2
:10B66000F5B2AB420DD8FFF7EBFFBDE8F08100214A
:10B670002046FFF7B7FF01212046FFF7B3FF013552
:10B68000E4E700212846FFF7C3FF012104462846CE
:10B69000FFF7BEFF44EA400408F805400136DEE744
:10B6A000D0320020C632002010B5FCF79DF80022F1
:10B6B0000D4B0E4C1A70FCF797F880F001002070CB
:10B6C000FCF792F8FCF790F818B1BDE81040FFF7CE
:10B6D000B9BF2378002BF8D0054B064A1A60064BF9
:10B6E000013A1A60F1E700BFD1320020D0320020C9
:10B6F000C832002007040040CC32002070B541EA77
:10B700004203174A0446115CDBB201F00300834296
:10B7100024D043EA8103DBB21355124A124E157846
:10B72000124A03F00F03D35C325D254413445BB22D
:10B73000012BEDB2335503DD00212846FFF7BAFE99
:10B740003357013303DA01212846FFF7B3FE33579D
:10B75000002B03F00103B8BF5B42335570BD00BF3F
:10B76000C6320020D1320020C5320020481701081F
:10B77000F8B500250A4F3B78ECB2A34200D8F8BDDB
:10B7800000212046FFF744FF012106462046FFF72F
:10B790003FFF314602462046FFF7B0FF0135EAE79A
:10B7A000D0320020C1F10301490040FA01F3022226
:10B7B00013F0010F14BF0E23082302FA01F1014216
:10B7C0001ABFA3F12000C0B243F080007047000010
:10B7D00010B50A4C40F282224FF40041084804F0B0
:10B7E000C3FC204603F04CFF2046064903F0D2FE7E
:10B7F0002046BDE8104003F0E9BE00BF1C4F00200A
:10B80000000400405817010830B5044D00EB40001B
:10B810002C186270A370295430BD00BF3D4A00202F
:10B8200070B5134605460E4600242046324629468A
:10B830000134FFF7E9FF442CF7D170BD2DE9F84F33
:10B8400008271D4D1D4C002695F800B095F801A065
:10B8500095F80290A4F1080831465846FFF7A2FF78
:10B860000136042E08F8010BF6D10026A4F10408D5
:10B8700031465046FFF796FF0136042E08F8010BBB
:10B88000F6D1A046002631464846FFF78BFF013629
:10B89000042E08F8010BF6D10C37B7F54E7F05F1F1
:10B8A000030504F10C04CED14FF46971BDE8F84FE3
:10B8B000034A044803F0A5BE3D4A0020DE320020C2
:10B8C000D23200201C4F0020FBF70EB908B5FBF761
:10B8D0008BFF002814BF01200720FBF7ADFD00F00F
:10B8E000010008BD08B5FBF7F1FEC82003F073F9AD
:10B8F000FBF7ECFEFFF7EAFF28B1FFF7E5FFBDE835
:10B90000084001F08DBD08BD08B5FFF7EBFF08BD8D
:10B91000704703460144FF20994200D1704713F855
:10B92000012B5040082210F0800F4FEA400018BF52
:10B9300080F03100013AC0B2F5D1EDE72DE9F843CE
:10B94000154698460246002838D0B9B3B5B3ABB314
:10B95000034600241F4613F8100B60BB8446184EA4
:10B9600096F800E00EF10104E4B23470C4B1002393
:10B970004FEA031912F80990A14511D001338B4207
:10B98000F6D1BCF1000F00D034703C7001F0FAFC2D
:10B99000089B05447D603078C7F80880FB6006E0AE
:10B9A000631CA6454FF0010CDBB202D13370BDE839
:10B9B000F8831C46DAE701348C42CBD10020F6E74D
:10B9C000F836002030B568B181B18AB10024034651
:10B9D00010F8105B954206D1002201201A705A60BF
:10B9E0009A60DA6030BD0134A142F0D10020F9E75D
:10B9F0001046F7E72DE9F041154604460E4601F0E2
:10BA0000C1FC2B680746C31A002B03DD2860002504
:10BA1000B54201D1BDE8F08194F80080B8F1000F83
:10BA20000DD06068C31B002B09DCA368E168984750
:10BA30002378434503D128B163680344636001352B
:10BA40001034E5E720706060A060E060F7E7000078
:10BA500007B50B460092082102460348FFF76EFF28
:10BA600003B05DF804FB00BF7836002002460821D1
:10BA70000148FFF7A7BF00BF783600200821024A1F
:10BA80000248FFF7B7BF00BFFC3600207836002021
:10BA900013B50446012100680DF1070200F046F9D4
:10BAA00023689DF807000133236002B010BD082011
:10BAB000704700F097B800F0B2B800F0CCB800F0D2
:10BAC000E9B82DE9F84300F08BF800250026ECB228
:10BAD00012E05FFA87F94A4641462046F9F706FE2A
:10BAE000013703464A464146204600F098F8092FA0
:10BAF000EFD101360C2E03D000275FFA86F8E8E775
:10BB0000012200212046F9F705FE0122034600210B
:10BB1000204600F0BFF8002220461146F9F7FAFD52
:10BB20000022034611462046013500F0B3F8082DE7
:10BB3000CCD1BDE8F88300F0C9B800F0DFB8072821
:10BB400010B406D80B2904D8082A02D810BC00F07B
:10BB500049B8002010BC7047072802D809B900F086
:10BB60007AB8002070471020704708B500F0DBF865
:10BB700080B208BD00F0DAB800F0F8B808B500F0FF
:10BB800030F8BDE8084000F00CB900000F2873B58C
:10BB9000044613D800F0C7F8012101AA013800F0CB
:10BBA000C5F89DF804504DB900F0BDF806463CB903
:10BBB00022460A4801A9019500F04CFD02B070BD73
:10BBC000B542FBD00121284601AA00F0AFF89DF84C
:10BBD00004300BB9013CE4B20135E8E791BA000842
:10BBE00070477047072838B517D80B2915D8082A89
:10BBF00013D81225520005FB0122D82505FB00258C
:10BC000005F29D30FCF762F9040205F29E30FCF764
:10BC10005DF9A4B2204380B238BD0020FCE70728BC
:10BC200038B51D4616D80B2914D8082A12D8122464
:10BC3000520004FB0122D82404FB0024190A04F258
:10BC40009D30FCF7ABF9E9B204F29E30BDE8384014
:10BC5000FCF7A4B938BD072870B5164618D8B9B98D
:10BC6000002A4FEA800000F65D2514BF0020022064
:10BC70002844FCF72BF9002E4FEA002414BF0120C2
:10BC800003202844FCF722F9A4B2204380B270BDFF
:10BC90000020FCE7072870B516461D4615D8A1B947
:10BCA0008000002A00F65D2414BF00200220190A3B
:10BCB0002044FCF773F9002E14BF01200320E9B2E1
:10BCC0002044BDE87040FCF769B970BDF8B5144672
:10BCD000002700F29D355618B44200D1F8BD6FF42C
:10BCE0006773EB18B3F5D86F06D22846FCF7EEF869
:10BCF000207001350134EFE72770FAE770B514467C
:10BD000000F29D355618B44200D170BD6FF46773D0
:10BD1000EB18B3F5D86F03D228462178FCF73EF92B
:10BD200001340135EFE740F2835070472DE9F047C9
:10BD300000F67D2806460F461446454640F28259D5
:10BD40004FF0000AA5EB08039BB2BB4201D3BDE84C
:10BD5000F08733444B4506D82846FCF7B7F82070E7
:10BD600001350134EEE784F800A0F9E72DE9F84346
:10BD700000F67D2806460F461446454640F2825995
:10BD8000A5EB08039BB2BB4201D3BDE8F883334463
:10BD90004B4503D828462178FCF700F901340135DA
:10BDA000EEE70023F0B55A2440F2835640F67D2595
:10BDB00085B0CDE9003302930393013C01D105B076
:10BDC000F0BD102E374628BF102729463A46684650
:10BDD000FCF7CAF83D44F61BEFE7000047F61643B0
:10BDE000984210B50C461BD1FAF734FD62790D4B21
:10BDF00072B100F0AA00002815BF012200223520F0
:10BE000029201A7001F04EF9FAF7E8FD002010BD64
:10BE10001B78002B14BF3520292001F061F9F3E7CE
:10BE20000120F4E70037002010B5044648790028C7
:10BE300000F01081A4F5E044A3B2222B34D8864848
:10BE4000013CFAF762FE212C23D8DFE814F07100E0
:10BE5000F1007D003400390082003E00870096002A
:10BE60004D00E80052009B005700A000CE005C008F
:10BE7000A500D7006300AC00B60043008C0048006A
:10BE800091006A00B100C300E200E6002E007700D6
:10BE9000FA00714A137843F0010313706E48FAF701
:10BEA00036FEFAF7FFF8002010BD6B4A537843F0D6
:10BEB00008035370F2E7684A137843F00203ECE793
:10BEC000654A137843F00403E7E7634A137843F0C5
:10BED0000803E2E7604A537843F00103E9E75E4A6A
:10BEE000537843F00203E4E75B4A137843F010030E
:10BEF000D3E7594A137843F02003CEE7564A137824
:10BF000043F04003C9E7FAF7CDF8534A137843F0FA
:10BF10008003C2E7504A137823F00C0343F00C036C
:10BF2000BBE74D4A537823F0030343F00303C0E714
:10BF3000494B1A786FF300021A70AFE7464B5A78F4
:10BF40006FF3C3025A70A9E7434B1A786FF34102AB
:10BF5000F2E7414B1A786FF38202EDE73E4B1A7815
:10BF60006FF3C302E8E73C4B5A786FF30002E9E74E
:10BF7000394B5A786FF34102E4E7374B1A786FF385
:10BF80000412D9E7344B1A786FF34512D4E7324BD9
:10BF90001A786FF38612CFE7FAF784F82E4B1A78E7
:10BFA0006FF3C712C8E72C4A137823F00C0374E729
:10BFB000294A537823F003037BE727490B78C3F31F
:10BFC000800282F00102D2B262F3820362F3C30301
:10BFD0000B7063E720494B78DA4302F0010262F309
:10BFE000000362F341034B7058E71B490B78C3F31E
:10BFF000801282F0010262F38613E9E7FAF752F841
:10C0000015490B78C3F3C01282F0010262F3C71323
:10C01000DEE70120FAF785FD40E70020FAE70E4948
:10C020000B78C3F3001282F0010262F30413CFE72E
:10C0300009490B78C3F3000282F0010262F30003A6
:10C04000C6E705494B78C3F3C00282F0010262F3F0
:10C05000C303C8E7012027E7C849002000EB4003DD
:10C06000C3EB031300EB830003B2002B07DAB3F139
:10C07000800001D503F17F0040F30720704703F1F2
:10C080008000F9E7164B1B78D90707D5154B1878B0
:10C0900040007F281FD800B3C0B270479A0703D56D
:10C0A000104B18788000F4E75B0703D50D4B187828
:10C0B000C000EEE70C4B1B785BB10C4A09491278C3
:10C0C00008789342F4D25843C000B0FBF2F080B23B
:10C0D000DFE70820E0E77F2070470120704700BFBE
:10C0E0000C370020F00E00200D370020F10E00204C
:10C0F000144B1B78D90705D5134B18788008F8B175
:10C10000C0B270479A0703D50F4B18784008F6E77E
:10C110005B0705D50C4B18787F28F0D97F20704736
:10C120000A4B1B7853B10A4A0749127808789342A0
:10C1300036BF584380B2B0FBF2F0EDE70120DFE7F5
:10C14000012070470C370020F40E00200E3700202D
:10C15000F50E0020CD2808B505D1FFF793FF40422A
:10C16000294BD87008BDCE2802D1FFF78BFFF7E727
:10C17000CF2805D1FFF786FF4042234B9870F1E7A7
:10C18000D02802D1FFF77EFFF7E7D92804D1FFF7C7
:10C19000AFFF1D4B1871E5E7DA2803D1FFF7A8FFC1
:10C1A0004042F6E7DB2805D1FFF7A2FF4042164BDD
:10C1B0005871D7E7DC2802D1FFF79AFFF7E700F1C3
:10C1C0002F03DBB2072B08D801230F4AD13803FA1B
:10C1D00000F0537818435070C4E7DD2805D10B4AAE
:10C1E000137843F001031370BCE7DE2804D1074A3B
:10C1F000137843F00203F6E7DF28B3D1034A13783C
:10C2000043F00403EFE700BF063700200C3700209F
:10C21000364BCD2893F902200AD193F90310002957
:10C220000CDA0021D97052B90021314A117006E0B0
:10C23000CE280DD193F903100029F2DC72B11A79DE
:10C240005B7913435AB2002B4FD12A4B1A707047B7
:10C25000CF2806D1002AF1DA00229A7093F9032040
:10C26000E1E7D02802D1002AF6DCE7E7D92893F9E4
:10C27000041004D10029E1DD00211971DEE7DA287C
:10C2800002D10029DADAF7E7DB2893F9051004D1A7
:10C290000029D3DA00215971D0E7DC2802D1002926
:10C2A000F8DCCBE700F12F01C9B2072907D801213B
:10C2B000D1388140587820EA01005870BEE7DD2867
:10C2C00005D10D48017821F001010170B6E7DE28A3
:10C2D00004D10948017821F00201F6E7DF28ADD149
:10C2E0000548017821F00401EFE770470637002088
:10C2F0000D3700200E3700200C37002008B501F064
:10C3000077F8094BDA7899780A431CBF074A1080FE
:10C310001A795B7913431CBF054B18800248BDE8AE
:10C32000084000F0E1BD00BF0637002002370020C2
:10C3300004370020062208B500210548F4F71CFA4E
:10C340000023044A1370044A1370044A137008BD92
:10C35000063700200D3700200E3700200C37002054
:10C3600090F902305BB990F9033043B990F9043089
:10C370002BB990F90500003818BF01207047012043
:10C380007047000037B5594C062221466846F4F73D
:10C3900001F900239DF80220A370E37023716371FB
:10C3A0009DF8033013430AD0514B188800F098FFD2
:10C3B00050490B783BB3504A127890422CDC9DF8E0
:10C3C00004209DF8053013430BD04C4B188800F027
:10C3D00087FF4B490B78002B4ED04A4A1278904287
:10C3E00053DC6946414800F0B5FE18B93F48FFF7F5
:10C3F000B7FF08B1FFF782FF062269463B48F4F712
:10C40000C9F803B030BD0A253F4A12786A4390420A
:10C41000D5DD01330B7001E0FF2BFAD19DF90250FD
:10C420003DB1FFF72FFE002DCCBF0123FF23584362
:10C43000A0709DF903503DB1FFF724FE002DCCBF45
:10C440000123FF235843E07094F902000028B6D07E
:10C4500094F90320002AB2D0FFF700FE30B1A0709B
:10C460001046FFF7FBFD20B1E070A8E70123A370A1
:10C47000F6E70123E370A2E70A25244A12786A430B
:10C480009042AEDD01330B7001E0FF2BFAD19DF934
:10C4900004503DB1FFF72CFE002DCCBF0123FF233C
:10C4A000584320719DF905503DB1FFF721FE002D45
:10C4B000CCBF0123FF235843607194F90400002886
:10C4C0008FD094F90520002A8BD0FFF7C7FD30B13B
:10C4D00020711046FFF7C2FD20B1607181E7012392
:10C4E0002371F6E7012363717BE700BF0637002065
:10C4F000023700200D370020EF0E00200437002007
:10C500000E370020F30E0020EE0E0020F20E002069
:10C510004B4B4C4A2DE9F04113F80080C308D55C21
:10C52000494A00F00700D65C484A0541D75C0641FD
:10C5300015F0010547FA00F00C4606F0010600F080
:10C54000010711D0E120F9F7C7FA002C6AD0404862
:10C550004FF47A72A4FB00030021002300F2E730BD
:10C56000F3F744FE02F037FB8EB1E620F9F7B4FA98
:10C57000002C59D036484FF47A72A4FB00030021F6
:10C58000002300F2E730F3F731FE02F024FB2146EE
:10C590004046F9F723FB002C48D02D484FF47A721F
:10C5A000A4FB00030021002300F2E730F3F71EFE96
:10C5B00002F011FB86B1E620F9F7D6FAC4B324489D
:10C5C0004FF47A72A4FB00030021002300F2E7304D
:10C5D000F3F70CFE02F0FFFA85B1E120F9F7C4FA97
:10C5E00044B31B484FF47A72A4FB000300210023DC
:10C5F00000F2E730F3F7FAFD02F0EDFAF7B12C2084
:10C60000F9F70AFBC4B112484FF47A72A4FB000494
:10C610000023002100F2E730F3F7E8FDBDE8F04128
:10C6200002F0D9BA01209DE70120AEE70120BFE763
:10C630000120CFE70120DFE70120EFE7BDE8F0812F
:10C640008C1701080C1801086C1701087C170108E9
:10C65000A08601002DE9F84F304C0546A2FB0403EB
:10C660000E46174600234FF47A72002100F2E7309D
:10C67000F3F7BCFDA04681463046A84788B10128A3
:10C6800047D13046A847012804460CD13046A84778
:10C69000F9F7C2FA002F3AD0484602F09CFA002C73
:10C6A000EAD1BDE8F88F022804D13046A847F9F74F
:10C6B00013FAEFE7032804D13046A847F9F754FAF4
:10C6C000E8E70428E6D13046A8474FF0000B0446BF
:10C6D0004FF00A0A124BE15C11F004010ED1BBF1DC
:10C6E000000F12D040F2E7304FF47A720023CBFBF8
:10C6F0000801F3F77BFD02F06EFACBE73046A8475E
:10C70000303C0AFB0B4B0446E4E70120F3E7012031
:10C71000C3E73946FFF7FCFEAEE700BFA086010085
:10C72000610F0108F8B5144642791D469DF818704E
:10C73000284B92B11C7000F05BFE274B188004F16F
:10C740002003DBB2072B44D8012004F00704A040EB
:10C75000C0B2BDE8F840F9F767BA1E78A6422ED1FC
:10C760001D4B188800F0BCFDC72828D8AE4205F143
:10C77000200415D006F12003DBB2072B06D80120D8
:10C7800006F00706B040C0B2F9F757FAE3B2072B3C
:10C7900006D8012005F007039840C0B2F9F744FA23
:10C7A0003846E4B2F9F738FA072C12D8012005F020
:10C7B0000705A840C0B2BDE8F840F9F73EBA04F159
:10C7C0002003DBB2072B04D8012004F00704A040AB
:10C7D000F0E7F8BD0F370020103700200346A3F51F
:10C7E000F843183B07B50846062B3BD8DFE803F0B3
:10C7F000171E0410252C330026230093E12347F64F
:10C800001A411A46FFF78EFF002003B05DF804FBC3
:10C8100027230093E52347F61B411A46F2E7262318
:10C82000E022009347F61841E123EBE72723E422B7
:10C83000009347F61941E523E4E72623E22200931B
:10C8400047F61C41E123DDE72723E622009347F664
:10C850001D41E523D6E72823E522009347F61E4134
:10C860000123CFE7487918B10022024B1A70CCE7B8
:10C870000120CAE70F37002047F67743984270B58A
:10C8800006D047F67843984229D00124204670BD4F
:10C890004C7994B100F02CF8F9F78AFC00F028F8F4
:10C8A000044600F02BF8054600F02EF82946024613
:10C8B0002046F9F78BFD0024E8E700F019F8F9F7B6
:10C8C00083FC00F015F8054600F018F8064600F065
:10C8D0001BF8314602462846F9F778FDD6E74C7931
:10C8E00014B100F00BF8D7E700F008F8E7E7000014
:10C8F000014B1878704700BFF70E0020014B1878E5
:10C90000704700BFF80E0020014B1878704700BF39
:10C91000F60E002007B50DF107020DF106010DF12D
:10C92000050000F05EFA9DF80530262B0CD19DF82D
:10C930000630092B08D19DF80700A0F129035842C1
:10C94000584103B05DF804FB0020FAE720B129222A
:10C950000921262000F05CBAFF2211461046F9E7B3
:10C960007047704710B50446FFF7FBFF2046BDE84F
:10C97000104000F067BA08B500F032FA0020FFF767
:10C98000E5FF0020FFF7EEFFFFF79BF8FFF7F6F853
:10C99000BDE8084029220921262000F039BA08B54F
:10C9A000FFF7DEFF00F048FAFFF7DBFFFFF7B2FF0B
:10C9B00018B9BDE80840FFF7DEBF08BDFEF74ABB67
:10C9C00008B50346487940B1A3F5EE427F2A03D863
:10C9D000D8B2FFF7DBF8002008BD0120FCE700001B
:10C9E0002123054820210370002343701D238370F9
:10C9F0000423C370F6F732BA094B002022230548FE
:10CA00002021037001234370002383700623C37029
:10CA1000F6F724BA094B0020232304482021037091
:10CA2000002343708370C370F6F718BA094B0020D7
:10CA3000F8B547788678BB19442B07DDFD230F48EE
:10CA400043702021BDE8F840F6F708BA092E07D850
:10CA50000025C41CEBB29E4204F1030403D8F8BDC8
:10CA6000FE230648ECE7781914F8013C14F8022C70
:10CA700014F8031CFCF792FC0135EBE7094B00208E
:10CA800008B50020FEF742FBFEF704FBFEF7E8FACC
:10CA9000BDE808403320FEF739BB000027230348D8
:10CAA0002021037044234370F6F7D8B9094B0020C6
:10CAB000282303482021037002234370F6F7CEB9E0
:10CAC000094B0020FF23037070470020704710B50A
:10CAD00003780446013B032B0BD8DFE803F0020B7D
:10CAE0001215FEF79FFB9623C0EB0020B0FBF3F07E
:10CAF000607010BDFEF7E6FA0028F9D0FEF728FBBB
:10CB0000F6E7FEF715FCF3E7FEF780FB6070FEF733
:10CB100083FBA070EDE738B503780446013B032B97
:10CB20002CD8DFE803F002111E23FEF76FFB054649
:10CB3000FEF772FB9723627801465A43A8B2120AA5
:10CB4000BDE83840FEF744BB43781BB9BDE8384028
:10CB5000FEF7A0BAFEF784FA6078BDE83840FEF729
:10CB6000D5BA4078BDE83840FEF7D2BB4578847826
:10CB7000FEF758FB214602462846E1E738BD03464A
:10CB800010F8022B082A05D0092A05D0072A05D15A
:10CB9000FFF7C1BFFFF79BBFFCF7BCBBFF221A70BA
:10CBA000704708B54378032B03D1BDE80840FFF771
:10CBB000E6BFFFF787FF08BD70B504460D46FFF7D7
:10CBC00084FF002840F00B812378013B272B00F2E3
:10CBD0008380DFE813F028004B007C0096009C0067
:10CBE000A800AB00AB00AB0081008100B000B40036
:10CBF000BA00C500D000D300D600E100EC00F5007B
:10CC0000810081008100810081008100810081001C
:10CC10008100810081003200350038003B003F0078
:10CC2000420045004800002363700D23A37029468D
:10CC30002046BDE87040F6F711B9FFF7D1FEF6E7E0
:10CC4000FFF7DCFEF3E7FFF7E7FEF0E72046FFF72C
:10CC5000EFFEECE7FFF714FFE9E7FEF75BFAE6E724
:10CC6000FFF71CFFE3E7FFF723FFE0E76378013BF3
:10CC7000052B31D8DFE803F0030D101F302500F03D
:10CC800081FB030EA370030CE370030A2371607130
:10CC9000CDE700F0D1F8F4E7002322461946A67844
:10CCA000F0180B28C3D801330E2BD170117102F18B
:10CCB0000202F5D1BBE70023A370E3702371637117
:10CCC000B5E70023A370E37023710823F7E76378C7
:10CCD000022B04D0052B10D0FF232370A7E7E378A5
:10CCE000A07840EA0320237940EA0340637940EAD0
:10CCF000036000BAFFF736FE99E7A078FFF75EFE03
:10CD000095E7E278A1786078FEF7D3FEBDE7627917
:10CD10002379A17843EA02235BBAE27860789BB278
:10CD2000FEF7C9FE83E7FEF7CCFE80E729462046E2
:10CD3000FFF737FF7BE7FEF716FF607077E7FEF738
:10CD400014FF030A6370A07071E76078A378E1783C
:10CD500040EA032040BA221D80B2FEF70BFF66E7CF
:10CD60006078A378E17840EA032040BA221D80B2BF
:10CD7000FEF702FF5BE7FEF701FF58E7FEF797FEBD
:10CD8000DBE76078A378E17840EA032040BA221D0F
:10CD900080B2FEF7D0FE4AE76078A378E17840EAF7
:10CDA000032040BA221D80B2FEF7C7FE3FE7E278BB
:10CDB000A178003A18BF01226078FEF77EFE64E792
:10CDC00062792379A17843EA0223E2785BBA003AD8
:10CDD00018BF012260789BB2FEF771FE27E770BD95
:10CDE000704770B50D461446064620B140F29930A2
:10CDF000FBF76CF8307025B140F29A30FBF766F81B
:10CE0000287024B140F29B30FBF760F8207070BDB1
:10CE100038B50D461446014640F29930FBF7BEF88E
:10CE2000294640F29A30FBF7B9F82146BDE8384070
:10CE300040F29B30FBF7B2B808B54FF46770FBF7D0
:10CE400045F808BDC1B24FF46770FBF7A7B8000002
:10CE5000014B1860704700BF14370020014B186861
:10CE6000704700BF143700207047704708B500F0C6
:10CE7000F1F9431E5842584108BD0000014B18709B
:10CE8000704700BF1C37002010B5F8F721FC10B91F
:10CE9000064B187810BD064B18680028FAD00068B9
:10CEA0000028F7D0BDE81040004700BF1C37002025
:10CEB0001437002008B5FFF7E7FF08BD034B1B68D8
:10CEC00013B15B6803B11847704700BF14370020E7
:10CED000044A126822B1926812B10621017010470B
:10CEE000704700BF14370020044A126822B1D2688C
:10CEF00012B1022101701047704700BF14370020A3
:10CF00000B4B07B51A8882420FD01880094B1B685B
:10CF10005BB11B694BB103228DF80500000A8DF847
:10CF200006008DF8042001A8984703B05DF804FBC3
:10CF30001A370020143700200C4B07B51A8882429C
:10CF400010D018800A4B1B6863B11B6953B10422CF
:10CF50008DF80500000A8DF806008DF804200DEB11
:10CF60000200984703B05DF804FB00BF18370020AB
:10CF7000143700200E4B10B51C680234FFF776FF03
:10CF800068B10C4B93F90030002B08DA0A4B1C688F
:10CF90001E230234002023449C4202D110BD0623EC
:10CFA000F8E714F8012B002AF6D00130C0B2F3E7FD
:10CFB000D40D0020C8490020D80D002010B504462B
:10CFC00018B3FFF753FFB0B1124B93F90030002BA9
:10CFD00011DAEF2C4FEAD40217D80F4B04F00704F4
:10CFE0001B6813449A78012303FA04F4224214BF05
:10CFF0001846002010BD094B1B689A1C083312F814
:10D00000011BA14203D09A42F9D10020F2E701208E
:10D01000F0E700BFC8490020D80D0020D40D002043
:10D020004FF0FF32002330B5841C14F8015B8D42B1
:10D030000ED0B2F1FF3F02D1002D08BF1A460133D6
:10D04000DDB2062D5BB2F0D1531C01D010448170CB
:10D0500030BD002210B5831C083013F8014B8C4200
:10D0600008BF03F8012C8342F7D110BDEF294FEA26
:10D07000D10308D81844012301F0070103FA01F194
:10D080008378194381707047EF294FEAD10308D89C
:10D090001844012301F007018B40817821EA030144
:10D0A0008170704710B50446FFF7E0FE214650B18D
:10D0B000084B93F90030002B05DABDE81040064B11
:10D0C0001868FFF7D3BF054BBDE810401868FFF79D
:10D0D000A7BF00BFC8490020D80D0020D40D0020F4
:10D0E00010B50446FFF7C2FE214650B1084B93F934
:10D0F0000030002B05DABDE81040064B1868FFF73A
:10D10000C3BF054BBDE810401868FFF7A2BF00BFC2
:10D11000C8490020D80D0020D40D002008B5FFF725
:10D12000A5FE68B1084B93F90030002B08DA1E22E7
:10D13000064B18680021BDE808400230F3F71CBB1D
:10D14000034B06221868F5E7C8490020D80D0020D7
:10D15000D40D002042784B789A421DD190F90230CC
:10D160001BB191F902209A4216D190F903301BB1FC
:10D1700091F903209A420FD190F905301BB191F932
:10D1800005209A4208D190F9040030B191F9043099
:10D19000181A18BF012070470120704782B002B0F2
:10D1A000704707B50190FFF7F9FF03B05DF804FB86
:10D1B00007B500284FF0040214BF022301230649DB
:10D1C0000DEB0200CB70F3F7E5F90198FFF7E9FFEB
:10D1D00003B05DF804FB00BFF90E002007B5042280
:10D1E000032306490DEB0200CB70F3F7D3F9019846
:10D1F000FFF7D7FF03B05DF804FB00BFF90E002076
:10D20000FFF7D6BF07B50422012306490DEB020044
:10D21000CB70F3F7BFF90198FFF7C3FF03B05DF8D8
:10D2200004FB00BFF90E0020FFF7ECBF07B5003884
:10D2300018BF01200422064988700DEB0200F3F7A5
:10D24000A9F90198FFF7ADFF03B05DF804FB00BF3B
:10D25000F90E0020014B9878704700BFF90E0020AE
:10D2600007B50422054948700DEB0200F3F792F967
:10D270000198FFF796FF03B05DF804FBF90E00205C
:10D28000014B5878704700BFF90E002007B5042203
:10D29000054908700DEB0200F3F77CF90198FFF7E0
:10D2A00080FF03B05DF804FBF90E0020044B33F857
:10D2B000102001238B401A4214BF01200020704728
:10D2C0001E37002042B90123044A8B4032F8101067
:10D2D00021EA030122F81010704700BF1E3700201A
:10D2E00010B5044600F084F8001B80B210BD10B5E4
:10D2F000044600F047F8001B10BD10B5044610228C
:10D300000021F3F739FA204610BD08B501F0D8FD29
:10D31000BDE8084001F058BA08B5F8F74EFBBDE883
:10D32000084040F2A46001F056BC08B5F9F7A8FA2D
:10D33000F9F7BCFAFFF7F2FEFEF7FCFF0020FFF75B
:10D34000DFFD0020FFF7F8FDBDE80840F8F743BB1C
:10D35000302383F31188064BDA69064B1A600023E9
:10D36000054A1360054A136083F31188704700BFB4
:10D37000484B002040370020383700203C37002041
:10D38000FFF7E6BF70B501F045FA124D124B134995
:10D39000DC692B680A68E41AA242114A0AD9A3F58B
:10D3A0008333E03B2B6015680E4B04F583342B442C
:10D3B000E034136016680C604FF47A7501F033FAAC
:10D3C000002109480023E4FB0501084AF2F70EFF9B
:10D3D000304470BD40370020484B002038370020D3
:10D3E0003C37002088598F029F860100A0860100EB
:10D3F00008B5FFF7C7FF80B208BD0000BFF34F8F2D
:10D400000549064BCA6802F4E0621343CB60BFF3E0
:10D410004F8F00BFFDE700BF00ED00E00400FA05FC
:10D4200008B5024A024B1A60FFF7E8FFEFBEADDE17
:10D43000FC6F00200A4A08B552F8041C094B9942B7
:10D440000CD1002342F8043C83F31488064B1A687D
:10D4500082F3088862B65B689847FEE708BD00BFA4
:10D4600000700020EFBEADDE00E0FF1F08B5FFF743
:10D47000C5FF000083B5284D284E002301210DF182
:10D4800007008DF8073000F0FFF898B19DF80730DD
:10D490000F2B0FD802F0DCFB9DF80740012184F030
:10D4A00010030DF107008DF8073000F0C9F820B91E
:10D4B00002F0D4FB00F09AF8DEE70C236343E95C4A
:10D4C000EA1861B90C236343E81887687FB90C2315
:10D4D00003FB0454217999B902F0C0FBCDE75388CE
:10D4E0003068184400F0BEF80028EBD1E0E7EA5CB1
:10D4F0003168C38840880B4401441046B847E6E7CA
:10D50000E3883068184400F09BF8044602F0A6FB5C
:10D51000002CB2D1CEE700BF1C0E00202816010857
:10D5200007B500F0C9F80023FF2200934FF49A6179
:10D53000034B044801F01CFB03B05DF804FB00BF83
:10D5400075D400084837002000F0C6B873B504460B
:10D5500000F04CF8E0B20F288DF806003FD802F03A
:10D5600077FB01210DF106009DF8066000F068F8D8
:10D5700028B9002402F072FB204602B070BDFF23E0
:10D5800001210DF107008DF8073000F06BF804461B
:10D590000028EED09DF806309DF8072083F0100398
:10D5A0009A42E6D10C2373430E4DE95CEA1869B93F
:10D5B0000C2303FB065529790029DBD00A4AEB88A6
:10D5C0001068184400F04EF80446D3E75388064A22
:10D5D0001068184400F034F80028E9D1C9E70024A5
:10D5E000CAE700BF1C0E00202816010873B53024BE
:10D5F00084F31188114D00262B685B69003B18BF2E
:10D6000001238DF8073086F311889DF807300BB998
:10D6100002B070BD84F3118828680C3001F036FE2A
:10D6200086F311889DF8073084F311882B685B69B5
:10D63000003B18BF01238DF80730E4E7080F0020F6
:10D6400070B50646064B0C4618680A460368314614
:10D65000DD694FF4FA63A847031B5842584170BD77
:10D66000080F002070B50646064B0C4618680A469F
:10D67000036831461D6A4FF4FA63A847031B5842FA
:10D68000584170BD080F002038B5064B0C461B688A
:10D690001A6895680A4601461846A847031B58426F
:10D6A000584138BD080F002008B5F6F7CBF908BD82
:10D6B00008B5F6F7C7F908BD10B5054C2046FFF7C9
:10D6C000F7FF20680349BDE8104001F023BF00BF09
:10D6D000080F0020000F002010B5054C2046FFF772
:10D6E000E3FF20680349BDE8104001F013BF00BF0D
:10D6F000080F0020000F0020184B10B51C785CBBF1
:10D70000012208211A701648224602F02DFD2246F9
:10D710002021134802F028FD22461021104802F073
:10D7200023FD4FF47A7001F056FA41F68222082167
:10D730000B4802F019FD40F282222021084802F035
:10D7400013FD40F282221021054802F00DFD05482C
:10D7500001F02EFF044B1C7010BD00BF183C0020D0
:10D7600000040040E84E0020303C002010B5044684
:10D770001C4801F085FF1C48037823B1194801F0CB
:10D7800082FF002010BD21684B1CF7D0E288002AE0
:10D79000F4D0164B92001A826279032A05D8DFE88A
:10D7A00002F0021A1D1F0022DA600124047021F029
:10D7B0000F0001F00F019960224604FA01F1586050
:10D7C00002F0D2FC0949074801F0E4FE054801F0E7
:10D7D000FDFE2046D6E74FF48002E5E78022E3E72E
:10D7E000034AE1E7E84E0020303C00201C3C0020CA
:10D7F000800040001FB5ADF80A300123019001A858
:10D800008DF808108DF809200393FFF7AFFF05B0DE
:10D810005DF804FB1FB501218DF807000DF10F0322
:10D8200004480DF1070201F0F8FE9DF80F0005B065
:10D830005DF804FBE84E0020002307B501210648EF
:10D840000DF107028DF8073001F009FF9DF8070080
:10D8500003B05DF804FB00BFE84E002008B50246A7
:10D86000024801F0EBFE002008BD00BFE84E00209A
:10D8700008B50246024801F0F2FE002008BD00BFD4
:10D88000E84E002010B5084C23783BB1074801F062
:10D89000ABFE064801F08CFE002323700348BDE870
:10D8A000104001F0F0BE00BF303C0020E84E0020E8
:10D8B0000E4B10B51A78BAB901220D4C1A702060BF
:10D8C00040F282324FF480610A4802F04DFC4FF47E
:10D8D0000061084840F2823202F046FC2146BDE871
:10D8E0001040054801F016BE10BD00BF313C0020BD
:10D8F0000C0F002000080040304C00204FF0FF319A
:10D9000008B5024801F0E6FCC0B208BD3C4C00205E
:10D910000A464FF0FF330146014801F080BD00BFC9
:10D92000604C002008B5034801F019FE80F00100AA
:10D93000C0B208BD304C002070B590F844200446B9
:10D9400002F07F03212B51D112F0800F90F8453067
:10D950001DD0022B17D0032B05D0012B17D1BDE80A
:10D96000704000F065BD90F8483090F8495053EA97
:10D9700005253BD1FFF76EFC334B25641870012061
:10D98000A363E06370BDBDE8704000F08BBE0A2B5E
:10D9900023D00B2B12D0092B28D194F8483094F8BF
:10D9A000491043EA012323F00203FBB9274BA36389
:10D9B0000223E363264B01202364E3E794F8483015
:10D9C00094F8492053EA022303D194F84600FFF764
:10D9D0002DFC0023A363E363EDE794F84700FFF712
:10D9E00055FC2046BDE8704000F084BE02F09F0266
:10D9F000812A18D194F84530062B14D194F8492087
:10DA0000616894F848304D6843EA0223204694F850
:10DA1000472094F84610A84770B14368A363036891
:10DA2000E3630023C7E703260A4DD5F89C302BB9E2
:10DA3000013E05F1A805F8D10020A3E7204698474C
:10DA40000028F5D09EE700BF3C3C0020403C002071
:10DA50009DDA000878110020F8B50F4C002223460B
:10DA600043F8042F90F84B7090F8496090F84650B6
:10DA700090F84A2090F8481090F8470042EA0722B0
:10DA800041EA062145EA002000F020FA20606068A3
:10DA9000002818BF2046F8BD343C0020034693F808
:10DAA0004A2093F84B30074942EA0323022B0878B7
:10DAB00004D1012801D0062802D14878FFF7D0BB55
:10DAC000704700BF403C002010B5064A064C117854
:10DAD00024784B1C03F00F039C421EBF034C1370B1
:10DAE000605410BD394B00203A4B0020294B0020D8
:10DAF000084608B5052935D8DFE801F020340320B1
:10DB00002035302383F31188214800F016FB21488B
:10DB100000F013FB204800F010FB204800F01DFB34
:10DB2000002383F311881E4B1B7813B10520FFF7E8
:10DB3000CBFF0220BDE80840FFF7C6BFFFF7C4FFD8
:10DB4000302383F31188124800F0D0FA114800F016
:10DB5000CDFA114800F0CAFA104800F0DBFA0023B1
:10DB600083F3118808BD302383F31188084800F03F
:10DB7000DEFA084800F0DBFA074800F0D8FA074858
:10DB800000F0D8FA002383F311880520D2E700BF04
:10DB90007811002020120020C812002070130020ED
:10DBA0003D3C0020102208B500210448F2F7E4FDB6
:10DBB0000023034A1370034A137008BD294B002049
:10DBC000394B00203A4B002070B52A4D2A4C0021D9
:10DBD00028782378294E984233D101B1207070BD46
:10DBE00001222370264B1A70264B93F84F10081E03
:10DBF00018BF0120FFF7F2FAE9E700222370204B5B
:10DC00001A70FFF792FB1F4B93F84F10081E18BFB6
:10DC10000120FFF7F5FADAE723701A4B93F84F105B
:10DC2000081E18BF0120FFF7C3FAD0E700212370B8
:10DC30000846F8E72370FFF7E5FA0120FFF7F6FA48
:10DC4000C5E71A46B25C0133012103F00F03052A30
:10DC5000C1D80FF2080C5CF822F000BF35DC0008D8
:10DC6000D7DB000819DC00082DDC0008E1DB000828
:10DC7000FBDB0008394B00203A4B0020294B0020E9
:10DC80003D3C0020504F002070B50546184C204602
:10DC900000F0A6F904F1A806204600F0D1F93046BC
:10DCA00000F09EF904F5A874304600F0C9F920464A
:10DCB00000F096F920460F4C00F0C2F9204600F023
:10DCC000ABF9204600F0CCF9284602F017F92846B7
:10DCD00001F016FD41F2883000F07DFF284606492C
:10DCE00001F0FBFC2846BDE8704002F0E5B800BF3B
:10DCF00078110020701300201C1801082DE9F04154
:10DD000004461E4D02F0FAF8204601F0F9FC05F138
:10DD1000A808284600F0B3F9194E05F5A877404643
:10DD200000F0ADF9384600F0AAF9304600F0CAF923
:10DD300041F2883000F04FFF284600F051F92846A4
:10DD400000F07EF9404600F04BF9404600F078F9CB
:10DD5000384600F045F9384600F072F9304600F0D8
:10DD60005BF9304600F07CF92046064901F0B5FC2D
:10DD70002046BDE8F04102F09FB800BF78110020B6
:10DD8000701300201C18010837B50023A825054C86
:10DD9000009305FB004042F2107300F055FA03B007
:10DDA00030BD00BF7811002010B50446FFF752FACD
:10DDB0002146BDE8104008220120FFF7E5BF0146DB
:10DDC00020220020FFF7E0BF014606220020FFF7D7
:10DDD000DBBF014603220020FFF7D6BF20290A46F9
:10DDE00003D101460220FFF7CFBF704710B5084CA2
:10DDF00088B0002320226946204600F092FA08B934
:10DE000008B010BD20216846FEF7D6FEF1E700BF3E
:10DE100070130020FFF70EBB7047704708B5FFF77F
:10DE2000F9FF01F0BDFEFFF7F7FF08BD08B501F0EF
:10DE3000D3FEFFF7F2FF08BDFFF7F6B908B5FFF70D
:10DE4000B1FE0448FFF720FFBDE8084041F28830EA
:10DE500000F0C1BE504F00200148FEF7F9BF00BFDF
:10DE6000140F0020FFF7B0BE00F094BB30B5144B88
:10DE700085B01C7814BB012268461A70FFF73DFA82
:10DE80002346104A104C04A901EB630111F8100C51
:10DE900002EB43010509655D00F00F008D70002560
:10DEA000205CCD70591C023302EB4101202B88709D
:10DEB000CD70E8D1422313700323537005B030BDF9
:10DEC000863C0020423C0020FA19010810B51C468F
:10DED000030A032B0FD007D8012B30D0022B07D118
:10DEE0005B20184A226010BD212B19D0222B1ED096
:10DEF00000200246F6E7C0B20328F9D8DFE800F0B8
:10DF00000205080B0420104AECE712200F4AE9E74B
:10DF100010200F4AE6E7FFF7A9FF0E4A1078E1E765
:10DF20000229E5D80C4B092053F82120DAE7022911
:10DF3000DED80A4B53F82120094B585CD2E7122057
:10DF4000084ACFE747180108F8180108FC1801082B
:10DF500010190108423C00202C180108381801084B
:10DF600044180108A218010813B5446BD4F888209E
:10DF70001378042B13D1012394F88C1012898B4051
:10DF800013420CD1204601A901F07AF8024630B1C3
:10DF9000019B94F88C10D4F8880001F02DFC02B09D
:10DFA00010BD10B5026F04461378042B13D1012362
:10DFB00090F8741052898B4013420CD100F0B5FFD9
:10DFC000024640B1E36994F87410206F043BBDE849
:10DFD000104001F0FFBB10BD406BFFF7E2BF000037
:10DFE0001FB500F15C03C36490F8843013B100F1F5
:10DFF00070030365074B01210193D0F89030D0F8EE
:10E00000982000930290D0F8943001F016F805B0F3
:10E010005DF804FB69DF00081FB500F15C030365D0
:10E02000064B01210193836FD0F88020009302906A
:10E03000C36F00F058FF05B05DF804FBD9DF00089E
:10E04000302383F31188D0F8883090F88C2003EBCC
:10E0500082039861002380F8A03083F31188704711
:10E06000302383F3118890F87430026F093342F83B
:10E070002300002380F8843083F31188704710B5A3
:10E080003023044683F3118890F88C20D0F8883030
:10E09000053203EB820300225A6001236FF0010175
:10E0A000037200F0D8FD204600F0DEFFD4F8A43063
:10E0B00013B1DA681868904700F0D0FC002383F3AE
:10E0C000118810BD10B53023044683F31188012355
:10E0D0006FF00101037200F0BEFD204600F01AFF50
:10E0E00000F0BCFC002383F3118810BD012310B5A0
:10E0F000044603726FF0010100F0ADFD204600F010
:10E10000B3FFD4F8A43023B1BDE81040DA68186832
:10E11000104710BD012310B5044603726FF00101D2
:10E1200000F099FD2046BDE8104000F0F3BE00234A
:10E130000372704700230372704710B5044690F8CD
:10E140008C1000F13802D0F8880001F003FB204663
:10E1500000F08AFF0023237210BD10B5044600F0C2
:10E16000D9FE002320462372BDE81040FFF719BFF7
:10E1700000EB8103F7B59C6905460E4684B3302356
:10E1800083F311880023226984F8A03063699A42DE
:10E1900001D1E368B3B905EB8603DB685B691B68F3
:10E1A00083B1D4F8A43053B101A9204600F068FF30
:10E1B000D4F8A43001469F68019A1868B8472046F1
:10E1C00000F06CFF204601A900F05AFF024648B15A
:10E1D000019B3146284601F00FFB002383F3118891
:10E1E00003B0F0BD05EB8603DB681A68022AF4D1A0
:10E1F0005A691268002AF0D01B8A013B1340ECD107
:10E2000005F14402E5E701F1090210B550F822409A
:10E21000CCB1302282F3118800EB8103DB689B696B
:10E220005B6853B1236F94F87420204603EB82039C
:10E23000DB689B69596800F082FE2046FFF7B1FE5B
:10E24000002383F3118810BD2DE9F84F1E460446C4
:10E250000F46924630239DF8285083F31188D0F85A
:10E2600088301B78042B05D0002585F311882846BB
:10E27000BDE8F88F90F8A03023B101364FF0FF369B
:10E2800018BF0026002383F311884FF030094FF0A8
:10E290000108334652463946204600F03AFF82458F
:10E2A0001CD989F3118894F8A0304FF0000B002896
:10E2B00008BF43F001036FF0010184F8A03020464D
:10E2C00084F8088000F0C7FC204600F0CDFE84F8FA
:10E2D00008B000F0C3FB8BF31188DAE7002DC6D13C
:10E2E000204600F05BFF0125C1E7302383F311884E
:10E2F000026943699A4210D1C36883B10123D0F8FF
:10E30000882090F88C1012898B4013420CBF01209A
:10E310000020002383F3118870470020F9E7184696
:10E32000F7E738B514460546302282F31188026FAC
:10E330001278042A03D0002080F3118838BD90F8A9
:10E34000842022B101334FF0FF3318BF0023002295
:10E3500082F311882246284600F02CFEB0FA80F3A2
:10E360005B0985F88430231A58425841E6E70000DB
:10E37000006810B440B1054C8264E469083040F88C
:10E38000044C10BCF2F706B910BC7047484B002093
:10E390000168134631B18A6C03F108009A640831B0
:10E3A000F2F7F8B8704710B50446006840B1826CC7
:10E3B00000210830F2F7E0F9002223681A605A6061
:10E3C00010BD000010B40C78082C0BD850F82400B5
:10E3D00040B1054C8264E469083040F8044C10BC3C
:10E3E000F2F7D8B810BC7047484B002008291346F4
:10E3F00009D850F8211031B18A6C03F108009A64F1
:10E400000831F2F7C7B8704770B50026051F00F154
:10E41000200455F8040F38B1826C00210830F2F75F
:10E42000ABF92B681E605E60A542F2D170BD0000A2
:10E4300038B590F848300446022B1CD890F84610A6
:10E44000082918D80D4AD25C022A14D8A8200C4BEF
:10E4500000FB0233D3F8A40060B10A4D43682A469A
:10E460000068984705F10803A363AB6C0120E363E0
:10E470000023236438BD0020FCE700BF7411002096
:10E4800078110020B83E0020036843B19100196064
:10E4900003490B78002A18BF43F001030B70704743
:10E4A000043F0020006810B10068C0F38700704787
:10E4B000036870B50BB9002070BD302383F3118859
:10E4C000036800211C685B6881F31188002CF2D07E
:10E4D0004FF47A76074A0848D569084AED1AE5FBF1
:10E4E00006010023F1F782FE84428CBF0020012048
:10E4F000E2E700BF484B00209F860100A086010094
:10E500004B1E072B0BD850F8213043B191001960F6
:10E5100003490B78002A18BF43F001030B707047C2
:10E52000043F0020082906D850F8210020B10068D7
:10E53000C0F387007047002070470000082970B5BD
:10E5400001D9002070BD50F82130002BF9D03023C4
:10E5500083F3118850F8213000211C685B6881F337
:10E560001188002CEDD04FF47A76074A0748D56918
:10E57000074AED1AE5FB06010023F1F737FE844256
:10E580008CBF00200120DDE7484B00209F86010062
:10E59000A0860100404B2DE9F74F1B78002B47D098
:10E5A00000242546DFF8F4803D4E08F1080AD6F82D
:10E5B000A4B0BBF1000F34D0002C3CD10127302394
:10E5C00083F31188F9B2DBF81430DBF80000019115
:10E5D00098474FF00009002818BF45F0010589F35E
:10E5E00011882F48FFF781FEC0B1DBF81830019980
:10E5F000DBF80000984788B1302383F31188274A5D
:10E60000DBF804300199DBF80000984789F31188A2
:10E6100051464846D8F84820FFF7B6FB0137092F86
:10E62000CDD10134032C06F1A806C0D11A4B1D70C0
:10E6300003B0BDE8F08F302787F311880021DBF8A5
:10E640001430DBF8000098474FF00009002818BF8D
:10E6500045F0010589F311883046FFF746FE002892
:10E66000DFD04946DBF81830DBF800009847002877
:10E67000D7D087F31188094A4946DBF80430DBF824
:10E680000000984789F311885146D8F84820E0B235
:10E69000FFF77AFBC5E700BF043F00206C3E002077
:10E6A0007811002010B590F848300446022B19D894
:10E6B00090F84610082915D80B4AD25C022A11D8C6
:10E6C000A8200A4B00FB0233D3F8A40048B14369E9
:10E6D00000689847064B1870A36301200023E0638D
:10E6E000236410BD0020FCE7741100207811002085
:10E6F000683E002010B590F848300446022B19D827
:10E7000090F84610082915D80B4AD25C022A11D875
:10E71000A8200A4B00FB0233D3F8A40048B10369D8
:10E7200094F847200068984700230120A363E3631F
:10E73000236410BD0020FCE7741100207811002034
:10E7400010B5044C204601F0D9FB2046BDE810402E
:10E7500000F0D6BF504F0020024B1878031F5842DC
:10E7600058417047504F002070477047FEE7000047
:10E7700070B50825134C606823680146A268043B05
:10E780008A4219D8D31C1B1AC11E23F003038A42E4
:10E7900038BF00231844E368C11EDA1C121A22F0A5
:10E7A0000302994288BF00220021F1F7E5FF013DF5
:10E7B00004F11004DFD170BD53F8046F41F8046B0D
:10E7C000DEE700BF0C1A010838B501230025074C0D
:10E7D0002370656000F044FB0549064800F04CF9E1
:10E7E0000223237085F3118838BD00BF404B002001
:10E7F000901A0108484B002072B60322024BD865DC
:10E80000024B1A70FEE700BF484B0020404B00202F
:10E8100000F054B8EFF3118020B9EFF305833022F4
:10E8200082F31188704710B530B9EFF30584C4F353
:10E83000080414B180F3118810BD00F00FF984F3BF
:10E840001188F9E7034A516853685B1A9842FBD86C
:10E85000704700BF001000E010B50A4C23699A68A9
:10E8600091420CD85A6881600360426010609A68D7
:10E870005860511A99604FF0FF33A36110BD1B68B7
:10E88000891AECE7484B00200361002310B410BC48
:10E89000C2604361FFF7E0BF036881689A680A4479
:10E8A0009A60426813605A6000234FF0FF320360A1
:10E8B000014B9A61704700BF484B002070B5124D64
:10E8C0002A46EB690133EB6152F8103F934206D0C0
:10E8D00030269A68013A9A602C69A36803B170BD2A
:10E8E000226861680A605160236083F311882046C2
:10E8F000E3682169984786F3118861690029EBD0A4
:10E900002046FFF7A9FFE7E7484B00200023826875
:10E91000037503691B6899689142FBD25A680360CA
:10E920004260106058607047002382680375036975
:10E930001B6899689142FBD85A6803604260106076
:10E940005860704708B50846302383F311880A7D64
:10E950000023052A06D8DFE802F00B050503120E96
:10E96000826913604FF0FF338361FFF7CFFF00230D
:10E9700083F3118808BD826993680133936042680C
:10E98000036813605A60EDE7FFF7C0BF054BD96815
:10E9900008751868026853601A6001220275D86011
:10E9A000F1F70EBC484B002030B50C4B0446DD6837
:10E9B0004B1C87B00FD02B466846094AFFF764FF0F
:10E9C0002046FFF7E3FF009B13B16846FFF764FFA3
:10E9D000A86907B030BDFFF7D9FFF9E7484B002021
:10E9E00045E9000838B50C4D8161EB6881689A688B
:10E9F0000446914203D8BDE83840FFF787BF184668
:10EA0000FFF792FF0123014623752046EC60BDE825
:10EA10003840F1F7D5BB00BF484B0020044B1A68C3
:10EA2000DB6890689B68984294BF00200120704783
:10EA3000484B0020084B10B51C68D868226853600A
:10EA40001A6001222275DC60FFF76EFF0146204646
:10EA5000BDE81040F1F7B4BB484B0020044B1A68E6
:10EA6000DB6892689B689A4201D9FFF7E3BF704761
:10EA7000484B002030BFFDE770B5002504461A4B17
:10EA800086B05860856201630E4600F0A3F904F178
:10EA90001003236163614FF0FF33A361134BE56102
:10EAA000D9692B460A462046C4E9082304F13401FB
:10EAB00080230F4A24606460A560E562E56500F08C
:10EAC0001DF801230B4AE0600375009272686846E6
:10EAD0000192B268CDE90223074BCDE9043500F07D
:10EAE0003FF806B070BD00BF404B0020484B0020EF
:10EAF0009C1A0108A11A010875EA000802228B601D
:10EB00004B62002308618A8208460B62CB61704722
:10EB10008368C168A3F14C0243F81C2C026943F8D6
:10EB20004C2C42690C4843F8482C0C4A43F8180C0A
:10EB300043F82C2C022203F8142C002243F8201C4A
:10EB400003F8132C43F8041C43F8082C43F80C2C4E
:10EB5000A3F12800704700BF484B0020D1010008F6
:10EB600008B5FFF7D5FFBDE80840FFF70DBF00006F
:10EB700038B5302484F311882839441844F8243CEB
:10EB8000049B002544F8203C0A4BA4F1240144F8DE
:10EB9000043C0223A382084BE16020462946A26080
:10EBA000236162622562E561FFF71CFF85F311882E
:10EBB000204638BDD1010008484B0020024BDB68DD
:10EBC00098610F20FFF7E2BE484B0020302383F30B
:10EBD0001188FFF7F3BF08B50146302383F311888E
:10EBE0000820FFF7E1FE002383F3118808BD000031
:10EBF000054BDB6821B1036098610320FFF7D4BEA9
:10EC00004FF0FF30704700BF484B002003460068BC
:10EC100020B100221A608161FFF7B6BE7047000084
:10EC2000064BDB6839B1426818605A601360436074
:10EC30000420FFF7B9BE4FF0FF307047484B00206B
:10EC400003460068834205D002681A605360816100
:10EC5000FFF79ABE704738B504460D4620688442D7
:10EC600000D138BD036823605C608561FFF78CFECE
:10EC7000F4E7034610B51B68984203D09C688A6885
:10EC80009442F8D25A680B604A601160596010BD16
:10EC900000230060406083607047000038B58168E1
:10ECA000164B0446DD6891B92B6A8560C360286203
:10ECB00038BD8B600B7D7BB1062B14D10B684A6885
:10ECC000886913605A60FFF7D4FF8B699968AB6855
:10ECD0008A689A42EDD306E04A680B6808461360DA
:10ECE0005A60FFF751FE20462946FFF7C2FFAC618C
:10ECF0000620BDE83840FFF749BE00BF484B002062
:10ED000008B5302383F31188FFF7C8FF002383F38E
:10ED1000118808BD154A0346D16810B5302282F328
:10ED20001188C26800680A6298421BD0486A82B99A
:10ED30008860186802681A605360026A9860DA6036
:10ED40000362FFF721FEFFF789FE002383F311889A
:10ED500010BD1468A24203D0A468A04238BF204668
:10ED6000D268E4E700238360EFE700BF484B002050
:10ED7000C3691943037DC1610A2B03D18369194219
:10ED800005D170470B2B06D183698B4303D1002338
:10ED90008361FFF7F9BD704770B506460D460468FC
:10EDA000B44200D170BDE3682B43E36015B1236921
:10EDB0001D4203D0A1686068FFF7DAFF2468EFE71F
:10EDC000EFF30983203383F30988002383F3118849
:10EDD00070470000302080F3118862B60C4B0D4A5A
:10EDE000D96821F4E0610904090C0A43DA60D3F818
:10EDF000FC20094942F08072C3F8FC200A6842F006
:10EE000001020A602022DA7783F82200704700BFEF
:10EE100000ED00E00003FA05001000E0302310B51B
:10EE200083F311880B4B5B6813F400630FD0EFF38F
:10EE300009844FF08073203CE36184F30988FFF775
:10EE4000EDFD10B1044BA36110BD044BFBE783F350
:10EE50001188F9E700ED00E0E3010008E601000891
:10EE6000024B034A1A60034A5A607047A84B0020BD
:10EE7000A84F002000700020F0B50B4D0446D5E9E6
:10EE80000067BB1B9A420CD8731E0B441A444942BC
:10EE900002EA01000444A74203D3A64201D82C6031
:10EEA000F0BD0020FCE700BFA84B002008B53023D0
:10EEB00083F31188FFF7E0FF002383F3118808BD77
:10EEC00008B500F043FF01F041F900F000FB00F04D
:10EED00055FB00F0F4FBFEF7A9FFBDE8084000F089
:10EEE00000B801F09BB90172002130B5039C0433D6
:10EEF00003FB0425C361049B00600363059B406022
:10EF0000C160426102618561046242628162C162E4
:10EF1000436330BD0022416AC26041610161826287
:10EF20006FF00101C262FFF796BE03694269934226
:10EF300001D1C2680AB9181D7047002070470369E3
:10EF40001960C26800210132C260C269134482693B
:10EF50000361934224BF436A0361FFF771BE38B572
:10EF600004460D46E3683BB162690020131D126838
:10EF7000A3621344E36207E0237A33B929462046AB
:10EF8000FFF74EFE0028EDDA38BD6FF00100FBE719
:10EF9000C368C269013BC36043691344826943612A
:10EFA000934224BF436A436100238362036B03B12E
:10EFB000184770472DE9F84F04460E46904699468B
:10EFC0004FF0300A8AF311880025AB46A76A4FB983
:10EFD00049462046FFF7C3FF20B187F31188284632
:10EFE000BDE8F88FE76AA16A7A1AA8EB050797428D
:10EFF00028BF1746402F16D930464022F1F7CAFAEB
:10F00000A36A40364033A3624035A26AE36A9A425B
:10F0100002D32046FFF7BCFF8BF311884545DED2B3
:10F020008AF31188D2E730463A46F1F7B3FAA36A79
:10F030003E443B44A3623D44E7E710B5029C0433E1
:10F040000172C36103FB042100238362C362039B3B
:10F0500000600363049B4060C4604261026181619F
:10F0600004624262436310BD026A6FF00101C26034
:10F07000426A4261026100228262C262FFF7EBBD16
:10F08000034640691A69824201D1DB681BB950F816
:10F09000043B0B60704700231846FAE7C368C26957
:10F0A0000133C36043690021134482694361934281
:10F0B00024BF436A4361FFF7C3BD38B504460D461C
:10F0C000E3683BB1236900201A1DA262E269134480
:10F0D000E36207E0237A33B929462046FFF7A0FD13
:10F0E0000028EDDA38BD6FF00100FBE70369196015
:10F0F000C268013AC260C2691344826903619342E3
:10F1000024BF436A036100238362036B03B1184782
:10F1100070472DE9F84F04460E46904699464FF049
:10F12000300A8AF311880025AB46A76A4FB94946D1
:10F130002046FFF7C2FF20B187F311882846BDE8BB
:10F14000F88FE76AA06A3A1AA8EB0507974228BF2A
:10F150001746402F18D931464022F1F71BFAA36A0F
:10F1600040364033A3624035A26AE36A9A4204D330
:10F17000E16920460439FFF7B9FF8BF31188454553
:10F18000DCD28AF31188D0E731463A46F1F702FA29
:10F19000A36A3E443B44A3623D44E5E7302208B500
:10F1A00082F31188816A29B103690439C91A01D02F
:10F1B000FFF79CFF002383F3118808BDF8B51546BF
:10F1C00082680B46AA428169066938BF8568761A4B
:10F1D000B54204460BD218462A46F1F7DBF9A3697B
:10F1E0002B44A361A36828465B1BA360F8BD0CD920
:10F1F00018463246F1F7CEF9AF1B3A46E168304483
:10F20000F1F7C8F9E3683B44EBE718462A46F1F703
:10F21000C1F9E368E5E72DE9F04104461546836846
:10F220002769934238BF856840690E463F1ABD4240
:10F230000BD22A46F1F7AEF963692B446361A368E8
:10F2400028465B1BA360BDE8F0810CD93A46A5EBCC
:10F250000708F1F79FF94246E068F119F1F79AF9CA
:10F26000E3684344EAE72A46F1F794F9E368E5E7FF
:10F2700010B50024C361029BC160816141611144EA
:10F280000060406084600161036210BDC2686FF07D
:10F2900001018261426100228260FFF7DCBC08B597
:10F2A00082694369934201D1826882B982680132DE
:10F2B00082605A1C426119700369426900219A42B6
:10F2C00024BFC3684361FFF7BBFC002008BD4FF0BB
:10F2D000FF30FBE770B5302304460D4683F31188F9
:10F2E000A668A6B1A368A269013BA360531CA361F1
:10F2F00015782269934224BFE368A361E3690BB1E7
:10F3000020469847002383F31188284607E02946C2
:10F310002046FFF785FC0028E2DA86F3118870BDED
:10F320002DE9F74F04460E4617469846D0F81C9034
:10F330004FF0300A8AF311884FF0000B154665B183
:10F340002A4631462046FFF739FF034660B9414659
:10F350002046FFF765FC0028F1D0002383F31188D5
:10F36000781B03B0BDE8F08FB9F1000F03D0019016
:10F370002046C847019B8BF31188ED1A1E448AF37F
:10F380001188DCE7C361009BC16081614161114468
:10F39000006040608260016103627047F8B5044616
:10F3A0000D461646302383F31188A768A7B1A368DA
:10F3B000013BA36063695A1C62611D702369626925
:10F3C0009A4224BFE3686361E3690BB12046984722
:10F3D000002080F3118807E031462046FFF720FC2B
:10F3E0000028E2DA87F31188F8BD8369426910B515
:10F3F0009A4201D182687AB9826800210132826022
:10F400005A1C82611C7803699A4224BFC3688361D5
:10F41000FFF716FC204610BD4FF0FF30FBE72DE94B
:10F42000F74F04460E4617469846D0F81C904FF00A
:10F43000300A8AF311884FF0000B154665B12A4651
:10F4400031462046FFF7E7FE034660B941462046B5
:10F45000FFF7E6FB0028F1D0002383F31188781B27
:10F4600003B0BDE8F08FB9F1000F03D00190204642
:10F47000C847019B8BF31188ED1A1E448AF311884B
:10F48000DCE70C30FFF74CBF4FF0FF330C30FFF7D9
:10F4900047BF3030FFF7C3BF4FF0FF333030FFF7C7
:10F4A000BEBF0C30FFF716BF4FF0FF310C30FFF737
:10F4B00011BF3030FFF772BF4FF0FF323030FFF72F
:10F4C0006DBF012914BF6FF013000020704700F0DA
:10F4D00055BF000037B5154602460B460C49044699
:10F4E00042F8041B4260012200F1540102720090B4
:10F4F00080220C30FFF7BCFE2B468022009404F1E2
:10F50000D40104F13000FFF73DFF03B030BD00BF70
:10F51000A81A010810B53023044683F3118800F0BF
:10F520004DFF02230020237280F3118810BD38B5EF
:10F53000436904460D461BB904210844FFF72CFC1F
:10F54000294604F10C00FFF7AAFE002806DA201D68
:10F550004FF40061BDE83840FFF71EBC38BD3023D2
:10F5600083F311880023406983F31188B0FA80F097
:10F57000400970474FF0FF31FFF73ABB01F008B880
:10F580000123037000230C3040F8083C40F8043C91
:10F59000FFF77EBB10B53023044683F3118841602A
:10F5A00001F00CF802230020237080F3118810BDB5
:10F5B00010B53023044683F3118801F073F800235B
:10F5C00001226360227083F3118810BD302383F31E
:10F5D0001188436899685A684FF480338B4093616F
:10F5E000002383F311887047302383F31188436825
:10F5F00099685A6801238B409361002383F3118833
:10F60000704710B5302484F311880324047001F08E
:10F610008CF8002383F3118810BD38B504463025DB
:10F6200085F31188032504F8085B01F067F820468C
:10F63000FFF7A0FF002383F3118838BD10B53023F6
:10F64000044683F31188032304F8083B01F06DF8A6
:10F650002046FFF78FFF002383F3118810BD10B5FC
:10F660003023044683F31188032304F8083B01F098
:10F6700074F82046FFF77EFF002383F3118810BD46
:10F680000C30FFF73DBB0C30FFF744BB10B5044610
:10F69000002101F01DFC0021204601F00BFC6368F5
:10F6A0001B6813B1062120469847A36823F0011375
:10F6B000A3600023E363062384F8343010BD01F017
:10F6C0006DBA012303700023C36183620362C362C6
:10F6D0004362036343608360704738B50446302358
:10F6E00083F3118800254160C5600561456185612E
:10F6F00001F05AFA0223237085F31188284638BD99
:10F7000070B53023044683F3118801F065FA25466D
:10F7100000260123666005F80C3B1C3455F8043BB9
:10F720007BB1586920B16FF001010C30FFF76EFA20
:10F7300055F8043C986920B16FF001010C30FFF7D7
:10F7400065FAA54245F8046CE8D1FFF787F986F31E
:10F75000118870BD70B500EB8103054650690E46F7
:10F760001446DA6018B114220021F1F705F8A069F7
:10F7700018B114220021F0F7FFFF31462846BDE8FA
:10F78000704001F047BAF8B504460027836800F1DD
:10F79000100503F00113836000F11C0655F8043BCB
:10F7A0007BB1586920B16FF001010C30FFF72EFAE0
:10F7B00055F8043C986920B16FF001010C30FFF757
:10F7C00025FAB54245F8047CE8D12046BDE8F8406A
:10F7D00001F0ACBAF0B4012500EB8104E46847897C
:10F7E000A4698D403D43458123600023A26063608E
:10F7F000E360F0BC01F00CBBF0B4012500EB810428
:10F80000E468078964698D403D43058123600023D6
:10F81000A2606360E360F0BC01F01ABB2DE9F04127
:10F820000223002504464FF030080370C564C56309
:10F83000856000F10C0600F11C0756F8043BABB1E3
:10F8400088F3118856F8043C586920B16FF0010123
:10F850000C30FFF7DBF956F8043C986920B16FF0E3
:10F8600001010C30FFF7D2F985F31188BE4246F84A
:10F87000045CE2D1204684F8345001F039FA636820
:10F880001B6823B12046BDE8F04100211847BDE8C0
:10F89000F081F8B503780446052B29D080F8503064
:10F8A0000523037043681B680BB1042198470026A9
:10F8B0003027A66004F10C051C3455F8043BABB1AD
:10F8C00087F3118855F8043C586920B16FF00101A5
:10F8D0000C30FFF79BF955F8043C986920B16FF0A4
:10F8E00001010C30FFF792F986F31188A542E4D1AB
:10F8F000F8BD0178052906D190F8502043680270C0
:10F900001B6803B11847704770B590F8343004464F
:10F910003BB1836823F0011383600023C36380F845
:10F9200034300021204604F1440201F055FA6368A6
:10F930009B684BB994F8443013F060052BD02046F7
:10F94000BDE87040FFF7A2BE204698470028F1D0DE
:10F9500094F84B2094F84A3043EA0223E26B9A422F
:10F9600088BFE36394F94430E16B002B80F202819D
:10F97000002900F0F780092384F83430302383F322
:10F98000118800212046E36BA26BFFF735FF0023AF
:10F9900083F3118870BD94F8452003F07F0343EA98
:10F9A000022340F20232934200F0C98021D8B3F51D
:10F9B000807F4CD00DD8012B43D0022B00F09780D4
:10F9C000002BBCD104F14C02A2630222E263236447
:10F9D000BEE7B3F5817F00F09F80B3F5407FAED1E5
:10F9E00094F84630012BAAD1B4F84C3043F002030E
:10F9F00036E0B3F5006F51D01BD8B3F5A06F35D00A
:10FA0000A3F5C063012B9AD894F84920616894F853
:10FA100048304E6843EA0223204694F8462094F882
:10FA20004710B04700288AD04368A3630368E363A4
:10FA30001AE0B3F5106F36D040F6024293427FF4DD
:10FA40007EAF544BA3630223E3630023BFE794F824
:10FA50004630012B7FF473AFB4F84C3023F002032F
:10FA6000A4F84C30A563E563256471E7B4F844302D
:10FA7000B3F5A06F0ED194F84630204684F84E308E
:10FA800001F0C0F863681B6813B101212046984754
:10FA9000032323700023A363E36398E704F14F0378
:10FAA000A3630123C3E72378042B10D1302383F30E
:10FAB00011882046FFF767FE85F3118803216368EC
:10FAC00084F84F5021701B680BB12046984794F87A
:10FAD0004630002BDED084F84F3004232370636857
:10FAE0001B68002BD6D0022120469847D2E794F815
:10FAF000483020461D0603F00F010AD501F050F9E9
:10FB0000012804D002287FF41AAF234B9AE7234B35
:10FB100098E701F029F9F3E794F84630002B7FF4D9
:10FB20000EAF94F8483013F00F01B3D01A062046F8
:10FB300002D501F0E5F9ADE701F0D6F9AAE794F8AE
:10FB40004630002B7FF4FBAE94F8483013F00F01E1
:10FB5000A0D01B06204602D501F0BAF99AE701F0C1
:10FB6000A9F997E71423204684F83430BDE87040A3
:10FB700001F042B961B1152384F83430302383F3A6
:10FB8000118800212046E36BA26BFFF723FEFEE6FF
:10FB90000B23E8E7D41A0108D01A0108D21A010889
:10FBA00008B500F0D5F80B4B9A6C42F020029A642D
:10FBB0009A6C9A6C42F040029A649A6C9A6C42F089
:10FBC00080029A649A6C9A6C42F480729A649B6C7C
:10FBD00008BD00BF000C014070470020704716238D
:10FBE00003604FF0FF3070471846704700207047A1
:10FBF00008B51346002158221846F0F7BDFD4FF412
:10FC000000524260002008BD0120704710B500225C
:10FC1000044608460121FFF749F918B90C234FF0B3
:10FC2000FF30236010BD000008B50248FEF7E4FD78
:10FC3000F0F774FCD61A010808B50248FEF7DCFD9F
:10FC4000F0F76CFCDB1A01080120704770470000D8
:10FC50000148FFF755B800BFF81300200148FFF72F
:10FC600059B800BFF81300200122090100F16043D8
:10FC700003F56143C9B283F8001300F01F039A40F3
:10FC800043099B0003F1604303F56143C3F88021FE
:10FC90001A607047012200F01F039A4043099B003D
:10FCA00003F1604303F56143C3F88020C3F880216A
:10FCB000002300F1604000F5614080F80033704798
:10FCC000090100F16040C9B200F56D40017670474E
:10FCD00017498A68022A12D0032A26D0154B1649E2
:10FCE000012A08BF0B46124A926902F07F020132D4
:10FCF00052080132B3FBF2F3104A13607047104A06
:10FD00000B68526F49686FEA921201290CBF0A49C9
:10FD10000C4902F0030203324A4303F01F0301338C
:10FD20005B080133B2FBF3F3DDE7074BDBE700BF12
:10FD3000000C014000127A00006CDC020814002064
:10FD4000000401400048E801001BB700FFF7C0BFF6
:10FD500013B50C20032440F2BE71314B314A9C6232
:10FD6000D862C2F8941000219962D9629C62D8626C
:10FD70008020C3F81C0CD3F81C0CC3F81C0C009199
:10FD800001914FF40141C3F8481C4FF6FC71A3F5F3
:10FD9000744319630F2119600223136501234BF685
:10FDA0008031D364936D03F001030193009B013311
:10FDB0000093019B13B9009B8B42F3D1019B03B9C4
:10FDC000FEE7194B19498024C3F800140021A3F55C
:10FDD000884399611C62196A0120196220215860C8
:10FDE00019601968196019680143196054679067B0
:10FDF000D16F0329FCD102229A6001220021DA602E
:10FE0000074A9162D1629A6C42F400429A649A6CF9
:10FE1000DA6C42F40062DA64DB6C02B010BD00BF41
:10FE200000000140000401400050014013000003A5
:10FE3000134B834223D1134B02201A6C124942F414
:10FE400080721A641A6C42F002021A64D3F8882095
:10FE500042F00202C3F88820D3F8882022F0020280
:10FE6000C3F8882001225A63DA670864DA66082238
:10FE70005A615A695A615A6942F001025A617047DF
:10FE8000504F0020000C0140004C0140084B8342C1
:10FE90000CD1084B5A6902F008025A6100225A61DB
:10FEA000DA66DA671A6C22F002021A64704700BF41
:10FEB000504F0020000C01400F4A936C43F4004364
:10FEC00043F0200393644FF080436FF4C0521A63F1
:10FED0004FF07072DA624FF020721A6000225A609E
:10FEE0009A60DA604FF44C325A62012203F5A03373
:10FEF0005A700722DA727047000C01400E4A6FF404
:10FF00008051936C43F4004343F0200393644FF01B
:10FF100080436FF4C0521A6300221A609A60DA605C
:10FF200019634FF0807119604FF4805159605A6223
:10FF30004FF080529A617047000C014010B5074C99
:10FF40006369DB0704D5064A13680BB1506898470C
:10FF500001236361BDE81040FEF760BF0018004058
:10FF6000B04B002010B5074C63699B0704D5064AC7
:10FF700093680BB1D068984702236361BDE81040D5
:10FF8000FEF74CBF00180040B04B002010B5074CE6
:10FF900063695B0704D5064A13690BB1506998473A
:10FFA00004236361BDE81040FEF738BF001800402D
:10FFB000B04B002010B5074C63691B0704D5064AF7
:10FFC00093690BB1D069984708236361BDE810407D
:10FFD000FEF724BF00180040B04B002010B5074CBE
:10FFE0006369DB0604D5064A136A0BB1506A984769
:10FFF00010236361BDE81040FEF710BF00180040F9
:020000040801F1
:10000000B04B0020164B10B55C69A30604D5154A09
:10001000936A0BB1D06A9847600604D5114A136BF6
:100020000BB1506B9847210604D50E4A936B0BB168
:10003000D06B9847E20504D50A4A136C0BB1506C9B
:100040009847A30504D5074A936C0BB1D06C984729
:10005000BDE810404FF47872014B5A61FEF7DEBEE6
:1000600000180040B04B00201A4B10B55C696205C7
:1000700004D5194A136D0BB1506D9847230504D56B
:10008000154A936D0BB1D06D9847E00404D5124A20
:10009000136E0BB1506E9847A10404D50E4A936EAF
:1000A0000BB1D06E9847620404D50B4A136F0BB1A5
:1000B000506F9847230404D5074A936F0BB1D06F54
:1000C0009847BDE810404FF47C42024B5A61FEF75E
:1000D000A5BE00BF00180040B04B0020062108B5A7
:1000E0000846FFF7C1FD06210720FFF7BDFD0621E9
:1000F0000820FFF7B9FD06210920FFF7B5FD06210D
:100100000A20FFF7B1FD06211020FFF7ADFDBDE885
:10011000084006212120FFF7A7BD08B50620FFF7FC
:10012000B9FD0720FFF7B6FD0820FFF7B3FD092052
:10013000FFF7B0FD0A20FFF7ADFD1020FFF7AAFD85
:10014000BDE808402120FFF7A5BD000000231946A7
:10015000044A0133102B1160516002F10802F8D1FA
:10016000704700BFB04B0020C9434FF055330163C7
:1001700002F003015943016042F380014160C2F380
:10018000C10159438160C2F341115943C160C2F3B7
:10019000C1214B43C3624FF01133C2F3C3125A4320
:1001A00002624262704700001A4B70B59C6C0F26C9
:1001B00044F4C0649C649B6C012301F003048B40F5
:1001C00021F0030101F1804101F5A0518D68A400E7
:1001D000C0F38320A04006FA04F425EA040528436E
:1001E0008860D8430C4912F0010F8C6814BF1C437F
:1001F00004408C6012F0020FCA6814BF1A43024018
:10020000CA60054A536111680B4313605368034089
:10021000536070BD000C0140001800404FF0E02317
:1002200040F2BF325A6100229A61072208210B2056
:100230001A61FFF745BD08B5302383F31188FEF737
:10024000E7FA002383F3118808BD08B5FFF7F3FF31
:10025000BDE80840FEF7E2BD024A536843F00203DE
:100260005360704700380040024A536843F002036D
:100270005360704700840040F8B5D0F854610546DB
:100280007369D806DCB20AD5302383F311884FF4A2
:100290008061281DFEF780FD002383F31188302341
:1002A00083F311882F1D14F00F032FD183F31188CE
:1002B0007368980714D5A10612D5302383F31188EB
:1002C000E818FFF792F8002841DA0821281DFEF708
:1002D00063FD736823F002037360002383F31188C6
:1002E00073689A0711D563060FD5302383F31188FD
:1002F0006A6CAB6C9A4205D1AB6B1BB11021281D07
:10030000FEF74AFD002383F31188F8BD14F0020FB5
:1003100014BF4FF480710021620748BF41F02001F3
:10032000230748BF41F0400114F00104384618BFCC
:1003300041F08001FEF730FD33682CB195F858117B
:1003400028461940FFF7F3F87469E4B2ABE7306070
:10035000C3E7000008B50348FFF78EFFBDE808407B
:10036000FEF75CBD8C4D002008B50348FFF784FF05
:10037000BDE80840FEF752BD304C002010B5094CD6
:1003800000212046084AFFF7A5F8084B0021C4F8D1
:100390005431074C074A2046FFF79CF8064BC4F837
:1003A000543110BD8C4D0020590201080038004026
:1003B000304C0020690201080084004038B5374DF8
:1003C000037A002918BF0D46012B044635D1344B62
:1003D000984217D1334B0A219A6C1E2042F4804276
:1003E0009A649A6CD3F8902042F48042C3F890202B
:1003F000D3F8902022F48042C3F89020D3F89030B4
:10040000FFF732FC284B9C4217D1264B0821DA6CAF
:10041000202042F00802DA64DA6CD3F8942042F02B
:100420000802C3F89420D3F8942022F00802C3F8FD
:100430009420D3F89430FFF717FCD4F85431E979BD
:100440001A6902F050020A4329681A614A0802F147
:10045000B76202F55842B2FBF1F202F00F01C3F8A5
:10046000C0108021D960C2F3071119600021C2F3C6
:1004700007325A60D96068792A790243A879024321
:10048000DA600122C3F89C10C3F898205A6842F041
:1004900005025A60FF2384F8583138BDE01A01087C
:1004A0008C4D0020000C0140304C002070B50446FB
:1004B000C5692E6BC26A6B6A9A4234BFC36A6B6AA3
:1004C000013B30D2E36A002B39D1EB620223237067
:1004D00063681B680BB120469847302383F311886B
:1004E000002104F10800FEF791FB002383F311883B
:1004F000F30717D5286A228E666AE36A616AD31AFF
:100500003344121A934228BF134699424FF6FF71A3
:1005100038BF636A013B1BD2636A1BB9EB6A23F0E5
:100520000103EB6270BD296EE26A013AE262A26ADF
:10053000002AC5D01170A26A0132A262C0E7E26A45
:10054000EB699A429EBFE36A03F1FF33EB61CFE7A9
:10055000626A013A6262226A0AB92966DAE712F827
:10056000010B28662262D5E708B50348FFF79EFF16
:10057000BDE80840FEF752BCE84E002008B503482D
:10058000FFF794FFBDE80840FEF748BC1C4F002071
:1005900010B5064C2046FEF7F3FF054BE361054C12
:1005A0002046FEF7EDFF044BE36110BDE84E00204E
:1005B000003000401C4F00200090004010B5037830
:1005C0000446012B45D1344B98421FD1334B0A21AD
:1005D0009A6C1A2042F480529A649A6CD3F8902054
:1005E00042F48052C3F89020D3F8902022F4805235
:1005F000C3F89020D3F89030FFF736FB6268E369C8
:10060000128A5A611A6942F001021A61244B9C4213
:100610001FD1224B0921DA6C1B2042F01002DA6450
:10062000DA6CD3F8942042F01002C3F89420D3F887
:10063000942022F01002C3F89420D3F89430FFF7EE
:1006400013FB6268E369128A5A611A6942F0010277
:100650001A616168E269CB8989890B4343F007031A
:100660009BB21360238E4BB9012393619169994228
:100670000DD10133B3F5807FF7D123860023936139
:10068000D361D36A23F0FF03D362936C10BD012BB7
:1006900008BF0023F1E700BFE84E0020000C014036
:1006A0001C4F002010B503780446022B1FD10022F6
:1006B000C3699A60DA6A22F0FF02DA629B6C0C4B23
:1006C000984208D11A20FFF7E5FA0A4B9A6C22F4F7
:1006D00080529A649B6C084B9C4208D11B20FFF708
:1006E000D9FA044BDA6C22F01002DA64DB6C10BD2C
:1006F000E84E0020000C01401C4F002010B50C46B5
:1007000091B18362038E4162C1625908A14228BF40
:100710002146C369026299610139D961DA6A42F0FE
:100720001102DA6201229A6010BD10B50C4699B12F
:1007300000238362038E4162C1625908A14228BF2F
:100740002146C369026299610139D961DA6A42F0CE
:100750001102DA6201229A6010BD10B50C4699B1FF
:1007600000230362038E4162C1625908A14228BF7F
:100770002146C369826299610139D961DA6A42F01E
:100780001102DA6201229A6010BD000010B590F8E3
:1007900034300446B3B1063BDAB20F2A11D80F2B1E
:1007A0000FD8DFE803F00F0E0E080F0F0E0E0E0E1F
:1007B0000E0E0E0E0F0F036C03B19847002384F842
:1007C000343010BD00216022064B99735A7499731E
:1007D0005A7463681B6813B10621204698470623A4
:1007E000EDE700BF0040014090F8342010B5152A15
:1007F00004460CD8012393400C4A134208D19B02B3
:1008000005D5036C03B19847002384F8343010BD3C
:1008100000216022064B99735A7499735A74436885
:100820001B680BB1062198470623EEE7410E100026
:10083000004001400146F8B5284C861C04EB8603B5
:100840005F682748BB698173027DD20739D5254A85
:100850009D68817390F817E002EB810C827D42EA7B
:100860000E22A81885422DD19868104498605868C7
:10087000104458601868801A1860188A013880B2CD
:1008800018827B8A934200D808BB012303FA01F245
:10089000638923EA0203638104EB86035B68DB68F8
:1008A0000BB10E489847302383F3118804EB86047C
:1008B0006368986941680C30FEF7A8F9002383F358
:1008C0001188F8BD9CF800E005F801EBCAE7044A7E
:1008D000137D03F0FE031375F3E700BF504F0020B4
:1008E0000040014020400140F8B5214C871C04EB3A
:1008F00087035E680146726950681568A84219D37B
:10090000012303FA01F2238923EA02032381B36856
:100910000BB120469847302383F3118804EB8704FA
:100920006368002158690C30FEF770F9002383F3E7
:10093000118817E00F4B9973136918445060281AF7
:10094000DED0348A844228BF044690681461034490
:100950000948936000EB81001C44A34203D10122AB
:10096000044B5A74F8BD13F8012B0270F5E700BF71
:10097000504F002000400140204001402DE9F0414F
:10098000844B9B799C07DFB202D58348FEF7B1FF09
:10099000780702D58048FEF741FF390713D57E4C12
:1009A0006368DB6823B97B4AD37A03F0F703D37219
:1009B0002378052B02D17848FEF79BFF6368DB683C
:1009C0000BB175489847734B9A781D7902F0FF0672
:1009D000EDB252B9002D3AD1FB0702D56E48FEF7B1
:1009E00058FFBDE8F041FEF719BAF20720D5002202
:1009F000694CE0689A7393F811C01CF0040F5FFA19
:100A00008CF11CBF5A7484F83420CB0605D58022A3
:100A1000604B5A74002384F8343094F834300BB1AE
:100A2000062B24D1CC0703D5436800215A489847A8
:100A3000B20702D50120FFF757FF730702D5022046
:100A4000FFF752FF340702D50320FFF74DFFA80739
:100A500002D50120FFF7EEFE690702D50220FFF75D
:100A6000E9FE2A07B8D50320FFF7E4FEB4E7092B17
:100A70004CD1DFF820C19CF81130DAB213F0020338
:100A8000D6D102F01102112AD2D042698CF80E3070
:100A900051681369D2F800E019445160BEEB0101BE
:100AA000B0F8108016D0414528BF414694681161C6
:100AB000234493605A18934207D1038A99422CBF6A
:100AC00002210A218CF81110B2E713F8014B8CF8BF
:100AD0002040F0E7434504D10A238CF8113011611E
:100AE000A6E7238923F00103238183680BB12A48F9
:100AF0009847302383F311880021E36858690C304C
:100B0000FEF784F8002383F3118891E7152B8FD12A
:100B1000DFF880E09EF81130D90789D5002283697B
:100B2000D3F808C08EF80E209EF81620D1B2624489
:100B3000944527D19A680A449A605A680A445A60D0
:100B40001A68521A1A601A8A013A92B21A82438AB1
:100B50008B424FF000010F4B997300D8BAB948226D
:100B60005A74638923F001036381E368DB6813B17E
:100B7000002109489847302383F31188E368986976
:100B80004168BCE79EF820800CF8018BD0E740223A
:100B90005A744DE700400140504F00200148FEF7D5
:100BA00090BD00BF504F002010B50478012C0ED12D
:100BB000074AC260FFF73CF90022064B0D21DA72AA
:100BC000DC715A720E20BDE81040FFF74DB810BD21
:100BD000E81A01080040014010B503780446012BD3
:100BE0000CD00E20FFF756F80022054B2046DA7293
:100BF000DA715A72BDE81040FFF748B910BD00BF66
:100C00000040014090F84E20014B1A70704700BF21
:100C10000040014000EB8100344BC26801F00F013D
:100C200010B59973106800F00300002956D002280F
:100C30002CD003282AD0012827D153690BB99369F6
:100C40001BB3E020294B9874108AC0F3C7001874B6
:100C5000402058740820587458740120DC7900FA38
:100C600001F149B241EA0400C0B2D871C020587500
:100C7000528AC2F3C702DA7480221A7510221A75DA
:100C80001A755A7A1143C9B2597210BD506980B1B0
:100C900000209874108AC0F3C7001874402058745C
:100CA0000820587458740120DC7988402043C0B271
:100CB000D8719369002BE8D000200C4B5875528AEC
:100CC000C2F3C702DA7480221A7510221A751A75D7
:100CD0000122587A02FA01F10143D4E70028D4D165
:100CE000DA7942F00102DA71CFE700BF004001403B
:100CF000002208B50B4BDA715A724268D2681AB1F9
:100D0000DA7A42F00802DA72074B0021C360FFF77B
:100D100081FF0122034B5A70DA7A42F00102DA7243
:100D200008BD00BF00400140E81A010870B50D4B36
:100D30000021DA79402602F00102DA71082401224A
:100D40008025102059729A730132D2B2042A997404
:100D50005E745C745C7459751D7518751875F2D1E4
:100D600070BD00BF004001400C4B01F00F029A73B0
:100D700041B95A7C52070ED4D87910F0010018BF3F
:100D800002207047187D10F0200004D15B7A1341D7
:100D900013F0010FF3E70120704700BF004001404E
:100DA0000C4B01F00F029A7341B95A7C52070ED4D2
:100DB000D87910F0010018BF02207047587C10F05D
:100DC000100004D1DB79134113F0010FF3E7012088
:100DD000704700BF0040014001F00F03054901EBDF
:100DE000830102F10803087802F8010B9342FAD15B
:100DF000704700BF204001404822044B01F00F0122
:100E000099735A74002380F83430704700400140D1
:100E100010B501F00F0400EB8101CB6899690A68F5
:100E200072B1588A1318013BB3FBF0F39BB20B82EB
:100E3000064B9C7334B11A7D02F0FE021A7510BD88
:100E40000123F4E740225A74F9E700BF0040014053
:100E500000EB810311F00F0170B508BF4025DC687D
:100E600008BF124B626904BF99735D74238A1568C9
:100E70000F4CAB4228BF2B461361926804EB8104F0
:100E8000D518AA4205D1094A917331B1012353748F
:100E900070BD12F8016B2670F3E7517CC168098AB6
:100EA0008B422CBF02230A23F1E700BF0040014020
:100EB00020400140054B01F00F01997311B1202230
:100EC0001A75704760225A74704700BF0040014095
:100ED000044B01F00F01997311B110225A7470473D
:100EE0006022FBE700400140044B01F00F019973C1
:100EF00011B180221A757047597470470040014043
:100F0000044B01F00F01997311B140225A747047DC
:080F10005974704700400140D4
:100F1800000000B400B4801400000040010000404C
:100F28000200004003000040040000400D0800409B
:100F38000C0400400D0400400E0400400608004068
:100F4800070800400808004009080040040800405D
:100F58000508004000FF96000020202020202020C7
:100F68002020282828282820202020202020202051
:100F78002020202020202020208810101010101061
:100F880010101010101010101004040404040404AD
:100F98000404041010101010101041414141414147
:100FA8000101010101010101010101010101010129
:100FB8000101010110101010101042424242424239
:100FC80002020202020202020202020202020202F9
:100FD80002020202101010102000000000000000A1
:100FE80000000000000000000000000000000000F9
:100FF80000000000000000000000000000000000E9
:1010080000000000000000000000000000000000D8
:1010180000000000000000000000000000000000C8
:1010280000000000000000000000000000000000B8
:1010380000000000000000000000000000000000A8
:101048000000000000000000000000000000000098
:10105800000000000000000000000000040C002058
:101068000000000000000000000000000000000078
:101078000000000000000000000000000000000068
:101088000000000000000000000000000000000058
:101098000000000000000000000000000000000048
:1010A8000000000000000000000000000000000038
:1010B8000000000000000000000000000000000028
:1010C8001B1A191817161D1E1F2000000000FF000C
:1010D800FF55FFAAFF2BFFBFFF6A01010008004070
:1010E80001080040020800400308004006000040D4
:1010F8000A0400400B040040FFFFFFFFFFFFFFFF53
:101108000C0400400D0400400E0400400608004096
:10111800070800400808004009080040040800408B
:1011280005080040610D0A00450050004F004D00C1
:1011380041004B0045005200000032002E003400F0
:101148004700200044006F006E0067006C006500D7
:10115800000053706C697436352D310053706C691A
:101168007436352D320053706C697436352D330062
:1011780053706C69743635204254340053706C696E
:1011880074363520425435000008004001080040FC
:101198000208004003080040060000400A0400401E
:1011A8000B040040FFFFFFFFFFFFFFFF0C040040A0
:1011B8000D0400400E0400400608004007080040E7
:1011C80008080040090800400408004005080040DD
:1011D8000948032181620C21C162084890F8100374
:1011E800074900F00F000A68824200D0086000201A
:1011F800401C2328FCDB70470000014000F0FF1F63
:10120800040401400748032181620C21C162064899
:10121800016801F00F01082901D90821016000BF08
:1012280000BF704700000140040401400000004076
:10123800010000400200004003000040040000409C
:101248000D080040A900AA00A900AA00A900AA0048
:10125800A900AA0000000000000000000000000033
:1012680000000000000035001E001F0020002100C3
:1012780022002300000000002B0014001A000800C0
:1012880015001700000000000000390004001600D7
:10129800070009000A00000000000000E1001D002E
:1012A8001B00060019000500000000000000E00017
:1012B800E300E200000000002C0000000000000035
:1012C8000000000000000000000000000000000016
:1012D800000024002500260027002D002E00000015
:1012E8002A00A8001C0018000C00120013002F0090
:1012F800300031004C000B000D000E000F003300D1
:101308003400000028004B001100100036003700A0
:1013180038000000E50052004E0000002C000000DC
:10132800E6002152E400500051004F000000000088
:10133800000000000000000000000000000029007C
:101348003A003B003C003D003E003F00000000002A
:101358004378007E017E027E037E170000000000B5
:101368000000390004000252070009000A000000CA
:1013780000000000E1001D00427806001900057E0B
:10138800000000000000067E0B70E2000000000074
:10139800077E0000000000000000000000000000C0
:1013A8000000000000000000000040004100420072
:1013B8004300440045000000037CA8001C001800FE
:1013C8000C001200130046784578310049000B00E4
:1013D8000D000E000F0048784778000028004A00EA
:1013E800137010003600370038000000E500497817
:1013F8004D0000002C000000E6000000E4004C78DE
:101408004A784B780000000000000000000000004F
:1014180000000000000035001E001F002000210011
:1014280022002300000000002B0014001A0008000E
:101438001500170000000000000039000400160025
:10144800070009000A00000000000000E1001D007C
:101458001B00060019000500000000000000E00065
:10146800E200E300000000002C0000000000000083
:101478000000000000000000000000000000000064
:10148800000024002500260027002D002E00000063
:101498002A00A8001C0018000C00120013002F00DE
:1014A800300031004C000B000D000E000F0033001F
:1014B8003400000028004B001100100036003700EF
:1014C80038000000E50052004E0000002C0000002B
:1014D800E7002352E400500051004F0000000000D4
:1014E80000000000000000000000000000002900CB
:1014F8003A003B003C003D003E003F000000000079
:101508004378007E017E027E037E17000000000003
:101518000000390000521600070009000A00000008
:1015280000000000E1001D00427806001900057E59
:10153800000000000000067EE200E300000000005A
:10154800077E00000000000000000000000000000E
:1015580000000000000000000000400041004200C0
:101568004300440045000000037CA8001C0018004C
:101578000C001200130046784578310049000B0032
:101588000D000E000F0048784778000028004A0038
:10159800137010003600370038000000E500497865
:1015A8004D0000002C000000E700E600E4004C7845
:1015B8004A784B78E200E900EA00B500B600B700C7
:1015C800CD008301CC008A019201940121022302FB
:1015D80024022502260227022A02B300B4006F0063
:1015E80070009F01CB019F02A002E200E900EA001F
:1015F800B500B600B700CD008301CC008A01920186
:1016080094012102230224022502260227022A022B
:10161800B300B4006F0070009F01CB019F02A002CD
:101628000C200020003131295A1B750AFF000000E8
:10163800D1B7000809B8000821B800083DB800086B
:10164800000101010101010101010202020202027D
:101658000202020303030303030303040404040450
:101668000404050505050506060606060707070717
:101678000708080808090909090A0A0A0B0B0B0CCC
:101688000C0C0D0D0D0E0E0E0F0F0F101011111169
:1016980012121313141415151616171718181919EA
:1016A8001A1A1B1B1C1D1D1E1E1F2020212222234F
:1016B8002424252626272829292A2B2C2D2D2E2F90
:1016C80030313232333435363738393A3B3C3D3EA7
:1016D8003F404142434445464748494A4C4D4E4F96
:1016E80050515354555658595A5B5D5E5F61626458
:1016F800656668696B6C6D6F7072737577787A7BE5
:101708007D7E8082838587888A8C8E8F919395963B
:10171800989A9C9EA0A2A3A5A7A9ABADAFB1B3B55B
:10172800B7BABCBEC0C2C4C6C9CBCDCFD1D4D6D837
:10173800DBDDDFE2E4E7E9EBEEF0F3F5F8FAFDFFD5
:1017480000FF0100010000FFFF0000010001FF0091
:1017580000000000000400400F000000000000002E
:101768002000000000000000000000000000000051
:101778000000000000000000000000000000000061
:101788000000000000000000000000002A2B2800D4
:101798000000000000000000000000000000002918
:1017A800000000002C1E3420212224342627252E58
:1017B800362D3738271E1F20212223242526333390
:1017C800362E37381F0405060708090A0B0C0D0EBC
:1017D8000F101112131415161718191A1B1C1D2F88
:1017E8003130232D350405060708090A0B0C0D0EA8
:1017F8000F101112131415161718191A1B1C1D2F68
:101808003130354C000000007E0F00D4FFFFFFC7C9
:1018180000000078F1DA000859DA000839D9000820
:1018280000000000591801087218010892180108F0
:10183800B418010822190108441901084422B609FC
:10184800025B00030100A0FA090400000103010182
:101858000009211101000122440007058103080045
:10186800010904010002030000000921110100011F
:101878002222000705820320000107050203200039
:1018880001090402000103000000092111010001FF
:1018980022B60007058303200001120100020000A0
:1018A80000402D34C6E43000010203010501090699
:1018B800A101050719E029E715002501950875011B
:1018C80081029501750881010507190029FF150096
:1018D80026FF0095067508810005081901290515D8
:1018E800002501950575019102950175039101C0C7
:1018F800040309041203450050004F004D00410045
:101908004B004500520000001003530070006C00AB
:10191800690074003600350000000660FF0961A107
:10192800010962150026FF009520750881020963E8
:10193800150026FF00952075089102C005010902CF
:10194800A10185020901A10005091901290815004D
:1019580025019508750181020501093009311581B4
:10196800257F95027508810609381581257F95011F
:1019780075088106050C0A38021581257F950175C1
:10198800088106C0C005010980A101850319012A43
:10199800B700150126B700950175108100C0050C28
:1019A8000901A101850419012AA002150126A00236
:1019B800950175108100C005010906A1018506057C
:1019C8000719E029E7150025019508750181020529
:1019D80007190029EF1500250195F0750181020509
:1019E800081901290595057501910295017503915D
:1019F80001C0303132333435363738394142434407
:101A080045460000E8230108A44F0020A44F002009
:101A1800A44F0020E8230108000000000000000097
:101A280000000000E823010800000000000000009A
:101A380000000000E823010800000000000000008A
:101A480000000000E823010800000000000000007A
:101A580000000000E823010800000000000000006A
:101A680000000000E823010800000000000000005A
:101A780000000000E823010800000000000000004A
:101A880000000000633000008C1A0108083F0020A5
:101A9800184000206D61696E0069646C6500000083
:101AA8000000000099F4000889F40008B9F400085F
:101AB800A9F40008B3F40008A3F4000893F400089C
:101AC80083F40008C3F400080000010000006578F2
:101AD8006974006B696C6C000096000003000000DC
:101AE8000000000009F900088D070108E90701084E
:101AF800400040001840002018400020010000006D
:101B08002C4000205245454E54206D616C6C6F632B
:101B18002073756363656564656400002E2E2F2E3F
:101B28002E2F2E2E2F2E2E2F2E2E2F2E2E2F2E2EC8
:101B38002F2E2E2F6E65776C69622F6C6962632F6A
:101B48007374646C69622F72616E642E63000000A6
:101B58002C2066756E6374696F6E3A200000000071
:101B6800617373657274696F6E2022257322206613
:101B780061696C65643A2066696C65202225732268
:101B88002C206C696E65202564257325730A000076
:101B9800232D302B20000000686C4C0065666745DB
:101BA8004647000030313233343536373839414210
:101BB800434445460000000030313233343536376F
:0C1BC8003839616263646566000000004B
:081BD40070E6FE7F0100000035
:101BDC00040C002000000000A81001088810010867
:101BEC006810010800000000000000000000000068
:101BFC0000000000000000000000000000000000D9
:101C0C0000000000000000000000000000000000C8
:101C1C0000000000000000000000000000000000B8
:101C2C0000000000000000000000000000000000A8
:101C3C00000000000000FF000927000889270008A9
:101C4C0051290008D12700082D28000800000000A9
:101C5C000100000040771B00000000640E08020128
:101C6C000101010101010001FFFFFFFFFFFFFFFF69
:101C7C00FFFFFF1C1B1A19181716FFFF1011121368
:101C8C001415FFFFFF020F0E0D0C0BFFFFFF0306D9
:101C9C000708090AFFFFFF040105FFFF00FFFFFF14
:101CAC00FFFFFFFFFFFFFFFFFF1D1E1F202122FF75
:101CBC0023FF2C2B2A2928272625242D2E2F3031A3
:101CCC0032FF33343C3B3A3938FF373635FF3DFF72
:101CDC003E3F404142434140134005200930024001
:101CEC0024401F302D303B30483056304F2041209F
:101CFC0034202620182003101510221030103E100E
:101D0C004C1053004500370029001C000E00000049
:101D1C0060006E007C008A009800A500BA00D2100A
:101D2C00BE10AC109F1091108310751067105A10D4
:101D3C005D206B20792086209420A220B820D22010
:101D4C00D230C130AE309B308D3080307230643048
:101D5C006B4086409440A240B040BF40D240040447
:101D6C000404040404040404040404040404040427
:101D7C000404040404040404040404040404040417
:101D8C000404040404040404040404040404040407
:101D9C0004040404040404040404040404040404F7
:101DAC0004040000901F0020981F002015740008E8
:101DBC0000080040010800400208004003080040F1
:101DCC00060000400A0400400B040040FFFFFFFF28
:101DDC00FFFFFFFF00000040010000400200004038
:101DEC0003000040040000400D080040000000000B
:101DFC000100000000000000000000000C000200C8
:101E0C00000000000C000E000000000000000000AC
:101E1C000000000001001A0000000000000000009B
:101E2C0008001B0000000000000000000000000083
:101E3C0029790008040024000000000000000000C4
:101E4C000100280000000000000000000100290033
:101E5C00000000000000000001002A00000000004B
:101E6C00000000000C002C0000000000000000002E
:101E7C0004003800000000000979000820003C0034
:101E8C00000000000000000001003900000000000C
:101E9C002D7900080000000020005C00000000000C
:101EAC00000000000000000000000000450045009C
:101EBC0045004500450000FF00FFFF0339050114F4
:101ECC000A1E015008280301020000010000000056
:101EDC0000C20100030000008C4D002000960000A1
:101EEC000300000081D20008A9DD0008BFDD000856
:101EFC00C9DD0008D3DD0008DDDD000800000000AE
:101F0C0000000000020000000000000000000000C3
:101F1C0000000000000000000000000000000000B5
:101F2C0000000000000000000000000000000000A5
:101F3C000000000000000000000000000000000095
:101F4C00000000000600000000000000000000007F
:101F5C000300000000000000000000000000000072
:101F6C000000000000000000000000000000000065
:101F7C000000000000000000000000000000000055
:101F8C000000000000000000000000000000000045
:101F9C000300000000000000000000000000000032
:101FAC000000000000000000000000000000000025
:101FBC000000000000000000000000000000000015
:101FCC000000000000000000000000000000000005
:101FDC0000000000000000000000000020000000D5
:101FEC00C40F00201010002091E3000871E30008DA
:101FFC00A7E3000889E40008A5E40008B1E40008A0
:10200C0000000000000000000400000000000000C0
:10201C0000000000000000000000000000000000B4
:10202C0000000000000000000000000000000000A4
:10203C000000000000000000000000000000000094
:10204C000000000000000000030000000000000081
:10205C00000000000600000000000000000000006E
:10206C000000000000000000000000000000000064
:10207C000000000000000000000000000000000054
:10208C000000000000000000000000000000000044
:10209C000000000020000000000000000000000014
:1020AC002C0F0020780F00203010002000000000C2
:1020BC007C1000200000000000000000C810002070
:1020CC00EDE30008C5E3000809E4000801E5000899
:1020DC0025E500083DE500080000000000000000B8
:1020EC0000000000000000000000000000000000E4
:1020FC0000000000000000000000000000000000D4
:10210C0000000000000000000000000000000000C3
:10211C0000000000000000000000000000000000B3
:10212C0008000000081100205411002091E3000861
:10213C0071E30008A7E3000889E40008A5E400089F
:10214C00B1E40008010200000000000000000000E3
:10215C000000000000000000000000000000000073
:10216C000000000000000000000000000000000063
:10217C000000000000000000000000000000000053
:10218C00030000000000000071E1000800000000E6
:10219C002000000000000000000000000200000011
:1021AC000000000000000000000000000000000023
:1021BC000000000000000000000000000000000013
:1021CC000000000000000000000000000000000003
:1021DC00504F00200300000004000000200000000D
:1021EC00D83D00200000000000000000EC10002092
:1021FC0000000000000000000000000000000000D3
:10220C0000000000000000000000000000000000C2
:10221C0000000000000000000000000000000000B2
:10222C00000000000000000003000000000000009F
:10223C0071E1000800000000080000000000000030
:10224C000000000002000000000000000000000080
:10225C000000000000000000000000000000000072
:10226C000000000000000000000000000000000062
:10227C000000000000000000504F00200100000092
:10228C000400000008000000883C00200000000052
:10229C0000000000581100200000000000000000A9
:1022AC000000000000000000000000000000000022
:1022BC000000000000000000000000000000000012
:1022CC000000000000000000000000000000000002
:1022DC00030000000000000071E1000807E20008A4
:1022EC0020002000000000000000000002000000A0
:1022FC0000000000000000000000000000000000D2
:10230C0000000000000000000000000000000000C1
:10231C0000000000000000000000000001000000B0
:10232C00504F0020020000000400000020000000BC
:10233C00B83C002000000000000000001410002039
:10234C000000000000000000000000000000000081
:10235C000000000000000000000000000000000071
:10236C000000000000000000000000000000000061
:10237C000000000000000000000000000000000051
:10238C000000000000000000000000000000000041
:10239C000000000000000000000000000000000031
:1023AC000000000000000000000000000000000021
:1023BC00504F00200200000004000000200000002C
:1023CC00483D002000000000F8130020F813002006
:0C23DC00000000000000000000D8B80560
:04000005080001B935
:00000001FF
