:020000040800F2
:1000000000040020B9010008BB010008BB01000882
:10001000BB010008BB010008BB010008BB010008D0
:10002000BB010008BB010008BB010008C9ED0008C6
:10003000BB010008BB010008BB0100085302010816
:10004000BB010008BB010008BB010008BB010008A0
:10005000BB010008BB01000845FF00086DFF000858
:1000600095FF0008BDFF0008E5FF0008BB01000880
:10007000BB010008BB01000885090108BB0100089D
:100080000D000108BB010008BB010008BB0100080E
:10009000BB010008BB010008BB010008BB01000850
:1000A000BB010008BB0100087105010885050108B6
:1000B000BB010008BB0100085D030108BB0100088B
:1000C0007103010871000108BB010008BB010008B1
:1000D000BB010008BB010008BB010008BB01000810
:1000E00072B6264880F30888254880F30988254899
:1000F00025490860022080F31488BFF36F8F0EF04B
:1001000037FB0DF08FFE4FF0553020491B4A9142CE
:100110003CBF41F8040BFAE71D49194A91423CBF24
:1001200041F8040BFAE71B491B4A1C4B9A423EBF9D
:1001300051F8040B42F8040BF8E700201849194A5B
:1001400091423CBF41F8040BFAE70EF015FB0EF0AC
:1001500010FB154C154DAC4203DA54F8041B8847CC
:10016000F9E707F09DFE124C124DAC4203DA54F849
:10017000041B8847F9E70EF0FDBA000000040020D8
:10018000000C00200000000808ED00E00000002046
:1001900000040020E41B0108000C00200C140020C7
:1001A00010140020A44F0020E0000008E000000828
:1001B000E0000008E000000892E700F000F8FEE729
:1001C0002DE9F04FC1F80CD0C3689D46BDE8F08F13
:1001D000002383F311882846A04700200EF0FAFC84
:1001E000FEE70EF02BFC00DFFEE7000053B94AB932
:1001F000002908BF00281CBF4FF0FF314FF0FF302F
:1002000000F08AB9ADF1080C6DE904CE00F01AF8DF
:10021000DDF804E0DDE9022304B07047430803F091
:100220005533C01A830803F0333300F033301844D9
:1002300000EB101000F00F3000EB002000EB00404E
:10024000000E70472DE9F047089E0D46044688468B
:10025000002B4DD18A42944668D9B2FA82F252B14B
:1002600001FA02F3C2F1200120FA01F10CFA02FCBA
:1002700041EA030894404FEA1C41B8FBF1F71FFA2A
:100280008CFE01FB178807FB0EF0230C43EA0843A2
:1002900098420AD91CEB030307F1FF3580F01E8159
:1002A000984240F21B81023F63441B1AB3FBF1F0FA
:1002B00001FB103300FB0EFEA4B244EA0344A64542
:1002C0000AD91CEB040400F1FF3380F00981A64534
:1002D00040F20681644402380021A4EB0E0440EA97
:1002E00007401EB10023D440C6E90043BDE8F087B3
:1002F0008B4208D9002E00F0EE800021C6E90005EF
:100300000846BDE8F087B3FA83F100294AD1AB4231
:1003100002D3824200F2FC80841A65EB03030120C1
:100320009846002EE2D0C6E90048DFE702B9FFDEBA
:10033000B2FA82F2002A40F09180A1EB0C00012178
:100340004FEA1C471FFA8CFEB0FBF7F307FB1300C4
:10035000250C45EA00450EFB03F0A84208D91CEB2A
:10036000050503F1FF3802D2A84200F2CE804346D1
:100370002D1AB5FBF7F007FB10550EFB00FEA4B2DB
:1003800044EA0544A64508D91CEB040400F1FF35F6
:1003900002D2A64500F2B6802846A4EB0E0440EA3D
:1003A00003409EE7C1F120078B4022FA07FC4CEA8C
:1003B000030C25FA07FA4FEA1C49BAFBF9F820FAB0
:1003C00007F309FB18AA8D401FFA8CFE1D4300FAA3
:1003D00001F308FB0EF02C0C44EA0A44A04202FA96
:1003E00001F20BD91CEB040408F1FF3A80F088807D
:1003F000A04240F28580A8F102086444241AB4FBAC
:10040000F9F009FB104400FB0EFEADB245EA0444CE
:10041000A64508D91CEB040400F1FF356CD2A645B3
:100420006AD90238644440EA0840A0FB0295A4EB74
:100430000E04AC42C846AE4656D353D0002E69D007
:10044000B3EB080264EB0E0422FA01F304FA07F797
:100450001F43CC40C6E90074002147E70CFA02FCB8
:10046000C2F1200125FA01F34FEA1C4720FA01F1FD
:1004700095400D43B3FBF7F107FB11331FFA8CFED8
:10048000280C40EA034001FB0EF3834204FA02F415
:1004900008D91CEB000001F1FF382FD283422DD97F
:1004A00002396044C01AB0FBF7F307FB1300ADB28A
:1004B00045EA004503FB0EF0A84208D91CEB0505F0
:1004C00003F1FF3816D2A84214D9023B6544281A1A
:1004D00043EA014138E73146304607E72F46E4E674
:1004E0001846F9E64B45A9D2B9EB020865EB0C0EAC
:1004F0000138A3E74346EAE7284694E74146D1E7B7
:10050000D0467BE76444023847E7023B65442FE767
:10051000084606E73146E9E6704700BF062008B501
:1005200000F08AFA01200FF083FB00BF032A10B508
:1005300016D940EA010C1CF0030F04460B4622D1E9
:1005400019462046D1F800E0D0F800C00433F44545
:1005500004F1040417D1043A032A20461946EFD8BF
:10056000541EA2B100F1FF3C013901E0C3180CD0C8
:100570001CF801EF11F8012FA4EB0C039645F5D000
:10058000AEEB020010BD541EECE7184610BD10463D
:1005900010BD00BF844641EA000313F0030349D1B4
:1005A000403A23D30B6803604B6843608B688360D9
:1005B000CB68C3600B6903614B6943618B698361DD
:1005C000CB69C3610B6A03624B6A43628B6A8362C5
:1005D000CB6AC3620B6B03634B6B43638B6B8363AD
:1005E000CB6BC36340304031403ADBD230320BD367
:1005F0000B6803604B6843608B688360CB68C360A3
:1006000010301031103AF3D20C3205D351F8043BBC
:1006100040F8043B043AF9D2043208D0D2071CBF98
:1006200011F8013B00F8013B01D30B8803806046C1
:10063000704700BF082A13D38B07B1D010F0030313
:10064000AED0C3F10403D21ADB071CBF11F8013B83
:1006500000F8013BA4D331F8023B20F8023B9FE7AE
:10066000043AD9D3013A11F8013B00F8013BF9D221
:100670000B7803704B7843708B78837060467047BB
:1006800088420DD98B1883420AD900EB020CBAB10B
:10069000624613F801CD994202F801CDF9D17047B5
:1006A0000F2A0ED8034602F1FF3C4AB10CF1010CAF
:1006B000013B8C4411F8012B614503F8012FF9D15E
:1006C000704740EA01039B074FD1A2F1100370B5B8
:1006D00001F1200C23F00F0501F1100E00F11004C0
:1006E000AC441B095EF8105C0EF1100E44F8105C6F
:1006F0005EF81C5C103444F81C5C5EF8185C44F82E
:10070000185C5EF8145CE64544F8145CEAD10133E9
:1007100012F00C0F01EB031102F00F0400EB0313B6
:1007200027D08E46043C24F003064FEA940C1E4466
:100730001C1F5EF8045B44F8045FB442F9D10CF16D
:10074000010402F0030203EB840301EB840102F1D4
:10075000FF3C4AB10CF1010C013B8C4411F8012B18
:10076000614503F8012FF9D170BD034602F1FF3C4A
:100770009CE72246EBE700BF830730B548D0541E04
:10078000002A3FD00346CAB201E0013C3AD303F845
:10079000012B9D07F9D1032C2DD9CDB245EA0525B2
:1007A0000F2C45EA054536D9A4F1100222F00F0CB2
:1007B00003F1200EE6444FEA121C03F1100242E955
:1007C000045542E9025510327245F8D10CF101028C
:1007D00014F00C0F03EB021204F00F0C13D0ACF169
:1007E000040323F003030433134442F8045B9342ED
:1007F000FBD10CF003042CB1CAB21C4403F8012B4A
:100800009C42FBD130BD64461346002CF4D1F9E77D
:1008100003461446BFE71A46A446E0E738B5124B34
:1008200004461D68AA6B1AB10023C2E9044338BD0F
:10083000182000F02DFA0246A86378B100210B239E
:1008400001209381C2E90401084B0949094DC2E91D
:10085000011300231560C2E9044338BD4221064B51
:10086000064800F0CDF900BF000C0020ECDE0500CA
:1008700034126DE60E33CDAB141B01082C1B01089E
:1008800038B5194B1C68A26B8AB1136917495469B2
:1008900003FB01F1164800FB0411A3FB00300133F8
:1008A00041EB0001C2E9043121F0004038BD1820BD
:1008B00000F0EEF90246A06388B1012400250B2365
:1008C0000A480C49C2E90445116001460A4D0B4C27
:1008D00093810B4BC2E90154C2E9043138BD4E216A
:1008E000084B094800F08CF9000C00202DF45158F9
:1008F0002D7F954C0E33CDAB34126DE6ECDE05004A
:100900002E7F954C141B01082C1B010838B5446C34
:100910000CB1002038BD8021054600F02FFA0246B8
:10092000686430B1031F7C3243F8044F9342FBD11B
:10093000EFE74FF0FF3038BD1F29F8B5054608D85E
:10094000466C0C4617464EB156F8240046F8247003
:10095000F8BD16234FF0FF302B60F8BD802100F06A
:100960000DFA0646686440B10021031F00F17C05C2
:1009700043F8041F9D42FBD1E6E74FF0FF30F8BD7E
:100980001F2938B5054620D8426C0C466AB152F88A
:10099000213053B1012B16D0591C10D00025204610
:1009A00042F824509847284638BD284600F0F8F809
:1009B000224601462846BDE8384000F0DDB816233F
:1009C00001202B6038BD002038BD16234FF0FF30CA
:1009D0002B6038BD1F292BD8426C38B50C46054614
:1009E00082B152F8243002EB84024BB1591C1AD068
:1009F000012B16D00025204615609847284638BDA3
:100A0000012038BD802100F0B9F90246686460B168
:100A10000020131F02F17C0143F8040F9942FBD11F
:100A2000DFE7032038BD022038BD4FF0FF3038BD6E
:100A30004FF0FF30704700BF38B5144B1F281D68BA
:100A40001FD86A6C044662B152F820304BB1012BBA
:100A500015D0591C0FD0002542F820509847284641
:100A600038BD284600F09CF8224601462846BDE8DD
:100A7000384000F081B8162301202B6038BD0020DB
:100A800038BD16234FF0FF302B6038BD000C00201E
:100A9000124B1F2870B51E6808D80D46716C0446AD
:100AA00049B151F8240041F8245070BD16234FF08D
:100AB000FF30336070BD8021304600F05FF90146A1
:100AC000706440B10022031F00F17C0C43F8042F36
:100AD0006345FBD1E5E74FF0FF3070BD000C00200F
:100AE00038B50B4B1D686C6C0CB1002038BD8021F3
:100AF000284600F043F9686438B1031F00F17C0216
:100B000043F8044F9342FBD1EFE74FF0FF3038BD7D
:100B1000000C002038B5174B1F281D6827D86A6CB9
:100B2000044682B152F8243002EB84024BB1591CC6
:100B30001BD0012B17D0002520461560984728466A
:100B400038BD012038BD8021284600F017F9024643
:100B5000686460B10020131F02F17C0143F8040FA8
:100B60008B42FBD1DEE7032038BD022038BD4FF0B9
:100B7000FF3038BD000C002070B50026074D04463C
:100B8000084611462E600FF05BF8431C00D070BD84
:100B90002B68002BFBD0236070BD00BF1814002011
:100BA0000FF056B820F0030110F00300C0F1000070
:100BB00051F8043B00F1040C4FEACC0C6FF000023A
:100BC0001CBF22FA0CF213434FF0010C4CEA0C2C20
:100BD0004CEA0C4CA3EB0C0222EA030212EACC1200
:100BE00004BF51F8043B0430F4D0C2F1000102EA22
:100BF0000102B2FA82F2C2F11F0200EBD20070478A
:100C0000144600B51A460A4B0D461B6885B0DE68CF
:100C100003464CB1074901913046074902940095BB
:100C200000F022F8FFF77AFC04490C46F3E700BF16
:100C3000000C0020601B0108701B01086C1B0108E0
:100C400008B513460022FFF7DBFF00BF0CB400B568
:100C500083B004AB53F8042B019300F025F903B0E3
:100C60005DF804EB02B070470EB400B5074A82B0DD
:100C700003AB0146106853F8042B019300F014F9FC
:100C800002B05DF804EB03B0704700BF000C002019
:100C9000024B0146186800F071B800BF000C00203C
:100CA000024B0146186800F003B800BF000C00209A
:100CB000002952D038B551F8043C0C1F002BB8BFA6
:100CC000E418054601F0AEF92B4A1368002B45D015
:100CD000A3420CD921686018834228D0636028465B
:100CE0001460BDE8384001F09FB9A3420FD81A46FE
:100CF0005B68002BF9D11168501884421DD034D3A1
:100D0000636054602846BDE8384001F08DB9116831
:100D10005018A04215D028D8216860188342EFD11E
:100D200018685B680144C4E900135460EAE7186876
:100D30005B680144C4E90013D1E7236819441160DA
:100D4000E0E720680144501883421160DAD1D3E90A
:100D500000030144C2E90013D4E7704728466360EA
:100D60001460BDE8384001F05FB90C2328462B60C1
:100D7000BDE8384001F058B910140020F8B5CD1C7A
:100D800025F0030508350C2D38BF0C25002D06462F
:100D900023DBA94221D8264F01F044F93A6822B357
:100DA000144603E063682246FBB11C4623685B1BC4
:100DB000F8D40B2B15D8636894420CBF3B6053608A
:100DC000304601F031F904F10B00231D20F007003B
:100DD000C21A01D01B1AA350F8BD0C2300203360A7
:100DE000F8BD23601C442560EAE77968D1B1294643
:100DF00030460EF00FFF431C01460CD0C41C24F0FB
:100E00000304A04205D03046611A0EF003FF013002
:100E100001D02560D4E70C233046336001F004F99B
:100E20000020F8BD30460EF0F5FE7860DFE700BF29
:100E3000101400209368013B002B936005DAD2F870
:100E400018C0634507DB0A2905D01368581C1060D9
:100E500008461970704700F069BB00BF9BB1F8B538
:100E6000134406460F46541E5D1E01E0AC4208D0F6
:100E70003A46304614F8011FFFF7DCFF431CF5D15A
:100E8000F8BD0020F8BD0020704700BF936810B582
:100E9000144613B91846536010BD00F031FE00230C
:100EA000C4E9013310BD00BF2DE9F04F0E46924654
:100EB0001C4607469FB018B18369002B00F0A8803C
:100EC000954B9E4200F0AA80944B9E4200F0B58064
:100ED000934B9E4208BFFE68B389180740F1A38078
:100EE0003369002B00F09F80002320220B933023D6
:100EF0009AF80010059401258A4C8DF831208DF860
:100F0000323000297DD0D1460B4604E019F8013F6C
:100F1000002B00F09480252BF8D1B9EB0A0B40F0A0
:100F2000918099F80030002B6BD000234FF0FF32F6
:100F300009F10109CDE90723069309938DF85B3088
:100F40001C9304E0001B05FA00F018430690CA4603
:100F50000522204619F8011B01F01CF8069B002809
:100F6000F0D1D90644BF20228DF85B201A0748BF74
:100F70002B229AF8001048BF8DF85B202A2972D1E5
:100F8000059A1168043200290592C0F2A0800991E7
:100F90009AF801100AF1010A2E2976D0DFF888911B
:100FA0000322484600F0F6FF48B14022069BA0EB22
:100FB000090002FA00F003430AF1010A06931AF845
:100FC000011B062259488DF8301000F0E3FF00287D
:100FD00000F08380564B002B6CD005A9009132465F
:100FE0003846544B06A9AFF300800390039B0133AE
:100FF00007D00B9B039A9AF8001013440B93002917
:1010000081D1B3895B0615D40B981FB0BDE8F08F72
:1010100000F056FD404B9E427FF456AF7E68B38988
:1010200018073FF55DAF3146384600F0E1FA002879
:101030003FF45AAF4FF0FF30E7E7BE684CE7B9EB3B
:101040000A0BDED0D046CAF1010A03E0934538D935
:1010500018F8011F32463846FFF7ECFE01300AEB64
:101060000802F3D1CDE7A1F13002092A94D8099BF7
:101070001AF8011F03EB830302EB4303A1F13002D3
:10108000092AF5D92E29099388D19AF801102A291D
:101090002DD1059B0AF102001A680433002A05933A
:1010A000B8BF4FF0FF339AF8021007928246B8BFDC
:1010B000079373E7059B073323F007030833059372
:1010C00097E70B9A99F800305A440B922BE7494264
:1010D00043F00203099106935AE705A900913246AD
:1010E0003846144B06A900F0CBF803907EE70023A6
:1010F000A1F13002092A0AF1010A07933FF64EAF27
:101100001AF8011F03EB830302EB4303A1F1300242
:10111000092AF5D9079341E7B0100108901001089A
:1011200070100108A01B0108A81B0108AC1B0108D6
:10113000000000005D0E00088C4600B58646134690
:10114000034A714610685DF804EB6246FFF7ACBED7
:10115000000C00202DE9F04791461E460A698B6875
:101160000C469A42B8BF1A46C9F8002091F843309D
:101170000546DDF8208013B10132C9F8002022684D
:1011800091065DD5D9F800300233C9F800302268E5
:1011900012F0060F11461ED1E168CB1A002BD8BF02
:1011A000114618DD002704F1190A06E0D9F80030CD
:1011B000E268A2EB030CBC450CDD0123524631462C
:1011C0002846C047013007F10107EFD14FF0FF304B
:1011D000BDE8F087216894F84330003B18BF012335
:1011E0008A060AD53021E21882F8431094F8451097
:1011F0005A1C2244023382F843103146284604F137
:101200004302C0470130E1D0236803F00603042BFA
:101210001DD0A3682269934225DD00279B1A1F4435
:1012200004F11A09002401E0BC421CDA01234A46F9
:1012300031462846C047013004F10104F4D1C5E726
:1012400012F0060F12D0003B18BF0123D5E7D9F8E2
:101250000030E1682269C91AA36821EAE177934264
:10126000DCDC0029DCDC0020BDE8F087E168D9F88F
:101270000030CB1A002BD8BF114693DCABE700BF80
:101280002DE9F04317460A7E85B00C46064698467F
:101290000C9D01F1430C002A33D0A2F15803D9B2BE
:1012A000202967D8202B65D8DFE813F0DD00640023
:1012B000640064006400640064006400640064000E
:1012C0006400A3006E0064006400640064006E00AB
:1012D000640064006400640021007F00BF006400BB
:1012E0006400AE0064007F0064006400E4002368D2
:1012F0001A0640F102812B686269191D29601B687A
:101300001A600023E14623613B4621463046CDF872
:10131000008003AAFFF71EFF013020D04A4639465D
:1013200030462369C047013019D02368E0689B0725
:10133000039919D5431A002B16DD002504F119096C
:1013400004E0E0680399431AAB420DDD01234A46ED
:1013500039463046C047013005F10105F1D14FF063
:10136000FF3005B0BDE8F0838842B8BF084605B03D
:10137000BDE8F083012384F8422004F1420923618F
:10138000002384F84330BFE72368190602D45A06C5
:1013900000F1BF8029680A68043129601146002ADB
:1013A0006ADB0A25DFF87CE110E02368180640F1CB
:1013B0009A802B68191D296019686F2A0CBF0825AF
:1013C0000A25DFF860E1002384F843306268002AD0
:1013D000A2607DDB236823F004032360002959D138
:1013E000002A77D1E146082D63D0ACEB09032361D5
:1013F0008AE701222B6804F14209196804332B6043
:1014000084F842102261BBE72B6800211A1D2A6074
:10141000D3F800906268484600F0BCFD00287FD0F9
:10142000A0EB090060602061AAE7236843F0200375
:1014300023607822DFF8F0E084F845202A68111D47
:101440002960190642D45D0640D51188D80744BFEB
:1014500043F020032360002943D12368102523F0A3
:1014600020032360AFE75823DFF8B8E084F8453065
:101470002368E3E72368DCE72D2284F843206268D1
:101480004942002AA26002DB23F0040323600A25FC
:10149000DFF890E0E146B1FBF5F30A4605FB1310D7
:1014A00019461EF80030AA4209F8013DF3D2082D72
:1014B0009BD12368D90798D5626823699A4294DC46
:1014C000302309F1FF3989F800308EE71168BDE754
:1014D0000029DFD19EF8003004F1420984F842303F
:1014E00081E710256FE713F0400F2B6803F104012B
:1014F00029600CBF196819885FE713F0400F2B684B
:10150000626903F1040129601B6814BF1A801A6024
:10151000F7E62A68B2F9001004322A600A463EE76C
:10152000606880E7B41B0108C81B0108F8B50646CF
:101530000D46144608B1836943B3254B9C422AD01B
:10154000244B9C4229D0244B9C4208BFF468A269DA
:10155000A389A2601A0722D5236903B322686169AF
:10156000D31AEDB299422F4629DD0133A168013922
:10157000A160511C2160157062699A4216D0A3893E
:10158000DB0701D50A2D11D03846F8BD00F098FAD6
:101590000F4B9C42D4D17468D9E7B468D7E7214691
:1015A000304600F025F838B92369D7E721463046A0
:1015B00000F024F90028E7D04FF0FF37E4E7214698
:1015C000304600F01BF90028F6D101232268CDE750
:1015D000B0100108901001087010010803460A4677
:1015E000024908681946FFF7A1BF00BF000C0020A0
:1015F0003C4B70B51D6806460C460DB1AB69E3B1B6
:10160000394B9C421FD0394B9C424DD0384B9C42A9
:1016100008BFEC68B4F90C3018079AB219D52169E3
:1016200011B312F001002FD000256069A56040427F
:10163000A06100292ED0002070BD284600F040FA9D
:10164000294B9C42DFD16C68B4F90C3018079AB270
:10165000E5D4D1063ED5520728D4216943F00803CA
:10166000A3819AB20029DCD102F42070B0F5007F8A
:10167000D7D02146304600F0FFFBB4F90C30216989
:101680009AB212F00100CFD1950758BF6069A060EF
:101690000029D0D1120658BF0846CDD543F04003EB
:1016A0004FF0FF30A38170BDAC68B3E7616B51B1FF
:1016B00004F14402914204D03046FFF7F9FAB4F93C
:1016C0000C30002262630022216923F02403C4E964
:1016D0000012C3E7092243F0400332604FF0FF30AD
:1016E000A38170BD000C0020B0100108901001080B
:1016F00070100108F8B58B890C46190707463BD4D2
:101700006268002A55DDE66A002E50D000223D684E
:101710003A6013F4805250D101233846216AB04711
:10172000421C5CD0A389E66A5B0705D56368C01AD2
:10173000636B0BB1236CC01A0246216A0023384642
:10174000B047411C3BD13B68002B38D01D2B01D04A
:10175000162B4BD100232269C4E90023616B3D6045
:1017600029B304F14403994202D03846FFF7A0FAA6
:10177000002318466363F8BD2669C6B19A0718BFEF
:101780000023256808BF63692660AD1BA3600CE0D9
:101790002B463246D4F828C03846216AE047B0F1DB
:1017A000000CA5EB0C05664412DD002DF0DC0020DA
:1017B000F8BD226C002AA6DCF9E7606DB4E70022D0
:1017C000236962602360A389DB04C7D56065C5E730
:1017D000A3894FF0FF3043F04003A381F8BD3B687D
:1017E000002B9FD01D2B06D0162B04D0A38943F0CD
:1017F0004003A381F8BD00203D60F8BD38B50B69FA
:10180000BBB10C46054608B18369B3B10D4B9C4290
:1018100011D00D4B9C4213D00C4B9C4208BFEC687E
:10182000B4F90C302BB121462846BDE83840FFF70B
:1018300061BF002038BD6C68F2E700F041F9E5E7D0
:10184000AC68EDE7B01001089010010870100108B5
:1018500038B540B303690446E3B1174B1D680DB1B9
:10186000AB69CBB1154B9C420FD0154B9C4221D09C
:10187000144B9C4208BFEC68B4F90C3053B12146BC
:101880002846BDE83840FFF735BF6C68B4F90C3026
:10189000002BF4D1002038BD284600F011F9074B89
:1018A0009C42E2D1F1E7084B08491868BDE838408E
:1018B00000F0BEBAAC68DFE7000C0020B0100108F1
:1018C00090100108701001086C100108FD17000845
:1018D00000207047014900F0ABBA00BFFD170008B7
:1018E00000207047682270B54D1E02FB05F50E46BC
:1018F00005F17401FFF742FA044640B100210C30B3
:10190000C4E9016005F168022160FEF735FF204659
:1019100070BD00BF274B2DE9F0411E680746B36933
:1019200053B34FF004084836D6E90134013B04D5DF
:101930001EE05A1C04F168041AD0B4F90C50013BA3
:10194000002DF6D11C4B08222946C4E90055C4E9F4
:101950000253C4E904556566A56104F15C00FEF715
:101960000BFFC4E90D55C4E912552046BDE8F081CE
:1019700035682DB12E46D7E7304600F01FF8D0E786
:101980004FF4D6713846FFF7F9F9044668B105609F
:1019900029460546C0F804800C304FF4D072A06090
:1019A000FEF7EAFE34602E46BEE70C2330603B6053
:1019B000DBE700BF6C1001080100FFFF0023334A82
:1019C0002DE9F0471268C0E912339042036508BF61
:1019D00001232F4908BF836181620546FFF79AFF03
:1019E000034628466B60FFF795FFA8602846002451
:1019F000FFF790FF04236E68DFF898A0DFF8989057
:101A0000DFF89880264FE8600822F3602146C6E997
:101A10000044C6E904447466B460B46106F15C0035
:101A2000FEF7AAFE1F4BC6E9086AC6E90A983763A3
:101A3000AE680822F3602146C6E90044C6E90444C2
:101A40007466B460B46106F15C00FEF795FE164B57
:101A5000C6E9086AC6E90A983763EE682146F3606A
:101A60000822C6E90044C6E904447466B460B4615F
:101A700006F15C00FEF780FE0123C6E9086AC6E9AC
:101A80000B87C6F82890AB61BDE8F0876C100108A1
:101A9000D51800087D200008A5200008E5200008D2
:101AA000052100080900010012000200024B034951
:101AB000186800F0BDB900BF6C100108FD170008E0
:101AC000836903B97AE77047704700BF704700BF6A
:101AD000704700BF704700BF024B0349186800F011
:101AE00087B900BF000C0020D1180008024B034941
:101AF000186800F07DB900BF000C0020E118000854
:101B00009368002B00F0B7802DE9F04FB1F90C304D
:101B10000C4619078046174683B098B225D523692D
:101B20001BB310F002033D682DD04FF0000B5E4652
:101B3000DFF8B8A2002E00F08B80564533465A4697
:101B400028BF53464046216AD4F828C0E047002801
:101B500040F38780BB6883441B1A361ABB60002B96
:101B6000E8D1002003B0BDE8F08F21464046FFF7E2
:101B70003FFD002840F03681B4F90C303D6898B242
:101B800010F00203D1D110F0010976D14E46002E9B
:101B90005AD08205D4F808B040F1B580B3455A4612
:101BA00000F2CD8010F4906F00F0CB8023682169A3
:101BB000A3EB010B636903EB430A0AEBDA7A0BF13F
:101BC00001034FEA6A0A33445345524684BF9A469A
:101BD0005246430540F1EA8011464046FFF7CEF8F1
:101BE000002800F0F9805A4621690190FEF7D2FCE6
:101BF000A289019B22F4906242F08002A28103EB51
:101C00000B0023613246AAEB0B03B346C4F814A0C1
:101C1000A3602060B246002649460192FEF730FDDF
:101C2000A3682168019AA3EB0B030A44A360226016
:101C3000B868D144A0EB0A00B860002891D0B4F98C
:101C40000C0080B2002EA4D1D5E9009608359EE79D
:101C5000D5E900B608356DE721464046FFF7CEFDD1
:101C600080B3B4F90C304FF0FF3043F04003A38150
:101C700003B0BDE8F08F002070471E46AA46994683
:101C800018461D4656B3002832D04A4620682169BE
:101C9000B24228BF32468842636904D9A16803EB87
:101CA000010B5A4574DC934265DC2A464046216AA2
:101CB000D4F828C0E047B0F1000BD2DDB9EB0B0936
:101CC000CAD00120BB685D44A3EB0B03A6EB0B0657
:101CD000BB60002B3FF445AF002ED4D10AF10803BE
:101CE00053F8046C9A4653F8085C0833002EF7D07A
:101CF00032460A21284600F04DF9002869D001300B
:101D0000A0EB0509C1E72068236998421BD86369E5
:101D1000B34218D86FF0004CB44528BFB4469CFBC2
:101D2000F3FC4A4603FB0CF34046216AD4F828C072
:101D3000E047B0F1000A94DDA6EB0A0678E7B34667
:101D40003246206866E7B345DA4628BFB2464946C0
:101D50005246FEF795FCA3682268A3EB0A0352449F
:101D6000A3602260002BE7D121464046FFF746FDE5
:101D70000028E1D075E7294693460192FEF780FCE2
:101D8000A368019A9B1AA36023681A44226095E70E
:101D900029465A46FEF774FC236821465B444046B8
:101DA0002360FFF72BFD002888D05AE7404600F05B
:101DB0003DF9034600287FF422AF40462169FEF733
:101DC00077FF0C22B4F90C30C8F8002023F0800310
:101DD00049E7721C914659E70C22B4F90C30C8F857
:101DE000002040E74FF0FF30BCE600BF00FCFF7F63
:101DF0002DE9F0410026884600F14807D7E9015453
:101E0000013D0ED4A389013D012B06D9B4F90E3052
:101E1000013302D02046C04706436B1C04F168041E
:101E2000F0D13F68002FE9D13046BDE8F08100BF16
:101E30002DE9F8434FF000090746884600F14806AF
:101E4000D6E90154013D10D4A389013D012B08D9E5
:101E5000B4F90E30013304D021463846C04749EA70
:101E600000096B1C04F16804EED13668002EE7D13E
:101E70004846BDE8F88300BFF0B58B890C4699074A
:101E800097B007D5012204F14703C4E90432236067
:101E900017B0F0BDB4F90E10054600292DDB6A46D7
:101EA0000DF0AAFE002827DB019E4FF4806706F4A0
:101EB0007046A6F50056B6FA86F6394628467609E3
:101EC000FEF75CFF30B3A3891A4A43F08003AA628D
:101ED000C4E90407A3812060002ED9D02846B4F9B4
:101EE0000E100DF095FE0028D2D0A38923F0030335
:101EF00043F00103A381CBE7A38913F0800F14BF44
:101F000040274FF48067284639460026FEF736FF03
:101F10000028D8D1B4F90C309A05B9D4012123F0A6
:101F2000030304F1470243F00203C4E90421A3813F
:101F30002260ADE7D518000870B50C46B1F90E1057
:101F4000164600291D4696B013DB6A460DF054FE76
:101F500000280EDB01994FF4806301F47041A1F574
:101F60000051B1FA81F1002049092960336016B0AF
:101F700070BD0022B4F90C302A601B0604D5402342
:101F80000020336016B070BD4FF4806300203360D2
:101F900016B070BD5FFA81FC810710D00346511E58
:101FA0002AB90AE09A0718460AD0013905D318461B
:101FB00013F8012B6245F5D1704700207047114698
:101FC00003290CD80029F8D00346014401E08B42D4
:101FD000F3D0184613F8012B6245F8D1ECE702461E
:101FE00010B54CEA0C2444EA044410460368043259
:101FF0006340A3F1013E2EEA030313F0803F04D1B6
:10200000043903291046F0D851B10346014401E0D8
:102010008B4205D0184613F8012B6245F8D110BD4C
:10202000002010BD704700BF704700BFF8B51446D0
:10203000F9B1CAB106460D4600F068F8A04202D3D5
:102040002F463846F8BD21463046FEF797FE074634
:102050000028F6D022462946FEF79CFA304629464B
:10206000FEF726FE3846F8BD2746FEF721FE384625
:10207000F8BD1146BDE8F840FEF780BE10B50C462D
:10208000B1F90E100DF0AFFD002803DB636D0344C2
:10209000636510BDA38923F48053A38110BD00BFE5
:1020A000002070472DE9F0410C46B1F90C101F4695
:1020B000CB05054616460BD421F48051A1813B4641
:1020C00032462846B4F90E10BDE8F0410DF090BD3F
:1020D000B4F90E10022300220DF08CFDB4F90C109F
:1020E000EAE700BF10B50C46B1F90E100DF082FD05
:1020F000A389421C0EBF23F4805343F480536065D0
:10210000A38110BDB1F90E100DF06BBD51F8040C98
:102110000028A0F10400BCBF0B58C018704700BFD6
:102120002DE9F74304460D4609F080F800274FF0EB
:1021300012092D4EDFF8B4807080E0B2854250D98C
:1021400000232B4A0FE01CF801EBBEF1FF0F01D07A
:1021500070451BD001310929F5D10133DBB20C2BBD
:1021600002F109023BD094460021ECE7012A07D195
:10217000012B05D173888DF800708DF8017016E081
:102180008DF801308DF80010738810E0D8F8002029
:102190002AB309FB032333F81120110AD3B2120A20
:1021A000E4D1002BECD18DF800308DF801308DF8A2
:1021B0000230009806F010FBC0F307238DF80400EE
:1021C000C0F307408DF805308DF806009DF8063005
:1021D00020469DF805209DF8041007F0E3F801342F
:1021E000ABE703B0BDE8F083640C00201C140020B2
:1021F0009A0C0020032805D8D82202FB00F10248DF
:1022000005F0EEB8704700BF20140020074B084AC5
:1022100010B51A600023074C2370607009F006F8AF
:1022200060806078BDE81040FFF7E4BF1C14002018
:1022300020140020640C0020024B1878431E5842E2
:1022400058417047640C0020F0B5124B18780128F3
:102250001DD1114B1B68A3B112244A7804FB023331
:102260000A780E4933F812500E4631F8027BC4B298
:10227000AF4207D104F0070136F81110012023F80E
:102280001210F0BD01300928EFD10021F6E700203F
:10229000F7E700BF640C00201C140020DC100108CC
:1022A000704700002DE9F0431F4B85B01B784BB3FE
:1022B000002201AC1146104607F0ACF90025A046FB
:1022C0000A27DFF868900A2249464046FEF762F97D
:1022D00000F086FE0378EAB2B3FBF7F3934200D82E
:1022E000EAB900F07DFE03782678312B0DD9002362
:1022F000962219463046013507F054F80A2D04F1AC
:102300000104E0D105B0BDE8F08300F069FE037878
:102310001D2B4FF00003EBD81A469621EAE7002365
:1023200020781A461946E6E734400020D01001080C
:10233000F8B50D4616460446364F002845D00BF03A
:1023400025F8354B38601A69570402D51A6911040B
:1023500042D41A69520402D41B691F043ED42E4A87
:102360001169C1F38033490405D5136913F4004F93
:1023700014BF002302232A78511E042930D9062ACB
:1023800030D0002A0CBF03200020244A14B9117851
:10239000994202D11C1A18BF0124022B137023D0BA
:1023A000032B2AD0012B31D102232B7094B100F0E2
:1023B00071FA0022314600F0B7F90AF0E7FF184B36
:1023C00018600AF0B6FF012005E038680AF093FFB4
:1023D0003228B4D80020F8BD0323CCE70123CAE794
:1023E0000120D2E70220D0E703232B70002CF1D08C
:1023F00000F050FA00220621DDE701232B70002CAB
:10240000E8D000F047FA00221146D4E7002CE1D0D2
:10241000D3E700BF0015002000080040FC14002096
:10242000F8140020014B1860704700BFF81400201A
:1024300070B503F051F90446B8B100F0CDFD284D58
:1024400002782B789A4206D000F0C6FD002203786D
:102450002B70244B1A6000F0BFFD0378022B16D0BE
:10246000032B04D00BB91F4A1360204670BD1D4DCD
:102470002E689EB90AF08AFF286000F00BFA054624
:1024800000F008FA32460146284601F0EDFE154DEF
:102490002868C0B90AF07AFF2860E6E730460AF0FB
:1024A0002AFF47F22F539842F1D90AF06FFF2860B4
:1024B000112000F051FF44F620600CF090FB012049
:1024C00000F0F0FBE3E70AF016FF074B9842CCD987
:1024D0000AF05CFF2860012000F0E4FBC5E700BFC4
:1024E000FD140020F8140020DF93040013B58DF8CC
:1024F00007100DF10701FFF71BFF044608B9FFF7AE
:1025000097FF204602B010BD2DE9F04103F0E4F83A
:10251000002828D020224FF4804158480DF028FE92
:1025200000BF00BF00BF00BF00BF00BF00BF00BFB3
:1025300000BF00BF00BF00BF00BF00BF00BF00BFA3
:1025400000BF00BF00BF00BF00BF00BF00BF00BF93
:10255000302383F3118803220E2148480DF028FE12
:10256000002383F3118803F0B7F8002828D0202235
:102570004FF4004141480DF0FBFD00BF00BF00BF1C
:1025800000BF00BF00BF00BF00BF00BF00BF00BF53
:1025900000BF00BF00BF00BF00BF00BF00BF00BF43
:1025A00000BF00BF00BF00BF00BF302383F311880E
:1025B00003220F2131480DF0FBFD002383F3118826
:1025C0002F4B1B7873B309244FF001082D4E56F89A
:1025D000041B4A1C0BD021F00F0701F00F0108FA71
:1025E00001F50122294638460DF0C2FDBD61013CCE
:1025F00014F0FF04EBD14FF00108234E56F8041BF2
:102600004B1C0BD021F00F0701F00F0108FA01F568
:102610000122294638460DF0ABFDBD610134E4B21C
:10262000092CEBD1002280214FF080400DF0A0FD5D
:1026300000BF00BF00BF00BF00BF00BF00BF00BFA2
:1026400000BF00BF00BF00BF00BF00BF00BF00BF92
:1026500000BF00BF00BF00BF00BF00BF00BF00BF82
:10266000302383F31188012207214FF080400DF0C1
:102670009FFD002383F31188BDE8F081000800402E
:10268000F01E0020EC10010810110108072805D0E9
:102690000E38012804D8072000F0E4BA0320FBE735
:1026A0007047000008B503F017F838B14FF08043C9
:1026B0004FF400129A614FF000729A61074B1B7839
:1026C0005BB1112000F048FE44F620600CF087FA60
:1026D000BDE80840022000F0C5BA08BDF01E002089
:1026E00010B5084C237863B100F0C2FA0338012812
:1026F0009DBF0023032023700220BDE8104000F09E
:10270000A3BA10BDF01E002008B500F065FC0378E8
:10271000022B03D100F068FC007808BD0020FCE724
:1027200000F04ABC70470000F8B50C461546064656
:10273000F8B921BB134F3B78A34200D13DB100F063
:102740004BFC0323037000F04FFC002303703C702C
:1027500004F042FA2946204600F09AFE2A46214615
:10276000304601F081FD2A4621463046FFF7DAFF68
:10277000F8BD0029DED1012000F00EFADAE70220D0
:10278000FAE700BF1A15002037B5044600F024FC14
:102790000378012B0DD00025CDE9005500F01CFC7D
:1027A0000378022B07D0094B2A4619780846FFF711
:1027B000BBFF03B030BD24B1082221466846FDF7B7
:1027C000E9FE684600F026FDF3E700BF1A15002079
:1027D00037B5044600F000FC0378012B0ED000252D
:1027E00000958DF8045000F0F7FB0378022B07D01A
:1027F0000D4B2A4619780846FFF796FF03B030BD07
:1028000074B163788DF80030A3788DF80130E378E7
:102810008DF8023063798DF8033023798DF8043018
:10282000684600F05BFDE9E71A15002037B504465D
:1028300000F0D2FB0378012B0DD00025ADF8065037
:1028400000F0CAFB0378022B07D0114B2A461978F7
:102850000846FFF769FF03B030BD002CFBD063785A
:10286000A27843EA0223ADF80630813B022B09D857
:1028700001220DF1060002FA03F3ADF8063000F074
:1028800011FDE8E70DF1060000F0F6FCE3E700BFFC
:102890001A150020014B1878704700BF1A15002048
:1028A00038B5154C00252378032B22D8DFE803F038
:1028B000020B131B0A2311488370C5700AF018FB22
:1028C0000123237038BDF6230C48C37085700AF0CD
:1028D0000FFB0223F5E7F62308488370C5700AF062
:1028E00007FB0323EDE70A2304488570C3700AF051
:1028F000FFFA2570E6E700BF041500200C15002044
:102900007047000010B5FFF7FBFF00F079FA00F008
:1029100075FB01F049FA00F05BF9012803D1BDE82D
:10292000104000F05BB900F089F968B9074C2068E5
:1029300004F0AAFC40F6B733984205D900F00EFE29
:1029400010B104F091FC206010BD00BF08150020FC
:102950002DE9F04F00258FB08146CDE90255049551
:10296000ADF8145000F038FB0378012B0AD000F0CA
:1029700033FB0378022B08D05C4B2A4619780846B3
:10298000FFF7D2FE0FB0BDE8F08FB9F1000F00F0F5
:10299000A4804FF01E082022494606A8FDF7FAFD44
:1029A000534F9DF819300DF11A063B7016F8010BC4
:1029B000FDF734FC08F1FF34054414F0FF08EDB2D4
:1029C000F4D14C4E4FF0060BB2461AF8013B9BB3C4
:1029D00000242246D3B29D420BD81AF8013CA342F0
:1029E00018BF0AF8018C22E001331E2B04D11C46CB
:1029F00007E000230DF11A0111F8010BDCB20028E9
:102A0000F2D004F138036B4413F81E0C019202F06B
:102A1000F2FF40EAC404E4B2214606A80AF038FBFB
:102A20001AF8013C019AA34202F10102D2D10BF142
:102A3000FF3B1BF0FF0BC8D14946202206A8FDF73B
:102A4000A9FD4FF000084FF001095FFA88F39D429D
:102A50000FD800F095FA002845D125480AF032FA3F
:102A600002A800F0F0FB8DE701331E2B04D11C46B9
:102A700007E000230DF11A0212F8011BDCB2002955
:102A8000F2D004F138036B4413F81E0C02F0B3FFCC
:102A900040EAC404E4B2214606A80AF0F9FA324634
:102AA000002312F8011BA14202D021B93B449C70C3
:102AB00008F10108C9E70133062BF2D16F2CF7D8D2
:102AC0000EAB03EBD40313F8301C04F0070409FA2F
:102AD00004F40C4303F8304CEAE708224946044862
:102AE000FDF74AFEB5E7FFF70DFFB2E71A15002024
:102AF000121500201415002070B5044660B10AF0CC
:102B0000B1F90D4B834215D018460AF0A5F9BDE87E
:102B1000704001200AF08EBB00F05EFA0378022BB1
:102B200008D1054D20466B6898472046AB68BDE844
:102B30007040184770BD00BF680C002038B50446CF
:102B400088B10AF08FF9114C84421ED00122104B3B
:102B50001A7001F05BF80F480BF0D4F82046BDE87E
:102B600038400AF079B90B4B1B78042B05D1074D7F
:102B70006B6898472046AB68984706480CF0C4FD40
:102B800004480DF0BFF901F049F838BD140F0020DA
:102B90003D3C0020504F002010B50C4B04461A78E5
:102BA000824204D00128187002D0022807D010BD3C
:102BB0000020FFF7A1FF2046FFF7C0FFF7E7002046
:102BC000FFF7BCFF0120FFF797FFF0E7800C002024
:102BD000014B1878704700BF800C002010B5FFF73C
:102BE00059FE0E4CB0B90E4B1B78052B12D1236841
:102BF00013B904F039FB2060206804F045FB41F66E
:102C00005733984208D9002301202360BDE81040C3
:102C100000F048B80023236010BD00BF1C15002041
:102C2000504F002008B5044B186804F02DFBC7284E
:102C300094BF0020012008BD24150020014B187806
:102C4000704700BF20150020014B1870704700BF6F
:102C50002015002008B504F007FB014B186008BDE3
:102C600024150020014B1870704700BF2815002064
:102C7000014B1878704700BF28150020302310B58D
:102C800083F3118800F0A0FC002484F3118872B64D
:102C900000F052FE00F094FD04F05AFC84F3118819
:102CA00062B610BD014B1870704700BF2915002097
:102CB00010B5074C237828B11BB1FFF7CBFF0323D6
:102CC000237010BD002BFCD10122024B1A70F8E7D3
:102CD0002015002029150020F8B50F4B0F4E1F6856
:102CE00001F00BF8054618B9002434702046F8BDF1
:102CF000FFF7D0FD18B90A4B1B78042BF4D03478B9
:102D00001CB100232C463370F0E7002FEED003F007
:102D100057FFB842EAD3F4E7840C002029150020BD
:102D2000504F002008B500F0EFFF18B1BDE8084093
:102D3000FFF778BF08BD0120704708B5FFF7FBFF1C
:102D400018B1BDE80840FFF76DBF08BD70B5FFF7CB
:102D5000A1FD044668B9084E3578012D09D100F06F
:102D600055FF30460AF0CEFF224621462846FFF79F
:102D7000DBFC012070BD00BF504F002008B5FFF7FD
:102D8000E5FF18B1BDE80840FFF74CBF08BD70472C
:102D900008B508F09BF9003818BF0120044B1870E3
:102DA00008F07CF90AF0BCFAFFF7F1FF08BD00BF9C
:102DB0002A150020002310B5074C2370FFF772FC82
:102DC000FFF75CFF2378054A022B18BF032313701B
:102DD000FFF786FC10BD00BF28150020201500203D
:102DE00008B5064B1B780BB108F03EF90AF0A1FAC2
:102DF00002F04EFCBDE8084003F0EEBE2A150020AC
:102E000010B5154C2378032B1BD8DFE803F0020A1A
:102E1000131BFFF761FFA0B1FFF71CFF0123237015
:102E20000FE0FFF77FFF60B1FFF7B2FFFFF712FF80
:102E30000223F4E7FFF781FF18B1FFF70BFFFFF75D
:102E4000B9FF10BDFFF79AFF0028FAD0FFF7C8FFBF
:102E5000FFF700FF0023E2E720150020202938B506
:102E600005460C4610D1FFF7B3FE012806D12246D5
:102E70002946BDE8384002200AF08ABF214628468C
:102E8000BDE8384000F0E0BA38BD09F099BE000056
:102E9000054A064B06495A60116051609A60DA6033
:102EA000002219611A707047101D0020FC1C0020C0
:102EB0002B1500202DE9F041174C0E466768A568D8
:102EC00007F59C784545E36804D19F4206D1002070
:102ED000BDE8F08105F108029342F7E70F49226946
:102EE00001F2CF739B1A312B98BF2161322EEED89D
:102EF0002369014632461846FDF74CFB034645451B
:102F0000334428606B6018BF08354FF0010023611F
:102F10000CBFA760A560DBE7FC1C00202B15002080
:102F2000074A10B5D3689268934207D0D3E90014DA
:102F3000641A2246FDF72EFB204610BD0024FBE755
:102F4000FC1C0020074BDA6899688A4208D059684F
:102F500001F59C70824201D1D96070470832DA6075
:102F6000704700BFFC1C0020014B1878704700BF61
:102F7000FC1C0020014B1870704700BFFC1C002097
:102F8000034BD8689B68C01A18BF0120704700BF68
:102F9000FC1C00200246002330B50C1812F8015B1F
:102FA0002B44A242DBB2F9D1435430BD012070471B
:102FB00008B5FFF7FBFF08BD08B54FF4E1300AF094
:102FC0007BFCFFF765FFBDE8084024220021014893
:102FD000FDF7D2BB551E002000487047880C00202A
:102FE000004870478B0C002000487047890C002077
:102FF00018B111B189B20AF08FBC704773B5FFF7F1
:10300000B3FF03280FD8DFE800F040022D3B774BD9
:10301000186804F039F90A2805D900220220744BF7
:103020001A70FFF7A7FF734D734C0AF07FFC00285E
:1030300056D00AF067FC2A68012A38D0022A3ED00E
:10304000002A5BD161282FD85F2804D8A0F15A0349
:10305000DBB2032BE9D8012302222B60674B2070DF
:103060001A70E2E7624A13780133DBB2282B02D8E8
:1030700013700020D5E700231370FFF763FFF8E714
:10308000FFF760FF0020FFF775FF5D48FFF748FF7F
:1030900001460028C7D05A48FFF7AAFF04F0E4F819
:1030A000524B18600120BCE7AF28BED1D3E7022302
:1030B000524A2B6013786070013B1370B5E7237898
:1030C000612B0FD163780D2B18D10A2816D1FFF789
:1030D0004BFF012802D10320FFF74CFF00232B6098
:1030E00002B070BDAF2B09D16378602B06D10323EA
:1030F0002B60424BA0700130187096E73F49531C7B
:103100002B600B78A054013BDBB20B70002B8CD1F1
:10311000194639488A421FD1A25C9A4230D1032213
:10312000384901A8FDF736FA032101A80AF0F4FB9B
:1031300020462978FFF73CFF0028D1D02378602B68
:1031400010D8592B1CD95A3B062B19D8DFE803F0AD
:103150001B1F3F431818470010F8016B013133441F
:10316000DBB2D7E7AF2B0BD1A678202E08D12649AA
:1031700032462648FDF70EFA31462448FFF785FE11
:1031800000232B6051E76278214B5A70F8E763788F
:10319000313B052BF4D801A252F823F0B5310008D9
:1031A000BD310008C33100088131000881310008B9
:1031B000C93100080122164B1A70E1E70222144BB4
:1031C000FAE70322124BF7E70422114BF4E7627887
:1031D0000F4BDA70D4E762780D4B9A70D0E76078C5
:1031E000431E58425841FFF763FDC9E7C01E002047
:1031F000BD1E0020501E0020991E0020541E0020DD
:10320000551E0020341101089C1E0020791E00204C
:10321000880C00201FB5002301930293ADF80C30F9
:10322000A123082201460DF105008DF80430FDF7B9
:10323000B1F901A80921FFF7ADFE0A21FFF73AFE17
:1032400005B05DF804FB1FB50023CDE90033029300
:103250000393A2230E2201460DF101008DF80030E8
:10326000FDF798F968460F21FFF794FE1021FFF74C
:1032700021FE05B05DF804FB002307B50193A323ED
:10328000022201460DF105008DF80430FDF782F9A8
:1032900001A80321FFF77EFE0421FFF70BFE03B018
:1032A0005DF804FB37B5022504462A460A4901A801
:1032B000FDF770F900238DF80630A4238DF8043053
:1032C0002378294601A88DF80530FFF763FE032116
:1032D000FFF7F0FD03B030BD200F0108002307B554
:1032E0000093ADF804308DF80630A823052201467E
:1032F0000DF101008DF80030FDF74CF9684606210C
:10330000FFF748FE0721FFF7D5FD03B05DF804FB8A
:1033100030B50021054687B0112201A80091FDF7C4
:103320002BFA2846FDF73EFCC4B2122C11D8A92373
:10333000224629460DF102008DF800308DF801403B
:10334000FDF728F9A11C6846FFF724FE1521FFF7B9
:10335000B1FD07B030BD000037B5022504462A464E
:103360000A4901A8FDF716F900238DF80630A623B7
:10337000294601A88DF804308DF80540FFF70AFEB4
:103380000321FFF797FD03B030BD00BF200F0108F8
:1033900030B50C4600218FB005462D2202A80191C0
:1033A000FDF7EAF92E2C11D8AB23224629460DF160
:1033B00006008DF804308DF80540FDF7EBF8A11CF0
:1033C00001A8FFF7E7FDE11CFFF774FD0FB030BD6A
:1033D00030B50C4600218FB005462D2202A8019180
:1033E000FDF7CAF92E2C11D8AC23224629460DF13F
:1033F00006008DF804308DF80540FDF7CBF8A11CD0
:1034000001A8FFF7C7FDE11CFFF754FD0FB030BD69
:103410001FB5002304220293ADF80C30AD2340EA1F
:10342000014001900DEB02010DF109008DF808300B
:10343000FDF7B0F802A80521FFF7ACFD0621FFF764
:1034400039FD05B05DF804FB30B50C4600218BB0AA
:103450000546202202A80191FDF78EF9202C14D1F7
:10346000AF238DF804306123224629460DF1070071
:103470008DF805308DF80640FDF78CF8232101A862
:10348000FFF788FD2421FFF715FD0BB030BD0000CC
:1034900010B50C46062851D8DFE800F004212C3581
:1034A0003E4709001120BDE81040FFF755BF30200E
:1034B000FFF752FF002C41D012212148FFF768FF8F
:1034C00018212048FFF784FF43F22D404EF2C641F9
:1034D000FFF79EFF5220FFF73FFF5120E3E7312027
:1034E000FFF73AFF54B35220FFF736FF1648FFF7B5
:1034F0000FFFF2E73220FFF72FFFFCB15220FFF75A
:103500002BFF1248F3E73320FFF726FFB4B1522018
:10351000FFF722FF0E48EAE73420FFF71DFF6CB1EA
:103520005220FFF719FF0B48E1E73520FFF714FFA2
:1035300024B15220FFF710FF0748D8E710BD00BFA5
:10354000381101084A110108621101086C110108C3
:1035500076110108801101088C11010808B5FFF7E8
:103560000FFD20B95320FFF7F7FE012008BD002012
:10357000FCE7000010B5C4B20B2C03D0122C0ED007
:10358000012000E00220FFF76DFB2046FFF77EF8E8
:103590000CF0C7FD4FF0FF32024B5A6110BD042002
:1035A000F1E700BF001800400023054A0549C2E9C1
:1035B00000130133102B02F10802F8D1704700BF4D
:1035C000B04B0020753500082DE9F041FFF7ECFF06
:1035D00002F082F8002800F0938009254FF00108DE
:1035E000724E56F8041B481C0CD021F00F0701F056
:1035F0000F0108FA01F421460522384624040CF094
:10360000B7FDBC61013D15F0FF05EAD10624012696
:103610003027674D55F8040B411C2ED000F00F01E8
:10362000202206FA01F120F00F000CF0A1FD00BFEE
:1036300000BF00BF00BF00BF00BF00BF00BF00BF92
:1036400000BF00BF00BF00BF00BF00BF00BF00BF82
:1036500000BF00BF00BF00BF00BF00BF00BF87F3B7
:10366000118855F8040C022200F00F0120F00F0021
:103670000CF09EFD002383F31188013C14F0FF043D
:10368000C8D100224FF480614FF080400CF070FDF3
:1036900000BF00BF00BF00BF00BF00BF00BF00BF32
:1036A00000BF00BF00BF00BF00BF00BF00BF00BF22
:1036B00000BF00BF00BF00BF00BF00BF00BF00BF12
:1036C000302585F3118803220A214FF080400CF049
:1036D0006FFD002484F3118885F3118801220C21E9
:1036E0004FF080400CF064FD84F311880621232004
:1036F0000CF0BEFAFEF708FFBDE8F0410CF0F2BC9A
:1037000009254FF001082B4E56F8041B4A1C0CD01B
:1037100021F00F0701F00F0108FA01F421460522FC
:10372000384624040CF024FDBC61013D15F0FF0572
:10373000EAD10624012630271F4D55F8040B431CFF
:103740002ED000F00F01202206FA01F120F00F0028
:103750000CF00EFD00BF00BF00BF00BF00BF00BFE8
:1037600000BF00BF00BF00BF00BF00BF00BF00BF61
:1037700000BF00BF00BF00BF00BF00BF00BF00BF51
:1037800000BF00BF87F3118855F8040C022200F037
:103790000F0120F00F000CF00BFD002383F31188C4
:1037A000013C14F0FF04C8D16BE700BF9811010879
:1037B0003C120108BC1101083C12010870470000CE
:1037C00008B50AF02FFB03222B4B2C499A620C22DE
:1037D000DA62D1F890202A4822F01802C1F890202D
:1037E00000229A62DA62D3F8402C03F5406342F477
:1037F00080721A641A6C4FF4006142F002021A647B
:1038000001225A63DA67DA6608225A615A695A61F4
:103810005A6942F001025A619A6C42F4C0629A6499
:103820009A6C9A6C42F480429A649A6CDA6C42F018
:103830000802DA64DA6C9A6C42F480529A649A6CE8
:10384000DA6C42F01002DA6440F28232DB6C0CF087
:103850008FFC40F282324FF400714FF080400CF048
:1038600087FC40F282324FF480614FF080400CF0D0
:103870007FFCFFF7A3FF08BD0000014000040140EA
:10388000000800404FF0E02210B500210124136928
:1038900023F001031361224B224A5A6100228B005C
:1038A00003F1604303F56143D3F80001D040C00742
:1038B00048BF04FA02F002F1010248BFC3F88001D8
:1038C000202AF1D101310829E8D1174C636843F06F
:1038D00000736360154B1A6802F009021A601A68D7
:1038E00042F46C3242F004021A6040F2B3321A62BF
:1038F0000F4B43F001039847236943F0040323610E
:1039000030BF0C4B43F0010398474FF0E02223698E
:1039100023F004032361136943F00103136110BD15
:1039200000180040FFFF070000ED00E0000001402C
:1039300014120108E0110108FFF7A4BF08B507F051
:1039400075FC1E3080B2962828BF9620C0B208BDF4
:103950000B8807B5A3F5FC43032B1ED8DFE803F063
:1039600002213B55364A012013789278C3F3420373
:1039700002F007020DF107018DF80730FEF7D8FCC1
:103980009DF80730042B02D013F0FD0F05D1FEF790
:1039900081FF01221146FEF7C7FE002003B05DF84B
:1039A00004FB274A012013789278C3F3420302F004
:1039B00007020DF107018DF80730FEF7B9FC9DF8FD
:1039C0000730042B02D013F0FD0FE6D1FEF762FFA3
:1039D00001220221DFE71A4A012013789278C3F30B
:1039E000420302F007020DF107018DF80730FEF7E0
:1039F0009FFC9DF80730042B02D013F0FD0FCCD1B3
:103A0000FEF748FF01220321C5E70D4A0120137884
:103A10009278C3F3420302F007020DF107018DF81B
:103A20000730FEF785FC9DF80730DA1E012A01D920
:103A3000002BB2D1FEF72EFF01220621ABE700BF1B
:103A4000AC49002008B540F282324FF400714FF0CB
:103A500080400CF08DFBBDE8084040F282324FF40C
:103A600080614FF080400CF083BB000010B50A4C21
:103A7000238803F00E0363F0FE032380A37823F072
:103A80000F0343F00103A370FEF70AFC2068BDE8B2
:103A9000104003F048B800BFAC490020002310B527
:103AA00086B08DF80C3004938DF8143055238DF8C2
:103AB0000830052304AC8DF809008DF80A108DF844
:103AC0000B201946009402AA0F2004F097F906B0C3
:103AD00010BD000008B503F024F8044B186018B9B5
:103AE000BDE80840FFF7C2BF08BD00BFAC490020D9
:103AF00008B5FFF7EFFF09F049FC3C4B186001F0F7
:103B0000EBFD0122202100285CD04FF080400CF01A
:103B10002FFB07F08BFB18B14FF0804320229A61F6
:103B200001224FF480714FF080400CF021FB07F030
:103B30007DFB20B14FF080434FF480729A612022C8
:103B40004FF480412A480CF013FB20224FF400412F
:103B500027480CF00DFB4FF4003326480122836107
:103B600002210CF005FB002280214FF080400CF078
:103B7000FFFA4FF4004120224FF080400CF0F8FA99
:103B8000FEF7CEFD09F002FC1B4B186003F06DF848
:103B90001A4B18780009FEF739FB07F023FB184B86
:103BA000C0F307221870C0F307405A709870FFF7EF
:103BB00017FA144B027814491A700F20BDE8084018
:103BC00004F00EB94FF080400CF0D2FA01224FF40D
:103BD00080714FF080400CF0CBFA07F027FB0028F3
:103BE000ADD04FF0804320229A61A5E7E81E002067
:103BF0000008004000040040F41E0020AC490020F2
:103C0000A849002038400020CD5500084FF400326C
:103C1000014B9A61704700BF000400400222014B33
:103C20009A617047000400407FB5FFF70BFF042244
:103C300000210DF10900FCF79FFD002204AB049266
:103C40008DF814200093CC2205238DF80820194606
:103C500002AA0F2004F0D2F807B05DF804FB10B5FB
:103C600001F03AFD70B107F0E1FA18B14FF080436E
:103C700020229A6107F0DAFA20B14FF080434FF426
:103C800080729A61FEF706FE0446FEF703FE0022EC
:103C900001462046FEF748FDFFF7C6FF09F076FB18
:103CA000BDE81040FEF7BEBB7FB5042200210DF138
:103CB0000900FCF761FD002204AB04928DF814208A
:103CC0000093BB2205238DF80820194602AA0F2075
:103CD00004F094F807B05DF804FB08B501F0FCFCB3
:103CE00038B14FF080434FF400129A614FF0807268
:103CF0009A61BDE80840FFF7D7BF08B5FEF7CAFDD7
:103D0000003818BF012008BD10B586B001F0E4FCF2
:103D100048B30023ADF80A308DF80C3004938DF8C9
:103D20001430AA238DF808301A4B04AA1B780F20F0
:103D30008DF8093005230092194602AA04F05EF8B6
:103D4000154B1B7813F00E0F0DD004224FF4806139
:103D50004FF080400CF00CFA04224FF400714FF049
:103D600080400CF005FAFEF795FD78B90B4B1B78F7
:103D700063B90B4C2378012B08D00222094B204653
:103D80009A610CF0BFF820460BF0BEFC012006B093
:103D900010BD00BFF01E0020AC490020D01E002046
:103DA000504F00200004004038B5144D144C2868D2
:103DB000C8B109F0A0FA632815D97020FFF7CCFA32
:103DC0005520FFF7C9FA5720FFF7C6FA00222178DD
:103DD00011F00E0F0CBF01201046C1F34201FEF797
:103DE000A3FC00232B60A27821780020BDE8384096
:103DF00002F00702C1F34201FEF778BBF41E002077
:103E0000AC490020554B37B51880A0F5FC400C4656
:103E1000032800F2A080DFE800F002355778504A0E
:103E2000012013789278C3F3420302F007020DF1E8
:103E300007018DF80730FEF77BFA9DF80730042B59
:103E400002D013F0FD0F1AD16579464C002D7DD0BC
:103E5000FEF720FD012805D0FEF71CFD0022012100
:103E6000FEF762FC237833B940F6B8303B4A3E494E
:103E700007F0F2FD207009F089FAFEF7D3FA00206E
:103E800003B030BD364A012013789278C3F3420361
:103E900002F007020DF107018DF80730FEF748FA2E
:103EA0009DF80730042B02D013F0FD0FE7D16579A0
:103EB0002C4C002D4AD0FEF7EDFC0228D2D0FEF7A4
:103EC000E9FC00220221CBE7254A012013789278F1
:103ED000C3F3420302F007020DF107018DF807302A
:103EE000FEF726FA9DF80730042B02D013F0FD0FE1
:103EF000C5D165791B4C4DB3FEF7CCFC0328B1D07E
:103F0000FEF7C8FC00220321AAE7154A0120137816
:103F10009278C3F3420302F007020DF107018DF816
:103F20000730FEF705FA9DF80730DA1E012A01D99D
:103F3000002BA4D165790B4C45B1FEF7ABFC0628EC
:103F400090D0FEF7A7FC0022062189E7207807F031
:103F500091FD25708FE7012092E700BFDE1E002053
:103F6000AC490020FB1E0020513900082DE9F0412A
:103F700004460D4601F050FC0646A0B3244B1A78C7
:103F80003AB16A792AB10022114610461A7005F03A
:103F900041FBFFF721F80378022B03D109F0F6F972
:103FA000FEF740FA45F223239C4207D047F643032D
:103FB0009C4218D045F221239C4217D195F80580E8
:103FC000B8F1000F0FD1FEF737F9074658B1114E7F
:103FD00033782BB12946204686F80080FEF734F965
:103FE000012333703E463046BDE8F081FEF724F9E8
:103FF0000028F8D0A4F5A443203B1F2BF3D96B79FC
:10400000002BF0D029462046FEF71EF90026EAE7ED
:10401000FA1E00205840002013B507F09DF8012833
:10402000374C0CD107F0DEF8C0F3072310F0FF0087
:104030008DF8053013D1DBB2C3B10323237023788D
:104040000133DBB20B2B237020D10023237007F048
:104050001DF823782B4AD05C07F07AF822E0782804
:1040600010D005D8282809D0502809D00923E5E721
:10407000A02809D0C828F9D10823DFE70423DDE709
:104080000523DBE70623D9E70723D7E70A2BDED191
:1040900007F0A8F8FF21C0F30742002007F09FF8BF
:1040A00007F00CF807F09EF82378C0F30742092BBD
:1040B00024D8DFE803F01D2323050C0F1215181B6D
:1040C000FF21002002B0BDE8104007F088B8FF21B2
:1040D0002820F7E7FF215020F4E7FF217820F1E7BF
:1040E000FF21A020EEE7FF21C820EBE70021E8E751
:1040F000FF2002B0BDE8104007F016B9C820F8E76D
:10410000F11E00208C0C002030B587B0FEF7C2FBFA
:1041100020B93C4B1B780BB1FEF7C2FBFEF7F2FB5C
:104120004FF080431B69384CC3F3C013237001F078
:10413000D3FA20B3354D286809F0DDF8B0F57A7F61
:104140001DD309F023F90023ADF80A308DF80C30A7
:1041500004938DF81430F1238DF80830237804AAE5
:104160008DF8093005232860194600920F2002AA15
:1041700003F044FE18B109F009F9254B18604FF01F
:1041800080431B69234AC3F3C0331370227882B380
:10419000002B14BF662464241F4D286858BB09F007
:1041A000F5F828602046FFF7D7F85320FFF7D4F83A
:1041B00001F092FAC0B1194C206809F09CF8B0F5F2
:1041C000FA6F11D909F0E2F82060FEF709FF144DEB
:1041D00003782B70FEF75EFB0446FEF75BFB2A7844
:1041E00001462046FFF75AFC07B0BDE8304002F018
:1041F00058BD6524D0E709F07EF8B0F57A7FCED8B7
:10420000D6E700BF35400020D01E0020E41E00206D
:10421000E81E0020C41E0020D81E0020E01E002042
:104220003840002073B5154606461C46019109F03A
:10423000ADF8084B03221860074B64001E60074B63
:1042400001A91D60064B07481C60FCF7A3F902B0EA
:1042500070BD00BF081F0020FC1E0020001F0020B2
:104260000C1F0020051F0020F7B55E4B5E4D0E466B
:104270002F7814461A70FEF70DFBC7F342078742EA
:1042800013D0FEF707FB2B7800F0070060F3430321
:104290002B7003F00E032BB103289EBFAB7860F3A5
:1042A0000203AB70286802F03EFC711E052900F283
:1042B0009780DFE801F0031F374F677FFF237CB152
:1042C00000228DF806308DF804208DF8052001239A
:1042D000C8221120019903B0BDE8F040FFF7A2BF4A
:1042E0008DF806304FF4FA7201238DF804408DF8F2
:1042F0000540EEE7FF235CB100228DF806308DF813
:1043000004208DF805200123C82212200199E2E73C
:104310008DF806304FF4FA7201238DF804408DF8C1
:104320000540F2E7FF235CB100228DF806308DF8DE
:1043300004208DF805200123C82213200199CAE723
:104340008DF806304FF4FA7201238DF804408DF891
:104350000540F2E7FF235CB100228DF806308DF8AE
:1043600004208DF805200123C82229200199B2E7F5
:104370008DF806304FF4FA7201238DF804408DF861
:104380000540F2E7FF235CB100228DF806308DF87E
:1043900004208DF805200123C8222A2001999AE7DC
:1043A0008DF806304FF4FA7201238DF804408DF831
:1043B0000540F2E7FF238DF804304CB10023C822FA
:1043C0008DF805308DF8063001231420019982E71D
:1043D00001234FF4FA728DF805408DF80640F4E79A
:1043E00003B0F0BD041F0020AC49002010B5FEF75B
:1043F000F3FD0378022B0CD0FEF74CFA0446FEF7CF
:1044000049FA064B01461A782046FFF72DFF012096
:1044100010BD01F017FB0020FAE700BF041F0020C9
:1044200070B5164C2068D0B108F065FF144B154DDF
:104430001B68984208D2144B18682B6813F00103CC
:1044400013D11A46194614E008F0A0FF2B6820602B
:1044500033B900232360FFF7C9FF0028EBD170BDFB
:10446000013B2B60002BE6D1F3E708498B784A78B3
:104470000978BDE8704004F095BF00BF081F002018
:10448000001F00200C1F0020FC1E0020051F002024
:10449000F7B50C4C1D46237806461746019173B9B3
:1044A0000123237008F072FF6D006060032201A9F0
:1044B00004F11100A760E5602674FCF76BF803B007
:1044C000F0BD00BF3C40002010B5124C237803B370
:1044D000606808F010FFA36898420FD308F056FFF9
:1044E000E368606033B900232370636000231A46D9
:1044F000194609E0013BE360002BF4D0E368DB07D9
:10450000F4D5E37CA27C617C207CBDE8104004F003
:1045100049BF10BD3C40002037B5FFF70FFA0446F5
:1045200001F0DAF8002852D02A4B1D78FDB12A4B51
:104530001D782A4B85B10025224629461D60284654
:104540002B4604F02FFF2B46224629463D2003B080
:10455000BDE8304004F026BF2A4621461D602846AB
:104560002B4604F01FFF2B462A462146EEE7FEF7B6
:1045700037FD0378052B28D88DF804408DF80550B9
:104580008DF80650012347F230523F200199FFF782
:104590007FFFFEF725FD0378CBB9104C236813B9D4
:1045A00008F0F4FE2060206888B108F0A4FE4EF602
:1045B000602398420BD9002301202360084B187018
:1045C00003B0BDE83040FEF76DBB044B1D6003B087
:1045D00030BD00BFD01E0020C41E0020CC1E002015
:1045E000F01E00202DE9F34106461D461820002349
:1045F0001746134A019100FB03F111F802808C1851
:10460000B8F1000F17D10123237008F0BFFE6D0031
:1046100060600322A760E560267401A904F111001F
:10462000FBF7B8FFFF2E0ABF064BC4F81480636186
:1046300002B0BDE8F0810133632BDCD1F8E700BFA5
:1046400060400020D94600081FB500248DF80040C6
:104650008DF801408DF8024000990123FA2236209E
:10466000FFF7C0FF8DF804408DF805408DF8064037
:1046700001990123FA224220FFF7B4FF8DF8084088
:104680008DF809408DF80A4002990123FA2243204F
:10469000FFF7A8FF0123FA2241208DF80C408DF886
:1046A0000D408DF80E40039904B0BDE81040FFF7AF
:1046B00099BF102307B58DF804308DF805308DF8BB
:1046C0000630FA220323FF200199FFF78BFF012018
:1046D00003B05DF804FB00001822144B82B002FB0B
:1046E0000030437C6E2B10D1827CE2B9C27CD2B9FF
:1046F0008DF804308DF805208DF806200123FA226C
:10470000FF20019902B0FFF76DBF63B9837C6E2B68
:1047100009D1C37C3BB98DF804308DF805306F2387
:104720008DF80630EAE702B0704700BF6040002015
:10473000094A0023114610B5147C844206D1182280
:1047400053430022C818C260CA5410BD0133632B02
:1047500002F11802F0D1F8E76040002070B586B091
:1047600005460E46FFF702FC18B90024204606B0A5
:1047700070BD31462846FFF745FB04460028F4D0BB
:10478000452D7FD81D2DF1D91E3D272DEED801A333
:1047900053F825F0294C0008714C0008B94C00086A
:1047A0000D4D0008614D0008AD4D0008EF4D0008AB
:1047B000374E00087F4E0008C74E00086D470008BE
:1047C000A74F0008115000086D4700086D4700080A
:1047D0000F4F0008574F00086D4700086D4700084D
:1047E0006D4700086D4700086D4700086D470008D9
:1047F000D54F00086D4700086D4700086D47000859
:104800006D4700085F49000899490008D34900082E
:104810000D4A0008474A0008814A0008BB4A0008C0
:10482000F54A0008414B00087B4B0008B54B0008D7
:10483000EF4B0008A5F5FC45053D022D00F249842B
:10484000DFE815F0480511045505A5F5F045433D91
:10485000092D8BD801A353F825F000BF5952000849
:104860006D4700086D4700086D4700086D47000858
:104870006D4700081F5100086B510008F1500008F7
:104880000B51000847F64C039D424BD847F64203B4
:104890009D42DAD8B5F5A44F00F08B841FD8E32DE4
:1048A00000F0E984E72D7FF461AFA14D287801F095
:1048B000A2F8022840F002859E4B1B78DB067FF5AC
:1048C00055AFFDF7B9FC00287FF450AF7579E720AC
:1048D000002D00F0FB8400F069FF2C4646E745F20E
:1048E00002239D4200F08F8447F213039D427FF420
:1048F0003DAFFDF7A1FC002840F0B7837579002D8E
:104900003FF434AF00236E228DF810308DF8112063
:104910008DF81230FA220123FF200499FFF762FE7E
:104920002C4623E747F607639D423FF61FAF47F645
:1049300003639D423FF67EAFB5F5F84F00F0BE83AE
:1049400047F603439D427FF411AF74797A4D002CF2
:1049500000F0CB8308F01AFD0024286006E7774BAF
:104960009B78D8067FF502AF714D287801F043F8A7
:10497000022805D1747954B9AF2000F02DFFF5E677
:10498000287801F038F803287FF4F0AEF2E7AF2082
:1049900000F00CFF0024E9E6684B9B78D9067FF510
:1049A000E5AE634D287801F026F8022805D1747928
:1049B00054B9AA2000F010FFD8E6287801F01BF8BF
:1049C00003287FF4D3AEF2E7AA2000F0EFFE002424
:1049D000CCE65A4B9B78DA067FF5C8AE544D287862
:1049E00001F009F8022805D1747954B9A92000F022
:1049F000F3FEBBE6287800F0FEFF03287FF4B6AE96
:104A0000F2E7A92000F0D2FE0024AFE64B4B9B78E2
:104A1000DB067FF5ABAE464D287800F0ECFF0228B0
:104A200005D1747954B9A82000F0D6FE9EE6287806
:104A300000F0E1FF03287FF499AEF2E7A82000F030
:104A4000B5FE002492E63D4B9B78DD067FF58EAEE9
:104A5000374D287800F0CFFF022805D1747954B97A
:104A6000AD2000F0B9FE81E6287800F0C4FF0328ED
:104A70007FF47CAEF2E7AD2000F098FE002475E6EE
:104A80002E4B9B78D8067FF571AE294D287800F023
:104A9000B2FF022805D1747954B9AC2000F09CFE15
:104AA00064E6287800F0A7FF03287FF45FAEF2E702
:104AB000AC2000F07BFE002458E6204B9B78D90602
:104AC0007FF554AE1A4D287800F095FF022805D1E5
:104AD000747954B9AE2000F07FFE47E6287800F0E4
:104AE0008AFF03287FF442AEF2E7AE2000F05EFEBC
:104AF00000243BE6114B9B78DA067FF537AE0C4D70
:104B0000287800F078FF022805D1747954B9AB20D9
:104B100000F062FE2AE6287800F06DFF03287FF49B
:104B200025AEF2E7AB2000F041FE00241EE600BFF8
:104B3000161F0020C8490020D41E0020AC490020C8
:104B4000984B9B78DB067FF511AE974D287800F0E7
:104B500052FF022805D1747954B9B12000F03CFE0F
:104B600004E6287800F047FF03287FF4FFADF2E762
:104B7000B12000F01BFE0024F8E58A4B9B78DD068F
:104B80007FF5F4AD884D287800F035FF022805D177
:104B9000747954B9B52000F01FFEE7E5287800F0DD
:104BA0002AFF03287FF4E2ADF2E7B52000F0FEFD16
:104BB0000024DBE57B4B9B78D8067FF5D7AD7A4D9B
:104BC000287800F018FF022805D1747954B9B22072
:104BD00000F002FECAE5287800F00DFF03287FF4FC
:104BE000C5ADF2E7B22000F0E1FD0024BEE56D4B5B
:104BF0009B78D9067FF5BAAD6B4D287800F0FBFEA7
:104C0000022805D1747954B9B42000F0E5FDADE572
:104C1000287800F0F0FE03287FF4A8ADF2E7B42076
:104C200000F0C4FD0024A1E55E4B9B78DA067FF519
:104C30009DAD5D4C207800F0DEFE02280ED020787D
:104C400000F0D9FE032809D074793A201CB100F095
:104C500047FF00248AE500F08BFF87E57479BE20CA
:104C60001CB100F03DFF002480E500F081FF7DE5F0
:104C70004C4B9B78DB067FF579AD4B4C207800F0F0
:104C8000BAFE02280ED0207800F0B5FE032809D025
:104C900074793B201CB100F023FF002466E500F08E
:104CA00067FF63E57479BD201CB100F019FF002493
:104CB0005CE500F05DFF59E53A4B9B78DD067FF53A
:104CC00055AD394C207800F096FE02280ED02078A1
:104CD00000F091FE032809D074793C201CB100F04B
:104CE000FFFE002442E500F043FF3FE57479E32036
:104CF00034B100F0F5FE2B2000F0F2FE002435E583
:104D000000F036FF2B2000F033FF2FE5254B9B787A
:104D1000D8067FF52BAD244C207800F06CFE0228DD
:104D20000ED0207800F067FE032809D074793D206A
:104D30001CB100F0D5FE002418E500F019FF15E5C0
:104D40007479E32034B100F0CBFE082000F0C8FEF7
:104D500000240BE500F00CFF082000F009FF05E53A
:104D6000104B9B78D9067FF501AD0F4C207800F0F1
:104D700042FE02280ED0207800F03DFE032809D024
:104D800074793E201CB100F0ABFE0024EEE400F08C
:104D9000EFFEEBE473790BB90024E7E406F0B8FA10
:104DA0000024E3E4AC490020161F0020954B9B78BB
:104DB000DA067FF5DBAC944C207800F01CFE02286C
:104DC0000ED0207800F017FE032809D074793F2018
:104DD0001CB100F085FE0024C8E400F0C9FEC5E463
:104DE0007379002BD8D006F07FFA0024BEE4854BFF
:104DF0009B78DB067FF5BAAC834C207800F0FBFD96
:104E000002280ED0207800F0F6FD032809D074792E
:104E100040201CB100F064FE0024A7E400F0A8FECE
:104E2000A4E47479AC201CB100F05AFE00249DE487
:104E300000F09EFE9AE4734B9B78DD067FF596ACFE
:104E4000714C207800F0D7FD02280ED0207800F0B9
:104E5000D2FD032809D0747941201CB100F040FE36
:104E6000002483E400F084FE80E47479AE201CB159
:104E700000F036FE002479E400F07AFE76E4614B1F
:104E80009B78D8067FF572AC5F4C207800F0B3FDBC
:104E900002280ED0207800F0AEFD032809D07479E6
:104EA00042201CB100F01CFE00245FE400F060FE14
:104EB0005CE47479AB201CB100F012FE002455E4D0
:104EC00000F056FE52E44F4B9B78D9067FF54EAC6E
:104ED0004D4C207800F08FFD02280ED0207800F095
:104EE0008AFD032809D0747943201CB100F0F8FD35
:104EF00000243BE400F03CFE38E47479A8201CB1A7
:104F000000F0EEFD002431E400F032FE2EE43D4BD3
:104F10009B78DA067FF52AAC3B4C207800F06BFDDD
:104F200002280ED0207800F066FD032809D074799D
:104F300044201CB100F0D4FD002417E400F018FE5A
:104F400014E47479AA201CB100F0CAFD00240DE419
:104F500000F00EFE0AE42B4B9B78DB067FF506ACD7
:104F6000294C207800F047FD022810D0207800F06E
:104F700042FD03280BD07479452024B100F0B0FD28
:104F80000024FFF7F3BB00F0F3FDFFF7EFBB7479EC
:104F9000A92024B100F0A4FD0024FFF7E7BB00F036
:104FA000E7FDFFF7E3BB174B9B78DD067FF5DEAB34
:104FB000164B1B7813F00A057FF4D8AB74793520B3
:104FC00024B100F08DFD2C46FFF7D0BB00F0D0FDE2
:104FD000FFF7CCBB0B4B9B78D8067FF5C7AB0B4BD1
:104FE0001B7813F00A057FF4C1AB7479292024B132
:104FF00000F076FD2C46FFF7B9BB00F0B9FDFFF7D6
:10500000B5BB00BFAC490020161F00201A1F0020AE
:105010007579D5B101F022FC81067FF5A7AB01229D
:10502000B44BB54C1A7001F019FC00F02000207050
:1050300001F022FC462000F0B9FB01F0D3FC2078FF
:1050400001F012FC0024FFF791BBAA4B1A78002A4A
:105050003FF48CAB46201D702C4600F0BDFB01F0E8
:10506000C1FCFFF783BB737913B90024FFF77EBB44
:10507000A24D0024AB7883F01002C2F3001262F359
:105080000413AB70286801F04EFDF0238DF8083052
:10509000AB7804AAC3F300138DF8093005230092FE
:1050A000194602AA0F20ADF80A408DF80C4004946E
:1050B0008DF8144002F0A2FEFFF758BB7579002D61
:1050C0003FF454AB01F014FD2C4608F0ADF9FFF7A6
:1050D0004DBBFDF7B1F804460028C6D17379002B0B
:1050E000C3D0FEF799FFFFF741BB2C60FFF73EBB33
:1050F0007379002B3FF43AAB06F01EF9D6287FF601
:1051000035ABFFF7A1FAFFF731BB7379002B3FF402
:105110002DAB06F011F95F283FF628ABF1E7757962
:10512000002D3FF423AB05F0B1FF00F0D5FA30B10C
:105130004FF0804320229A614FF480729A6106F00A
:1051400075F895287FF612ABFEF7F8FB8DF8100086
:105150008DF811008DF812000223FA2236200499EE
:10516000FFF740FA2C46FFF701BB7579002D3FF49D
:10517000FDAA06F05BF81E283FF6F8AA00240023DB
:1051800020461A461946013404F00CF9442CF6D195
:10519000FEF7D4FB8DF810008DF811008DF8120089
:1051A0000223FA2242200499FFF71CFA2C46FFF74B
:1051B000DDBA7379002B3FF458AF00210E20FFF7C2
:1051C000B7FAFF234E4C8DF810308DF811308DF862
:1051D0001230FA2203230F200499FFF703FA2078F4
:1051E00000F009FC022808D1002000F0BDFB0020DF
:1051F00000F0DBFF0024FFF7B9BA207800F0FBFBDA
:105200000328F7D1F0E77379002B3FF42EAF00218C
:105210000F20FFF78DFAFF23394C8DF810308DF8F1
:1052200011308DF81230FA2203230E200499FFF773
:10523000D9F9207800F0DFFB02280AD0207800F0AE
:10524000DAFB032805D0022000F08EFB002000F0DE
:10525000ACFF0024FFF78ABA7379002B3FF486AACB
:1052600005F07AFF1D287FF481AA1F2005F070FF4A
:105270000024FFF77BBA224D287800F0BCFB0228FF
:1052800011D1204B1B78DA067FF570AAFCF7D4FF0A
:1052900000287FF46BAA7579E3205DB100F086FAEF
:1052A0002C46FFF763BA287800F0A5FB03287FF4AB
:1052B0005DAAE6E700F090FAFFF758BA287800F008
:1052C0009AFB03287FF452AAFFF7F6BA00F084FA9B
:1052D000FFF74CBA094B0C4A1B78002413F00E035D
:1052E00018BF737903F001031370FFF73FBA00246E
:1052F000FFF73CBAF81E0020F91E0020AC49002040
:10530000161F0020C849002034400020F8B50025B1
:105310002E461D4C237873B1606807F0ECFFA3683C
:10532000984212D308F032F8E36860604BB96369C1
:1053300026706660C3B90135632D04F11804E9D104
:10534000F8BD013BE360002BF1D0E368207C13F053
:10535000010311D0FF28677CA17CE37C07D11A46AA
:10536000384604F057F9E6E7E8B29847E3E70A461B
:10537000394604F017F8DEE7FF281A4602D119462D
:105380001846EEE71946F4E7604000207FB500F0CC
:10539000A3F9A0B1042200210DF10900FBF7ECF9FB
:1053A000002204AB04928DF814200093DD22052323
:1053B0008DF8082019460F2002AA02F01FFD0022D6
:1053C0000B4B1A7001F0DEFB03F0B4FF094801F04B
:1053D000A0FBFFF76EF940B107F0D8FFFDF722F808
:1053E00007B05DF804EBFEF783BB07B05DF804FB84
:1053F000970C0020C849002073B5FEF79FFA674B51
:1054000004461E78A6B1002496238DF804408DF83A
:1054100006308DF80540019803F0DEF9C0F307422D
:10542000C0F30721C0B204F0F5F8204602B070BD09
:105430005B4D286840B107F05EFF40F6B8339842F4
:1054400002D9FFF7A3FF2E6007F038FD810705D5CD
:10545000002321461A46022003F0A4FF514D28786C
:1054600000F0C9FA02280ED0287800F0C4FA032808
:1054700009D04D4B1B78DA0605D5002321461A4684
:10548000012003F08FFF494DFEF7CAFF2B7863B967
:10549000474E306807F02FFFB0F5FA6F16D9012399
:1054A0002B7007F073FF306010E0424B1B786BB934
:1054B000FCF7C2FE38B9FFF707F8FFF72DF807F041
:1054C00065FF3B4B18602B78002BE1D0FFF71EFFE8
:1054D000394B9B78DB0609D51625002328461A464A
:1054E0002146013503F05EFF232DF6D1334B1868BA
:1054F00030B107F000FFB0F5FA6F2CBF002001209B
:105500002F4E304D327880F00103FF2A2DD13370B9
:105510002B78FF2B32D032789A422FD02A4B186842
:1055200007F0E9FEB0F5166F2CBF0025012507F046
:105530002DFF4FF44873B0FBF3F2367802FB1300F3
:10554000F6B975B1B0F5C87F0BD233462246314665
:10555000042003F027FF334622463146402003F063
:1055600021FFFCF79FFE012060E79A42D0D0337004
:105570002A7007F00BFF144B1860C9E70025D6E727
:1055800015B1B0F5C87FECD2002321461A4604209D
:1055900003F008FF002321461A46DFE7FA1E002029
:1055A000D41E0020161F0020C8490020970C0020A0
:1055B000C81E0020DC1E0020AC490020E81E002090
:1055C000990C0020980C0020EC1E002038B51C46D9
:1055D0000B780D46CC2B41D006D8AA2B15D0BB2B6F
:1055E00033D0552B09D038BDF02B3ED0F12B43D012
:1055F000DD2BF8D1FFF7CAFE04E000228978687835
:10560000FDF792F800232370EDE71E4B1B7813F093
:105610000E0F0DD004224FF480614FF080400AF04D
:10562000A7FD04224FF400714FF080400AF0A0FD66
:10563000002323706B78144A003B18BF012301201C
:105640001370BDE83840FDF72DBB4FF400124FF04A
:1056500080439A614FF080729A61D3E720224FF025
:1056600080439A614FF48072F6E7064B49789A7846
:1056700061F304129A70C5E707F088FE034B1860C7
:10568000C0E700BFAC490020F01E0020E81E00204B
:1056900008B5104B00209A78197802F00702C1F380
:1056A0004201FCF723FF41F2883009F098FA00F03C
:1056B00013F805F0BBFD4FF0804328B120229A611A
:1056C0004FF480729A6108BD4FF400129A614FF056
:1056D0008072F7E7AC49002010B5054C0022204647
:1056E0004FF400710AF044FD2069C0F3402010BD62
:1056F0000004004003280DD80B290BD8082A09D82C
:105700006C2301EBC10103FB0011034B0A4433F886
:10571000120070470120704764120108032808D85E
:1057200039B9054B82F0010202EB400033F810005A
:1057300070470120704700BF54120108A0F5807324
:10574000B3F5F85F10B526D210F4805F00F48073D3
:1057500000F4007400F4806100F400620DD0002BAE
:105760000CBF002010200CB140F0200009B140F027
:1057700040000AB140F0800010BD181E18BF012083
:105780000CB140F0020009B140F00400002AF3D04F
:1057900040F00800F0E70020EEE710B50C46FFF7F8
:1057A000CDFF2346BDE8104018470000A0F1E003FC
:1057B000072B10B5044600D940B920460449FFF72D
:1057C000ECFFE0B2BDE8104000F08AB90149F6E70D
:1057D000315C00085960000810B50446C0B200F002
:1057E000C7F9A4F1E003072B00D92CB903492046DF
:1057F000BDE81040FFF7D1BF0149F8E7435C00085E
:105800006B600008012070470120704708B5FFF762
:10581000FBFF08BD012070470120704770477047AB
:1058200008B5FFF7FCFF08BD0120704770477047BF
:1058300013B502AB03E903000F4B1B78B3B99DF816
:10584000053073B16AB100F063FD0446014600986B
:1058500000F01CFD2046009902B0BDE8104001F0A8
:10586000DBBB009800F034FD0446F3E7009800F03D
:105870004FFD0099F0E700BF151F0020034610B44C
:1058800000885C880A4640EA0440998810BCFFF70B
:10589000CFBF10B504460121FFF7F0FF2146FFF707
:1058A000B1FF30B101212046FFF7E8FF2146FFF7A5
:1058B000ADFF00F0010010BD38B500210446FFF730
:1058C000DDFF05462146FFF7A9FF21462846FFF7E1
:1058D000A7FF38BD38B501210446FFF7CFFF2146A9
:1058E0000546FFF797FFB8B321462846FEF736FF77
:1058F00090B32146284607F067F868B3214628464A
:1059000006F070FF40B32146284606F091FA18B31E
:105910002146284606F066FAF0B12146284602F0F4
:1059200047FEC8B12146284602F08CFEA0B12146B0
:10593000284606F0A5FF78B12146284601F0B4FCC0
:1059400050B12146284601F0BFFC28B12146284627
:10595000BDE8384001F0D4BC002038BD012303FA73
:1059600000F0C0B200F0F3BB10B504460120A04027
:10597000C0B201F0CCF82046BDE81040FFF7EEBF02
:105980000120704708B5FFF7FBFF08BD10B50446BE
:1059900000F08CFB2046FFF747FF2046FFF7F2FFA1
:1059A00010BD08B50120FFF7F1FFBDE8084007F082
:1059B0003BBD08B50020FFF7E9FFBDE8084007F050
:1059C00059BD08B5FFF732FFFEF787F905F046FA33
:1059D00000F033F8BDE80840012005F00FBB08B522
:1059E00000F030F8002005F009FBFFF720FFBDE8CC
:1059F0000840FEF734B9034600091CBF03460420E3
:105A00009A081EBF13460230C0B25B081CBF0130AB
:105A1000C0B2704701207047704738B50546FFF7A0
:105A2000F9FF044610B12846FFF7F6FF204638BDBF
:105A3000704708B5FFF7F1FF08BD08B50020FFF774
:105A4000F8FF08BD08B507F023FAFFF7F2FF08BD1D
:105A500010B507F01DFA074B04461A78824207D0AA
:105A6000187007F093FC044B18602046FFF7E1FF25
:105A700010BD00BF141F0020101F00201FB56C4672
:105A800084E803009DF805300BB100F013FF0023FC
:105A9000ADF80E3094E80300ADF80C10C9B20290D6
:105AA00002AC29B994E8030000F05EFE04B010BD1A
:105AB0002046FFF7EEFE0028F4D1F7E70379012B2B
:105AC00002D1008800F044BC704708B529B106F047
:105AD00045FBBDE8084006F015BC06F09DFBF8E765
:105AE00010B50446002840D0031FDBB2A02B0ED80F
:105AF00007F068FA20B1204607F0F6FA00F072FFCE
:105B0000204607F0D3FABDE8104000F06BBF00F16B
:105B10002003DBB2072B07D800F007040120A040C8
:105B2000C0B200F0A1FEEEE700F15B03DBB2022B96
:105B300005D8BDE81040243880B207F0E5B900F17F
:105B40005803DBB21A2B06D8BDE81040074A32F8DA
:105B5000130007F0F5B93334E4B2122C05D806F07F
:105B6000FDFABDE8104006F0CDBB10BDC41501081C
:105B700008B50346A0B3021FD2B2A02A05D807F089
:105B8000B3FABDE8084000F02DBF00F12002D2B208
:105B9000072A07D800F0070301209840C0B200F0A0
:105BA0006BFEEEE700F15B02D2B2022A04D8BDE838
:105BB0000840002007F0A8B900F15802D2B21A2A12
:105BC00004D8BDE80840002007F0BAB93333DBB28F
:105BD000122B05D806F020FBBDE8084006F092BB6A
:105BE00008BD000038B50C460546FFF779FF9CB1AB
:105BF00040F2E73009494FF47A72A4FB01412018C2
:105C00004FF0000341F10001FAF7F0FA08F0E7FF66
:105C10002846FFF7ADFF38BD0120F7E7A086010059
:105C200008B539280CBF50210021FFF7DBFF08BD64
:105C300008B528B100F018FEBDE8084000F0D2BE5B
:105C400008BD08B528B100F017FEBDE8084000F017
:105C5000C9BE08BD2DE9F047877981460C464579D4
:105C600000F0F2FD3F09064608B32E46FDB1C4F32D
:105C7000072303F0F002402A0CD0E1B201F1200228
:105C8000D2B2072A26D903F0E003202B02D1012942
:105C900020D90FB3A04B5E7816F0040607D002207F
:105CA00000F0DCFE00F0D0FD80F00106F6B2C4F397
:105CB000033ABAF10B0F3ED8DFE81AF010001000DB
:105CC00049004900A300BA003D003D00BF001D018E
:105CD000300130010026EAE73E46E8E7C4F3072337
:105CE000C4F3032713F0F00F18BF3F01E4B285B1EE
:105CF00057B104F12003DBB2072B384600D92CB989
:105D000000F0B2FD00F06EFE204640E000F0C2FD63
:105D1000F8E72046FFF72CFF6FB104F12003DBB258
:105D2000072B384600D914B900F0A6FD01E000F0B9
:105D3000B9FD00F057FEAAF1080ABAF1030F00F20C
:105D4000428107F0A5F8BDE8F047FFF772BEC4F343
:105D5000072303F0F003C4F30328202BE4B218BF99
:105D60004FEA08182CB1012C34D0002D3CD0DFB103
:105D7000CAE7694B5B785A0714D45DB1B8F1000FDC
:105D800004D0404600F070FD00F02CFE0020FFF72C
:105D9000A7FED0E72846FFF7EBFEB8F1000FCAD008
:105DA0004046C1E755B11FB94046FFF741FFC2E782
:105DB000012FC0D1404600F09DFDBCE7002FBAD1B5
:105DC0004046FFF73EFF404600F0A2FD404600F08F
:105DD0007DFDB0E715B1052FADD8E5E7042FAAD8B2
:105DE0004046FFF72EFFA6E7002FF9D0392C0CBF55
:105DF0004FF4FA50012008F0F2FE2046FFF7B8FEFB
:105E000099E714F4406FC4F3812307D0012B92D19A
:105E100065B1C4F3090007F093F88CE725B1C4F32A
:105E2000090007F071F886E72846FAE72846F2E706
:105E30002946E0B2FFF749FE7DE714F4407F29D1FF
:105E4000002D7FF478AFC4F342108000C2B204F09A
:105E50000F0014F0100300FA02F0C5B21EBF0F20AD
:105E60009040C043C4F3812418BFC3B2022C43EA5C
:105E7000050009D0032C0AD0012C02D000F072F9E1
:105E800059E700F067F956E700F074F953E700F0BE
:105E90005EF950E7C4F301220DB312F0010F3FF495
:105EA0004AAFC4F342108000C2B204F00F0014F0F5
:105EB000100300FA02F0C5B21EBF0F209040C0438D
:105EC000C4F3812418BFC3B2022C43EA05000CD0EE
:105ED000032C0DD0012C05D000F098F92BE712F01F
:105EE000020FDCE700F08AF925E700F097F922E7D6
:105EF00000F04EF91FE7E7B2C4F3032425B12046B2
:105F000000F05AF9384650E73846FFF79AFE204627
:105F100000F05EF90FE700BFC84900205FFA84F87F
:105F2000A8F1F003042B39D8DFE803F003220E15A3
:105F30001E003DB1042F3FF6FEAEC4F3042000F076
:105F400051F9F8E6052FF6E7C4F30420002DDFD160
:105F500000F032F9EFE625B1C4F3042000F025F992
:105F6000E9E600F01FF9E6E6224B5B785B0704D414
:105F7000C4F30420002DCBD0EAE72DB10321C4F3F4
:105F8000042000F049FDD6E6012000F067FD012F56
:105F90007FF6D1AE022000F061FDCCE62DB10FB14D
:105FA0004046F4E6C4F30420D2E74FB1B8F1390F0C
:105FB0000CBF4FF4FA50012008F011FE40461DE7D7
:105FC000C4F30420A4E79EB100F036FC10F00100F9
:105FD0000ED189F8050000F029FC00F0EDF84846E4
:105FE00000F01CF800F022FCBDE8F04700F0F0B82B
:105FF000BDE8F087C849002038B5018804464079DB
:1060000000F0B2F9054600F011F900F09FF82946BA
:106010002046BDE83840FFF71DBE0000037910B5EB
:106020000446B3B1FFF756FC68B900F00DFC80B12F
:10603000637973B1074B5B785B070AD5BDE8104005
:10604000022000F00BBD2046FFF7D6FF2046FFF7E9
:1060500033FC10BDC849002008B528B100F01AFC77
:10606000BDE8084000F0BEBC08BD08B528B100F08E
:1060700019FCBDE8084000F0B5BC08BD08B500201B
:1060800006F042FF002006F05BFF00F013FC00F07A
:10609000A9FC06F053F9BDE8084006F033B908B58D
:1060A00007F040F8BDE80840FFF7E8BF08B500F08A
:1060B000EBFBBDE80840FFF7F2BFC0F30333062B4C
:1060C000C2B213D094BF0E33063303F00F03012B7B
:1060D00010D8F02A10D004D8E72A8CBF0020012065
:1060E0007047F42A14BF002001207047E72A03D923
:1060F000F12AF7E7002070470120704708B50346F2
:10610000007930B1188800F023F9BDE80840FFF7A6
:10611000D4BF08BD82B002AB03E9030002B07047F0
:1061200082B002AB03E9030002B07047704708B5C4
:10613000FFF7FCFF08BD704708B5FFF7FCFFFFF74E
:10614000F6FF014B187008BD161F00207047FFF7BF
:10615000F3BF0000024B1B781843FFF7EDBF00BFF1
:10616000161F0020024B1B781840FFF7E5BF00BF49
:10617000161F0020024B1B785840FFF7DDBF00BF01
:10618000161F0020704708B5FFF7FCFF08BD7047D9
:1061900008B5FFF7FCFFFFF7F6FF014B187008BDCD
:1061A0001A1F00200020FFF7F3BF012303FA00F0BD
:1061B000C0B2FFF7EDBF0000012303FA00F0034B6C
:1061C0001B781843C0B2FFF7E3BF00BF1A1F0020BF
:1061D0000123034A8340107820EA0300FFF7D8BF69
:1061E0001A1F0020012303FA00F0034B1B785840CC
:1061F000C0B2FFF7CDBF00BF1A1F0020024B1B78B3
:106200001843FFF7C5BF00BF1A1F0020024B1B78C1
:106210001840FFF7BDBF00BF1A1F0020024B1B78BC
:106220005840FFF7B5BF00BF1A1F0020704701F0AC
:106230000703C90830B501EB4101012401391144BC
:1062400000229C40E4B211F8015F20FA02F343F30C
:1062500000036B40234001326B40032A0B70F2D1E4
:1062600030BD002210B500F00704C00800EB40006C
:10627000014410468B5CE34003F00103934001327C
:106280001843032AC0B2F5D110BD000017B40C4664
:10629000ADF80400C1B2C0F307200B280AD80829C2
:1062A0000ED801EBC001084A0144204603B010BCDF
:1062B000FFF7BDBF031DDBB2012B01D8034AF4E792
:1062C00003B010BC704700BF1B1F0020171F002029
:1062D00082B0ADF80400C3B2C0F307200B2808D881
:1062E000082B0DD803EBC0030749184402B0FFF791
:1062F000B8BF0430C0B2012802D818460349F5E7F8
:10630000002002B0704700BF1B1F0020171F002095
:1063100073B507240C4BADF804001E780B4B1B78AB
:106320001E4346FA04F3DB07E5B205D4013CF8D27C
:106330000025284602B070BD2846019900F08BFE6A
:1063400080B20128F2D0F4E71A1F0020161F0020A7
:1063500007B5ADF804000198FFF7DAFF019903B023
:106360005DF804EB00F077BE13B5104BADF80410E8
:106370001B782BB1019802B0BDE81040FFF7E8BFD1
:1063800070B10198FFF7C4FF044601460198FFF77A
:106390007DFF2046019902B0BDE8104000F05BBED1
:1063A0000198FFF795FF0446F3E700BF151F002093
:1063B00010B5012404FA01F104FA02F20A43D1B241
:1063C00002408A4204FA03F406BF2043C0B2A0434D
:1063D00010BD000008B513460A4601460348007880
:1063E000FFF7E6FFBDE80840FFF7D2BE1A1F002006
:1063F000F8B50C4B0C4E1C780C4D3378A34200D1F1
:10640000F8BD05EBC40335F834005F889A88D98855
:1064100040EA074042EA01410134FFF781FE04F0FF
:106420000704EAE78F1F00208E1F00204E1F002068
:10643000064B10B418885C889A88D98840EA0440D2
:1064400042EA014110BCFFF76BBE00BF461F0020AF
:106450001A4AF8B5937913F0F00F0AD1537943B182
:10646000174B18491B780D7816885788164CAB4285
:1064700000D1F8BD04EBC3010879D0B134F8330082
:10648000B04216D14879A0B94888C01B80B2C7284D
:106490000FD80120937960F3071393718B7960F320
:1064A00007138B710548FFF7B9FDBDE8F840FFF70A
:1064B0009FBF013303F00703D9E700BF461F002049
:1064C0008F1F00208E1F00204E1F0020F0B50D4BA7
:1064D0000D4C1B7826780D4CB34201D10020F0BD45
:1064E00004EBC3056F788F4206D114F833708742EE
:1064F00002D16D79954203D1013303F00703EBE735
:106500000120ECE78F1F00208E1F00204E1F00206F
:106510002DE9FF47E8460446924D062201464046D3
:10652000FAF738F82B7967792279C3B9AAB18FB114
:106530002046FFF7E3FD064660B1082221462846C3
:10654000FAF728F82846FFF7B9FAFFF781FFFFF7B7
:106550006FFF4CE02046FFF761FD012647E0B4F8ED
:1065600002906B886E79A9EB03039BB2002E00F0BA
:10657000B280C72B00F28A80002A38D0AB792988F4
:1065800013F0F00F228850D191420FD1002F40F02C
:10659000E380012262F30713AB71FFF749FF28463E
:1065A000FFF73CFDAB79A371002620E0002F40F0FF
:1065B000D38025783A4628466178FFF787FF28463A
:1065C000FFF784FF05460028EED10098FFF7C0FED4
:1065D000C0F30332032AC3B20DD8012A15D910F42F
:1065E000706F17D0A27912F0F00F13D12E463046FB
:1065F00004B0BDE8F087063202F00F02012A0ED97E
:106600002046FFF70BFD3546F0E710F4706F01D020
:10661000002BEBD02033DBB2072BE7D9F0E7EF2BD1
:10662000E4D90F33DBB2022BF7E791420AD14FB91D
:106630002046A371FFF7F2FC082221462846F9F70D
:10664000A9FF84E72046FFF759FD002882D0002FDC
:1066500080D0AB791F2B0FD92A8802A8ADF808206B
:106660002A79ADF80A908DF80C2000228DF80E30B2
:106670008DF80D20FFF7D2FC082221463948F9F7A2
:1066800089FFFFF7E5FEFFF7D3FE66E7AB7913F06E
:10669000F00A0ED198E80300FFF73CFD2846FFF70B
:1066A000BDFC082251462846FAF766F8FFF7C0FEFF
:1066B0007AE7002A9BD0298822889142C2D1002FF4
:1066C000C0D12046A371FFF7A9FC0822394628460D
:1066D000FAF752F88BE7C72B34D8002A3FF43DAFC6
:1066E0003E46002F3FF436AF2A8823889A421CD1B9
:1066F000AB79DA0713D413F0F00210D0F02AA371AB
:1067000006D0DBB2C3F30312013262F30713A371A5
:106710002046FFF783FC0822214612488FE7082213
:1067200021461048F9F736FF61E72046FFF7E6FCFF
:106730000028A1D1AB79204643F00103AB71FFF7EC
:106740006DFC54E798E80300FFF7E4FC08223146AB
:106750002846FAF711F8FAE6AB7943F00103AB717A
:1067600022E700BF461F0020F0B585B06C4684E8E4
:1067700003002046FFF7CCFE284F0646284D68B19F
:106780009DF804301BB194E80300FFF7C9FC254CC9
:1067900028783B78834226D105B0F0BD9DF80420CF
:1067A00002AB94E8030083E80300002AEFD03878B6
:1067B0002A78441C04F0070494420AD01946194B65
:1067C000082203EBC000F9F7E5FE3C70FFF710FE6E
:1067D000DDE7FFF76BFC0822314613483E702E7050
:1067E000F9F7CAFFD3E704EBC000FFF791FE0028DA
:1067F000D2D02B7834F8330004EBC3035E889A8838
:10680000D98840EA064042EA0141FFF789FC2B782B
:10681000013303F007032B70BAE700BF8E1F00207F
:106820008F1F00204E1F0020461F0020014B1878AC
:10683000C0087047E01F0020024B187800F00700E6
:10684000704700BFE01F0020034B187810F00700CE
:1068500018BF0120704700BFE01F0020014B1878CF
:10686000704700BFE31F0020024B1A7810431870D6
:10687000704700BFE31F0020024A137823EA000399
:1068800013707047E31F00200022014B1A707047FD
:10689000E31F0020024B1A7810431870704700BFA6
:1068A000E41F0020024A137823EA000313707047A4
:1068B000E41F00200022014B1A707047E41F0020E3
:1068C000704708B5FFF7FCFF08BD000008B5054A92
:1068D0001378034204D023EA00001070FFF7F1FFA1
:1068E00008BD00BFE11F0020704708B5FFF7FCFF9F
:1068F00008BD000008B505490B7830EA030C03D049
:1069000003430B70FFF7F1FF08BD00BFE21F00203B
:1069100008B5054A1378034204D023EA000010703A
:10692000FFF7E3FF08BD00BFE21F002008B5044BDE
:106930001A781AB100201870FFF7D7FF08BD00BF02
:10694000E21F002010B5084B1C78084B1B781C4335
:10695000074B1B782BB11C4306F010FB08B1FFF767
:10696000E5FF204610BD00BFE31F0020E41F00200C
:10697000E21F002038B50B4C2568FFF7E3FF2870B5
:106980002468082220460849F9F7D0FD48B121467D
:1069900008220548F9F7FEFD2046BDE8384006F01C
:1069A00091BA38BDD40D0020D81F002038B50B4C4B
:1069B0002568FFF7C7FF6870246820222046084931
:1069C000F9F7B4FD48B1214620220548F9F7E2FD68
:1069D0002046BDE8384006F07FBA38BDD80D00200B
:1069E000B81F002008B506F045FA40B1064B93F9F0
:1069F0000030002B03DABDE80840FFF7D7BFBDE841
:106A00000840FFF7B7BF00BFC8490020704708B56E
:106A1000FFF7FCFF08BD0000094A10B55278520785
:106A20000AD5084C41EAC0012170FFF7C5FB207868
:106A3000C008FFF7ECFF10BDBDE81040FFF7BCBB7E
:106A4000C8490020E01F0020002008B5024B187044
:106A5000FFF7DDFF08BD00BFE01F002008B50A4AB0
:106A6000137823EA0000107042070CD198420AD034
:106A7000064B5B785B0706D5C008FFF7A9FBBDE8AE
:106A80000840FFF7E1BF08BDE01F0020C849002013
:106A90000246094808B54378C3F38001914209D002
:106AA00062F38203437000F036F8BDE8084002202C
:106AB000FFF7D4BF08BD00BFC8490020044B587879
:106AC000C0F3800080F0010000F00100FFF7E0BF9C
:106AD000C84900200120FFF7DBBF0020FFF7D8BF27
:106AE000704708B5002000F06AFCFFF7F9FF08BD09
:106AF00000F032BC08B500F020FC18B1BDE8084039
:106B000005F00CBF08BD00F032BC00F03BBC00F04B
:106B10003CBC00F03EBC00F043BC00F045BC00F0C3
:106B200047BC00F049BC00F04ABC00F04CBC00F08F
:106B30004EBC000007B500F0FDFB00F008FC002390
:106B400068468DF8003000F019FC01200B4B1870DE
:106B500000F01BFC0A4B01A81B88ADF8043000F0C4
:106B60001FFC02F0E7FBFBF79BFB05F008FFFFF7BC
:106B7000B8FF02F0D3FB03B05DF804FB161F002042
:106B8000260F0108FFF7D6BF73B506F035FC0B4D95
:106B900004462B8883420ED00026ADF8006006F034
:106BA0002BFCADF80460ADF8020002AB13E9030062
:106BB000FEF764FF2C8002B070BD00BFF81F0020FC
:106BC000014B186800F060BBEC1F0020014B1868F7
:106BD000704700BFF01F002008B500F045FB024BD6
:106BE0001860024B186008BDEC1F0020F01F002049
:106BF000014B1868704700BFE81F002008B500F07F
:106C000033FB024B1860024B186008BDEC1F0020DC
:106C1000E81F0020014B1868704700BFF41F0020D8
:106C2000074B91421860074B196038BF1146064B5D
:106C30001A60064B81422CBF19601860704700BF74
:106C4000F01F0020E81F0020F41F0020EC1F002090
:106C50007047704708B5FFF7FCFF08BD704708B5DF
:106C6000FFF7FCFFFFF7F6FF08BD7047704708B558
:106C7000FFF7FCFFFCF73CFF08BD01207047000058
:106C800008B5054800F0CCFB01F0B6F9FFF7E0FFCE
:106C9000BDE80840FFF7E3BFA5720008FEF71CBD82
:106CA0007047704708B5FFF7FBFFFDF72DFAFFF7B8
:106CB000F8FF08BD08B5FFF71DFF08B9FFF762FF31
:106CC0000848FFF720FF0848FFF723FF04F020FEE5
:106CD000FFF71BFFFFF73BFA044B1878BDE80840AD
:106CE000FFF751BAFA1F0020C84900201A1F0020E0
:106CF00008B506F049FB00F0A3FA05F054FE00F0D9
:106D00007DFD04F095FB00F093FCFFF7D3FF06F048
:106D1000AFF8FEF78DFE04F043F904F0FDFD00F03E
:106D20007FFDBDE80840FFF7A2BF70B504460D46E1
:106D3000164602F029FD324629462046BDE870403D
:106D400006F0C4BA08B5FEF7C7FC18B1BDE80840A4
:106D500006F08FB808BD00002DE9F04F85B0FFF7B1
:106D60008CFF88B9FFF710FFFFF7ECFF04F076F80F
:106D700004F008FC08B1FFF741FF05F007FB05B080
:106D8000BDE8F04FFEF764BEDFF8C88000F0A2FC5B
:106D900046460024E0B236F8025B00F051FB0B2CB3
:106DA00054D0854204F10104F4D02B4B1B789B078F
:106DB00001D500F04BFBFFF771FF002701905FFA50
:106DC00087F9484600F03CFB38F8026B0446B042B5
:106DD00036D04FF0000A01254640B6B22E4224D0EC
:106DE000019B2C4214BF4FF0010B4FF0000BBBB1C5
:106DF0005146484606F05EFA90B98DF808A08DF825
:106E0000099006F0F9FA4FF00103ADF80A008DF889
:106E10000C308DF80DB002AB93E80300FEF72EFEA8
:106E20005A4651464846FFF780FF0AF101035FFAD0
:106E300083FA6D00BAF1090FADB2CFD128F8024C38
:106E400001370C2FBBD1FFF7C7FE8DE78542ACD1D0
:106E500088E700BFB0490020FA1F002038B500F0D5
:106E600005F9B0F5A44F044643D2B0F5A04F80F029
:106E7000AC80DF2816D8CC2800F28A80A7280AD850
:106E8000A42878D8012804D0031F9BB2A12B28BFC7
:106E90000024204638BDA0F1A8039BB21A2B6FD95D
:106EA0000024F6E7B0F5804F19D2B0F5005F80F00E
:106EB000A080E728EDD9A0F580739BB2B3F5F85F09
:106EC000EED2C0F3072000F057F90546E0B200F01B
:106ED000CDF82D0205F4F8550543ACB2D9E7C0B2A0
:106EE00000F0C4F804F47064044344F42044A4B2F1
:106EF000CFE7B0F5A54F21D245F25F23984251D894
:106F000045F23F2398420ED845F21F23984242D8BB
:106F10000124C0F3850300F00300844044EA4314D5
:106F200044F40D44E3E70124C0F3820300F00300BE
:106F3000844044EA431444F40C44D8E745F2BF23A8
:106F400098420AD845F29F23984200F01F0034D897
:106F50004AF2F40444EA00249BE7A0F5A543403B31
:106F60009BB21F2B9CD8040204F4F85444F4204430
:106F700044F0F0048DE7A0F1240444F48044B6E723
:106F8000244B5834E4B233F8144044F4884480E786
:106F900040F4A044ABE74AF2F10300F01F0443EAD7
:106FA000042476E70124C0F3820300F00300844048
:106FB00044EA431444F40A4499E700F0DDF804027B
:106FC00004F4F85444F4005463E700F01F0000F0A8
:106FD000D3F8C30648BF0001C4F343144FEA0424A6
:106FE0004CBF00F0F00000B2204340F4104084B2E7
:106FF0004FE7C0F3042000F0BFF80546E0B200F010
:1070000035F82D0205F4F85545EA000444F400541F
:107010006DE700BFFA15010882B0ADF80410CBB2DD
:10702000C1F307210B2905D8082B11D81A4602B045
:1070300004F089BDFD2905D153B90122194602B0DA
:1070400004F08EBDFC2903D113B91A461946F6E7A0
:10705000002002B0704707B5ADF804100199FFF7A2
:10706000DBFF03B05DF804EBFFF7F8BEE72850D86C
:10707000DF2807D8312865D00ED8292858D02A28EB
:1070800067D07047A0F1E003072B42D8DFE803F098
:107090001541242933413D42392804D0822802D0A9
:1070A000352840D07047334B1A7892075CD15B7813
:1070B00013F0080F18BF292070472E4A1378D907FC
:1070C0004ED4527812F0010F23D013F0100F08BFE6
:1070D000E32018BF00207047264B1B7813F0040FE5
:1070E000F2E7244A137859073CD45278D2073BD4AC
:1070F00013F0100FEDE71F4B5A78910709D51B7855
:1071000013F0100F08BFE720E3E71A4B1B781A07AC
:10711000F6D47047174A1378190727D45278910785
:10712000E6D5E4207047134B1B7813F0200FC1E71E
:10713000104B1A7892061BD45B7813F0080F18BF17
:10714000392070470B4B1B7813F0400F18BF2A20D3
:107150007047084B1B7813F0400F18BF3120704761
:1071600039207047E2207047E0207047E6207047E2
:107170003520CEE7C849002010B5304C21784B07A8
:1071800013D500F01402A2F1040C00F01803DCF196
:10719000000242EB0C02A3F1080CDCF1000343EB0C
:1071A0000C039A4218BF80F00C000B0713D500F0B7
:1071B0001402A2F1140C00F01803DCF1000242EBFF
:1071C0000C02A3F1180CDCF1000343EB0C039A4210
:1071D00018BF80F00C006478E30713D500F01102AB
:1071E00002F1FF3C00F01803DCF1000242EB0C025C
:1071F000A3F1080CDCF1000343EB0C039A4218BF27
:1072000080F00900A30711D500F0110200F0180367
:10721000A2F111046242A3F1180C6241DCF10003F7
:1072200043EB0C039A4218BF80F00900CA0603D54D
:10723000030748BF00F0E70010BD00BFC8490020A9
:107240000022014B1A607047CC49002010B504465B
:10725000FEF742FA20B906F099F8024B241A1C6096
:1072600010BD00BFCC49002008B5FEF735FA18B1B3
:10727000BDE8084006F08AB806F088F8014B1B68A4
:10728000184408BDCC49002010B50446FEF724FA86
:1072900020B12046BDE8104006F02DB8FFF7E4FF0E
:1072A000001B10BD00207047A0F5A543603B1F2BBD
:1072B00010B507D84C791CB900F01F00FEF754FB3D
:1072C000204610BD0124FBE708B503464879A8B164
:1072D00047F65B4293420ED047F65C42934206D09B
:1072E00047F65A42934205D1FFF7F4FB01E0FFF75E
:1072F000E5FB002008BDFFF7F0FBFAE70120F9E706
:1073000008B50346487998B147F6014293420CD03C
:1073100047F60342934206D0B3F5F84F02D1FEF789
:1073200040FB002008BDFFF7E3FBFEF742FBF8E758
:107330000120F7E7002000F061BE08B5002000F052
:10734000D8FD4FF6E363C31A5842584108BD4FF6C3
:10735000E361002000F034BE08B5002000F04EFECE
:10736000BDE808404FF6FF71002000F029BE10B5BF
:107370000446022000F0AEFD207010BD017802200E
:1073800000F010BE032000F0A5BD0146032000F070
:1073900009BE10B50446042000F0ABFD208010BDEE
:1073A0000188042000F00CBE0822172100F028BE3E
:1073B0000822172100F0DCBD0F2000F0A9BD014616
:1073C0000F2000F00BBE01460E2000F0EBBD08B50B
:1073D000132000F09DFDA0F55D735842584108BD93
:1073E00070B50E4605461446FFF7A1FB014680B175
:1073F0003444B4F55D7F88BF40F2993406F125012D
:1074000098BF2534641A2246284600F0F9FD20462C
:1074100070BD22462846F9F7AFF9F8E7002070471B
:10742000014B1860704700BFDC0D0020704708B5A5
:10743000FFF7FCFF08BD704708B5FFF7FCFF08BD6C
:10744000014B33F810007047EA49002070474FF4B1
:10745000346007F0FBB900BF00BF00BF00BF00BF32
:1074600000BF00BF00BF00BF00BF00BF00BF00BF24
:1074700000BF00BF00BF00BF00BF00BF00BF00BF14
:1074800000BF00BF00BF704708B5FFF7E0FF08BDB1
:10749000704708B5FFF7FCFF08BD00007FB5FEF799
:1074A0001BF91E4D04461E4A60B30023107801A943
:1074B00005EB400001930293039300F0C5F9194EC8
:1074C00080B1194B0C22187801A905EB4000F9F79F
:1074D0002DF80123337060B90024FFF7ADFF20467B
:1074E00004B070BD3378002BF6D001900290039069
:1074F00030700D4B0C22187801A905EB4000F9F70C
:1075000049F8EAE7084B1178187805EB410105EBDB
:10751000400000F0FBF9FFF7BCFFE0E7EA4900207C
:10752000024A0020FB1F0020D049002008B530236C
:1075300083F31188012100F00F039940202220F0ED
:107540000F0008F015FE002383F3118808BD00002A
:1075500038B509240B4D55F8040B421C01D0FFF738
:10756000E5FF013C14F0FF04F5D10624064D55F863
:10757000040B431C01D0FFF7D9FF013C14F0FF04BA
:10758000F5D138BDE00D0020040E00202DE9F843B0
:10759000DFF89480174658F8213005465A1C0E46ED
:1075A00040D0302282F31188012223F00F0903F02A
:1075B0000F0302FA03F421464846240408F0D8FDDC
:1075C000C9F81840002484F31188FFF744FF6FEADC
:1075D000070C1648AA1E0A3550F8041B32F8023F61
:1075E000B1F1FF3F1AD021F00F0EDEF810E001F0EC
:1075F0000F012EFA01F1C90710D401243B43138077
:107600009542E9D158F82600431C01D0FFF78EFFC0
:1076100021463046BDE8F843FFF736BF0CEA0303C6
:107620001380EDE7BDE8F883E00D0020040E002094
:10763000F0B591B000F0DCF8F0B91F4C01AD0FCC03
:107640000FC594E8030085E803001C4E01AF0FCF7F
:107650000FC695E80300083407AD86E803000FCC99
:107660000FC50FCC0FC52668154C2E6007AD0FCD8A
:107670000FC40FCD0FC4266000F0BAF8002814BF65
:10768000002306230F4A13700F4AC3F10603137039
:10769000FFF75EFF182200210C48F9F76DF8182259
:1076A00000210B48F9F768F800F04CF811B0BDE87C
:1076B000F040FFF7BCBE00BF280F0108040E0020F9
:1076C000E00D0020024A0020D0490020EA490020B5
:1076D000D249002030B587B0182200216846F9F75A
:1076E0004BF8002501242246E9B268460135FFF730
:1076F0004DFF6400092DA4B2F5D1182269460E4849
:10770000F8F714FF002814BF0124002404D0182225
:1077100069460948F8F73EFF084B22461978084B9E
:10772000054803EB410100F00FF80446FFF7B6FEF1
:107730002043C0B207B030BDD2490020024A002029
:10774000EA490020704700002DE9F04106460D4649
:107750001446134F42B101233B7005F017FE114B45
:1077600018600020BDE8F08197F80080B8F1000FA4
:10777000F7D00C4B186805F0BEFD0028F1D00C22A4
:1077800031462846F8F7D2FE28B10C223146284669
:10779000F8F700FF4446002320463B70E2E700BFB5
:1077A000FC1F00200020002010B5074C00224FF4E1
:1077B0000071204608F0DCFC4FF4165007F046F844
:1077C0002069C0F3402010BD0004004038B5C82433
:1077D00006F0C6FF054648B9013C4FF47A70A4B2E2
:1077E00007F0FDF9002CF3D106F0AEFF284638BDB6
:1077F000014B5878704700BF0720002010B5FFF7F5
:10780000E5FF064C2070FFF7CFFF6070FDF764FFC7
:1078100018B1BDE8104000F045B810BD07200020A9
:1078200008B5FDF759FF18B9BDE8084000F03CB8AD
:1078300008BD0000034B187809288CBF00200120E8
:10784000704700BF0620002070B5144D04462B7809
:107850000E46092B16D82046314600F055F804464E
:10786000C8B92B78FF2B1CBF01332B702B78092B49
:1078700094BF0124002403D905F0BEFD084B1880F5
:10788000204670BD064B188805F02EFDB0F5FA7F36
:10789000E1D20024F4E700232B70F1E7062000205A
:1078A0000420002005F054BE05F03EBEF8B50446A5
:1078B0001E46BDF8187062B10C234343104DE85CBE
:1078C0001D44904238BF02466B880E481844F8F7B2
:1078D00061FE204605F03EFE054670B16FB10C20FA
:1078E000074900FB04110A79CB880649BA4228BF30
:1078F0003A4630461944F8F74DFE2846F8BD00BF19
:107900001C0E00200C20002000F0CEB900F008BAB8
:10791000054B1A68054B92F83A1083F8901092F8CC
:107920003B2083F8AC207047301601081C0E002065
:1079300003F052BE114B70B51C68032104F13900ED
:1079400003F0EBFF94F83830834215D194F93920D5
:107950000F2A11DC0C210A4B01FB02339D685DB13B
:10796000AC4694F83B2094F83A0004F15C0304F12F
:107970003C01BDE87040604770BD00BF3016010893
:107980001C0E00202DE9F04390461D4600220123E5
:1079900085B000930E46DDE90C9711460DF10F03FB
:1079A000FFF784FF044650B3D8F8000005F0A3FCAD
:1079B00063281CD90022BBB21146009330462B46E7
:1079C000FFF774FF39460446484603F0A6FF9DF8CA
:1079D0000F30834214BF002404F001041CB105F0F1
:1079E000D5FCC8F80000204605B0BDE8F083394654
:1079F000484603F092FF9DF80F308342DAD13A46B1
:107A000049462846F8F7C6FDEDE700001E4B2DE974
:107A1000F0411E68082386B006F11B08019304217B
:107A200003201A4ACDF8008004ABFFF7ABFF0546F0
:107A300020B1174FB27E3B789A4215D1284606B046
:107A4000BDE8F0819DF80F109DF80E0003F036FDA3
:107A5000044650B9002305201A4619460093FFF743
:107A600025FF2040C5B20BE0002440460DF10F0277
:107A70000DF10E0103F008FD0028E3D1002CE9D13F
:107A8000B37E3B70DAE700BF30160108B02000205B
:107A90008820002070B50C260E4B86B01B680D4662
:107AA00002330093012100200B4A01960DEB0603DF
:107AB000FFF768FF044628B1324608480DEB06017F
:107AC000F8F768FD0C2228460449F8F763FD2046C4
:107AD00006B070BD30160108A820002094200020B8
:107AE000F7B5044608680D4617461E4605F003FC28
:107AF000632800D87FB1002320463146BDF82020FE
:107B00000093FFF7D3FE044610B105F03FFC286058
:107B1000204603B0F0BD0124FAE72DE9F0411446F8
:107B2000069F05460E463A4619462046F8F7FEFCE3
:107B3000021E234631462846BDE8F04118BF012207
:107B4000FFF7CEBF7FB5FFF741F80390FFF750F87E
:107B50000490FFF75FF80C22064B05901B6800921B
:107B600005492C336A440A20FFF7D7FF07B05DF8B8
:107B700004FB00BF30160108A420002007B50C212B
:107B8000054B02461B6800910E3304490220FFF7A3
:107B9000C4FF03B05DF804FB30160108AC200020E0
:107BA0001FB505F075F90122074B8DF80F001B6812
:107BB000009206492A330DF10F020920FFF7ADFFAD
:107BC00005B05DF804FB00BF30160108B8200020A6
:107BD00037B501240E4B07201D680E4B95F8281071
:107BE0001A7800948A1A18BF01220B49FFF778FF10
:107BF00058B10A4B95F829101A7808208A1A18BF2C
:107C0000012207490094FFF76BFF03B030BD00BFAE
:107C1000301601081A1F002090200020161F002097
:107C20008C20002030B50E4D85B0286805F063FB30
:107C3000632812D9FFF718FB0023023003900422B7
:107C40000620009303A9FFF731FE044610B105F0AA
:107C50009DFB2860204605B030BD0124FAE700BF37
:107C6000B42000202DE9F04706460F469046FFF766
:107C7000E1FD002814BF4FF00A094FF0010901256A
:107C800039463046C04710B901354D4501DDBDE8E4
:107C9000F087044605FB05FA4FF47070013406F0D6
:107CA000D5FD5445F8D1EBE738B5164A04460D46E4
:107CB000FFF7D8FF20B329462046134AFFF7D2FF2B
:107CC000F0B129462046114AFFF7CCFFC0B1294642
:107CD00020460F4AFFF7C6FF90B1294620460D4ABD
:107CE000FFF7C0FF60B1294620460B4AFFF7BAFFF5
:107CF00030B129462046BDE83840084AFFF7B2BFF8
:107D0000002038BD957A00087D7B00080D7A0008B8
:107D1000257C0008D17B0008A17B0008457B00087A
:107D200070B50E46054607F097FF294B0C221C68DC
:107D30003146A31C1846F8F72DFC0C2103F0EDFD8D
:107D4000264606F80E0B07F08DFF07F085FF0C2284
:107D50003146284604F11B05F8F71CFC07F082FFAA
:107D600007F07AFF284603F02FFC0821284603F08D
:107D7000D4FDA07607F076FF07F06EFF154B606A22
:107D80001A68904202D01860FFF760FA07F06AFFA5
:107D900007F062FF94F828200F4B1A7094F82920FE
:107DA0000E4B1A7007F05EFF07F056FF94F82A009A
:107DB00005F068F807F056FF07F04EFF04F12C00BD
:107DC00007C8FEF72DFFBDE8704007F04BBF00BFAE
:107DD00030160108A02000201A1F0020161F0020C6
:107DE0000E2808DD0C22044B02FB00303C234380AC
:107DF0005C238160C38070471C0E0020F0B587B003
:107E00000E4617461D468DF80F00FFF713FD10B9FB
:107E1000002007B0F0BD9DF90F300E2BF8DD202EAD
:107E2000F6D8202DF4D8002403210DF115008DF88B
:107E300015308DF814408DF816608DF8175003F04A
:107E40006CFD154B8DF8140083F8906083F8AC50EE
:107E5000042223460B20009405A9FFF727FD0028E4
:107E6000D6D02346324639460C200094FFF71EFD3B
:107E70000028CDD0234601220D2000940DF10F01E2
:107E8000FFF714FD0028C3D0224621460C9B009525
:107E90000E20FFF70BFDBCE71C0E0020FEF75CBFB9
:107EA00008B505F036FA05F0CBFFFEF7E9FE05F060
:107EB000C9FFFEF71DFF05F0D3FF05F0D7FFFFF761
:107EC000EDFF05F0D5FF05F095FF03F0DBFDFEF7B4
:107ED000E9FEF2E7002307B5014601220DF1070094
:107EE0008DF8073000F08CF89DF8070003B05DF8BE
:107EF00004FB002307B5014602220DF10600ADF890
:107F0000063000F07DF8BDF8060003B05DF804FB14
:107F100007B50422002301460DEB0200019300F097
:107F20006FF8019803B05DF804FB07B501228DF8E6
:107F3000071001460DF1070000F067F803B05DF887
:107F400004FB07B50222ADF8061001460DF106004C
:107F500000F05BF803B05DF804FB07B50422019163
:107F600001460DEB020000F050F803B05DF804FB91
:107F7000F8B505461446D31D23F0070300AFADEB5B
:107F8000030D68460E4600F03BF822466946284637
:107F9000F8F7CCFA20B122463146284600F035F8F1
:107FA000BD46F8BD38B50C460546FFF793FFA04225
:107FB00005D021462846BDE83840FFF7B6BF38BD9A
:107FC00038B50C460546FFF794FFA04205D0214680
:107FD0002846BDE83840FFF7B4BF38BD38B50C4679
:107FE0000546FFF795FFA04205D021462846BDE88B
:107FF0003840FFF7B2BF38BD00F012B900F038B812
:108000000B460146184600F04DB80B46014618468F
:1080100000F09AB808B5064B4FF48052184600217C
:10802000F8F7AAFB41F2080200F580531A6008BD78
:10803000C020002010B5054C23792BB900F069F958
:1080400008B10120207110BD0220FCE7C0300020E3
:1080500010B5064C237933B100F065F910B1002357
:108060000120237110BD0220FCE700BFC0300020BA
:1080700038B5FFF7DFFF044618B9FFF7E9FF2046E0
:1080800038BD00F048F90546FFF7C4FF012C06D1C2
:10809000FFF7DEFF00280CBF002505F001052C4688
:1080A000EDE7000008B5034608469918B1F5805F72
:1080B00005D804491944F8F76DFA012008BD0020DD
:1080C000FCE700BFC020002038B500F024F90446CA
:1080D00008B3FFF7AFFF4FF40072054612490020C6
:1080E00000F03EF970B10EA3D3E900234FF48051A4
:1080F0000D4803F060F902460B464FF4805000F043
:1081000061F950B90024012D01D1FFF7A1FF41F21F
:108110000802064B1A60204638BD0224F3E700BF70
:1081200025232284E49CF2CBC0200020C030002014
:10813000044B1B68B3F5005F01D3FFF7C5BF0120F7
:10814000704700BFC03000208318B3F5805F2DE971
:10815000F34705460F4616461AD8304C00EB040884
:1081600041463846F8F7E2F9002854D032463946FD
:108170004046F8F70FFAFFF75DFF814630B104F58E
:1081800080583EB9FFF7D4FF044639E0FFF760FF9F
:1081900000243CE0052EB24628BF4FF0050A052218
:1081A00000210DF10300F8F7E7FAC5F3024343EAB3
:1081B000CA03524639468DF800300DF103002B0AF0
:1081C0008DF801308DF80250F8F7E4F9DDE900236D
:1081D000D8F8000000F0F6F8044688B1D8F800306E
:1081E0000833C8F80030FFF7A3FF0128044604D184
:1081F000A6EB0A0655445744C3E7022818BF0024DB
:10820000B9F1010F03D1FFF723FF0028C0D02046AA
:1082100002B0BDE8F0870124F9E700BFC0200020CC
:108220007FB5FFF7F7FE00F06FF8044610B9FFF7CF
:10823000F1FE5BE04FF400720020314900F075F868
:108240002F4D044610B9FFF7E5FEF0E72AA3D3E966
:1082500000234FF48051284603F0ADF806460C4643
:108260004FF4805002A900F078F8DDE902239C4227
:1082700008BF964201D0FFF7CDFE41F208046946DF
:10828000204600F06AF8034640B3DDE9000350EAF7
:10829000030220D010F0C00FCDE9020304F108045E
:1082A000C1B2C0F3811318D10A0400F47F46C0F3B1
:1082B000074002F4E02230431043CA0800EBD1012A
:1082C000B1F5805F0AD80DF10B012844F8F762F987
:1082D000B4F5005FD3D1012300E00023094A146004
:1082E0003BB9FFF7F1FE04460028A0D0204604B0B9
:1082F00070BDFFF71DFFF6E725232284E49CF2CB37
:10830000C0200020C030002008B500F0DDF80120BA
:1083100008BD0120704708B5002000F0D7F8B0FA7A
:1083200080F0400908BD0120704738B5D5002A46C5
:108330000C4600F0E8F818B921462544A94203D1BB
:10834000B0FA80F0400938BDD1E90023D243DB43C5
:1083500041F8082B41F8043CF0E70122FFF7E5BFA4
:108360002DE9F0470646884615460027C0B0202D67
:10837000A94628BF4FF020094FEAC90A524668466D
:1083800008EBC701F8F706F900246B464C450DD100
:1083900052466946304600F0D4F888B92D1B564441
:1083A0002744E4D1012040B0BDE8F087D3E90001C3
:1083B000C043C94343F8080B43F8041C0134E5E704
:1083C0000020F0E707B5CDE9002369460122FFF759
:1083D000C7FF03B05DF804FB0022082311460148E3
:1083E00005F00CBA0C08004008B5FFF7F5FF30B1F6
:1083F000062005F013FA05F049FA002008BD4FF0F9
:10840000FF30FBE7F7B51F468DF807100B0A090C84
:10841000064615468DF804008DF806308DF80510D7
:10842000FFF7DAFFE8B104210DEB010005F01AFABD
:10843000044648B945B1022E0BD0032E0ED1284672
:10844000B9B205F019FA044605F020FA204603B047
:10845000F0BD2846B9B205F005FAF4E74FF0FF3455
:10846000F2E74FF0FF34F1E710B5FFF7B5FF88B141
:10847000052005F0D3F905F0E3F9044605F006FA06
:10848000002C05DB14F0010F14BF6FF0030400246F
:10849000204610BD4FF0FF34FAE710B5044604F053
:1084A00075FF4FF47A7303FB040404F06FFFA042DE
:1084B00004D2FFF7D9FF031DF7D010BD6FF0010004
:1084C000FBE70120FFF7E9BF05F01AB900F580339B
:1084D000B3F5002F10B5044612D283B283B9FFF76B
:1084E000F0FF78B9FFF780FF60B9034602462146E6
:1084F000D820FFF787FF28B9BDE81040FFF7E1BF9C
:108500004FF0FF3010BD2DE9F04107460D461646ED
:10851000FFF7D7FF0446804638B13246002128468F
:10852000F8F72AF92046BDE8F08133462A46394655
:108530000320FFF767FF04460028F3D03246414688
:10854000EDE72DE9F04106460F46154675B9FFF7F0
:10855000B8FF044638B9FFF73FFF30B3042005F0F9
:108560005DF905F093F92046BDE8F0815FFA86F8E1
:10857000C8F58078A84528BFA846FFF7A2FF0446A3
:108580000028F0D1FFF730FF04460028EBD1434626
:108590003A4631460220FFF735FF04460028E2D173
:1085A00047444644A5EB0805D0E74FF0FF34DAE72F
:1085B00038B54C790546002C42D0FEF74FF900F053
:1085C0002203A5F5F04020380A280AD8DFE800F099
:1085D000060B0F14181D21262A2F330002F041FD2F
:1085E0000024204638BD23B102F0DEFDF8E7002B61
:1085F000FAD002F0C5FDF3E723B102F039FEEFE750
:10860000002BFAD002F022FEEAE723B102F058FE76
:10861000E6E7002BFAD002F03FFEE1E723B102F0DB
:1086200077FEDDE7002BFAD002F05EFED8E723B13B
:1086300002F0A2FED4E7002BFAD002F08FFECFE7C3
:108640000124CEE738B54D790446A5B9FEF706F901
:1086500000F02203A4F5F04040380E2849D8DFE8A6
:1086600000F0080C0F12161B1F24282D31363A3F3C
:10867000430002F00BFD284638BD02F01FFDFAE76B
:1086800002F0EFFCF7E723B102F08EFDF3E7002BD9
:10869000FAD002F075FDEEE723B102F0E9FDEAE75A
:1086A000002BFAD002F0D2FDE5E723B102F008FE7C
:1086B000E1E7002BFAD002F0EFFDDCE723B102F096
:1086C00027FED8E7002BFAD002F00EFED3E723B145
:1086D00002F052FECFE7002BFAD002F03FFECAE7CD
:1086E00023B102F066FEC6E7002BFAD002F05EFE70
:1086F000C1E70125BFE7000030B510F47F4F85B01A
:108700000190C0F30725C0F3074217D109B1314BDF
:108710009A5C8DF80C208DF80D208DF80E2000202D
:108720009DF80C3063F307009DF80D3063F30F20C4
:108730009DF80E3063F3174005B030BD9DF804403E
:1087400061B3244B9A5C0620FF236043591BB0FBA6
:10875000F3F06FF05403434303EB440303EB430391
:10876000DBB203FB05F4C3F1FF036B4324121B12BE
:10877000C4F1FF04C3F1FF03514354435343C1F316
:108780000721C4F30724C3F30723D2B206281CD859
:10879000DFE800F006080F12161B060092B2D2E7BF
:1087A00014461A468DF80C408DF80D208DF80E10E9
:1087B000B5E70C461946F5E723460C461146F0E7A7
:1087C00010461C460A460146ECE7234614460A4674
:1087D000F0E700BF50160108012184B004B0FFF794
:1087E0008BBF012830B501D8C0B230BDB0F5F75FFE
:1087F00088BFFF224FF001049EBF42090832D2B267
:10880000A3185910C3F34705C3F34F035B439BB24F
:10881000834205D96A1ED2B29442F1D9601EE3E7C1
:10882000FF2902D06C1CE4B2F6E70846DDE7000041
:10883000074B188800EB402200EB820000F55850EF
:10884000193080B2188000EB1020C0B2704700BF12
:10885000EC0E002008B50146FFF7EAFF4843C0F3DD
:10886000072008BD10F0400316BFC2430246D2B233
:1088700010B502F00F0103B10131094CC2F301122E
:1088800004EB42035B78594314F81230020603EB01
:108890002113DBB244BF5B42DBB283F0800010BD2A
:1088A000341601081FB5C0F3074401905008FFF7C4
:1088B000D9FFA0F180035BB2002BBCBFC0F18000E8
:1088C00043B200205B00DBB204FB03331B128DF8C4
:1088D0000630019BDAB262F30700C3F3072262F3AA
:1088E0000F20C3F3074363F3174004B010BD00002B
:1088F000144B84B003EB4103E521019093F86C30F5
:10890000C0F307204B43C2EB13231C33002BB8BF2B
:108910005B42A0EBC3031BB223EAE37300FB033308
:1089200000201B128DF80530019BDAB262F30700BC
:10893000C3F3072262F30F20C3F3074363F3174027
:1089400004B070479A0C0020144B84B003EB410331
:10895000E521019093F86C30C0F307404B43C2EB24
:1089600013231C33002BB8BF5B42A0EBC3031BB225
:1089700023EAE37300FB033300201B128DF806305B
:10898000019BDAB262F30700C3F3072262F30F2000
:10899000C3F3074363F3174004B070479A0C0020F9
:1089A00084B0019000208DF80420019BDAB262F3BC
:1089B0000700C3F3072262F30F20C3F3074363F3F7
:1089C000174004B07047000084B001900B4800EBE2
:1089D000410090F86C3000209B1A8DF80430019B08
:1089E000DAB262F30700C3F3072262F30F20C3F386
:1089F000074363F3174004B0704700BF9A0C002090
:108A000084B001900B4800EB410090F86D300020DD
:108A10009B1A8DF80430019BDAB262F30700C3F3AE
:108A2000072262F30F20C3F3074363F3174004B038
:108A3000704700BF9A0C002030B5134B85B034311D
:108A4000019003EB4104657903EB4103A5F1200498
:108A500064B21B79002CBCBFC5F1200464B29A1A21
:108A60002244C0B210448DF804000020019BDAB209
:108A700062F30700C3F3072262F30F20C3F3074337
:108A800063F3174005B030BD9A0C002084B001900C
:108A900000209DF8102003EB430302EB53038DF8F5
:108AA0000430019BDAB262F30700C3F3072262F3DA
:108AB0000F20C3F3074363F3174004B070471FB59B
:108AC00092B2019048B2002802FB02F2BCBF4942B8
:108AD00048B2C0F1380000FB002080B21C46FFF70E
:108AE00080FE00EB4000044400208DF80440019B10
:108AF000DAB262F30700C3F3072262F30F20C3F375
:108B0000074363F3174004B010BD000084B0019028
:108B100003F13400104B03EB400358791B792038E4
:108B2000703B4B4302FB003200209DF80410002AEA
:108B3000B8BF7F3201EBE2128DF80420019BDAB25C
:108B400062F30700C3F3072262F30F20C3F3074366
:108B500063F3174004B070479A0C002084B0019072
:108B600003F13400104B03EB400358791B79203894
:108B7000703B4B4302FB003200209DF80410002A9A
:108B8000B8BF3F3201EBA2128DF80420019BDAB28C
:108B900062F30700C3F3072262F30F20C3F3074316
:108BA00063F3174004B070479A0C002030B5174C9F
:108BB00085B03433019004EB430425796379A5F142
:108BC000700464B2203B002C02FB03F3BCBFC5F170
:108BD000700464B2C4F1380201FB023212EB4202AB
:108BE000C0B248BF7F3200EBE21200208DF80420B3
:108BF000019BDAB262F30700C3F3072262F30F208E
:108C0000C3F3074363F3174005B030BD9A0C00204F
:108C100001F13403114984B0019001EB430148791B
:108C20000B792028A3EB00034FF0000003EB430374
:108C3000DBB28CBFD2189A1AD2B28DF80420019BF5
:108C4000DAB262F30700C3F3072262F30F20C3F323
:108C5000074363F3174004B0704700BF9A0C00202D
:108C60001FB5C4B201905008FFF7FCFDA0F18003CE
:108C70005BB2002BBCBFC0F1800043B20D205B0093
:108C8000DBB24343002004EB13238DF80430019B37
:108C9000DAB262F30700C3F3072262F30F20C3F3D3
:108CA000074363F3174004B010BD000030B50D4614
:108CB00085B00190C4B21046FFF7D4FD124901EB14
:108CC000450191F86C2002440D20D2B2A2F180033C
:108CD0005BB2002BBCBFC2F1800253B25B00DBB2BF
:108CE0004343002004EB13238DF80430019BDAB2D8
:108CF00062F30700C3F3072262F30F20C3F30743B5
:108D000063F3174005B030BD9A0C0020114B84B0BE
:108D1000019003EB410393F86C10C0B28B1A5BB265
:108D2000002BBCBF521A53B21922DBB2534300EBE3
:108D300013208DF804000020019BDAB262F30700D3
:108D4000C3F3072262F30F20C3F3074363F3174013
:108D500004B070479A0C0020FF2928BFFF21C943A7
:108D600084B00190C9B2C0F3074000FB011100209C
:108D700009128DF80610019BDAB262F30700C3F303
:108D8000072262F30F20C3F3074363F3174004B0D5
:108D90007047FF2928BFFF21C94384B0C9B20190A1
:108DA00001EB8111C0B200EB112100208DF80410FD
:108DB000019BDAB262F30700C3F3072262F30F20CC
:108DC000C3F3074363F3174004B0704784B003EB69
:108DD0008302BDF81030019013449BB2FF2B28BFD3
:108DE000FF23DB43C0F30740DBB20344FF2B28BF64
:108DF000FF2300208DF80630019BDAB262F30700F2
:108E0000C3F3072262F30F20C3F3074363F3174052
:108E100004B0704700291FB5B8BF4942002AB8BF47
:108E2000524209B2090112B2FF294FEA0212A8BF49
:108E3000FF21FF2AA8BFFF22BDF8184009B21C4439
:108E400012B2A4B29142D4BF6418A418A3B2FF2BEB
:108E500028BFFF23DB430190DBB2C0F3074003448C
:108E6000FF2B28BFFF2300208DF80630019BDAB2CC
:108E700062F30700C3F3072262F30F20C3F3074333
:108E800063F3174004B010BD1FB5482B0190C0F329
:108E9000074030D8BDF81840E31A9BB2FF2B28BF1B
:108EA000FF23083189B2102905D902F1080189B2DE
:108EB000112928BFFF23DB43DBB20344002AB8BFDC
:108EC0000332FF2B28BFFF2300200C498DF806300A
:108ED000497801EBA2028DF80420019BDAB262F31B
:108EE0000700C3F3072262F30F20C3F3074363F3C2
:108EF000174004B010BDFF23D3E700BF084A00208D
:108F000084B0BDF81020C0F30741D31A9BB2FF2BE9
:108F100028BFFF23DBB2DA43D2B21144FF2928BFB6
:108F2000FF210190034400208DF804308DF80610D5
:108F3000019BDAB262F30700C3F3072262F30F204A
:108F4000C3F3074363F3174004B0704784B0BDF820
:108F500010200190D31A9BB2FF2B28BFFF23DB43C5
:108F6000C0F30740DBB20344FF2B28BFFF230020E0
:108F70008DF80630019BDAB262F30700C3F30722D3
:108F800062F30F20C3F3074363F3174004B0704745
:108F90007FB5164E1546735C0190C0F3074413B9B4
:108FA000FFF746FC7054705C28444008FFF75AFCF9
:108FB000A0F180035BB2002BBCBFC0F1800043B2C4
:108FC00000205B00DBB204FB03331B128DF806307C
:108FD000019BDAB262F30700C3F3072262F30F20AA
:108FE000C3F3074363F3174004B070BD6032002041
:108FF0001FB5184B0190C0F3074401EB81011868BD
:10900000154BC1EB811108441979C90800FB010017
:10901000C0F30720FFF726FCA0F180035BB2002B12
:10902000BCBFC0F1800043B200205B00DBB204FB98
:1090300003331B128DF80630019BDAB262F307008E
:10904000C3F3072262F30F20C3F3074363F3174010
:1090500004B010BD104A0020084A0020024B1A78C4
:1090600010431870704700BFCA30002010B5044686
:1090700020B90029ACBF0020802010BD80EAE07339
:10908000A3EBE0731BB2002903EB0102A7BFCB1ACD
:109090005B015B1A5201ABBF93FBF2F392FBF3F35C
:1090A000C3F12003C3F160035BB2D8B2002CBCBF94
:1090B0004042C0B2E1E730B5C0F3072585B0EB1AF6
:1090C00001901046DCB2FFF7D1FFC0EB801300EB3C
:1090D000830300201C44E3B205FB03331B128DF80D
:1090E0000530019BDAB262F30700C3F3072262F393
:1090F0000F20C3F3074363F3174005B030BD30B50D
:10910000C0F3074585B0EB1A01901046DCB2FFF7BB
:10911000ADFFC0EB801300EB830300201C44E3B2DF
:1091200005FB03331B128DF80630019BDAB262F3A4
:109130000700C3F3072262F30F20C3F3074363F36F
:10914000174005B030BD30B585B09DF82040C0F364
:109150000725019010461C1BFFF788FF2C44E4B242
:10916000241A0020E3B205FB03331B128DF80530EF
:10917000019BDAB262F30700C3F3072262F30F2008
:10918000C3F3074363F3174005B030BD30B585B076
:109190009DF82040C0F30745019010461C1BFFF7C7
:1091A00065FF2C44E4B2241A0020E3B205FB03332C
:1091B0001B128DF80630019BDAB262F30700C3F38D
:1091C000072262F30F20C3F3074363F3174005B090
:1091D00030BD1FB5019010461C46FFF747FF2044E5
:1091E0008DF804000020019BDAB262F30700C3F39C
:1091F000072262F30F20C3F3074363F3174004B061
:1092000010BD1FB59DF81840019010461C1BFFF7BC
:109210002DFFE4B2241A00208DF80440019BDAB23D
:1092200062F30700C3F3072262F30F20C3F307437F
:1092300063F3174004B010BD84B004B0FFF7CCBA9C
:109240002DE9F74FDFF8CCA000EBC0080AEB0803CC
:109250005B5C0746FF2B0E462BD000252E4A904420
:109260004FF0000B05EBC50403F134090AEB0401D0
:109270000AEB4909144411F801EBBEF1FF0F0ED0BF
:10928000E8B2874218D15FFA8BF0864214D118F801
:1092900006002030FF2828BFFF2008F806000BF149
:1092A000010BBBF1090F04F10104E4D101350C2DD0
:1092B000D6D103B0BDE8F08F0EF1340E0AEB4E0E9E
:1092C0009EF8040099F804C09EF805E0ACEB000C91
:1092D00099F805000191A0EB0E0080B240430CFB11
:1092E0000C0080B20093FFF77CFA2828009B0199BC
:1092F000094AD4D894F800C0C0F12800C0B21028A0
:1093000094BF84440CF1100C6046FF2828BFFF2056
:109310002070C4E79A0C0020CC30002008B5034828
:10932000FDF7FDFB0022024B1A7008BD084A002021
:10933000CA30002010B5094C3523204603220849C5
:1093400000F8013BF7F726F94FF67F732046A3801C
:10935000FDF7E5FB0022034B1A7010BD084A002000
:10936000640F0108CA3000200020704770B5044621
:109370000E461546FFF7F8FF054B04EBC4041C44EA
:10938000A35DFF2B1EBF2B540130C0B270BD00BFC8
:109390009A0C0020014BDB68184700BF40160108FB
:1093A00070470000F7B50C4615461E46FFF7F8FF5C
:1093B00000280ADB064F21467C6833462A46A4462D
:1093C000019403B0BDE8F040604703B0F0BD00BFBA
:1093D00040160108F7B51F4B0546034493F8F430D7
:1093E000194234D01C4E1D4B34791B88E40804FB11
:1093F0000333711C1C1203226846F7F7CBF8E0B266
:10940000FFF730FAA0F1800464B2002CBCBFC0F1B9
:10941000800044B21F207778F678FFF71BFA6400CB
:10942000E4B206FB0444074424128DF800708DF862
:1094300002400098FFF700FFC0F30743C0F3072284
:10944000C1B2284603B0BDE8F040FFF7ABBF03B0A0
:10945000F0BD00BF9A0C0020084A0020104A0020EE
:10946000F7B51F4B0546034493F8F430194234D046
:109470001C4E1D4B34791B88E40804FB0333711C1C
:109480001C1203226846F7F785F8E0B2FFF7EAF905
:10949000A0F1800464B2002CBCBFC0F1800044B2D3
:1094A0001F20B778F678FFF7D5F96400E4B206FB21
:1094B0000444074424128DF801708DF8024000988E
:1094C000FFF7BAFEC0F30743C0F30722C1B2284634
:1094D00003B0BDE8F040FFF765BF03B0F0BD00BFCB
:1094E0009A0C0020084A0020104A002073B51B4B3C
:1094F0000446034493F8F43019422DD0184E194B0A
:1095000035791B88ED0805FB0333711C1D120322FE
:109510006846F7F73FF8E8B2FFF7A4F9A0F1800337
:109520005BB2002BBCBFC0F1800043B2F6785B0099
:10953000DBB206FB03331B128DF802300098FFF7F5
:109540007BFEC0F30743C0F30722C1B2204602B03E
:10955000BDE87040FFF726BF02B070BD9A0C002036
:10956000084A0020104A002013B5124B0446034459
:1095700093F8F43019421BD0FFF75AF98DF8000028
:109580008020FFF767F90C4B7F30DB788DF8010006
:109590008DF802300098FFF74FFEC0F30743C0F389
:1095A0000722C1B2204602B0BDE81040FFF7FABE64
:1095B00002B010BD9A0C0020084A002037B5134BAA
:1095C0000446034493F8F43019421DD0104D032291
:1095D000691C6846F6F7DEFF03206D78FFF73AF95D
:1095E0006FF01F0303FB00558DF800500098FFF744
:1095F00023FEC0F30743C0F30722C1B2204603B0E5
:10960000BDE83040FFF7CEBE03B030BD9A0C00205D
:10961000084A0020014B9B68184700BF401601080C
:109620002DE9F04F524B87B0DC78524E04EB4403E7
:109630004FEAA30B9B080293FF23B3FBF4F30193C0
:1096400083785BB1002211461046FFF7E3FF6C22DE
:1096500000214948F7F790F8002333700025474F61
:10966000DFF814A13B7801333B70D0464FF000097E
:1096700032785FFA89F31A4363D10393F7F700F95D
:109680003F4B9842039B5CDC8AF800402946184611
:1096900004AAFFF76BFE98B198F80020029B9DF892
:1096A00010009A425CD9A2EB0B030BFB03F3A4EB73
:1096B0000B0293FBF2F32246DBB21946FFF772FE70
:1096C00009F10109B9F10C0F08F10908D0D10135F0
:1096D000EDB2092D0AF1010AC7D13B78019A9342F4
:1096E00004BF00233B7033780133DBB21C2B3DD920
:1096F00000233370234E0B233546671E3046294620
:1097000009220B2B04D190F800C0644508BF0770F4
:1097100011F809CC013AA44524BF01F8097C0C706A
:1097200012F0FF0201F1010100F10100E9D1013B5A
:1097300013F0FF03A5F10905E0D1002007B0BDE853
:10974000F08F98F80020002AA0D094429ED9397852
:109750000198814204BF02F1FF3288F8002095E7AA
:109760006243B2FBFBF20023D2B2A6E73370E4E718
:10977000084A0020CB300020CC300020C830002028
:10978000545555052F3100202DE9F04F85B0064680
:109790000F461546FBF7A0FF8046002852D0002D4B
:1097A00053D03946304602AAFFF7E0FD0446DFF801
:1097B000D49099F800302344082B23DDC4F1080A23
:1097C000611C5246494409F10100F6F7E3FE04F139
:1097D00009015246494409F10900F6F7DBFE09EB9D
:1097E00044014FEA4A02193109F11900F6F7D2FE95
:1097F00004F111015246494409F11100F6F7CAFE7D
:1098000089F800A0002299F800C011469146DFF8BF
:1098100074E00DF1080BD0B200EB0C03DBB2844214
:10982000019314D86444E4B209B1164B1C704DB1D5
:10983000154B1B7803F0FC03802B03D139463046CF
:10984000FFF7FEFC05B0BDE8F08F2C46AFE7019BAB
:109850001BF801AB0EEB03000C4B0AF1340103EBD8
:1098600041010B7949794370019B41720C330EEB36
:109870004303414680F811A083F8019083F80290D9
:109880000132C8E73B310020084A00209A0C002032
:109890000C4B1B68C3F38123022B0CD0032B0ED07F
:1098A000012B4FF0000203D011461420FFF7B2BE87
:1098B00014211046FAE7002114220846F6E7142284
:1098C000F2E700BF104A00200120704701207047D6
:1098D00008B5FFF7FBFF08BD08B5FFF7F5FFFFF779
:1098E000F7FF08BDC0EBC00043000020DBB203F16E
:1098F0000E02D2B2442A63F30700134628BF442362
:1099000082B063F30F2002B0704700002DE9F04FE2
:10991000074689B000780291FFF7E4FFDFF8BC80CA
:109920002F4A98F80450C4B26B081588C0F3072B6F
:1099300003FB05552B4BC5F3072503EB440603F149
:10994000F409E3B29B4507D8BBF1430F8CBF00205D
:10995000012009B0BDE8F08F14F809207B781A4285
:1099600038D096F86D2096F86C10203A92B202FB2F
:1099700002F070391FFA81FA0AFB0A0080B20392E2
:10998000FEF72FFF98F801C0034698F8020098F8F8
:1099900003E0039A4CEA002012B20FFA8AF1DDF8D4
:1099A00008C040EA0E400095E047C0F307238DF859
:1099B0001C00C0F307408DF81D308DF81E0007987D
:1099C000FFF73AFCC0F30743C0F30722C1B22046B9
:1099D000FFF7E8FC02360134B3E700BF084A002075
:1099E000104A00209A0C00200149FFF78FBF00BFEA
:1099F000479100080149FFF789BF00BF8D9100081A
:109A00000149FFF783BF00BF8D8A00080149FFF7B6
:109A10007DBF00BF039200082DE9F04F074685B0D7
:109A20000078FFF75FFF8A46DFF89880264A98F8AB
:109A30000450C4B26B081588C0F3072B03FB05550F
:109A4000224BC5F3072503EB440603F1F409E3B207
:109A50009B4507D8BBF1430F8CBF0020012005B008
:109A6000BDE8F08F14F809207B781A4226D098F8C8
:109A7000023098F8010098F803C096F86D2096F827
:109A80006C1040EA0320203A70392B4640EA0C4023
:109A9000D047C0F307238DF80C00C0F307408DF8C2
:109AA0000D308DF80E000398FFF7C6FBC0F3074397
:109AB000C0F30722C1B22046FFF774FC023601341E
:109AC000C5E700BF084A0020104A00209A0C002079
:109AD0000149FFF7A1BF00BFB79000080149FFF798
:109AE0009BBF00BFFF9000080149FFF795BF00BF73
:109AF000BF8A00080149FFF78FBF00BFD39100085C
:109B00002DE9FF4706460078FFF7ECFE88461F4F19
:109B10001F4B3D791B88AD0802355D43DFF874A00B
:109B2000C0F30729C5F30725C4B2E1B2894507D8B8
:109B3000B9F1430F8CBF0020012004B0BDE8F087CD
:109B400014F80A2073781A421DD0B8787B782A4618
:109B500043EA0023F87843EA0040C047C0F30723F4
:109B60008DF80C00C0F307408DF80D308DF80E0015
:109B70000398FFF761FBC0F30743C0F30722C1B2AC
:109B80002046FFF70FFC0134CFE700BF084A002052
:109B9000104A00208E0D00200149FFF7B1BF00BF21
:109BA000A58800080149FFF7ABBF00BFF188000896
:109BB0000149FFF7A5BF00BF498900080149FFF728
:109BC0009FBF00BFA18900080149FFF799BF00BFEF
:109BD000C98900080149FFF793BF00BF018A000847
:109BE0000149FFF78DBF00BF398A00080149FFF71F
:109BF00087BF00BF618C00080149FFF781BF00BF2C
:109C0000AD8C00080149FFF77BBF00BF0D8D000838
:109C1000837810B5044623B1442200210448F6F7A6
:109C2000ABFD2046BDE810400249FFF769BF00BF09
:109C300060320020918F00080149FFF761BF00BF2B
:109C4000F18F00082DE9F04F814689B0007803912B
:109C5000FFF748FEDFF8A8A02A4A9AF80440C6B2E7
:109C6000A3081488C0F3072503FB0444C4F30724A6
:109C700004F14000C0B2FEF7F5FDA0F180072046D8
:109C8000FEF7F0FDDFF880B0A0F180087FB24FFA58
:109C900088F8F3B29D4206D8432D8CBF00200120E6
:109CA00009B0BDE8F08F16F80B1099F801201142A9
:109CB00024D09AF802209AF801009AF803C040EAEA
:109CC00002203946424640EA0C400094DDF80CC0C0
:109CD000E047C0F307238DF81C00C0F307408DF860
:109CE0001D308DF81E000798FFF7A6FAC0F3074352
:109CF000C0F30722C1B23046FFF754FB0136C8E774
:109D0000084A0020104A00208E0D00200149FFF76C
:109D100099BF00BF0D8B00080149FFF793BF00BF3B
:109D20005D8B00080149FFF78DBF00BFAD8B0008B8
:109D30002DE9F04F334D074685B00078FFF7D2FD8F
:109D40002E794FF6FF730136FF2E28BFFF26884677
:109D5000B3FBF6F6DFF8B0B0DFF8B0A0C0F3072928
:109D6000C4B2E0B2814507D8B9F1430F8CBF0020DF
:109D7000012005B0BDE8F08F14F80B207B781A4263
:109D80002ED09AF800302249013B5BB21A0629D541
:109D900032462B79A878591CFF290B4628BFFF2390
:109DA00003FB02226B78C2F30F2143EA0023E87819
:109DB00043EA0040C047C0F307238DF80C00C0F30E
:109DC00007408DF80D308DF80E000398FFF734FA38
:109DD000C0F30743C0F30722C1B22046FFF7E2FAFF
:109DE0000134BEE75A5C82420AD103F10C020AEB4D
:109DF000420292F801C092784CEA0222B242C8D3E1
:109E0000013BC3E7084A00208E0D0020144A0020C1
:109E1000254A00200149FFF78BBF00BF598D00087C
:109E20000149FFF785BF00BF938D00082DE9F04F72
:109E300082468DB008780492FFF754FD8B46414B63
:109E4000C5B21B78C0F3072903933F4B03EB4507CB
:109E5000F4330593EBB2994507D8B9F1430F8CBFA2
:109E6000002001200DB0BDE8F08F059BEA5C9BF857
:109E700001301A4221D0D0460024032233490AA8D7
:109E8000F6F788FB2F4B0AF101061E44039A5FFA8E
:109E900088F39A4214D82E4BD87800FB044424123D
:109EA0008DF82A400A98FFF7C7F9C0F30743C0F3BB
:109EB0000722C1B22846FFF775FA01350237C9E714
:109EC00016F8013B97F86C1097F86D20C91AF379D2
:109ED00089B2D21A92B202FB02F001FB010080B2F9
:109EE00007920691FEF77DFC194B164A93F804E0A1
:109EF00008F10C030EF1010EBEF1FF0F28BF4FF069
:109F0000FF0E02EB430393F801C09B78079A4CEADB
:109F1000032C0EFB0CCC0699CCF30F238DF82A40B2
:109F20000093049C034612B20A9809B2A047C0F3FA
:109F300007238DF828008DF82930C0F3074408F175
:109F40000108A3E7144A00209A0C0020094A0020C7
:109F5000084A0020044B01461B78044A013B23EACF
:109F6000E373D8B2FFF762BF144A0020CD8D00081A
:109F70000146024A0020FFF759BF00BFCD8D0008FF
:109F8000044B01461B78044A013B23EAE373D8B231
:109F9000FFF74CBF144A0020158E00080146024A04
:109FA0000020FFF743BF00BF158E0008044B014699
:109FB0001B78044A013B23EAE373D8B2FFF736BFAC
:109FC000144A0020898E00080146024A0020FFF74B
:109FD0002DBF00BF898E0008044B01461B78044A40
:109FE000013B23EAE373D8B2FFF720BF144A0020F5
:109FF000018F00080146024A0020FFF717BF00BF8B
:10A00000018F0008044B01461B78044A013B23EAF8
:10A01000E373D8B2FFF70ABF144A00204D8F00083F
:10A020000146024A0020FFF701BF00BF4D8F000824
:10A03000F7B506460078FFF755FC184AC5B25378C5
:10A04000C0F307249078164F43EA0023D07843EA00
:10A050000040FFF7F1F8C0F307238DF80530C0F397
:10A0600007438DF804008DF80630EBB29C4205D80A
:10A07000432C8CBF0020012003B0F0BDEA5D737853
:10A080001A4208D028469DF806309DF805209DF814
:10A090000410FFF787F90135E7E700BF084A002001
:10A0A0008E0D00202DE9FF4106460078FFF71AFCCF
:10A0B000DFF89C80032208F10101C4B2C0F3072538
:10A0C00001A8F6F767FA019898F80170FFF7B4F85D
:10A0D000C0F307238DF8093098F804308DF8080094
:10A0E0001F448DF80470C0F307408DF80A000198F2
:10A0F000FFF7A2F8C0F307238DF80D30154FC0F31A
:10A1000007438DF80C008DF80E30E3B29D4206D85F
:10A11000432D8CBF0020012004B0BDE8F081E35D39
:10A120007278134211D0DB07204643BF9DF80E30F2
:10A130009DF80D209DF80C109DF80A305CBF9DF82D
:10A1400009209DF80810FFF72DF90134DDE700BF65
:10A15000084A00208E0D00202DE9FF4707460078B1
:10A16000FFF7C0FBDFF86C800322C4B2C0F3072501
:10A1700008F1010102A8F6F70DFA98F80460DFF87B
:10A1800058900136B608A9F1870AE3B29D4206D875
:10A19000432D8CBF0020012004B0BDE8F08714F8E7
:10A1A00009207B781A4213D01AF814301A0998F84B
:10A1B000013002FB06338DF808300298FFF73CF8B7
:10A1C000C0F30743C0F30722C1B22046FFF7EAF805
:10A1D0000134DAE7084A00208E0D00202DE9FF4700
:10A1E00007460078FFF77EFBDFF870800322C4B2D9
:10A1F000C0F3072508F1010102A8F6F7CBF998F89A
:10A200000460DFF85C900136B608A9F1880AE3B271
:10A210009D4206D8432D8CBF0020012004B0BDE82C
:10A22000F08714F809207B781A4214D01AF81430F9
:10A2300006FB03F298F8013003EB52138DF8083057
:10A240000298FEF7F9FFC0F30743C0F30722C1B23B
:10A250002046FFF7A7F80134D9E700BF084A0020DD
:10A260008E0D00202DE9F04F074685B00078FFF7EE
:10A2700039FB0A23354E88463579DFF8D4A0B5FB83
:10A28000F3F5344B02351B88EDB25D43C0F307296B
:10A29000C5F30725C4B2AAF1870BE1B2894507D8F7
:10A2A000B9F1430F8CBF0020012005B0BDE8F08F4D
:10A2B00014F80A207B781A4229D01BF81430B078A1
:10A2C000202B73782A4643EA0023F07843EA0040C3
:10A2D0001FD9C047C0F307238DF80800C0F307401B
:10A2E0008DF809308DF80A000298FEF7A5FFC0F33B
:10A2F0000722C0F307418DF805208DF806108DF870
:10A300000400C3B2D2B2C9B22046FFF74BF8013401
:10A31000C3E7C047C0F307238DF80C00C0F3074024
:10A320008DF80D308DF80E000398FEF785FFC0F311
:10A330000722C0F307438DF805208DF806308DF80D
:10A340000400DBB2D2B2C1B2DEE700BF084A00208F
:10A350008E0D0020104A00200149FFF783BF00BF87
:10A36000118C0008F7B503780546C3B91E4B1B795D
:10A370001033FF2B28BFFF231A461C4B1B8802FB00
:10A3800003330A22C3F30F23B3FBF2F102FB1133B1
:10A390009BB223B94420FEF75DFA154B188028784C
:10A3A000FFF7A0FA0446AB78C6B2C4F3072493B90A
:10A3B0000F4F3888864210D8A0420ED26978C0B2BA
:10A3C000FFF7FCF845233B8007E030466978FFF74C
:10A3D000F5F80136F6B2A642F7D3432C8CBF002025
:10A3E000012003B0F0BD00BF084A0020104A002041
:10A3F000DE0E0020F7B503780546CBB91E4B1B795E
:10A400001033FF2B28BFFF231A461C4B1B8802FB6F
:10A4100003330522C3F30F23B3FBF2F202EB8202F4
:10A420009B1A9BB223B94420FEF714FA144B1880F0
:10A430002878FFF757FA0446AB78C6B2C4F307246E
:10A4400093B90F4F3888864210D8A0420ED269784F
:10A45000C0B2FFF789F845233B8007E030466978B2
:10A46000FFF782F80136F6B2A642F7D3432C8CBF31
:10A470000020012003B0F0BD084A0020104A00204F
:10A48000DC0E00202DE9F04F804687B00078FFF702
:10A4900029FAC3B2009398F80230C0F307264BB1F3
:10A4A000002211461046FFF7B5F86C2200213C4807
:10A4B000F6F762F998F800306BB93A4C208802F050
:10A4C00013FF18288CBF01220022374B1A7002D9C3
:10A4D00002F092FF20800025DFF8D0B02C46A9467C
:10A4E00003E0B9F10D0F54D80024314905EBC50A3A
:10A4F00001EB0A031A1901921B5D009A934240D3A3
:10A50000B3423ED20B4493F8F42098F8013009F19D
:10A5100001091A425FFA89F933D0214B9BF80320D5
:10A520009A441AF80470A7F1550323EAE373C3F1C0
:10A53000AA038DF810309BF802308DF8113007F126
:10A54000AA03FF2B28BFFF2303EB43030233DBB235
:10A5500002FB03331B128DF812300498FEF76CFED9
:10A56000C0F30743C0F30722C1B201980078FEF799
:10A5700019FF0D4B1B7823B1013F27EAE7770AF853
:10A5800004700134E4B2092CAFD10135EDB20C2DC9
:10A59000A7D1432E8CBF0020012007B0BDE8F08F6B
:10A5A000CC30002038310020C9300020084A00207B
:10A5B0009A0C0020F7B503780546CBB91E4B1B79E2
:10A5C0000533FF2B28BFFF231A461C4B1B8802FBB9
:10A5D00003330522C3F30F23B3FBF2F202EB820233
:10A5E0009B1A9BB223B94420FEF734F9144B188010
:10A5F0002878FFF777F90446AB78C6B2C4F307248E
:10A6000093B90F4F3888864210D8A0420ED269788D
:10A61000C0B2FEF76BFF45233B8007E03046697808
:10A62000FEF764FF0136F6B2A642F7D3432C8CBF87
:10A630000020012003B0F0BD084A0020104A00208D
:10A64000E40E0020F7B503780546CBB91E4B1B7905
:10A650000533FF2B28BFFF231A461C4B1B8802FB28
:10A6600003330522C3F30F23B3FBF2F202EB8202A2
:10A670009B1A9BB223B94420FEF7ECF8144B1880C8
:10A680002878FFF72FF90446AB78C6B2C4F3072445
:10A6900093B90F4F3888864210D8A0420ED26978FD
:10A6A000C0B2FEF7DDFE45233B8007E03046697807
:10A6B000FEF7D6FE0136F6B2A642F7D3432C8CBF86
:10A6C0000020012003B0F0BD084A0020104A0020FD
:10A6D000E20E0020F7B503780546CBB91E4B1B7977
:10A6E0000533FF2B28BFFF231A461C4B1B8802FB98
:10A6F00003330522C3F30F23B3FBF2F202EB820212
:10A700009B1A9BB223B94420FEF7A4F8144B18807F
:10A710002878FFF7E7F80446AB78C6B2C4F30724FD
:10A7200093B90F4F3888864210D8A0420ED269786C
:10A73000C0B2FEF74FFE45233B8007E03046697804
:10A74000FEF748FE0136F6B2A642F7D3432C8CBF83
:10A750000020012003B0F0BD084A0020104A00206C
:10A76000E00E002007B50078FFF7BCF8C0F3072023
:10A7700043288CBF0020012003B05DF804FB13B513
:10A780000078FFF7AFF8C0F307242146C0B2F7F70F
:10A79000C7FC432C8CBF0020012002B010BD00007C
:10A7A0002DE9F04F764B8BB01B78764D83420090AD
:10A7B0004FD1754A2B78127803F003039B1A18BF08
:10A7C0000123724C6278A3706B799A4205D0002203
:10A7D000114610466370FEF71DFF009B342B3AD8DC
:10A7E000013B332B51D8DFE813F059005E006200C3
:10A7F00066006A006E00720076007A007E008200B9
:10A8000086008A008E00920096009A009E00A200A8
:10A81000A600AA00AE00B200B600BA00BE00C20098
:10A82000C600D50040010B02B902BD02C102C5023B
:10A83000C902CD02D102D502D902DD02E102E50250
:10A84000E902ED02F102F502F902FD02010305033E
:10A8500009030123B5E7009BFF2B00F0D3820024FE
:10A860004A4B1A7801321A70002C40F0D082022133
:10A87000474A9B781170002B40F0C982009B002B47
:10A8800040F0C58203231370C1E2A478002CE7D006
:10A89000002211461046FEF7BDFEE0E73B48FFF7F9
:10A8A000C7FB0446DCE73948FFF7FCFBF9E737480C
:10A8B000FFF752FCF5E73548FFF790FCF1E7334826
:10A8C000FFF76AF9EDE73148FFF76CF9E9E72F4840
:10A8D000FFF76EF9E5E72D48FFF7FAF8E1E72B48B7
:10A8E000FFF7FCF8DDE72948FFF77EF8D9E72748AE
:10A8F000FFF780F8D5E72548FFF760F9D1E723484F
:10A90000FFF762F9CDE72148FFF764F9C9E71F486F
:10A91000FFF766F9C5E71D48FFF772F8C1E71B4866
:10A92000FFF7E2F8BDE71948FFF7E4F8B9E7174881
:10A93000FFF76CF8B5E71548FFF7E8F9B1E71348FA
:10A94000FFF7EAF9ADE71148FFF7ECF9A9E70F487F
:10A95000FFF702FDA5E70D48FFF704FDA1E70B484F
:10A96000FFF748FD9DE70948FFF740F999E70748D9
:10A97000FFF742F995E70548FFF744F991E700BF73
:10A98000E90E0020084A0020EA0E0020E60E002012
:10A99000EB0E0020237833B9A37823B14420FDF7D0
:10A9A00059FF904B18702078FEF79CFFDFF8388233
:10A9B000DFF83892D8F80020D9F80030ADF81C0044
:10A9C0009A42C0F307263FD2864F9DF81C303A7852
:10A9D000934226D8964224D9854B134493F8F42009
:10A9E00063781A421DD0FDF723FF820731D500237B
:10A9F0008DF820308DF821308DF822300898FEF740
:10AA00001BFCC0F30722C0F307438DF824008DF828
:10AA100025208DF82630C1B2DBB23878D2B2FEF7ED
:10AA2000C1FC432E10D94420FDF714FF4FF4E0621F
:10AA30002979D9F8003001FB022203F50063A3EB6A
:10AA400012233870C8F80030432E8CBF0024012434
:10AA500006E7FDF7EDFE8DF820008020FDF7FAFEF9
:10AA60007F30EB788DF82100C6E7DFF88891DFF8BA
:10AA70007CA1D9F80020DAF800309A423FF6EFAE18
:10AA8000A3785D4EB3B10022002711461046FEF7B1
:10AA9000C1FDB046BB46FDF7CBFE830724D588F841
:10AAA00000B088F801B088F802B00137442F08F1EF
:10AAB0000308F0D12078FEF715FFADF82000C0F3B1
:10AAC0000727C0B200EB4008DFF830B1B044C3B292
:10AAD0009F4228D8432F94BF012400247FF6C0AEA4
:10AAE0004FF00008013F3BE0FDF7A2FE8DF8240087
:10AAF0008020FDF7AFFEEB787F3007EB47028DF843
:10AB000026308DF82500B318099802920193FEF7BC
:10AB100093FB029A019BB054C0F30722C0F3074095
:10AB20005A709870C1E710F80B2063781A4209D068
:10AB300098F8023098F8012098F800100190FEF77C
:10AB400031FC019808F103080130C0E701EB410036
:10AB5000013101EB4101032231443044F5F71AFD84
:10AB60005FFA88F1B94208F10108EFDBFDF760FEFA
:10AB700010F0020F4FEA470817D000234744F2199C
:10AB8000F355537093702B7940F6B8321033FF2B86
:10AB900028BFFF2303EB03131B12B2FBF3F3DAF816
:10ABA00000201344C9F800305AE6FDF741FE8DF845
:10ABB00024008020FDF74EFEEB787F308DF82630A4
:10ABC0008DF825000998FEF737FB4744F05506EB52
:10ABD0000708C0F30723C0F3074088F8013088F85E
:10ABE0000200D0E73A310020B0320020104A0020A5
:10ABF0009A0C0020B8320020943100208E0D0020E5
:10AC0000A3784BB1002211461046FEF703FD302217
:10AC100000218048F5F7B0FD2078FEF763FE7E4BFB
:10AC2000ADF820001A687D4BC0F307241B689A42D8
:10AC300040F28F809DF82030A87802936B784FF017
:10AC4000000843EA0023E878754F43EA0040FEF726
:10AC5000F3FAC0F307238DF82400C0F307408DF802
:10AC600025308DF826006B4E049706EB880305937C
:10AC700007F10803039300230193059B13F8015B7D
:10AC80000593002D67D09DF824A09DF825B09DF870
:10AC90002650049B13F8010B0493039B13F80199AE
:10ACA0000393029B83420ED884420CD95C4B03442D
:10ACB00093F8F4205B4B5B781A4204D02B465A463B
:10ACC0005146FEF76FFB029B4B450FD84C450DD903
:10ACD000534B4B4493F8F420524B5B781A4205D007
:10ACE0002B465A4651464846FEF75CFB019B013312
:10ACF000042B0193C1D108F10108B8F10C0F07F141
:10AD00000907B0D1432C24D9002503223046711CF9
:10AD1000F5F7B6FCFDF78CFD10F0030F0CBF012317
:10AD2000002301350C2DF37006F10406EDD13E4BE6
:10AD300040F6B8321B791033FF2B28BFFF2303EBFB
:10AD400003131B12B2FBF3F3334A12681344334A62
:10AD50001360432C79E6AB46AA469AE73148FFF7E1
:10AD600091FB9EE52F48FEF75BFC9AE52D48FFF727
:10AD700051F896E52B48FFF753F892E52948FFF77D
:10AD8000E9F88EE52748FFF7F3F88AE52548FFF74D
:10AD9000F7F886E52348FFF701F982E52148FFF738
:10ADA00005F97EE51F48FFF70FF97AE51D48FFF723
:10ADB00013F976E51B48FFF71DF972E51948FFF70F
:10ADC00021F96EE51748FFF72BF96AE51548FEF7FC
:10ADD0001FFF66E51348FFF7EDFB62E51148FFF73B
:10ADE00031FC5EE50F48FFF775FC5AE50D48FEF7AC
:10ADF00023FF56E50B48FFF7B5FC52E50948FFF77E
:10AE0000BEFC4EE5FEF744FD0222084B1A700BB063
:10AE1000BDE8F08F64310020104A0020B4320020D9
:10AE20009A0C0020E60E0020084A0020EB0E0020BD
:10AE30000120704737B500780138C0B2FEF752FDE7
:10AE4000C0F30724C5B221462846FFF7F1FF21468B
:10AE50002846FAF7D1FA03B030BD00002DE9F041E1
:10AE6000424C2068FCF710FA0546FCF7FDF920601B
:10AE7000002406463E48A44690F800E0C5F57F470A
:10AE80007146FF37E3B29E450FD8BCF1000F00D0EA
:10AE90000170384CDFF8E080257898F80070032DB9
:10AEA00036D8DFE805F01A37465204F10C0200EB01
:10AEB0004202537892F80280013443EA08239F4209
:10AEC00029BF5B1901F1FF315370C3F307233ABF68
:10AED0004FF0010CC9B29370D4E70022274B2449EC
:10AEE0001A70274B292227481E60F5F753FB264B83
:10AEF0001B784BB9FBF764FE244B984204D8244BD3
:10AF00001B789A0718BF9D08012388F8005023700A
:10AF1000BDE8F0813846FFF743FC002FF8D02378D6
:10AF2000022B01D1FEF7D8FCBDE8F0411348FFF732
:10AF300081BF184B184A1F70154B1B78C3F30103D0
:10AF40001370FEF727FA0323E1E7144D2B7823B1A2
:10AF50000F48FBF7E4FD00232B70094B1868FCF742
:10AF600093F90F28D4D90023D1E700BFA8320020DD
:10AF70003B310020EB0E0020A4320020E60E002022
:10AF8000104A0020144A0020AC320020E093040054
:10AF9000084A0020E90E0020EA0E0020CA300020F6
:10AFA00070B50024104B114D1B68984710481022B3
:10AFB000FF2100F8194BF5F7DFFB0E481022FF21A7
:10AFC00000F8194BF5F7D8FB01230B4E28463370D8
:10AFD000FBF7A3FD2B78347013F0FC0F03D1BDE811
:10AFE0007040FEF7A7B970BD40160108084A00205E
:10AFF000144A00203B310020CA30002070B50446BE
:10B000000A4E88B135787DB92846FFF7C9FB084B51
:10B01000084A1D70084B1B78C3F301031370FEF739
:10B02000B9F90322054B1A70347070BDAC320020A0
:10B03000E90E0020EA0E0020084A0020EB0E002056
:10B04000044A137883F0010313700022024B1A7034
:10B05000FEF704B8084A0020EB0E00200020FFF79E
:10B06000EFBF0120FFF7ECBF064A137813F003038C
:10B0700004BF05490B700121137861F301031370BC
:10B08000704700BF084A0020EB0E002008B5FFF70C
:10B09000EBFFBDE808400120FDF7E0BF054B1A7843
:10B0A00092071EBF0021044A11701A786FF3010243
:10B0B0001A707047084A0020EB0E002008B5FFF711
:10B0C000EDFFBDE808400120FDF7C8BF024B18782E
:10B0D00000F00300704700BF084A002010B40B4C7A
:10B0E00002462378084699070ED04AB9012262F336
:10B0F000870300222370064B1A7010BCFDF7AEBF09
:10B10000342A88BF3422F2E710BC7047084A002076
:10B11000EB0E00200021FFF7E1BF000038B5FFF77C
:10B12000BDFF0123084C094D20462B70FBF7F5FCB1
:10B13000002320782B70830704D0BDE838408008B6
:10B14000FFF7E8BF38BD00BF084A0020CA30002022
:10B150000121FFF7C3BF0000014B1878800870473A
:10B16000084A0020054B01461B789B080133352B0C
:10B1700034BF18460120FFF7B1BF00BF084A0020C6
:10B180000120FFF7EFBF0000064B01461B78C3F319
:10B190008503013B13F0FF0314BF18463420FFF76B
:10B1A0009DBF00BF084A00200120FFF7EDBF00004F
:10B1B00030B4084C0546184623789B0708D0962AD9
:10B1C00028BF96226570A170E27030BCFDF746BFC3
:10B1D00030BC7047084A00200023FFF7E9BF012375
:10B1E000FFF7E6BF07B50322094901A8F5F7D2F931
:10B1F00000209DF8043063F307009DF8053063F3E9
:10B200000F209DF8063063F3174003B05DF804FB90
:10B21000094A0020014B5878704700BF084A0020B7
:10B22000014B9878704700BF084A0020014BD8783E
:10B23000704700BF084A0020034903464878CA788F
:10B2400008308978FFF7B4BF084A00200120FFF7D3
:10B25000F3BF0000054910B44C780346083CCA7897
:10B26000A0B2897810BCFFF7A3BF00BF084A002036
:10B270000120FFF7EFBF000010B4064C0346A17891
:10B28000E2781031FF2928BFFF216078C9B210BCD5
:10B29000FFF78EBF084A00200120FFF7EDBF000036
:10B2A00010B4064C0346A178E278103921EAE17126
:10B2B0006078C9B210BCFFF77BBF00BF084A00200E
:10B2C0000120FFF7EDBF000010B4064C0346E27802
:10B2D000A1781E32FF2A28BFFF226078D2B210BCAC
:10B2E000FFF766BF084A00200120FFF7EDBF00000E
:10B2F00010B4064C0346E278A1781E3A22EAE272C4
:10B300006078D2B210BCFFF753BF00BF084A0020DC
:10B310000120FFF7EDBF0000024B18710020FDF780
:10B320009DBE00BF084A0020024B18710120FDF7A6
:10B3300095BE00BF084A0020014B1879704700BF36
:10B34000084A0020044A13792833FF2B28BFFF2323
:10B350001371FDF783BE00BF084A00200120FFF7EC
:10B36000F1BF0000034A1379283B23EAE37313710A
:10B37000FDF774BE084A00200120FFF7F3BF00006C
:10B38000084A5379FF2B08D04BB9012383F00103FE
:10B390000549CB5C5371FDF761BE0023F6E700233E
:10B3A000F6E700BF084A00203C1601080120FFF71D
:10B3B000E7BFFFF7FBBFF0B5451804461946104636
:10B3C0000026AC4200D3F0BD14F8012B4FEA011C5B
:10B3D000424093184FEA021E41EB01004CEA127CF6
:10B3E00013EB0E0340EB0C004FEA421E9B184FEA92
:10B3F000411C41EB00004CEAD26C13EB0E0340EB16
:10B400000C004FEAC21E4FEAC11C17024CEA526CF4
:10B4100013EB0E034FEA012140EB0C0041EA1261ED
:10B42000DA1940EB01013944B018CAE7FAF754B908
:10B4300008B5082200210348F5F79EF9BDE8084049
:10B4400000F036B9BC3200208378C078013303F0B5
:10B4500003031B1A58425841704710B50446FFF7C2
:10B46000F3FF78B9A37801F07F01E01841EAC21137
:10B4700001710120013303F00303A370237801332A
:10B48000237010BD0020FCE710B5C37884789C427F
:10B4900011D003441B79C3F3C014C3F306030B702C
:10B4A0001470C378013303F00303C370437801338E
:10B4B0004370012010BD0020FCE700000A46014651
:10B4C0000148FFF7CABF00BFBC3200200A46014650
:10B4D0000148FFF7D9BF00BFBC32002070B500257E
:10B4E000FC2686B00DF107010DF10600FFF7EEFF17
:10B4F000044610B9284606B070BD9DF806309DF888
:10B5000007208DF8083062B3FD238DF8093001F073
:10B5100073FF4FF48173ADF80A00ADF80C30DDE92C
:10B520000201FAF7ABFA642003F059FB9DF80630EC
:10B530009DF807208DF81030E2B1FD238DF8113011
:10B5400001F05AFF0223ADF81200ADF8143006AB3B
:10B5500013E90300FAF792FA642003F040FB254652
:10B56000C0E78DF8096001F047FF40F20313ADF822
:10B570000A00D2E78DF8116001F03EFF0323ADF819
:10B580001200E2E710B5FFF751FF044610B1FFF7D4
:10B59000A5FF04460A4B1A7832B100221A70094BF3
:10B5A0009A78DA701A785A7000F0E6F8FFF73EFFE2
:10B5B00018B1FFF793FF0443E4B2204610BD00BF6B
:10B5C000C4320020BC32002008B508220149F4F73B
:10B5D000E1FF08BDBC3200200122014B1A70704708
:10B5E000C43200204FF4165003F030B969B1084B53
:10B5F00053F82000431C0AD0012100F00F03202241
:10B60000994020F00F0004F0B3BD024BF0E7704703
:10B61000CC320020C832002079B1094B53F82030D9
:10B620005A1C1FBF23F00F02106903F00F03D8400C
:10B6300014BF00F0010000207047024BEEE700BF8E
:10B64000CC320020C8320020704700002DE9F041C4
:10B650000025154F3B78ECB2A3420CD8FFF7C2FF90
:10B660000026DFF848803B78F5B2AB420DD8FFF7F3
:10B67000EBFFBDE8F08100212046FFF7B7FF012175
:10B680002046FFF7B3FF0135E4E700212846FFF726
:10B69000C3FF012104462846FFF7BEFF44EA4004E9
:10B6A00008F805400136DEE7D0320020C63200201F
:10B6B00010B5FCF79DF800220D4B0E4C1A70FCF7EC
:10B6C00097F880F001002070FCF792F8FCF790F8F2
:10B6D00018B1BDE81040FFF7B9BF2378002BF8D0B0
:10B6E000054B064A1A60064B013A1A60F1E700BFA3
:10B6F000D1320020D0320020C832002007040040A0
:10B70000CC32002070B541EA4203174A0446115C6E
:10B71000DBB201F00300834224D043EA8103DBB2B1
:10B720001355124A124E1578124A03F00F03D35CD8
:10B73000325D254413445BB2012BEDB2335503DD7A
:10B7400000212846FFF7BAFE3357013303DA0121FF
:10B750002846FFF7B3FE3357002B03F00103B8BFB1
:10B760005B42335570BD00BFC6320020D13200208D
:10B77000C532002050170108F8B500250A4F3B7864
:10B78000ECB2A34200D8F8BD00212046FFF744FFE9
:10B79000012106462046FFF73FFF3146024620467C
:10B7A000FFF7B0FF0135EAE7D0320020C1F1030115
:10B7B000490040FA01F3022213F0010F14BF0E23D7
:10B7C000082302FA01F101421ABFA3F12000C0B21E
:10B7D00043F080007047000010B50A4C40F282220E
:10B7E0004FF40041084804F0C3FC204603F04CFF2E
:10B7F0002046064903F0D2FE2046BDE8104003F083
:10B80000E9BE00BF1C4F0020000400406017010883
:10B8100030B5044D00EB40002C186270A370295421
:10B8200030BD00BF3D4A002070B5134605460E46A8
:10B8300000242046324629460134FFF7E9FF442C14
:10B84000F7D170BD2DE9F84F08271D4D1D4C00267E
:10B8500095F800B095F801A095F80290A4F10808B9
:10B8600031465846FFF7A2FF0136042E08F8010BB7
:10B87000F6D10026A4F1040831465046FFF796FFA2
:10B880000136042E08F8010BF6D1A04600263146F9
:10B890004846FFF78BFF0136042E08F8010BF6D15E
:10B8A0000C37B7F54E7F05F1030504F10C04CED13A
:10B8B0004FF46971BDE8F84F034A044803F0A5BE90
:10B8C0003D4A0020DE320020D23200201C4F0020F2
:10B8D000FBF70EB908B5FBF78BFF002814BF01205A
:10B8E0000720FBF7ADFD00F0010008BD08B5FBF730
:10B8F000F1FEC82003F073F9FBF7ECFEFFF7EAFF57
:10B9000028B1FFF7E5FFBDE8084001F08DBD08BD97
:10B9100008B5FFF7EBFF08BD704703460144FF2061
:10B92000994200D1704713F8012B5040082210F0C3
:10B93000800F4FEA400018BF80F03100013AC0B2DA
:10B94000F5D1EDE72DE9F843154698460246002863
:10B9500038D0B9B3B5B3ABB3034600241F4613F8D0
:10B96000100B60BB8446184E96F800E00EF10104FF
:10B97000E4B23470C4B100234FEA031912F80990FD
:10B98000A14511D001338B42F6D1BCF1000F00D09C
:10B9900034703C7001F0FAFC089B05447D603078FF
:10B9A000C7F80880FB6006E0631CA6454FF0010C59
:10B9B000DBB202D13370BDE8F8831C46DAE701340C
:10B9C0008C42CBD10020F6E7F836002030B568B1C4
:10B9D00081B18AB10024034610F8105B954206D16C
:10B9E000002201201A705A609A60DA6030BD01347A
:10B9F000A142F0D10020F9E71046F7E72DE9F04128
:10BA0000154604460E4601F0C1FC2B680746C31AD2
:10BA1000002B03DD28600025B54201D1BDE8F0818F
:10BA200094F80080B8F1000F0DD06068C31B002BA4
:10BA300009DCA368E16898472378434503D128B11E
:10BA400063680344636001351034E5E7207060608B
:10BA5000A060E060F7E7000007B50B460092082100
:10BA600002460348FFF76EFF03B05DF804FB00BF1A
:10BA700078360020024608210148FFF7A7BF00BF23
:10BA8000783600200821024A0248FFF7B7BF00BFFE
:10BA9000FC3600207836002013B5044601210068EA
:10BAA0000DF1070200F046F923689DF80700013305
:10BAB000236002B010BD0820704700F097B800F076
:10BAC000B2B800F0CCB800F0E9B82DE9F84300F0C6
:10BAD0008BF800250026ECB212E05FFA87F94A469F
:10BAE00041462046F9F706FE013703464A464146DD
:10BAF000204600F098F8092FEFD101360C2E03D024
:10BB000000275FFA86F8E8E7012200212046F9F7CE
:10BB100005FE012203460021204600F0BFF8002266
:10BB200020461146F9F7FAFD002203461146204649
:10BB3000013500F0B3F8082DCCD1BDE8F88300F052
:10BB4000C9B800F0DFB8072810B406D80B2904D80C
:10BB5000082A02D810BC00F049B8002010BC704779
:10BB6000072802D809B900F07AB8002070471020E1
:10BB7000704708B500F0DBF880B208BD00F0DAB815
:10BB800000F0F8B808B500F030F8BDE8084000F063
:10BB90000CB900000F2873B5044613D800F0C7F89D
:10BBA000012101AA013800F0C5F89DF804504DB9F3
:10BBB00000F0BDF806463CB922460A4801A90195A5
:10BBC00000F04CFD02B070BDB542FBD0012128460B
:10BBD00001AA00F0AFF89DF804300BB9013CE4B2C3
:10BBE0000135E8E799BA000870477047072838B56B
:10BBF00017D80B2915D8082A13D81225520005FB8F
:10BC00000122D82505FB002505F29D30FCF762F9DD
:10BC1000040205F29E30FCF75DF9A4B2204380B225
:10BC200038BD0020FCE7072838B51D4616D80B297B
:10BC300014D8082A12D81224520004FB0122D82456
:10BC400004FB0024190A04F29D30FCF7ABF9E9B2B9
:10BC500004F29E30BDE83840FCF7A4B938BD07288F
:10BC600070B5164618D8B9B9002A4FEA800000F618
:10BC70005D2514BF002002202844FCF72BF9002E7C
:10BC80004FEA002414BF012003202844FCF722F9C6
:10BC9000A4B2204380B270BD0020FCE7072870B535
:10BCA00016461D4615D8A1B98000002A00F65D246D
:10BCB00014BF00200220190A2044FCF773F9002E5B
:10BCC00014BF01200320E9B22044BDE87040FCF716
:10BCD00069B970BDF8B51446002700F29D355618B5
:10BCE000B44200D1F8BD6FF46773EB18B3F5D86FA9
:10BCF00006D22846FCF7EEF8207001350134EFE754
:10BD00002770FAE770B5144600F29D355618B44214
:10BD100000D170BD6FF46773EB18B3F5D86F03D221
:10BD200028462178FCF73EF901340135EFE740F26F
:10BD3000835070472DE9F04700F67D2806460F46F0
:10BD40001446454640F282594FF0000AA5EB08031D
:10BD50009BB2BB4201D3BDE8F08733444B4506D8C4
:10BD60002846FCF7B7F8207001350134EEE784F877
:10BD700000A0F9E72DE9F84300F67D2806460F46B6
:10BD80001446454640F28259A5EB08039BB2BB42DC
:10BD900001D3BDE8F88333444B4503D828462178C6
:10BDA000FCF700F901340135EEE70023F0B55A2421
:10BDB00040F2835640F67D2585B0CDE900330293ED
:10BDC0000393013C01D105B0F0BD102E374628BFCA
:10BDD000102729463A466846FCF7CAF83D44F61B48
:10BDE000EFE7000047F61643984210B50C461BD10A
:10BDF000FAF734FD62790D4B72B100F0AA00002809
:10BE000015BF01220022352029201A7001F04EF9B9
:10BE1000FAF7E8FD002010BD1B78002B14BF352079
:10BE2000292001F061F9F3E70120F4E70037002051
:10BE300010B504464879002800F01081A4F5E044CC
:10BE4000A3B2222B34D88648013CFAF762FE212C9B
:10BE500023D8DFE814F07100F1007D0034003900D0
:10BE600082003E00870096004D00E80052009B00D3
:10BE70005700A000CE005C00A500D7006300AC0016
:10BE8000B60043008C00480091006A00B100C30076
:10BE9000E200E6002E007700FA00714A137843F0C2
:10BEA000010313706E48FAF736FEFAF7FFF8002028
:10BEB00010BD6B4A537843F008035370F2E7684AA9
:10BEC000137843F00203ECE7654A137843F0040368
:10BED000E7E7634A137843F00803E2E7604A5378E0
:10BEE00043F00103E9E75E4A537843F00203E4E7D5
:10BEF0005B4A137843F01003D3E7594A137843F0B1
:10BF00002003CEE7564A137843F04003C9E7FAF717
:10BF1000CDF8534A137843F08003C2E7504A1378B0
:10BF200023F00C0343F00C03BBE74D4A537823F096
:10BF3000030343F00303C0E7494B1A786FF3000291
:10BF40001A70AFE7464B5A786FF3C3025A70A9E7ED
:10BF5000434B1A786FF34102F2E7414B1A786FF3C3
:10BF60008202EDE73E4B1A786FF3C302E8E73C4BE1
:10BF70005A786FF30002E9E7394B5A786FF34102C0
:10BF8000E4E7374B1A786FF30412D9E7344B1A7889
:10BF90006FF34512D4E7324B1A786FF38612CFE76E
:10BFA000FAF784F82E4B1A786FF3C712C8E72C4AB9
:10BFB000137823F00C0374E7294A537823F0030322
:10BFC0007BE727490B78C3F3800282F00102D2B2EB
:10BFD00062F3820362F3C3030B7063E720494B787B
:10BFE000DA4302F0010262F3000362F341034B7093
:10BFF00058E71B490B78C3F3801282F0010262F309
:10C000008613E9E7FAF752F815490B78C3F3C01223
:10C0100082F0010262F3C713DEE70120FAF785FD23
:10C0200040E70020FAE70E490B78C3F3001282F0D4
:10C03000010262F30413CFE709490B78C3F300024E
:10C0400082F0010262F30003C6E705494B78C3F3AF
:10C05000C00282F0010262F3C303C8E7012027E7B0
:10C06000C849002000EB4003C3EB031300EB83003F
:10C0700003B2002B07DAB3F1800001D503F17F0092
:10C0800040F30720704703F18000F9E7164B1B7857
:10C09000D90707D5154B187840007F281FD800B363
:10C0A000C0B270479A0703D5104B18788000F4E7A8
:10C0B0005B0703D50D4B1878C000EEE70C4B1B78DF
:10C0C0005BB10C4A0949127808789342F4D258437C
:10C0D000C000B0FBF2F080B2DFE70820E0E77F208D
:10C0E00070470120704700BF0C370020F00E002081
:10C0F0000D370020F10E0020144B1B78D90705D511
:10C10000134B18788008F8B1C0B270479A0703D56E
:10C110000F4B18784008F6E75B0705D50C4B1878ED
:10C120007F28F0D97F2070470A4B1B7853B10A4A09
:10C13000074912780878934236BF584380B2B0FB63
:10C14000F2F0EDE70120DFE7012070470C37002017
:10C15000F40E00200E370020F50E0020CD2808B583
:10C1600005D1FFF793FF4042294BD87008BDCE2878
:10C1700002D1FFF78BFFF7E7CF2805D1FFF786FF46
:10C180004042234B9870F1E7D02802D1FFF77EFFA1
:10C19000F7E7D92804D1FFF7AFFF1D4B1871E5E78A
:10C1A000DA2803D1FFF7A8FF4042F6E7DB2805D1E4
:10C1B000FFF7A2FF4042164B5871D7E7DC2802D1A7
:10C1C000FFF79AFFF7E700F12F03DBB2072B08D840
:10C1D00001230F4AD13803FA00F053781843507006
:10C1E000C4E7DD2805D10B4A137843F0010313702F
:10C1F000BCE7DE2804D1074A137843F00203F6E7D0
:10C20000DF28B3D1034A137843F00403EFE700BFFC
:10C21000063700200C370020364BCD2893F902203A
:10C220000AD193F9031000290CDA0021D97052B910
:10C230000021314A117006E0CE280DD193F9031088
:10C240000029F2DC72B11A795B7913435AB2002BE0
:10C250004FD12A4B1A707047CF2806D1002AF1DA45
:10C2600000229A7093F90320E1E7D02802D1002A36
:10C27000F6DCE7E7D92893F9041004D10029E1DDC1
:10C2800000211971DEE7DA2802D10029DADAF7E7AE
:10C29000DB2893F9051004D10029D3DA0021597164
:10C2A000D0E7DC2802D10029F8DCCBE700F12F0130
:10C2B000C9B2072907D80121D1388140587820EA2E
:10C2C00001005870BEE7DD2805D10D48017821F046
:10C2D00001010170B6E7DE2804D10948017821F098
:10C2E0000201F6E7DF28ADD10548017821F004010D
:10C2F000EFE77047063700200D3700200E3700208B
:10C300000C37002008B501F077F8094BDA789978F6
:10C310000A431CBF074A10801A795B7913431CBF7C
:10C32000054B18800248BDE8084000F0E1BD00BFA1
:10C33000063700200237002004370020062208B507
:10C3400000210548F4F718FA0023044A1370044A40
:10C350001370044A137008BD063700200D37002003
:10C360000E3700200C37002090F902305BB990F9AD
:10C37000033043B990F904302BB990F90500003827
:10C3800018BF0120704701207047000037B5594C95
:10C39000062221466846F4F7FDF800239DF80220A6
:10C3A000A370E370237163719DF8033013430AD0C7
:10C3B000514B188800F098FF50490B783BB3504A16
:10C3C000127890422CDC9DF804209DF80530134330
:10C3D0000BD04C4B188800F087FF4B490B78002B93
:10C3E0004ED04A4A1278904253DC6946414800F0E8
:10C3F000B5FE18B93F48FFF7B7FF08B1FFF782FF56
:10C40000062269463B48F4F7C5F803B030BD0A255B
:10C410003F4A12786A439042D5DD01330B7001E048
:10C42000FF2BFAD19DF902503DB1FFF72FFE002DF1
:10C43000CCBF0123FF235843A0709DF903503DB1A9
:10C44000FFF724FE002DCCBF0123FF235843E070EB
:10C4500094F902000028B6D094F90320002AB2D043
:10C46000FFF700FE30B1A0701046FFF7FBFD20B1D2
:10C47000E070A8E70123A370F6E70123E370A2E7C9
:10C480000A25244A12786A439042AEDD01330B70CC
:10C4900001E0FF2BFAD19DF904503DB1FFF72CFECE
:10C4A000002DCCBF0123FF23584320719DF9055077
:10C4B0003DB1FFF721FE002DCCBF0123FF235843E0
:10C4C000607194F9040000288FD094F90520002AA7
:10C4D0008BD0FFF7C7FD30B120711046FFF7C2FDCA
:10C4E00020B1607181E701232371F6E701236371B5
:10C4F0007BE700BF06370020023700200D37002001
:10C50000EF0E0020043700200E370020F30E00202D
:10C51000EE0E0020F20E00204B4B4C4A2DE9F0416C
:10C5200013F80080C308D55C494A00F00700D65CC8
:10C53000484A0541D75C064115F0010547FA00F06D
:10C540000C4606F0010600F0010711D0E120F9F7D2
:10C55000C7FA002C6AD040484FF47A72A4FB00035B
:10C560000021002300F2E730F3F740FE02F037FB32
:10C570008EB1E620F9F7B4FA002C59D036484FF4C2
:10C580007A72A4FB00030021002300F2E730F3F7E6
:10C590002DFE02F024FB21464046F9F723FB002C38
:10C5A00048D02D484FF47A72A4FB000300210023E9
:10C5B00000F2E730F3F71AFE02F011FB86B1E62035
:10C5C000F9F7D6FAC4B324484FF47A72A4FB0003F7
:10C5D0000021002300F2E730F3F708FE02F0FFFA33
:10C5E00085B1E120F9F7C4FA44B31B484FF47A72DD
:10C5F000A4FB00030021002300F2E730F3F7F6FD6F
:10C6000002F0EDFAF7B12C20F9F70AFBC4B1124899
:10C610004FF47A72A4FB00040023002100F2E730FB
:10C62000F3F7E4FDBDE8F04102F0D9BA01209DE73F
:10C630000120AEE70120BFE70120CFE70120DFE7BF
:10C640000120EFE7BDE8F0819417010814180108F4
:10C650007417010884170108A08601002DE9F84F1E
:10C66000304C0546A2FB04030E46174600234FF448
:10C670007A72002100F2E730F3F7B8FDA046814658
:10C680003046A84788B1012847D13046A84701283D
:10C6900004460CD13046A847F9F7C2FA002F3AD029
:10C6A000484602F09CFA002CEAD1BDE8F88F022837
:10C6B00004D13046A847F9F713FAEFE7032804D16D
:10C6C0003046A847F9F754FAE8E70428E6D130469F
:10C6D000A8474FF0000B04464FF00A0A124BE15CEA
:10C6E00011F004010ED1BBF1000F12D040F2E7307F
:10C6F0004FF47A720023CBFB0801F3F777FD02F0C9
:10C700006EFACBE73046A847303C0AFB0B4B044699
:10C71000E4E70120F3E70120C3E73946FFF7FCFE19
:10C72000AEE700BFA0860100690F0108F8B5144606
:10C7300042791D469DF81870284B92B11C7000F08C
:10C740005BFE274B188004F12003DBB2072B44D893
:10C75000012004F00704A040C0B2BDE8F840F9F79A
:10C7600067BA1E78A6422ED11D4B188800F0BCFD7A
:10C77000C72828D8AE4205F1200415D006F12003C1
:10C78000DBB2072B06D8012006F00706B040C0B286
:10C79000F9F757FAE3B2072B06D8012005F0070393
:10C7A0009840C0B2F9F744FA3846E4B2F9F738FADB
:10C7B000072C12D8012005F00705A840C0B2BDE83B
:10C7C000F840F9F73EBA04F12003DBB2072B04D896
:10C7D000012004F00704A040F0E7F8BD0F37002067
:10C7E000103700200346A3F5F843183B07B5084669
:10C7F000062B3BD8DFE803F0171E0410252C33006E
:10C8000026230093E12347F61A411A46FFF78EFFCD
:10C81000002003B05DF804FB27230093E52347F6CF
:10C820001B411A46F2E72623E022009347F61841FF
:10C83000E123EBE72723E422009347F61941E523A0
:10C84000E4E72623E222009347F61C41E123DDE7DB
:10C850002723E622009347F61D41E523D6E7282348
:10C86000E522009347F61E410123CFE7487918B12E
:10C870000022024B1A70CCE70120CAE70F370020D4
:10C8800047F67743984270B506D047F6784398420A
:10C8900029D00124204670BD4C7994B100F02CF8C9
:10C8A000F9F78AFC00F028F8044600F02BF805465A
:10C8B00000F02EF8294602462046F9F78BFD0024A9
:10C8C000E8E700F019F8F9F783FC00F015F80546E1
:10C8D00000F018F8064600F01BF8314602462846DC
:10C8E000F9F778FDD6E74C7914B100F00BF8D7E7EB
:10C8F00000F008F8E7E70000014B1878704700BF28
:10C90000F70E0020014B1878704700BFF80E00208A
:10C91000014B1878704700BFF60E002007B50DF1E7
:10C9200007020DF106010DF1050000F05EFA9DF819
:10C930000530262B0CD19DF80630092B08D19DF827
:10C940000700A0F129035842584103B05DF804FBE9
:10C950000020FAE720B129220921262000F05CBA44
:10C96000FF2211461046F9E77047704710B504469C
:10C97000FFF7FBFF2046BDE8104000F067BA08B59E
:10C9800000F032FA0020FFF7E5FF0020FFF7EEFF8E
:10C99000FFF79BF8FFF7F6F8BDE8084029220921C8
:10C9A000262000F039BA08B5FFF7DEFF00F048FA9C
:10C9B000FFF7DBFFFFF7B2FF18B9BDE80840FFF74C
:10C9C000DEBF08BDFEF74ABB08B50346487940B153
:10C9D000A3F5EE427F2A03D8D8B2FFF7DBF8002098
:10C9E00008BD0120FCE70000212305482021037039
:10C9F000002343701D2383700423C370F6F72EBAFF
:10CA0000094B002022230548202103700123437095
:10CA1000002383700623C370F6F720BA094B002069
:10CA20002323044820210370002343708370C370C4
:10CA3000F6F714BA094B0020F8B547788678BB1989
:10CA4000442B07DDFD230F4843702021BDE8F8404B
:10CA5000F6F704BA092E07D80025C41CEBB29E4293
:10CA600004F1030403D8F8BDFE230648ECE7781967
:10CA700014F8013C14F8022C14F8031CFCF792FC87
:10CA80000135EBE7094B002008B50020FEF742FB1B
:10CA9000FEF704FBFEF7E8FABDE808403320FEF796
:10CAA00039BB00002723034820210370442343702F
:10CAB000F6F7D4B9094B002028230348202103703E
:10CAC00002234370F6F7CAB9094B0020FF23037015
:10CAD00070470020704710B503780446013B032BD4
:10CAE0000BD8DFE803F0020B1215FEF79FFB96232D
:10CAF000C0EB0020B0FBF3F0607010BDFEF7E6FA6B
:10CB00000028F9D0FEF728FBF6E7FEF715FCF3E75F
:10CB1000FEF780FB6070FEF783FBA070EDE738B591
:10CB200003780446013B032B2CD8DFE803F0021105
:10CB30001E23FEF76FFB0546FEF772FB9723627814
:10CB400001465A43A8B2120ABDE83840FEF744BB7A
:10CB500043781BB9BDE83840FEF7A0BAFEF784FA67
:10CB60006078BDE83840FEF7D5BA4078BDE8384077
:10CB7000FEF7D2BB45788478FEF758FB2146024683
:10CB80002846E1E738BD034610F8022B082A05D0F5
:10CB9000092A05D0072A05D1FFF7C1BFFFF79BBFC0
:10CBA000FCF7BCBBFF221A70704708B54378032B13
:10CBB00003D1BDE80840FFF7E6BFFFF787FF08BDD8
:10CBC00070B504460D46FFF784FF002840F00B8146
:10CBD0002378013B272B00F28380DFE813F0280045
:10CBE0004B007C0096009C00A800AB00AB00AB00A3
:10CBF00081008100B000B400BA00C500D000D300AD
:10CC0000D600E100EC00F500810081008100810088
:10CC1000810081008100810081008100810032005B
:10CC2000350038003B003F0042004500480000232B
:10CC300063700D23A37029462046BDE87040F6F7C7
:10CC40000DB9FFF7D1FEF6E7FFF7DCFEF3E7FFF7DC
:10CC5000E7FEF0E72046FFF7EFFEECE7FFF714FFF3
:10CC6000E9E7FEF75BFAE6E7FFF71CFFE3E7FFF70C
:10CC700023FFE0E76378013B052B31D8DFE803F0C1
:10CC8000030D101F302500F081FB030EA370030C71
:10CC9000E370030A23716071CDE700F0D1F8F4E787
:10CCA000002322461946A678F0180B28C3D8013372
:10CCB0000E2BD170117102F10202F5D1BBE70023F6
:10CCC000A370E37023716371B5E70023A370E37071
:10CCD00023710823F7E76378022B04D0052B10D0CB
:10CCE000FF232370A7E7E378A07840EA03202379A5
:10CCF00040EA0340637940EA036000BAFFF736FE7A
:10CD000099E7A078FFF75EFE95E7E278A178607872
:10CD1000FEF7D3FEBDE762792379A17843EA0223C7
:10CD20005BBAE27860789BB2FEF7C9FE83E7FEF754
:10CD3000CCFE80E729462046FFF737FF7BE7FEF76A
:10CD400016FF607077E7FEF714FF030A6370A070A8
:10CD500071E76078A378E17840EA032040BA221DA9
:10CD600080B2FEF70BFF66E76078A378E17840EACF
:10CD7000032040BA221D80B2FEF702FF5BE7FEF7F8
:10CD800001FF58E7FEF797FEDBE76078A378E178CC
:10CD900040EA032040BA221D80B2FEF7D0FE4AE7E7
:10CDA0006078A378E17840EA032040BA221D80B27F
:10CDB000FEF7C7FE3FE7E278A178003A18BF0122EC
:10CDC0006078FEF77EFE64E762792379A17843EA12
:10CDD0000223E2785BBA003A18BF012260789BB266
:10CDE000FEF771FE27E770BD704770B50D4614461B
:10CDF000064620B140F29930FBF76CF8307025B14F
:10CE000040F29A30FBF766F8287024B140F29B306C
:10CE1000FBF760F8207070BD38B50D46144601462A
:10CE200040F29930FBF7BEF8294640F29A30FBF702
:10CE3000B9F82146BDE8384040F29B30FBF7B2B864
:10CE400008B54FF46770FBF745F808BDC1B24FF461
:10CE50006770FBF7A7B80000014B1860704700BF70
:10CE600014370020014B1868704700BF14370020AA
:10CE70007047704708B500F0F1F9431E5842584119
:10CE800008BD0000014B1870704700BF1C37002020
:10CE900010B5F8F721FC10B9064B187810BD064BF9
:10CEA00018680028FAD000680028F7D0BDE81040C4
:10CEB000004700BF1C3700201437002008B5FFF7DB
:10CEC000E7FF08BD034B1B6813B15B6803B118474C
:10CED000704700BF14370020044A126822B19268DC
:10CEE00012B1062101701047704700BF14370020AF
:10CEF000044A126822B1D26812B1022101701047AF
:10CF0000704700BF143700200B4B07B51A888242C8
:10CF10000FD01880094B1B685BB11B694BB1032212
:10CF20008DF80500000A8DF806008DF8042001A890
:10CF3000984703B05DF804FB1A370020143700202F
:10CF40000C4B07B51A88824210D018800A4B1B6818
:10CF500063B11B6953B104228DF80500000A8DF8F6
:10CF600006008DF804200DEB0200984703B05DF831
:10CF700004FB00BF18370020143700200E4B10B5FB
:10CF80001C680234FFF776FF68B10C4B93F9003050
:10CF9000002B08DA0A4B1C681E23023400202344AD
:10CFA0009C4202D110BD0623F8E714F8012B002A99
:10CFB000F6D00130C0B2F3E7D40D0020C8490020FC
:10CFC000D80D002010B5044618B3FFF753FFB0B1D9
:10CFD000124B93F90030002B11DAEF2C4FEAD402F8
:10CFE00017D80F4B04F007041B6813449A780123E9
:10CFF00003FA04F4224214BF1846002010BD094B66
:10D000001B689A1C083312F8011BA14203D09A42F4
:10D01000F9D10020F2E70120F0E700BFC849002065
:10D02000D80D0020D40D00204FF0FF32002330B582
:10D03000841C14F8015B8D420ED0B2F1FF3F02D187
:10D04000002D08BF1A460133DDB2062D5BB2F0D1C8
:10D05000531C01D01044817030BD002210B5831CD8
:10D06000083013F8014B8C4208BF03F8012C8342AF
:10D07000F7D110BDEF294FEAD10308D81844012396
:10D0800001F0070103FA01F18378194381707047B9
:10D09000EF294FEAD10308D81844012301F0070112
:10D0A0008B40817821EA03018170704710B50446F6
:10D0B000FFF7E0FE214650B1084B93F90030002BFA
:10D0C00005DABDE81040064B1868FFF7D3BF054BE3
:10D0D000BDE810401868FFF7A7BF00BFC84900208F
:10D0E000D80D0020D40D002010B50446FFF7C2FE75
:10D0F000214650B1084B93F90030002B05DABDE80A
:10D100001040064B1868FFF7C3BF054BBDE8104041
:10D110001868FFF7A2BF00BFC8490020D80D002043
:10D12000D40D002008B5FFF7A5FE68B1084B93F9B0
:10D130000030002B08DA1E22064B18680021BDE8DB
:10D1400008400230F3F718BB034B06221868F5E7D6
:10D15000C8490020D80D0020D40D002042784B781B
:10D160009A421DD190F902301BB191F902209A42E6
:10D1700016D190F903301BB191F903209A420FD1D7
:10D1800090F905301BB191F905209A4208D190F928
:10D19000040030B191F90430181A18BF012070470B
:10D1A0000120704782B002B0704707B50190FFF7C9
:10D1B000F9FF03B05DF804FB07B500284FF0040247
:10D1C00014BF0223012306490DEB0200CB70F3F7D5
:10D1D000E1F90198FFF7E9FF03B05DF804FB00BF38
:10D1E000F90E002007B50422032306490DEB0200C7
:10D1F000CB70F3F7CFF90198FFF7D7FF03B05DF8D5
:10D2000004FB00BFF90E0020FFF7D6BF07B50422CC
:10D21000012306490DEB0200CB70F3F7BBF901982F
:10D22000FFF7C3FF03B05DF804FB00BFF90E002059
:10D23000FFF7ECBF07B5003818BF012004220649EC
:10D2400088700DEB0200F3F7A5F90198FFF7ADFF29
:10D2500003B05DF804FB00BFF90E0020014B987885
:10D26000704700BFF90E002007B504220549487039
:10D270000DEB0200F3F78EF90198FFF796FF03B06C
:10D280005DF804FBF90E0020014B5878704700BF91
:10D29000F90E002007B50422054908700DEB0200C5
:10D2A000F3F778F90198FFF780FF03B05DF804FB0E
:10D2B000F90E0020044B33F8102001238B401A4252
:10D2C00014BF0120002070471E37002042B90123FF
:10D2D000044A8B4032F8101021EA030122F81010A2
:10D2E000704700BF1E37002010B5044600F084F8D8
:10D2F000001B80B210BD10B5044600F047F8001BBB
:10D3000010BD10B5044610220021F3F735FA20466F
:10D3100010BD08B501F0D8FDBDE8084001F058BACD
:10D3200008B5F8F74EFBBDE8084040F2A46001F0F4
:10D3300056BC08B5F9F7A8FAF9F7BCFAFFF7F2FE00
:10D34000FEF7FCFF0020FFF7DFFD0020FFF7F8FDF0
:10D35000BDE80840F8F743BB302383F31188064B40
:10D36000DA69064B1A600023054A1360054A136008
:10D3700083F31188704700BF484B002040370020DE
:10D38000383700203C370020FFF7E6BF70B501F0CA
:10D3900045FA124D124B1349DC692B680A68E41AEE
:10D3A000A242114A0AD9A3F58333E03B2B601568EA
:10D3B0000E4B04F583342B44E034136016680C6084
:10D3C0004FF47A7501F033FA002109480023E4FB99
:10D3D0000501084AF2F70AFF304470BD40370020CB
:10D3E000484B0020383700203C37002088598F02F6
:10D3F0009F860100A086010008B5FFF7C7FF80B235
:10D4000008BD0000BFF34F8F0549064BCA6802F400
:10D41000E0621343CB60BFF34F8F00BFFDE700BF57
:10D4200000ED00E00400FA0508B5024A024B1A605C
:10D43000FFF7E8FFEFBEADDEFC6F00200A4A08B53B
:10D4400052F8041C094B99420CD1002342F8043CC9
:10D4500083F31488064B1A6882F3088862B65B6807
:10D460009847FEE708BD00BF00700020EFBEADDEAC
:10D4700000E0FF1F08B5FFF7C5FF000083B5284D8A
:10D48000284E002301210DF107008DF8073000F030
:10D49000FFF898B19DF807300F2B0FD802F0DCFB96
:10D4A0009DF80740012184F010030DF107008DF86D
:10D4B000073000F0C9F820B902F0D4FB00F09AF868
:10D4C000DEE70C236343E95CEA1861B90C2363438C
:10D4D000E81887687FB90C2303FB0454217999B9B4
:10D4E00002F0C0FBCDE753883068184400F0BEF866
:10D4F0000028EBD1E0E7EA5C3168C38840880B4440
:10D5000001441046B847E6E7E3883068184400F065
:10D510009BF8044602F0A6FB002CB2D1CEE700BF78
:10D520001C0E00203016010807B500F0C9F80023D2
:10D53000FF2200934FF49A61034B044801F01CFB57
:10D5400003B05DF804FB00BF7DD40008483700201D
:10D5500000F0C6B873B5044600F04CF8E0B20F28EE
:10D560008DF806003FD802F077FB01210DF106008F
:10D570009DF8066000F068F828B9002402F072FBFC
:10D58000204602B070BDFF2301210DF107008DF888
:10D59000073000F06BF804460028EED09DF8063006
:10D5A0009DF8072083F010039A42E6D10C237343C1
:10D5B0000E4DE95CEA1869B90C2303FB065529797D
:10D5C0000029DBD00A4AEB881068184400F04EF8B6
:10D5D0000446D3E75388064A1068184400F034F82C
:10D5E0000028E9D1C9E70024CAE700BF1C0E0020CB
:10D5F0003016010873B5302484F31188114D0026CC
:10D600002B685B69003B18BF01238DF8073086F358
:10D6100011889DF807300BB902B070BD84F31188F2
:10D6200028680C3001F036FE86F311889DF807302B
:10D6300084F311882B685B69003B18BF01238DF8C8
:10D640000730E4E7080F002070B50646064B0C468D
:10D6500018680A4603683146DD694FF4FA63A84743
:10D66000031B5842584170BD080F002070B5064694
:10D67000064B0C4618680A46036831461D6A4FF48B
:10D68000FA63A847031B5842584170BD080F002099
:10D6900038B5064B0C461B681A6895680A46014661
:10D6A0001846A847031B5842584138BD080F0020B0
:10D6B00008B5F6F7C7F908BD08B5F6F7C3F908BD10
:10D6C00010B5054C2046FFF7F7FF20680349BDE879
:10D6D000104001F023BF00BF080F0020000F002002
:10D6E00010B5054C2046FFF7E3FF20680349BDE86D
:10D6F000104001F013BF00BF080F0020000F0020F2
:10D70000184B10B51C785CBB012208211A70164812
:10D71000224602F02DFD22462021134802F028FD6A
:10D7200022461021104802F023FD4FF47A7001F0D8
:10D7300056FA41F6822208210B4802F019FD40F208
:10D7400082222021084802F013FD40F2822210219B
:10D75000054802F00DFD054801F02EFF044B1C703A
:10D7600010BD00BF183C002000040040E84E00201F
:10D77000303C002010B504461C4801F085FF1C48D1
:10D78000037823B1194801F082FF002010BD216801
:10D790004B1CF7D0E288002AF4D0164B92001A8274
:10D7A0006279032A05D8DFE802F0021A1D1F002261
:10D7B000DA600124047021F00F0001F00F0199607C
:10D7C000224604FA01F1586002F0D2FC09490748E8
:10D7D00001F0E4FE054801F0FDFE2046D6E74FF4D7
:10D7E0008002E5E78022E3E7034AE1E7E84E002014
:10D7F000303C00201C3C0020800040001FB5ADF8EC
:10D800000A300123019001A88DF808108DF8092035
:10D810000393FFF7AFFF05B05DF804FB1FB50121CF
:10D820008DF807000DF10F0304480DF1070201F018
:10D83000F8FE9DF80F0005B05DF804FBE84E0020EF
:10D84000002307B5012106480DF107028DF80730C6
:10D8500001F009FF9DF8070003B05DF804FB00BF6D
:10D86000E84E002008B50246024801F0EBFE002019
:10D8700008BD00BFE84E002008B50246024801F08E
:10D88000F2FE002008BD00BFE84E002010B5084C95
:10D8900023783BB1074801F0ABFE064801F08CFE4F
:10D8A000002323700348BDE8104001F0F0BE00BF24
:10D8B000303C0020E84E00200E4B10B51A78BAB963
:10D8C00001220D4C1A70206040F282324FF48061C8
:10D8D0000A4802F04DFC4FF40061084840F28232E1
:10D8E00002F046FC2146BDE81040054801F016BE96
:10D8F00010BD00BF313C00200C0F0020000800408C
:10D90000304C00204FF0FF3108B5024801F0E6FC32
:10D91000C0B208BD3C4C00200A464FF0FF33014620
:10D92000014801F080BD00BF604C002008B50348ED
:10D9300001F019FE80F00100C0B208BD304C00209B
:10D9400070B590F84420044602F07F03212B51D19A
:10D9500012F0800F90F845301DD0022B17D0032B0A
:10D9600005D0012B17D1BDE8704000F065BD90F8DF
:10D97000483090F8495053EA05253BD1FFF76EFC3B
:10D98000334B256418700120A363E06370BDBDE8CC
:10D99000704000F08BBE0A2B23D00B2B12D0092B2A
:10D9A00028D194F8483094F8491043EA012323F031
:10D9B0000203FBB9274BA3630223E363264B012039
:10D9C0002364E3E794F8483094F8492053EA0223AB
:10D9D00003D194F84600FFF72DFC0023A363E36313
:10D9E000EDE794F84700FFF755FC2046BDE870408E
:10D9F00000F084BE02F09F02812A18D194F84530CD
:10DA0000062B14D194F84920616894F848304D6889
:10DA100043EA0223204694F8472094F84610A8478A
:10DA200070B14368A3630368E3630023C7E7032679
:10DA30000A4DD5F89C302BB9013E05F1A805F8D167
:10DA40000020A3E7204698470028F5D09EE700BFB6
:10DA50003C3C0020403C0020A5DA00087811002062
:10DA6000F8B50F4C0022234643F8042F90F84B7072
:10DA700090F8496090F8465090F84A2090F8481085
:10DA800090F8470042EA072241EA062145EA0020D1
:10DA900000F020FA20606068002818BF2046F8BD1A
:10DAA000343C0020034693F84A2093F84B30074952
:10DAB00042EA0323022B087804D1012801D006286A
:10DAC00002D14878FFF7D0BB704700BF403C002030
:10DAD00010B5064A064C117824784B1C03F00F034E
:10DAE0009C421EBF034C1370605410BD394B002084
:10DAF0003A4B0020294B0020084608B5052935D8A7
:10DB0000DFE801F0203403202035302383F311882F
:10DB1000214800F016FB214800F013FB204800F0DC
:10DB200010FB204800F01DFB002383F311881E4BDF
:10DB30001B7813B10520FFF7CBFF0220BDE808409A
:10DB4000FFF7C6BFFFF7C4FF302383F311881248E5
:10DB500000F0D0FA114800F0CDFA114800F0CAFAEE
:10DB6000104800F0DBFA002383F3118808BD30234E
:10DB700083F31188084800F0DEFA084800F0DBFA69
:10DB8000074800F0D8FA074800F0D8FA002383F3DA
:10DB900011880520D2E700BF781100202012002054
:10DBA000C8120020701300203D3C0020102208B550
:10DBB00000210448F2F7E0FD0023034A1370034AF2
:10DBC000137008BD294B0020394B00203A4B002030
:10DBD00070B52A4D2A4C002128782378294E984286
:10DBE00033D101B1207070BD01222370264B1A7011
:10DBF000264B93F84F10081E18BF0120FFF7F2FACA
:10DC0000E9E700222370204B1A70FFF792FB1F4BAD
:10DC100093F84F10081E18BF0120FFF7F5FADAE756
:10DC200023701A4B93F84F10081E18BF0120FFF7FE
:10DC3000C3FAD0E7002123700846F8E72370FFF706
:10DC4000E5FA0120FFF7F6FAC5E71A46B25C0133A0
:10DC5000012103F00F03052AC1D80FF2080C5CF86C
:10DC600022F000BF3DDC0008DFDB000821DC0008FB
:10DC700035DC0008E9DB000803DC0008394B002034
:10DC80003A4B0020294B00203D3C0020504F002003
:10DC900070B50546184C204600F0A6F904F1A80618
:10DCA000204600F0D1F9304600F09EF904F5A87442
:10DCB000304600F0C9F9204600F096F920460F4C96
:10DCC00000F0C2F9204600F0ABF9204600F0CCF994
:10DCD000284602F017F9284601F016FD41F2883077
:10DCE00000F07DFF2846064901F0FBFC2846BDE810
:10DCF000704002F0E5B800BF7811002070130020DA
:10DD0000241801082DE9F04104461E4D02F0FAF8EE
:10DD1000204601F0F9FC05F1A808284600F0B3F907
:10DD2000194E05F5A877404600F0ADF9384600F0E9
:10DD3000AAF9304600F0CAF941F2883000F04FFFEE
:10DD4000284600F051F9284600F07EF9404600F0E0
:10DD50004BF9404600F078F9384600F045F938466E
:10DD600000F072F9304600F05BF9304600F07CF9C3
:10DD70002046064901F0B5FC2046BDE8F04102F01E
:10DD80009FB800BF781100207013002024180108EC
:10DD900037B50023A825054C009305FB004042F24F
:10DDA000107300F055FA03B030BD00BF78110020A9
:10DDB00010B50446FFF752FA2146BDE8104008228C
:10DDC0000120FFF7E5BF014620220020FFF7E0BF5A
:10DDD000014606220020FFF7DBBF01460322002098
:10DDE000FFF7D6BF20290A4603D101460220FFF7DC
:10DDF000CFBF704710B5084C88B000232022694679
:10DE0000204600F092FA08B908B010BD20216846FB
:10DE1000FEF7D6FEF1E700BF70130020FFF70EBB40
:10DE20007047704708B5FFF7F9FF01F0BDFEFFF737
:10DE3000F7FF08BD08B501F0D3FEFFF7F2FF08BDFC
:10DE4000FFF7F6B908B5FFF7B1FE0448FFF720FF6A
:10DE5000BDE8084041F2883000F0C1BE504F0020BC
:10DE60000148FEF7F9BF00BF140F0020FFF7B0BE56
:10DE700000F094BB30B5144B85B01C7814BB012264
:10DE800068461A70FFF73DFA2346104A104C04A961
:10DE900001EB630111F8100C02EB43010509655D0C
:10DEA00000F00F008D700025205CCD70591C0233EE
:10DEB00002EB4101202B8870CD70E8D14223137012
:10DEC0000323537005B030BD863C0020423C002047
:10DED000021A010810B51C46030A032B0FD007D8FD
:10DEE000012B30D0022B07D15B20184A226010BDD5
:10DEF000212B19D0222B1ED000200246F6E7C0B2FB
:10DF00000328F9D8DFE800F00205080B0420104AC6
:10DF1000ECE712200F4AE9E710200F4AE6E7FFF787
:10DF2000A9FF0E4A1078E1E70229E5D80C4B092039
:10DF300053F82120DAE70229DED80A4B53F82120D2
:10DF4000094B585CD2E71220084ACFE74F18010866
:10DF5000001901080419010818190108423C0020A1
:10DF600034180108401801084C180108AA180108C3
:10DF700013B5446BD4F888201378042B13D10123F4
:10DF800094F88C1012898B4013420CD1204601A9C1
:10DF900001F07AF8024630B1019B94F88C10D4F865
:10DFA000880001F02DFC02B010BD10B5026F0446D0
:10DFB0001378042B13D1012390F8741052898B40ED
:10DFC00013420CD100F0B5FF024640B1E36994F86A
:10DFD0007410206F043BBDE8104001F0FFBB10BD82
:10DFE000406BFFF7E2BF00001FB500F15C03C364A4
:10DFF00090F8843013B100F170030365074B0121E1
:10E000000193D0F89030D0F8982000930290D0F887
:10E01000943001F016F805B05DF804FB71DF0008DC
:10E020001FB500F15C030365064B01210193836F6B
:10E03000D0F8802000930290C36F00F058FF05B025
:10E040005DF804FBE1DF0008302383F31188D0F88A
:10E05000883090F88C2003EB82039861002380F8CD
:10E06000A03083F311887047302383F3118890F830
:10E070007430026F093342F82300002380F88430A3
:10E0800083F31188704710B53023044683F3118859
:10E0900090F88C20D0F88830053203EB8203002200
:10E0A0005A6001236FF00101037200F0D8FD204691
:10E0B00000F0DEFFD4F8A43013B1DA681868904796
:10E0C00000F0D0FC002383F3118810BD10B530237D
:10E0D000044683F3118801236FF00101037200F0FD
:10E0E000BEFD204600F01AFF00F0BCFC002383F3C5
:10E0F000118810BD012310B5044603726FF00101B1
:10E1000000F0ADFD204600F0B3FFD4F8A43023B1F9
:10E11000BDE81040DA681868104710BD012310B53B
:10E12000044603726FF0010100F099FD2046BDE83E
:10E13000104000F0F3BE0023037270470023037207
:10E14000704710B5044690F88C1000F13802D0F8F2
:10E15000880001F003FB204600F08AFF00232372B1
:10E1600010BD10B5044600F0D9FE002320462372EE
:10E17000BDE81040FFF719BF00EB8103F7B59C69BC
:10E1800005460E4684B3302383F3118800232269A9
:10E1900084F8A03063699A4201D1E368B3B905EB12
:10E1A0008603DB685B691B6883B1D4F8A43053B184
:10E1B00001A9204600F068FFD4F8A43001469F680A
:10E1C000019A1868B847204600F06CFF204601A964
:10E1D00000F05AFF024648B1019B3146284601F043
:10E1E0000FFB002383F3118803B0F0BD05EB86031A
:10E1F000DB681A68022AF4D15A691268002AF0D042
:10E200001B8A013B1340ECD105F14402E5E701F123
:10E21000090210B550F82240CCB1302282F31188A7
:10E2200000EB8103DB689B695B6853B1236F94F853
:10E230007420204603EB8203DB689B69596800F079
:10E2400082FE2046FFF7B1FE002383F3118810BD44
:10E250002DE9F84F1E4604460F46924630239DF89E
:10E26000285083F31188D0F888301B78042B05D010
:10E27000002585F311882846BDE8F88F90F8A03076
:10E2800023B101364FF0FF3618BF0026002383F379
:10E2900011884FF030094FF0010833465246394695
:10E2A000204600F03AFF82451CD989F3118894F882
:10E2B000A0304FF0000B002808BF43F001036FF0BF
:10E2C000010184F8A030204684F8088000F0C7FCE3
:10E2D000204600F0CDFE84F808B000F0C3FB8BF3BD
:10E2E0001188DAE7002DC6D1204600F05BFF01253A
:10E2F000C1E7302383F31188026943699A4210D140
:10E30000C36883B10123D0F8882090F88C1012895B
:10E310008B4013420CBF01200020002383F311889F
:10E3200070470020F9E71846F7E738B51446054668
:10E33000302282F31188026F1278042A03D0002061
:10E3400080F3118838BD90F8842022B101334FF05A
:10E35000FF3318BF0023002282F31188224628468B
:10E3600000F02CFEB0FA80F35B0985F88430231AA4
:10E3700058425841E6E70000006810B440B1054C2F
:10E380008264E469083040F8044C10BCF2F702B92A
:10E3900010BC7047484B00200168134631B18A6CAD
:10E3A00003F108009A640831F2F7F4B8704710B529
:10E3B0000446006840B1826C00210830F2F7DCF9B5
:10E3C000002223681A605A6010BD000010B40C7857
:10E3D000082C0BD850F8240040B1054C8264E46945
:10E3E000083040F8044C10BCF2F7D4B810BC7047A9
:10E3F000484B00200829134609D850F8211031B1A4
:10E400008A6C03F108009A640831F2F7C3B87047C8
:10E4100070B50026051F00F1200455F8040F38B12F
:10E42000826C00210830F2F7A7F92B681E605E604D
:10E43000A542F2D170BD000038B590F848300446CE
:10E44000022B1CD890F84610082918D80D4AD25C27
:10E45000022A14D8A8200C4B00FB0233D3F8A400E6
:10E4600060B10A4D43682A460068984705F10803E1
:10E47000A363AB6C0120E3630023236438BD002059
:10E48000FCE700BF7411002078110020B83E002086
:10E49000036843B19100196003490B78002A18BF43
:10E4A00043F001030B707047043F0020006810B177
:10E4B0000068C0F387007047036870B50BB900208F
:10E4C00070BD302383F31188036800211C685B68EA
:10E4D00081F31188002CF2D04FF47A76074A08486D
:10E4E000D569084AED1AE5FB06010023F1F77EFE27
:10E4F00084428CBF00200120E2E700BF484B00208F
:10E500009F860100A08601004B1E072B0BD850F8F8
:10E51000213043B19100196003490B78002A18BFDC
:10E5200043F001030B707047043F0020082906D810
:10E5300050F8210020B10068C0F387007047002028
:10E5400070470000082970B501D9002070BD50F84F
:10E550002130002BF9D0302383F3118850F821307B
:10E5600000211C685B6881F31188002CEDD04FF40A
:10E570007A76074A0748D569074AED1AE5FB06018E
:10E580000023F1F733FE84428CBF00200120DDE739
:10E59000484B00209F860100A0860100404B2DE9DA
:10E5A000F74F1B78002B47D000242546DFF8F48076
:10E5B0003D4E08F1080AD6F8A4B0BBF1000F34D0E4
:10E5C000002C3CD10127302383F31188F9B2DBF80A
:10E5D0001430DBF80000019198474FF00009002843
:10E5E00018BF45F0010589F311882F48FFF781FE18
:10E5F000C0B1DBF818300199DBF80000984788B10A
:10E60000302383F31188274ADBF804300199DBF8C3
:10E610000000984789F3118851464846D8F84820A9
:10E62000FFF7B6FB0137092FCDD10134032C06F1DA
:10E63000A806C0D11A4B1D7003B0BDE8F08F30277B
:10E6400087F311880021DBF81430DBF800009847CD
:10E650004FF00009002818BF45F0010589F3118823
:10E660003046FFF746FE0028DFD04946DBF8183079
:10E67000DBF8000098470028D7D087F31188094AB3
:10E680004946DBF80430DBF80000984789F311882D
:10E690005146D8F84820E0B2FFF77AFBC5E700BF43
:10E6A000043F00206C3E00207811002010B590F847
:10E6B00048300446022B19D890F84610082915D87E
:10E6C0000B4AD25C022A11D8A8200A4B00FB023365
:10E6D000D3F8A40048B1436900689847064B187006
:10E6E000A36301200023E063236410BD0020FCE746
:10E6F0007411002078110020683E002010B590F8B9
:10E7000048300446022B19D890F84610082915D82D
:10E710000B4AD25C022A11D8A8200A4B00FB023314
:10E72000D3F8A40048B1036994F8472000689847DB
:10E7300000230120A363E363236410BD0020FCE7F2
:10E74000741100207811002010B5044C204601F00F
:10E75000D9FB2046BDE8104000F0D6BF504F002046
:10E76000024B1878031F584258417047504F002001
:10E7700070477047FEE7000070B50825134C6068CD
:10E7800023680146A268043B8A4219D8D31C1B1A8D
:10E79000C11E23F003038A4238BF00231844E368F4
:10E7A000C11EDA1C121A22F00302994288BF00220D
:10E7B0000021F1F7E1FF013D04F11004DFD170BD4C
:10E7C00053F8046F41F8046BDEE700BF141A010828
:10E7D00038B501230025074C2370656000F044FB29
:10E7E0000549064800F04CF90223237085F311888F
:10E7F00038BD00BF404B0020981A0108484B00204C
:10E8000072B60322024BD865024B1A70FEE700BFB6
:10E81000484B0020404B002000F054B8EFF311802B
:10E8200020B9EFF30583302282F31188704710B5C9
:10E8300030B9EFF30584C4F3080414B180F31188F0
:10E8400010BD00F00FF984F31188F9E7034A51680D
:10E8500053685B1A9842FBD8704700BF001000E075
:10E8600010B50A4C23699A6891420CD85A688160A5
:10E870000360426010609A685860511A99604FF0C6
:10E88000FF33A36110BD1B68891AECE7484B0020D9
:10E890000361002310B410BCC2604361FFF7E0BF06
:10E8A000036881689A680A449A60426813605A60F3
:10E8B00000234FF0FF320360014B9A61704700BFA5
:10E8C000484B002070B5124D2A46EB690133EB61CD
:10E8D00052F8103F934206D030269A68013A9A6067
:10E8E0002C69A36803B170BD226861680A60516039
:10E8F000236083F311882046E3682169984786F3F3
:10E90000118861690029EBD02046FFF7A9FFE7E7EE
:10E91000484B002000238268037503691B689968CF
:10E920009142FBD25A6803604260106058607047A1
:10E9300000238268037503691B6899689142FBD8BC
:10E940005A680360426010605860704708B5084616
:10E95000302383F311880A7D0023052A06D8DFE8D7
:10E9600002F00B050503120E826913604FF0FF33AE
:10E970008361FFF7CFFF002383F3118808BD82690D
:10E980009368013393604268036813605A60EDE74F
:10E99000FFF7C0BF054BD968087518680268536057
:10E9A0001A6001220275D860F1F70ABC484B0020BA
:10E9B00030B50C4B0446DD684B1C87B00FD02B469E
:10E9C0006846094AFFF764FF2046FFF7E3FF009B14
:10E9D00013B16846FFF764FFA86907B030BDFFF7C1
:10E9E000D9FFF9E7484B00204DE9000838B50C4D38
:10E9F0008161EB6881689A680446914203D8BDE85A
:10EA00003840FFF787BF1846FFF792FF0123014602
:10EA100023752046EC60BDE83840F1F7D1BB00BF5C
:10EA2000484B0020044B1A68DB6890689B6898424A
:10EA300094BF002001207047484B0020084B10B5C0
:10EA40001C68D868226853601A6001222275DC6055
:10EA5000FFF76EFF01462046BDE81040F1F7B0BB5E
:10EA6000484B0020044B1A68DB6892689B689A4206
:10EA700001D9FFF7E3BF7047484B002030BFFDE7E7
:10EA800070B5002504461A4B86B058608562016354
:10EA90000E4600F0A3F904F11003236163614FF007
:10EAA000FF33A361134BE561D9692B460A46204623
:10EAB000C4E9082304F1340180230F4A2460646010
:10EAC000A560E562E56500F01DF801230B4AE060F2
:10EAD00003750092726868460192B268CDE902231C
:10EAE000074BCDE9043500F03FF806B070BD00BF1C
:10EAF000404B0020484B0020A41A0108A91A010825
:10EB00007DEA000802228B604B62002308618A8242
:10EB100008460B62CB6170478368C168A3F14C0261
:10EB200043F81C2C026943F84C2C42690C4843F80A
:10EB3000482C0C4A43F8180C43F82C2C022203F8FA
:10EB4000142C002243F8201C03F8132C43F8041C57
:10EB500043F8082C43F80C2CA3F12800704700BFA1
:10EB6000484B0020D101000808B5FFF7D5FFBDE8EC
:10EB70000840FFF70DBF000038B5302484F311883A
:10EB80002839441844F8243C049B002544F8203CD0
:10EB90000A4BA4F1240144F8043C0223A382084B4D
:10EBA000E16020462946A260236162622562E56138
:10EBB000FFF71CFF85F31188204638BDD1010008FE
:10EBC000484B0020024BDB6898610F20FFF7E2BE44
:10EBD000484B0020302383F31188FFF7F3BF08B5BB
:10EBE0000146302383F311880820FFF7E1FE00235C
:10EBF00083F3118808BD0000054BDB6821B1036079
:10EC000098610320FFF7D4BE4FF0FF30704700BF7C
:10EC1000484B00200346006820B100221A60816141
:10EC2000FFF7B6BE70470000064BDB6839B142689B
:10EC300018605A60136043600420FFF7B9BE4FF0BC
:10EC4000FF307047484B002003460068834205D0E0
:10EC500002681A6053608161FFF79ABE704738B549
:10EC600004460D462068844200D138BD0368236005
:10EC70005C608561FFF78CFEF4E7034610B51B6806
:10EC8000984203D09C688A689442F8D25A680B6014
:10EC90004A601160596010BD0023006040608360CD
:10ECA0007047000038B58168164B0446DD6891B99D
:10ECB0002B6A8560C360286238BD8B600B7D7BB199
:10ECC000062B14D10B684A68886913605A60FFF7F5
:10ECD000D4FF8B699968AB688A689A42EDD306E0E5
:10ECE0004A680B68084613605A60FFF751FE2046D9
:10ECF0002946FFF7C2FFAC610620BDE83840FFF7A8
:10ED000049BE00BF484B002008B5302383F311886B
:10ED1000FFF7C8FF002383F3118808BD154A034697
:10ED2000D16810B5302282F31188C26800680A6287
:10ED300098421BD0486A82B98860186802681A60D5
:10ED40005360026A9860DA600362FFF721FEFFF702
:10ED500089FE002383F3118810BD1468A24203D0FA
:10ED6000A468A04238BF2046D268E4E7002383604D
:10ED7000EFE700BF484B0020C3691943037DC16121
:10ED80000A2B03D18369194205D170470B2B06D199
:10ED900083698B4303D100238361FFF7F9BD70477B
:10EDA00070B506460D460468B44200D170BDE368F4
:10EDB0002B43E36015B123691D4203D0A16860684D
:10EDC000FFF7DAFF2468EFE7EFF30983203383F3DB
:10EDD0000988002383F3118870470000302080F3F6
:10EDE000118862B60C4B0D4AD96821F4E061090420
:10EDF000090C0A43DA60D3F8FC20094942F080721A
:10EE0000C3F8FC200A6842F001020A602022DA7787
:10EE100083F82200704700BF00ED00E00003FA0510
:10EE2000001000E0302310B583F311880B4B5B68B2
:10EE300013F400630FD0EFF309844FF08073203C8C
:10EE4000E36184F30988FFF7EDFD10B1044BA36182
:10EE500010BD044BFBE783F31188F9E700ED00E0F8
:10EE6000E3010008E6010008024B034A1A60034A66
:10EE70005A607047A84B0020A84F00200070002067
:10EE8000F0B50B4D0446D5E90067BB1B9A420CD880
:10EE9000731E0B441A44494202EA01000444A7428B
:10EEA00003D3A64201D82C60F0BD0020FCE700BFD0
:10EEB000A84B002008B5302383F31188FFF7E0FF4B
:10EEC000002383F3118808BD08B500F043FF01F06B
:10EED00041F900F000FB00F055FB00F0F4FBFEF7F9
:10EEE000A9FFBDE8084000F000B801F09BB901722D
:10EEF000002130B5039C043303FB0425C361049B4C
:10EF000000600363059B4060C160426102618561EE
:10EF1000046242628162C162436330BD0022416A81
:10EF2000C2604161016182626FF00101C262FFF75C
:10EF300096BE03694269934201D1C2680AB9181D9D
:10EF400070470020704703691960C26800210132D0
:10EF5000C260C269134482690361934224BF436A59
:10EF60000361FFF771BE38B504460D46E3683BB157
:10EF700062690020131D1268A3621344E36207E074
:10EF8000237A33B929462046FFF74EFE0028EDDAF2
:10EF900038BD6FF00100FBE7C368C269013BC36085
:10EFA0004369134482694361934224BF436A4361C6
:10EFB00000238362036B03B1184770472DE9F84FB4
:10EFC00004460E46904699464FF0300A8AF311885F
:10EFD0000025AB46A76A4FB949462046FFF7C3FF55
:10EFE00020B187F311882846BDE8F88FE76AA16A47
:10EFF0007A1AA8EB0507974228BF1746402F16D963
:10F0000030464022F1F7C6FAA36A40364033A36285
:10F010004035A26AE36A9A4202D32046FFF7BCFF5A
:10F020008BF311884545DED28AF31188D2E730464A
:10F030003A46F1F7AFFAA36A3E443B44A3623D442B
:10F04000E7E710B5029C04330172C36103FB04219E
:10F0500000238362C362039B00600363049B4060E0
:10F06000C46042610261816104624262436310BD17
:10F07000026A6FF00101C260426A426102610022CD
:10F080008262C262FFF7EBBD034640691A698242A1
:10F0900001D1DB681BB950F8043B0B6070470023BB
:10F0A0001846FAE7C368C2690133C36043690021A7
:10F0B000134482694361934224BF436A4361FFF76B
:10F0C000C3BD38B504460D46E3683BB12369002053
:10F0D0001A1DA262E2691344E36207E0237A33B99E
:10F0E00029462046FFF7A0FD0028EDDA38BD6FF075
:10F0F0000100FBE703691960C268013AC260C26996
:10F10000134482690361934224BF436A036100236D
:10F110008362036B03B1184770472DE9F84F04462B
:10F120000E46904699464FF0300A8AF31188002522
:10F13000AB46A76A4FB949462046FFF7C2FF20B148
:10F1400087F311882846BDE8F88FE76AA06A3A1A63
:10F15000A8EB0507974228BF1746402F18D931461C
:10F160004022F1F717FAA36A40364033A3624035D4
:10F17000A26AE36A9A4204D3E16920460439FFF7A0
:10F18000B9FF8BF311884545DCD28AF31188D0E7AB
:10F1900031463A46F1F7FEF9A36A3E443B44A36286
:10F1A0003D44E5E7302208B582F31188816A29B130
:10F1B00003690439C91A01D0FFF79CFF002383F3C8
:10F1C000118808BDF8B5154682680B46AA428169C8
:10F1D000066938BF8568761AB54204460BD21846D0
:10F1E0002A46F1F7D7F9A3692B44A361A3682846FF
:10F1F0005B1BA360F8BD0CD918463246F1F7CAF97B
:10F20000AF1B3A46E1683044F1F7C4F9E3683B4488
:10F21000EBE718462A46F1F7BDF9E368E5E72DE983
:10F22000F0410446154683682769934238BF8568D4
:10F2300040690E463F1ABD420BD22A46F1F7AAF9A1
:10F2400063692B446361A36828465B1BA360BDE828
:10F25000F0810CD93A46A5EB0708F1F79BF9424635
:10F26000E068F119F1F796F9E3684344EAE72A46C2
:10F27000F1F790F9E368E5E710B50024C361029B5C
:10F28000C16081614161114400604060846001613E
:10F29000036210BDC2686FF0010182614261002209
:10F2A0008260FFF7DCBC08B582694369934201D1F3
:10F2B000826882B98268013282605A1C4261197088
:10F2C0000369426900219A4224BFC3684361FFF782
:10F2D000BBFC002008BD4FF0FF30FBE770B53023CA
:10F2E00004460D4683F31188A668A6B1A368A269F7
:10F2F000013BA360531CA36115782269934224BF8C
:10F30000E368A361E3690BB120469847002383F3C8
:10F310001188284607E029462046FFF785FC00288B
:10F32000E2DA86F3118870BD2DE9F74F04460E46E8
:10F3300017469846D0F81C904FF0300A8AF311888F
:10F340004FF0000B154665B12A4631462046FFF7BF
:10F3500039FF034660B941462046FFF765FC0028A7
:10F36000F1D0002383F31188781B03B0BDE8F08F40
:10F37000B9F1000F03D001902046C847019B8BF3E1
:10F380001188ED1A1E448AF31188DCE7C361009BE3
:10F39000C16081614161114400604060826001612F
:10F3A00003627047F8B504460D461646302383F3D2
:10F3B0001188A768A7B1A368013BA36063695A1CC1
:10F3C00062611D70236962699A4224BFE3686361C8
:10F3D000E3690BB120469847002080F3118807E0CD
:10F3E00031462046FFF720FC0028E2DA87F3118837
:10F3F000F8BD8369426910B59A4201D182687AB931
:10F4000082680021013282605A1C82611C78036983
:10F410009A4224BFC3688361FFF716FC204610BDE3
:10F420004FF0FF30FBE72DE9F74F04460E46174635
:10F430009846D0F81C904FF0300A8AF311884FF0AC
:10F44000000B154665B12A4631462046FFF7E7FE18
:10F45000034660B941462046FFF7E6FB0028F1D09D
:10F46000002383F31188781B03B0BDE8F08FB9F156
:10F47000000F03D001902046C847019B8BF31188F1
:10F48000ED1A1E448AF31188DCE70C30FFF74CBFFD
:10F490004FF0FF330C30FFF747BF3030FFF7C3BFEB
:10F4A0004FF0FF333030FFF7BEBF0C30FFF716BF11
:10F4B0004FF0FF310C30FFF711BF3030FFF772BF54
:10F4C0004FF0FF323030FFF76DBF012914BF6FF0EE
:10F4D00013000020704700F055BF000037B51546F7
:10F4E00002460B460C49044642F8041B42600122C6
:10F4F00000F154010272009080220C30FFF7BCFE34
:10F500002B468022009404F1D40104F13000FFF76F
:10F510003DFF03B030BD00BFB01A010810B5302365
:10F52000044683F3118800F04DFF0223002023726C
:10F5300080F3118810BD38B5436904460D461BB9E8
:10F5400004210844FFF72CFC294604F10C00FFF7C6
:10F55000AAFE002806DA201D4FF40061BDE83840FD
:10F56000FFF71EBC38BD302383F3118800234069A8
:10F5700083F31188B0FA80F0400970474FF0FF31F3
:10F58000FFF73ABB01F008B80123037000230C30E9
:10F5900040F8083C40F8043CFFF77EBB10B5302330
:10F5A000044683F31188416001F00CF80223002027
:10F5B000237080F3118810BD10B53023044683F307
:10F5C000118801F073F8002301226360227083F335
:10F5D000118810BD302383F31188436899685A68F5
:10F5E0004FF480338B409361002383F3118870477D
:10F5F000302383F31188436899685A6801238B404C
:10F600009361002383F31188704710B5302484F38D
:10F6100011880324047001F08CF8002383F311880F
:10F6200010BD38B50446302585F31188032504F84C
:10F63000085B01F067F82046FFF7A0FF002383F383
:10F64000118838BD10B53023044683F31188032395
:10F6500004F8083B01F06DF82046FFF78FFF002308
:10F6600083F3118810BD10B53023044683F311884D
:10F67000032304F8083B01F074F82046FFF77EFFEF
:10F68000002383F3118810BD0C30FFF73DBB0C3015
:10F69000FFF744BB10B50446002101F01DFC00211A
:10F6A000204601F00BFC63681B6813B1062120465D
:10F6B0009847A36823F00113A3600023E3630623A4
:10F6C00084F8343010BD01F06DBA012303700023BB
:10F6D000C36183620362C362436203634360836006
:10F6E000704738B50446302383F311880025416004
:10F6F000C56005614561856101F05AFA02232370F6
:10F7000085F31188284638BD70B53023044683F34D
:10F71000118801F065FA254600260123666005F888
:10F720000C3B1C3455F8043B7BB1586920B16FF099
:10F7300001010C30FFF76EFA55F8043C986920B1CE
:10F740006FF001010C30FFF765FAA54245F8046C33
:10F75000E8D1FFF787F986F3118870BD70B500EB2B
:10F760008103054650690E461446DA6018B114222A
:10F770000021F1F701F8A06918B114220021F0F777
:10F78000FBFF31462846BDE8704001F047BAF8B5A6
:10F7900004460027836800F1100503F0011383601D
:10F7A00000F11C0655F8043B7BB1586920B16FF09D
:10F7B00001010C30FFF72EFA55F8043C986920B18E
:10F7C0006FF001010C30FFF725FAB54245F8047CD3
:10F7D000E8D12046BDE8F84001F0ACBAF0B401250C
:10F7E00000EB8104E4684789A4698D403D4345816D
:10F7F00023600023A2606360E360F0BC01F00CBBF7
:10F80000F0B4012500EB8104E468078964698D4048
:10F810003D43058123600023A2606360E360F0BC88
:10F8200001F01ABB2DE9F0410223002504464FF0F8
:10F8300030080370C564C563856000F10C0600F1F3
:10F840001C0756F8043BABB188F3118856F8043C0A
:10F85000586920B16FF001010C30FFF7DBF956F861
:10F86000043C986920B16FF001010C30FFF7D2F928
:10F8700085F31188BE4246F8045CE2D1204684F844
:10F88000345001F039FA63681B6823B12046BDE8A3
:10F89000F04100211847BDE8F081F8B5037804462F
:10F8A000052B29D080F850300523037043681B686E
:10F8B0000BB10421984700263027A66004F10C05FF
:10F8C0001C3455F8043BABB187F3118855F8043C60
:10F8D000586920B16FF001010C30FFF79BF955F822
:10F8E000043C986920B16FF001010C30FFF792F9E8
:10F8F00086F31188A542E4D1F8BD0178052906D127
:10F9000090F85020436802701B6803B11847704795
:10F9100070B590F8343004463BB1836823F001138E
:10F9200083600023C36380F834300021204604F153
:10F93000440201F055FA63689B684BB994F844306F
:10F9400013F060052BD02046BDE87040FFF7A2BE43
:10F95000204698470028F1D094F84B2094F84A307C
:10F9600043EA0223E26B9A4288BFE36394F944308E
:10F97000E16B002B80F20281002900F0F78009235F
:10F9800084F83430302383F3118800212046E36B60
:10F99000A26BFFF735FF002383F3118870BD94F845
:10F9A000452003F07F0343EA022340F202329342F0
:10F9B00000F0C98021D8B3F5807F4CD00DD8012B41
:10F9C00043D0022B00F09780002BBCD104F14C02F5
:10F9D000A2630222E2632364BEE7B3F5817F00F0F5
:10F9E0009F80B3F5407FAED194F84630012BAAD169
:10F9F000B4F84C3043F0020336E0B3F5006F51D059
:10FA00001BD8B3F5A06F35D0A3F5C063012B9AD8EE
:10FA100094F84920616894F848304E6843EA02231C
:10FA2000204694F8462094F84710B04700288AD022
:10FA30004368A3630368E3631AE0B3F5106F36D03D
:10FA400040F6024293427FF47EAF544BA3630223FD
:10FA5000E3630023BFE794F84630012B7FF473AFD4
:10FA6000B4F84C3023F00203A4F84C30A563E563EE
:10FA7000256471E7B4F84430B3F5A06F0ED194F863
:10FA80004630204684F84E3001F0C0F863681B68A9
:10FA900013B1012120469847032323700023A36359
:10FAA000E36398E704F14F03A3630123C3E72378DB
:10FAB000042B10D1302383F311882046FFF767FE13
:10FAC00085F311880321636884F84F5021701B6807
:10FAD0000BB12046984794F84630002BDED084F8CE
:10FAE0004F300423237063681B68002BD6D002219B
:10FAF00020469847D2E794F8483020461D0603F088
:10FB00000F010AD501F050F9012804D002287FF432
:10FB10001AAF234B9AE7234B98E701F029F9F3E753
:10FB200094F84630002B7FF40EAF94F8483013F071
:10FB30000F01B3D01A06204602D501F0E5F9ADE772
:10FB400001F0D6F9AAE794F84630002B7FF4FBAE1B
:10FB500094F8483013F00F01A0D01B06204602D5C0
:10FB600001F0BAF99AE701F0A9F997E714232046C2
:10FB700084F83430BDE8704001F042B961B115231A
:10FB800084F83430302383F3118800212046E36B5E
:10FB9000A26BFFF723FEFEE60B23E8E7DC1A010861
:10FBA000D81A0108DA1A010808B500F0D5F80B4B8D
:10FBB0009A6C42F020029A649A6C9A6C42F040026D
:10FBC0009A649A6C9A6C42F080029A649A6C9A6C6D
:10FBD00042F480729A649B6C08BD00BF000C014027
:10FBE000704700207047162303604FF0FF307047C6
:10FBF000184670470020704708B513460021582268
:10FC00001846F0F7B9FD4FF400524260002008BDDD
:10FC10000120704710B50022044608460121FFF775
:10FC200049F918B90C234FF0FF30236010BD0000D4
:10FC300008B50248FEF7E4FDF0F770FCDE1A010893
:10FC400008B50248FEF7DCFDF0F768FCE31A01088E
:10FC500001207047704700000148FFF755B800BF0A
:10FC6000F81300200148FFF759B800BFF81300202F
:10FC70000122090100F1604303F56143C9B283F831
:10FC8000001300F01F039A4043099B0003F16043F7
:10FC900003F56143C3F880211A607047012200F028
:10FCA0001F039A4043099B0003F1604303F561433E
:10FCB000C3F88020C3F88021002300F1604000F5E4
:10FCC000614080F800337047090100F16040C9B21B
:10FCD00000F56D400176704717498A68022A12D0F4
:10FCE000032A26D0154B1649012A08BF0B46124A93
:10FCF000926902F07F02013252080132B3FBF2F343
:10FD0000104A13607047104A0B68526F49686FEAD7
:10FD1000921201290CBF0A490C4902F00302033276
:10FD20004A4303F01F0301335B080133B2FBF3F3D3
:10FD3000DDE7074BDBE700BF000C014000127A0053
:10FD4000006CDC0208140020000401400048E801B7
:10FD5000001BB700FFF7C0BF13B50C20032440F20F
:10FD6000BE71314B314A9C62D862C2F894100021B6
:10FD70009962D9629C62D8628020C3F81C0CD3F8C7
:10FD80001C0CC3F81C0C009101914FF40141C3F805
:10FD9000481C4FF6FC71A3F5744319630F211960D9
:10FDA0000223136501234BF68031D364936D03F076
:10FDB00001030193009B01330093019B13B9009B46
:10FDC0008B42F3D1019B03B9FEE7194B19498024FB
:10FDD000C3F800140021A3F5884399611C62196AD5
:10FDE000012019622021586019601968196019688A
:10FDF0000143196054679067D16F0329FCD1022237
:10FE00009A6001220021DA60074A9162D1629A6CFD
:10FE100042F400429A649A6CDA6C42F40062DA644A
:10FE2000DB6C02B010BD00BF0000014000040140C7
:10FE30000050014013000003134B834223D1134BA6
:10FE400002201A6C124942F480721A641A6C42F051
:10FE500002021A64D3F8882042F00202C3F8882014
:10FE6000D3F8882022F00202C3F8882001225A63C6
:10FE7000DA670864DA6608225A615A695A615A696F
:10FE800042F001025A617047504F0020000C0140BF
:10FE9000004C0140084B83420CD1084B5A6902F0D8
:10FEA00008025A6100225A61DA66DA671A6C22F097
:10FEB00002021A64704700BF504F0020000C01403E
:10FEC0000F4A936C43F4004343F0200393644FF0D4
:10FED00080436FF4C0521A634FF07072DA624FF0D1
:10FEE00020721A6000225A609A60DA604FF44C3235
:10FEF0005A62012203F5A0335A700722DA72704762
:10FF0000000C01400E4A6FF48051936C43F400439F
:10FF100043F0200393644FF080436FF4C0521A63A0
:10FF200000221A609A60DA6019634FF080711960DC
:10FF30004FF4805159605A624FF080529A61704775
:10FF4000000C014010B5074C6369DB0704D5064A75
:10FF500013680BB15068984701236361BDE81040F6
:10FF6000FEF760BF00180040B04B002010B5074CF2
:10FF700063699B0704D5064A93680BB1D06898471C
:10FF800002236361BDE81040FEF74CBF001800403B
:10FF9000B04B002010B5074C63695B0704D5064AD7
:10FFA00013690BB15069984704236361BDE81040A1
:10FFB000FEF738BF00180040B04B002010B5074CCA
:10FFC00063691B0704D5064A93690BB1D06998474A
:10FFD00008236361BDE81040FEF724BF001800400D
:10FFE000B04B002010B5074C6369DB0604D5064A08
:10FFF000136A0BB1506A984710236361BDE8104043
:020000040801F1
:10000000FEF710BF00180040B04B0020164B10B593
:100010005C69A30604D5154A936A0BB1D06A984768
:10002000600604D5114A136B0BB1506B984721063B
:1000300004D50E4A936B0BB1D06B9847E20504D5FB
:100040000A4A136C0BB1506C9847A30504D5074AB4
:10005000936C0BB1D06C9847BDE810404FF47872A8
:10006000014B5A61FEF7DEBE00180040B04B002085
:100070001A4B10B55C69620504D5194A136D0BB1B2
:10008000506D9847230504D5154A936D0BB1D06D7B
:100090009847E00404D5124A136E0BB1506E98478E
:1000A000A10404D50E4A936E0BB1D06E984762043A
:1000B00004D50B4A136F0BB1506F9847230404D536
:1000C000074A936F0BB1D06F9847BDE810404FF4CB
:1000D0007C42024B5A61FEF7A5BE00BF00180040EB
:1000E000B04B0020062108B50846FFF7C1FD0621E8
:1000F0000720FFF7BDFD06210820FFF7B9FD062107
:100100000920FFF7B5FD06210A20FFF7B1FD062102
:100110001020FFF7ADFDBDE8084006212120FFF7C4
:10012000A7BD08B50620FFF7B9FD0720FFF7B6FD0C
:100130000820FFF7B3FD0920FFF7B0FD0A20FFF705
:10014000ADFD1020FFF7AAFDBDE808402120FFF714
:10015000A5BD000000231946044A0133102B11608D
:10016000516002F10802F8D1704700BFB04B002087
:10017000C9434FF05533016302F003015943016055
:1001800042F380014160C2F3C10159438160C2F36F
:1001900041115943C160C2F3C1214B43C3624FF0C7
:1001A0001133C2F3C3125A43026242627047000025
:1001B0001A4B70B59C6C0F2644F4C0649C649B6C15
:1001C000012301F003048B4021F0030101F1804180
:1001D00001F5A0518D68A400C0F38320A04006FA69
:1001E00004F425EA040528438860D8430C4912F03A
:1001F000010F8C6814BF1C4304408C6012F0020F86
:10020000CA6814BF1A430240CA60054A53611168A4
:100210000B43136053680340536070BD000C0140F2
:10022000001800404FF0E02340F2BF325A61002234
:100230009A61072208210B201A61FFF745BD08B516
:10024000302383F31188FEF7E7FA002383F3118844
:1002500008BD08B5FFF7F3FFBDE80840FEF7E2BDB3
:10026000024A536843F0020353607047003800406D
:10027000024A536843F00203536070470084004011
:10028000F8B5D0F8546105467369D806DCB20AD5D2
:10029000302383F311884FF48061281DFEF780FD21
:1002A000002383F31188302383F311882F1D14F06A
:1002B0000F032FD183F311887368980714D5A10613
:1002C00012D5302383F31188E818FFF792F800283D
:1002D00041DA0821281DFEF763FD736823F002034D
:1002E0007360002383F3118873689A0711D563063E
:1002F0000FD5302383F311886A6CAB6C9A4205D119
:10030000AB6B1BB11021281DFEF74AFD002383F3C0
:100310001188F8BD14F0020F14BF4FF48071002152
:10032000620748BF41F02001230748BF41F0400168
:1003300014F00104384618BF41F08001FEF730FD8B
:1003400033682CB195F8581128461940FFF7F3F897
:100350007469E4B2ABE73060C3E7000008B5034856
:10036000FFF78EFFBDE80840FEF75CBD8C4D002016
:1003700008B50348FFF784FFBDE80840FEF752BD0B
:10038000304C002010B5094C00212046084AFFF7E8
:10039000A5F8084B0021C4F85431074C074A204601
:1003A000FFF79CF8064BC4F8543110BD8C4D00206B
:1003B0006102010800380040304C00207102010841
:1003C0000084004038B5374D037A002918BF0D4628
:1003D000012B044635D1344B984217D1334B0A21B7
:1003E0009A6C1E2042F480429A649A6CD3F8902052
:1003F00042F48042C3F89020D3F8902022F4804247
:10040000C3F89020D3F89030FFF732FC284B9C4281
:1004100017D1264B0821DA6C202042F00802DA645A
:10042000DA6CD3F8942042F00802C3F89420D3F891
:10043000942022F00802C3F89420D3F89430FFF7F8
:1004400017FCD4F85431E9791A6902F050020A43D2
:1004500029681A614A0802F1B76202F55842B2FBF4
:10046000F1F202F00F01C3F8C0108021D960C2F38D
:10047000071119600021C2F307325A60D960687908
:100480002A790243A8790243DA600122C3F89C105A
:10049000C3F898205A6842F005025A60FF2384F896
:1004A000583138BDE81A01088C4D0020000C01407D
:1004B000304C002070B50446C5692E6BC26A6B6A69
:1004C0009A4234BFC36A6B6A013B30D2E36A002BA5
:1004D00039D1EB620223237063681B680BB120469D
:1004E0009847302383F31188002104F10800FEF7B8
:1004F00091FB002383F31188F30717D5286A228E16
:10050000666AE36A616AD31A3344121A934228BFB7
:10051000134699424FF6FF7138BF636A013B1BD205
:10052000636A1BB9EB6A23F00103EB6270BD296EAD
:10053000E26A013AE262A26A002AC5D01170A26A98
:100540000132A262C0E7E26AEB699A429EBFE36AA7
:1005500003F1FF33EB61CFE7626A013A6262226A1C
:100560000AB92966DAE712F8010B28662262D5E794
:1005700008B50348FFF79EFFBDE80840FEF752BCF0
:10058000E84E002008B50348FFF794FFBDE8084097
:10059000FEF748BC1C4F002010B5064C2046FEF765
:1005A000F3FF054BE361054C2046FEF7EDFF044BDE
:1005B000E36110BDE84E0020003000401C4F0020D9
:1005C0000090004010B503780446012B45D1344B10
:1005D00098421FD1334B0A219A6C1A2042F4805260
:1005E0009A649A6CD3F8902042F48052C3F8902019
:1005F000D3F8902022F48052C3F89020D3F89030A2
:10060000FFF736FB6268E369128A5A611A6942F0A1
:1006100001021A61244B9C421FD1224B0921DA6C42
:100620001B2042F01002DA64DA6CD3F8942042F016
:100630001002C3F89420D3F8942022F01002C3F8DB
:100640009420D3F89430FFF713FB6268E369128AB1
:100650005A611A6942F001021A616168E269CB8944
:1006600089890B4343F007039BB21360238E4BB978
:1006700001239361916999420DD10133B3F5807FD4
:10068000F7D1238600239361D361D36A23F0FF035C
:10069000D362936C10BD012B08BF0023F1E700BFAC
:1006A000E84E0020000C01401C4F002010B50378DC
:1006B0000446022B1FD10022C3699A60DA6A22F035
:1006C000FF02DA629B6C0C4B984208D11A20FFF7AC
:1006D000E5FA0A4B9A6C22F480529A649B6C084BA0
:1006E0009C4208D11B20FFF7D9FA044BDA6C22F0A8
:1006F0001002DA64DB6C10BDE84E0020000C0140F3
:100700001C4F002010B50C4691B18362038E4162EC
:10071000C1625908A14228BF2146C369026299619A
:100720000139D961DA6A42F01102DA6201229A6073
:1007300010BD10B50C4699B100238362038E41624F
:10074000C1625908A14228BF2146C369026299616A
:100750000139D961DA6A42F01102DA6201229A6043
:1007600010BD10B50C4699B100230362038E41629F
:10077000C1625908A14228BF2146C36982629961BA
:100780000139D961DA6A42F01102DA6201229A6013
:1007900010BD000010B590F834300446B3B1063BEC
:1007A000DAB20F2A11D80F2B0FD8DFE803F00F0EA3
:1007B0000E080F0F0E0E0E0E0E0E0E0E0F0F036C08
:1007C00003B19847002384F8343010BD0021602223
:1007D000064B99735A7499735A7463681B6813B102
:1007E0000621204698470623EDE700BF0040014060
:1007F00090F8342010B5152A04460CD801239340F4
:100800000C4A134208D19B0205D5036C03B19847EB
:10081000002384F8343010BD00216022064B997308
:100820005A7499735A7443681B680BB10621984730
:100830000623EEE7410E1000004001400146F8B5E6
:10084000284C861C04EB86035F682748BB698173CC
:10085000027DD20739D5254A9D68817390F817E04B
:1008600002EB810C827D42EA0E22A81885422DD12E
:100870009868104498605868104458601868801A46
:100880001860188A013880B218827B8A934200D897
:1008900008BB012303FA01F2638923EA020363819F
:1008A00004EB86035B68DB680BB10E489847302386
:1008B00083F3118804EB86046368986941680C30FF
:1008C000FEF7A8F9002383F31188F8BD9CF800E037
:1008D00005F801EBCAE7044A137D03F0FE03137524
:1008E000F3E700BF504F002000400140204001408E
:1008F000F8B5214C871C04EB87035E6801467269DA
:1009000050681568A84219D3012303FA01F223891C
:1009100023EA02032381B3680BB1204698473023B2
:1009200083F3118804EB87046368002158690C3055
:10093000FEF770F9002383F3118817E00F4B9973CA
:10094000136918445060281ADED0348A844228BFC4
:1009500004469068146103440948936000EB8100E9
:100960001C44A34203D10122044B5A74F8BD13F86E
:10097000012B0270F5E700BF504F002000400140FE
:10098000204001402DE9F041844B9B799C07DFB268
:1009900002D58348FEF7B1FF780702D58048FEF7FD
:1009A00041FF390713D57E4C6368DB6823B97B4A66
:1009B000D37A03F0F703D3722378052B02D178485A
:1009C000FEF79BFF6368DB680BB175489847734B74
:1009D0009A781D7902F0FF06EDB252B9002D3AD196
:1009E000FB0702D56E48FEF758FFBDE8F041FEF761
:1009F00019BAF20720D50022694CE0689A7393F87F
:100A000011C01CF0040F5FFA8CF11CBF5A7484F8FB
:100A10003420CB0605D58022604B5A74002384F81D
:100A2000343094F834300BB1062B24D1CC0703D5E5
:100A3000436800215A489847B20702D50120FFF7C2
:100A400057FF730702D50220FFF752FF340702D584
:100A50000320FFF74DFFA80702D50120FFF7EEFEA8
:100A6000690702D50220FFF7E9FE2A07B8D503205F
:100A7000FFF7E4FEB4E7092B4CD1DFF820C19CF866
:100A80001130DAB213F00203D6D102F01102112AAA
:100A9000D2D042698CF80E3051681369D2F800E068
:100AA00019445160BEEB0101B0F8108016D04145E9
:100AB00028BF414694681161234493605A189342B9
:100AC00007D1038A99422CBF02210A218CF8111008
:100AD000B2E713F8014B8CF82040F0E7434504D10E
:100AE0000A238CF811301161A6E7238923F0010352
:100AF000238183680BB12A489847302383F31188F8
:100B00000021E36858690C30FEF784F8002383F372
:100B1000118891E7152B8FD1DFF880E09EF8113016
:100B2000D90789D500228369D3F808C08EF80E2032
:100B30009EF81620D1B26244944527D19A680A449F
:100B40009A605A680A445A601A68521A1A601A8AD5
:100B5000013A92B21A82438A8B424FF000010F4B46
:100B6000997300D8BAB948225A74638923F00103F3
:100B70006381E368DB6813B100210948984730239B
:100B800083F31188E36898694168BCE79EF8208088
:100B90000CF8018BD0E740225A744DE70040014029
:100BA000504F00200148FEF790BD00BF504F00207D
:100BB00010B50478012C0ED1074AC260FFF73CF94A
:100BC0000022064B0D21DA72DC715A720E20BDE84C
:100BD0001040FFF74DB810BDF01A01080040014069
:100BE00010B503780446012B0CD00E20FFF756F801
:100BF0000022054B2046DA72DA715A72BDE81040C5
:100C0000FFF748B910BD00BF0040014090F84E20EA
:100C1000014B1A70704700BF0040014000EB81009B
:100C2000344BC26801F00F0110B59973106800F0E1
:100C30000300002956D002282CD003282AD00128EE
:100C400027D153690BB993691BB3E020294B9874E2
:100C5000108AC0F3C70018744020587408205874D4
:100C600058740120DC7900FA01F149B241EA04002C
:100C7000C0B2D871C0205875528AC2F3C702DA7464
:100C800080221A7510221A751A755A7A1143C9B240
:100C9000597210BD506980B100209874108AC0F359
:100CA000C7001874402058740820587458740120E4
:100CB000DC7988402043C0B2D8719369002BE8D01A
:100CC00000200C4B5875528AC2F3C702DA74802296
:100CD0001A7510221A751A750122587A02FA01F152
:100CE0000143D4E70028D4D1DA7942F00102DA7165
:100CF000CFE700BF00400140002208B50B4BDA717E
:100D00005A724268D2681AB1DA7A42F00802DA728C
:100D1000074B0021C360FFF781FF0122034B5A708C
:100D2000DA7A42F00102DA7208BD00BF00400140E9
:100D3000F01A010870B50D4B0021DA79402602F057
:100D40000102DA71082401228025102059729A7359
:100D50000132D2B2042A99745E745C745C74597561
:100D60001D7518751875F2D170BD00BF00400140A7
:100D70000C4B01F00F029A7341B95A7C52070ED402
:100D8000D87910F0010018BF02207047187D10F0CC
:100D9000200004D15B7A134113F0010FF3E7012027
:100DA000704700BF004001400C4B01F00F029A73E6
:100DB00041B95A7C52070ED4D87910F0010018BFFF
:100DC00002207047587C10F0100004D1DB791341E9
:100DD00013F0010FF3E70120704700BF004001400E
:100DE00001F00F03054901EB830102F108030878C4
:100DF00002F8010B9342FAD1704700BF2040014036
:100E00004822044B01F00F0199735A74002380F8B3
:100E1000343070470040014010B501F00F0400EB82
:100E20008101CB6899690A6872B1588A1318013B2D
:100E3000B3FBF0F39BB20B82064B9C7334B11A7D6B
:100E400002F0FE021A7510BD0123F4E740225A7425
:100E5000F9E700BF0040014000EB810311F00F01F2
:100E600070B508BF4025DC6808BF124B626904BF3B
:100E700099735D74238A15680F4CAB4228BF2B46CB
:100E80001361926804EB8104D518AA4205D1094A7E
:100E9000917331B10123537470BD12F8016B267048
:100EA000F3E7517CC168098A8B422CBF02230A23D5
:100EB000F1E700BF0040014020400140054B01F038
:100EC0000F01997311B120221A75704760225A746C
:100ED000704700BF00400140044B01F00F019973BF
:100EE00011B110225A7470476022FBE700400140A4
:100EF000044B01F00F01997311B180221A757047EC
:100F00005974704700400140044B01F00F01997380
:100F100011B140225A747047597470470040014023
:100F2000000000B400B48014000000400100004044
:100F30000200004003000040040000400D08004093
:100F40000C0400400D0400400E0400400608004060
:100F50000708004008080040090800400408004055
:100F60000508004000FF96000020202020202020BF
:100F70002020282828282820202020202020202049
:100F80002020202020202020208810101010101059
:100F900010101010101010101004040404040404A5
:100FA000040404101010101010104141414141413F
:100FB0000101010101010101010101010101010121
:100FC0000101010110101010101042424242424231
:100FD00002020202020202020202020202020202F1
:100FE0000202020210101010200000000000000099
:100FF00000000000000000000000000000000000F1
:1010000000000000000000000000000000000000E0
:1010100000000000000000000000000000000000D0
:1010200000000000000000000000000000000000C0
:1010300000000000000000000000000000000000B0
:1010400000000000000000000000000000000000A0
:101050000000000000000000000000000000000090
:10106000000000000000000000000000040C002050
:101070000000000000000000000000000000000070
:101080000000000000000000000000000000000060
:101090000000000000000000000000000000000050
:1010A0000000000000000000000000000000000040
:1010B0000000000000000000000000000000000030
:1010C0000000000000000000000000000000000020
:1010D0001B1A191817161D1E1F2000000000FF0004
:1010E000FF55FFAAFF2BFFBFFF6A01010008004068
:1010F00001080040020800400308004006000040CC
:101100000A0400400B040040FFFFFFFFFFFFFFFF4A
:101110000C0400400D0400400E040040060800408E
:101120000708004008080040090800400408004083
:1011300005080040610D0A00450050004F004D00B9
:1011400041004B0045005200000032002E003400E8
:101150004700200044006F006E0067006C006500CF
:10116000000053706C697436352D310053706C6912
:101170007436352D320053706C697436352D33005A
:1011800053706C69743635204254340053706C6966
:1011900074363520425435000008004001080040F4
:1011A0000208004003080040060000400A04004016
:1011B0000B040040FFFFFFFFFFFFFFFF0C04004098
:1011C0000D0400400E0400400608004007080040DF
:1011D00008080040090800400408004005080040D5
:1011E0000948032181620C21C162084890F810036C
:1011F000074900F00F000A68824200D00860002012
:10120000401C2328FCDB70470000014000F0FF1F5A
:10121000040401400748032181620C21C162064891
:10122000016801F00F01082901D90821016000BF00
:1012300000BF70470000014004040140000000406E
:101240000100004002000040030000400400004094
:101250000D080040A900AA00A900AA00A900AA0040
:10126000A900AA000000000000000000000000002B
:1012700000000000000035001E001F0020002100BB
:1012800022002300000000002B0014001A000800B8
:1012900015001700000000000000390004001600CF
:1012A000070009000A00000000000000E1001D0026
:1012B0001B00060019000500000000000000E0000F
:1012C000E300E200000000002C000000000000002D
:1012D000000000000000000000000000000000000E
:1012E000000024002500260027002D002E0000000D
:1012F0002A00A8001C0018000C00120013002F0088
:10130000300031004C000B000D000E000F003300C8
:101310003400000028004B00110010003600370098
:1013200038000000E50052004E0000002C000000D4
:10133000E6002152E400500051004F000000000080
:101340000000000000000000000000000000290074
:101350003A003B003C003D003E003F000000000022
:101360004378007E017E027E037E170000000000AD
:101370000000390004000252070009000A000000C2
:1013800000000000E1001D00427806001900057E03
:10139000000000000000067E0B70E200000000006C
:1013A000077E0000000000000000000000000000B8
:1013B000000000000000000000004000410042006A
:1013C0004300440045000000037CA8001C001800F6
:1013D0000C001200130046784578310049000B00DC
:1013E0000D000E000F0048784778000028004A00E2
:1013F000137010003600370038000000E50049780F
:101400004D0000002C000000E6000000E4004C78D5
:101410004A784B7800000000000000000000000047
:1014200000000000000035001E001F002000210009
:1014300022002300000000002B0014001A00080006
:10144000150017000000000000003900040016001D
:10145000070009000A00000000000000E1001D0074
:101460001B00060019000500000000000000E0005D
:10147000E200E300000000002C000000000000007B
:10148000000000000000000000000000000000005C
:10149000000024002500260027002D002E0000005B
:1014A0002A00A8001C0018000C00120013002F00D6
:1014B000300031004C000B000D000E000F00330017
:1014C0003400000028004B001100100036003700E7
:1014D00038000000E50052004E0000002C00000023
:1014E000E7002352E400500051004F0000000000CC
:1014F00000000000000000000000000000002900C3
:101500003A003B003C003D003E003F000000000070
:101510004378007E017E027E037E170000000000FB
:101520000000390000521600070009000A00000000
:1015300000000000E1001D00427806001900057E51
:10154000000000000000067EE200E3000000000052
:10155000077E000000000000000000000000000006
:1015600000000000000000000000400041004200B8
:101570004300440045000000037CA8001C00180044
:101580000C001200130046784578310049000B002A
:101590000D000E000F0048784778000028004A0030
:1015A000137010003600370038000000E50049785D
:1015B0004D0000002C000000E700E600E4004C783D
:1015C0004A784B78E200E900EA00B500B600B700BF
:1015D000CD008301CC008A019201940121022302F3
:1015E00024022502260227022A02B300B4006F005B
:1015F00070009F01CB019F02A002E200E900EA0017
:10160000B500B600B700CD008301CC008A0192017D
:1016100094012102230224022502260227022A0223
:10162000B300B4006F0070009F01CB019F02A002C5
:101630000C200020003131295A1B750AFF000000E0
:10164000D9B7000811B8000829B8000845B8000843
:101650000001010101010101010102020202020275
:101660000202020303030303030303040404040448
:10167000040405050505050606060606070707070F
:101680000708080808090909090A0A0A0B0B0B0CC4
:101690000C0C0D0D0D0E0E0E0F0F0F101011111161
:1016A00012121313141415151616171718181919E2
:1016B0001A1A1B1B1C1D1D1E1E1F20202122222347
:1016C0002424252626272829292A2B2C2D2D2E2F88
:1016D00030313232333435363738393A3B3C3D3E9F
:1016E0003F404142434445464748494A4C4D4E4F8E
:1016F00050515354555658595A5B5D5E5F61626450
:10170000656668696B6C6D6F7072737577787A7BDC
:101710007D7E8082838587888A8C8E8F9193959633
:10172000989A9C9EA0A2A3A5A7A9ABADAFB1B3B553
:10173000B7BABCBEC0C2C4C6C9CBCDCFD1D4D6D82F
:10174000DBDDDFE2E4E7E9EBEEF0F3F5F8FAFDFFCD
:1017500000FF0100010000FFFF0000010001FF0089
:1017600000000000000400400F0000000000000026
:101770002000000000000000000000000000000049
:101780000000000000000000000000000000000059
:101790000000000000000000000000002A2B2800CC
:1017A0000000000000000000000000000000002910
:1017B000000000002C1E3420212224342627252E50
:1017C000362D3738271E1F20212223242526333388
:1017D000362E37381F0405060708090A0B0C0D0EB4
:1017E0000F101112131415161718191A1B1C1D2F80
:1017F0003130232D350405060708090A0B0C0D0EA0
:101800000F101112131415161718191A1B1C1D2F5F
:101810003130354C000000007E0F00D4FFFFFFC7C1
:1018200000000078F9DA000861DA000841D9000800
:1018300000000000611801087A1801089A180108D0
:10184000BC1801082A1901084C1901084422B609DC
:10185000025B00030100A0FA09040000010301017A
:10186000000921110100012244000705810308003D
:101870000109040100020300000009211101000117
:101880002222000705820320000107050203200031
:1018900001090402000103000000092111010001F7
:1018A00022B6000705830320000112010002000098
:1018B00000402D34C6E43000010203010501090691
:1018C000A101050719E029E7150025019508750113
:1018D00081029501750881010507190029FF15008E
:1018E00026FF0095067508810005081901290515D0
:1018F000002501950575019102950175039101C0BF
:10190000040309041203450050004F004D0041003C
:101910004B004500520000001003530070006C00A3
:10192000690074003600350000000660FF0961A1FF
:10193000010962150026FF009520750881020963E0
:10194000150026FF00952075089102C005010902C7
:10195000A10185020901A100050919012908150045
:1019600025019508750181020501093009311581AC
:10197000257F95027508810609381581257F950117
:1019800075088106050C0A38021581257F950175B9
:10199000088106C0C005010980A101850319012A3B
:1019A000B700150126B700950175108100C0050C20
:1019B0000901A101850419012AA002150126A0022E
:1019C000950175108100C005010906A10185060574
:1019D0000719E029E7150025019508750181020521
:1019E00007190029EF1500250195F0750181020501
:1019F0000819012905950575019102950175039155
:101A000001C03031323334353637383941424344FE
:101A100045460000F0230108A44F0020A44F0020F9
:101A2000A44F0020F0230108000000000000000087
:101A300000000000F023010800000000000000008A
:101A400000000000F023010800000000000000007A
:101A500000000000F023010800000000000000006A
:101A600000000000F023010800000000000000005A
:101A700000000000F023010800000000000000004A
:101A800000000000F023010800000000000000003A
:101A90000000000063300000941A0108083F002095
:101AA000184000206D61696E0069646C650000007B
:101AB00000000000A1F4000891F40008C1F400083F
:101AC000B1F40008BBF40008ABF400089BF4000874
:101AD0008BF40008CBF400080000010000006578DA
:101AE0006974006B696C6C000096000003000000D4
:101AF0000000000011F9000895070108F10701082E
:101B00004000400018400020184000200100000064
:101B10002C4000205245454E54206D616C6C6F6323
:101B20002073756363656564656400002E2E2F2E37
:101B30002E2F2E2E2F2E2E2F2E2E2F2E2E2F2E2EC0
:101B40002F2E2E2F6E65776C69622F6C6962632F62
:101B50007374646C69622F72616E642E630000009E
:101B60002C2066756E6374696F6E3A200000000069
:101B7000617373657274696F6E202225732220660B
:101B800061696C65643A2066696C65202225732260
:101B90002C206C696E65202564257325730A00006E
:101BA000232D302B20000000686C4C0065666745D3
:101BB0004647000030313233343536373839414208
:101BC0004344454600000000303132333435363767
:0C1BD00038396162636465660000000043
:081BDC0068E6FE7F0100000035
:101BE400040C002000000000B0100108901001084F
:101BF4007010010800000000000000000000000058
:101C040000000000000000000000000000000000D0
:101C140000000000000000000000000000000000C0
:101C240000000000000000000000000000000000B0
:101C340000000000000000000000000000000000A0
:101C4400000000000000FF000927000889270008A1
:101C540051290008D12700082D28000800000000A1
:101C64000100000040771B00000000640E08020120
:101C74000101010101010001FFFFFFFFFFFFFFFF61
:101C8400FFFFFF1C1B1A19181716FFFF1011121360
:101C94001415FFFFFF020F0E0D0C0BFFFFFF0306D1
:101CA4000708090AFFFFFF040105FFFF00FFFFFF0C
:101CB400FFFFFFFFFFFFFFFFFF1D1E1F202122FF6D
:101CC40023FF2C2B2A2928272625242D2E2F30319B
:101CD40032FF33343C3B3A3938FF373635FF3DFF6A
:101CE4003E3F4041424341401340052009300240F9
:101CF40024401F302D303B30483056304F20412097
:101D040034202620182003101510221030103E1005
:101D14004C1053004500370029001C000E00000041
:101D240060006E007C008A009800A500BA00D21002
:101D3400BE10AC109F1091108310751067105A10CC
:101D44005D206B20792086209420A220B820D22008
:101D5400D230C130AE309B308D3080307230643040
:101D64006B4086409440A240B040BF40D24004043F
:101D7400040404040404040404040404040404041F
:101D8400040404040404040404040404040404040F
:101D940004040404040404040404040404040404FF
:101DA40004040404040404040404040404040404EF
:101DB40004040000901F0020981F00201D740008D8
:101DC40000080040010800400208004003080040E9
:101DD400060000400A0400400B040040FFFFFFFF20
:101DE400FFFFFFFF00000040010000400200004030
:101DF40003000040040000400D0800400000000003
:101E04000100000000000000000000000C000200BF
:101E1400000000000C000E000000000000000000A4
:101E24000000000001001A00000000000000000093
:101E340008001B000000000000000000000000007B
:101E440031790008040024000000000000000000B4
:101E5400010028000000000000000000010029002B
:101E6400000000000000000001002A000000000043
:101E7400000000000C002C00000000000000000026
:101E840004003800000000001179000820003C0024
:101E94000000000000000000010039000000000004
:101EA400357900080000000020005C0000000000FC
:101EB4000000000000000000000000004500450094
:101EC40045004500450000FF00FFFF0339050114EC
:101ED4000A1E01500828030102000001000000004E
:101EE40000C20100030000008C4D00200096000099
:101EF4000300000089D20008B1DD0008C7DD000836
:101F0400D1DD0008DBDD0008E5DD0008000000008D
:101F140000000000020000000000000000000000BB
:101F240000000000000000000000000000000000AD
:101F3400000000000000000000000000000000009D
:101F4400000000000000000000000000000000008D
:101F54000000000006000000000000000000000077
:101F6400030000000000000000000000000000006A
:101F7400000000000000000000000000000000005D
:101F8400000000000000000000000000000000004D
:101F9400000000000000000000000000000000003D
:101FA400030000000000000000000000000000002A
:101FB400000000000000000000000000000000001D
:101FC400000000000000000000000000000000000D
:101FD40000000000000000000000000000000000FD
:101FE40000000000000000000000000020000000CD
:101FF400C40F00201010002099E3000879E30008C2
:10200400AFE3000891E40008ADE40008B9E4000877
:1020140000000000000000000400000000000000B8
:1020240000000000000000000000000000000000AC
:10203400000000000000000000000000000000009C
:10204400000000000000000000000000000000008C
:102054000000000000000000030000000000000079
:102064000000000006000000000000000000000066
:10207400000000000000000000000000000000005C
:10208400000000000000000000000000000000004C
:10209400000000000000000000000000000000003C
:1020A400000000002000000000000000000000000C
:1020B4002C0F0020780F00203010002000000000BA
:1020C4007C1000200000000000000000C810002068
:1020D400F5E30008CDE3000811E4000809E5000871
:1020E4002DE5000845E500080000000000000000A0
:1020F40000000000000000000000000000000000DC
:1021040000000000000000000000000000000000CB
:1021140000000000000000000000000000000000BB
:1021240000000000000000000000000000000000AB
:1021340008000000081100205411002099E3000851
:1021440079E30008AFE3000891E40008ADE4000877
:10215400B9E40008010200000000000000000000D3
:10216400000000000000000000000000000000006B
:10217400000000000000000000000000000000005B
:10218400000000000000000000000000000000004B
:10219400030000000000000079E1000800000000D6
:1021A4002000000000000000000000000200000009
:1021B400000000000000000000000000000000001B
:1021C400000000000000000000000000000000000B
:1021D40000000000000000000000000000000000FB
:1021E400504F002003000000040000002000000005
:1021F400D83D00200000000000000000EC1000208A
:1022040000000000000000000000000000000000CA
:1022140000000000000000000000000000000000BA
:1022240000000000000000000000000000000000AA
:102234000000000000000000030000000000000097
:1022440079E1000800000000080000000000000020
:102254000000000002000000000000000000000078
:10226400000000000000000000000000000000006A
:10227400000000000000000000000000000000005A
:102284000000000000000000504F0020010000008A
:102294000400000008000000883C0020000000004A
:1022A40000000000581100200000000000000000A1
:1022B400000000000000000000000000000000001A
:1022C400000000000000000000000000000000000A
:1022D40000000000000000000000000000000000FA
:1022E400030000000000000079E100080FE200088C
:1022F4002000200000000000000000000200000098
:1023040000000000000000000000000000000000C9
:1023140000000000000000000000000000000000B9
:1023240000000000000000000000000001000000A8
:10233400504F0020020000000400000020000000B4
:10234400B83C002000000000000000001410002031
:102354000000000000000000000000000000000079
:102364000000000000000000000000000000000069
:102374000000000000000000000000000000000059
:102384000000000000000000000000000000000049
:102394000000000000000000000000000000000039
:1023A4000000000000000000000000000000000029
:1023B4000000000000000000000000000000000019
:1023C400504F002002000000040000002000000024
:1023D400483D002000000000F8130020F8130020FE
:0C23E400000000000000000000D8B80558
:04000005080001B935
:00000001FF
