:020000040800F2
:1000000000040020B9010008BB010008BB01000882
:10001000BB010008BB010008BB010008BB010008D0
:10002000BB010008BB010008BB010008E1ED0008AE
:10003000BB010008BB010008BB0100086B020108FE
:10004000BB010008BB010008BB010008BB010008A0
:10005000BB010008BB0100085DFF000885FF000828
:10006000ADFF0008D5FF0008FDFF0008BB01000838
:10007000BB010008BB0100089D090108BB01000885
:1000800025000108BB010008BB010008BB010008F6
:10009000BB010008BB010008BB010008BB01000850
:1000A000BB010008BB010008890501089D05010886
:1000B000BB010008BB01000875030108BB01000873
:1000C0008903010889000108BB010008BB01000881
:1000D000BB010008BB010008BB010008BB01000810
:1000E00072B6264880F30888254880F30988254899
:1000F00025490860022080F31488BFF36F8F0EF04B
:1001000043FB0DF09BFE4FF0553020491B4A9142B6
:100110003CBF41F8040BFAE71D49194A91423CBF24
:1001200041F8040BFAE71B491B4A1C4B9A423EBF9D
:1001300051F8040B42F8040BF8E700201849194A5B
:1001400091423CBF41F8040BFAE70EF021FB0EF0A0
:100150001CFB154C154DAC4203DA54F8041B8847C0
:10016000F9E707F0A9FE124C124DAC4203DA54F83D
:10017000041B8847F9E70EF009BB000000040020CB
:10018000000C00200000000808ED00E00000002046
:1001900000040020FC1B0108000C00200C140020AF
:1001A00010140020A44F0020E0000008E000000828
:1001B000E0000008E000000892E700F000F8FEE729
:1001C0002DE9F04FC1F80CD0C3689D46BDE8F08F13
:1001D000002383F311882846A04700200EF006FD77
:1001E000FEE70EF037FC00DFFEE7000053B94AB926
:1001F000002908BF00281CBF4FF0FF314FF0FF302F
:1002000000F08AB9ADF1080C6DE904CE00F01AF8DF
:10021000DDF804E0DDE9022304B07047430803F091
:100220005533C01A830803F0333300F033301844D9
:1002300000EB101000F00F3000EB002000EB00404E
:10024000000E70472DE9F047089E0D46044688468B
:10025000002B4DD18A42944668D9B2FA82F252B14B
:1002600001FA02F3C2F1200120FA01F10CFA02FCBA
:1002700041EA030894404FEA1C41B8FBF1F71FFA2A
:100280008CFE01FB178807FB0EF0230C43EA0843A2
:1002900098420AD91CEB030307F1FF3580F01E8159
:1002A000984240F21B81023F63441B1AB3FBF1F0FA
:1002B00001FB103300FB0EFEA4B244EA0344A64542
:1002C0000AD91CEB040400F1FF3380F00981A64534
:1002D00040F20681644402380021A4EB0E0440EA97
:1002E00007401EB10023D440C6E90043BDE8F087B3
:1002F0008B4208D9002E00F0EE800021C6E90005EF
:100300000846BDE8F087B3FA83F100294AD1AB4231
:1003100002D3824200F2FC80841A65EB03030120C1
:100320009846002EE2D0C6E90048DFE702B9FFDEBA
:10033000B2FA82F2002A40F09180A1EB0C00012178
:100340004FEA1C471FFA8CFEB0FBF7F307FB1300C4
:10035000250C45EA00450EFB03F0A84208D91CEB2A
:10036000050503F1FF3802D2A84200F2CE804346D1
:100370002D1AB5FBF7F007FB10550EFB00FEA4B2DB
:1003800044EA0544A64508D91CEB040400F1FF35F6
:1003900002D2A64500F2B6802846A4EB0E0440EA3D
:1003A00003409EE7C1F120078B4022FA07FC4CEA8C
:1003B000030C25FA07FA4FEA1C49BAFBF9F820FAB0
:1003C00007F309FB18AA8D401FFA8CFE1D4300FAA3
:1003D00001F308FB0EF02C0C44EA0A44A04202FA96
:1003E00001F20BD91CEB040408F1FF3A80F088807D
:1003F000A04240F28580A8F102086444241AB4FBAC
:10040000F9F009FB104400FB0EFEADB245EA0444CE
:10041000A64508D91CEB040400F1FF356CD2A645B3
:100420006AD90238644440EA0840A0FB0295A4EB74
:100430000E04AC42C846AE4656D353D0002E69D007
:10044000B3EB080264EB0E0422FA01F304FA07F797
:100450001F43CC40C6E90074002147E70CFA02FCB8
:10046000C2F1200125FA01F34FEA1C4720FA01F1FD
:1004700095400D43B3FBF7F107FB11331FFA8CFED8
:10048000280C40EA034001FB0EF3834204FA02F415
:1004900008D91CEB000001F1FF382FD283422DD97F
:1004A00002396044C01AB0FBF7F307FB1300ADB28A
:1004B00045EA004503FB0EF0A84208D91CEB0505F0
:1004C00003F1FF3816D2A84214D9023B6544281A1A
:1004D00043EA014138E73146304607E72F46E4E674
:1004E0001846F9E64B45A9D2B9EB020865EB0C0EAC
:1004F0000138A3E74346EAE7284694E74146D1E7B7
:10050000D0467BE76444023847E7023B65442FE767
:10051000084606E73146E9E6704700BF062008B501
:1005200000F08AFA01200FF08FFB00BF032A10B5FC
:1005300016D940EA010C1CF0030F04460B4622D1E9
:1005400019462046D1F800E0D0F800C00433F44545
:1005500004F1040417D1043A032A20461946EFD8BF
:10056000541EA2B100F1FF3C013901E0C3180CD0C8
:100570001CF801EF11F8012FA4EB0C039645F5D000
:10058000AEEB020010BD541EECE7184610BD10463D
:1005900010BD00BF844641EA000313F0030349D1B4
:1005A000403A23D30B6803604B6843608B688360D9
:1005B000CB68C3600B6903614B6943618B698361DD
:1005C000CB69C3610B6A03624B6A43628B6A8362C5
:1005D000CB6AC3620B6B03634B6B43638B6B8363AD
:1005E000CB6BC36340304031403ADBD230320BD367
:1005F0000B6803604B6843608B688360CB68C360A3
:1006000010301031103AF3D20C3205D351F8043BBC
:1006100040F8043B043AF9D2043208D0D2071CBF98
:1006200011F8013B00F8013B01D30B8803806046C1
:10063000704700BF082A13D38B07B1D010F0030313
:10064000AED0C3F10403D21ADB071CBF11F8013B83
:1006500000F8013BA4D331F8023B20F8023B9FE7AE
:10066000043AD9D3013A11F8013B00F8013BF9D221
:100670000B7803704B7843708B78837060467047BB
:1006800088420DD98B1883420AD900EB020CBAB10B
:10069000624613F801CD994202F801CDF9D17047B5
:1006A0000F2A0ED8034602F1FF3C4AB10CF1010CAF
:1006B000013B8C4411F8012B614503F8012FF9D15E
:1006C000704740EA01039B074FD1A2F1100370B5B8
:1006D00001F1200C23F00F0501F1100E00F11004C0
:1006E000AC441B095EF8105C0EF1100E44F8105C6F
:1006F0005EF81C5C103444F81C5C5EF8185C44F82E
:10070000185C5EF8145CE64544F8145CEAD10133E9
:1007100012F00C0F01EB031102F00F0400EB0313B6
:1007200027D08E46043C24F003064FEA940C1E4466
:100730001C1F5EF8045B44F8045FB442F9D10CF16D
:10074000010402F0030203EB840301EB840102F1D4
:10075000FF3C4AB10CF1010C013B8C4411F8012B18
:10076000614503F8012FF9D170BD034602F1FF3C4A
:100770009CE72246EBE700BF830730B548D0541E04
:10078000002A3FD00346CAB201E0013C3AD303F845
:10079000012B9D07F9D1032C2DD9CDB245EA0525B2
:1007A0000F2C45EA054536D9A4F1100222F00F0CB2
:1007B00003F1200EE6444FEA121C03F1100242E955
:1007C000045542E9025510327245F8D10CF101028C
:1007D00014F00C0F03EB021204F00F0C13D0ACF169
:1007E000040323F003030433134442F8045B9342ED
:1007F000FBD10CF003042CB1CAB21C4403F8012B4A
:100800009C42FBD130BD64461346002CF4D1F9E77D
:1008100003461446BFE71A46A446E0E738B5124B34
:1008200004461D68AA6B1AB10023C2E9044338BD0F
:10083000182000F02DFA0246A86378B100210B239E
:1008400001209381C2E90401084B0949094DC2E91D
:10085000011300231560C2E9044338BD4221064B51
:10086000064800F0CDF900BF000C0020ECDE0500CA
:1008700034126DE60E33CDAB2C1B0108441B01086E
:1008800038B5194B1C68A26B8AB1136917495469B2
:1008900003FB01F1164800FB0411A3FB00300133F8
:1008A00041EB0001C2E9043121F0004038BD1820BD
:1008B00000F0EEF90246A06388B1012400250B2365
:1008C0000A480C49C2E90445116001460A4D0B4C27
:1008D00093810B4BC2E90154C2E9043138BD4E216A
:1008E000084B094800F08CF9000C00202DF45158F9
:1008F0002D7F954C0E33CDAB34126DE6ECDE05004A
:100900002E7F954C2C1B0108441B010838B5446C04
:100910000CB1002038BD8021054600F02FFA0246B8
:10092000686430B1031F7C3243F8044F9342FBD11B
:10093000EFE74FF0FF3038BD1F29F8B5054608D85E
:10094000466C0C4617464EB156F8240046F8247003
:10095000F8BD16234FF0FF302B60F8BD802100F06A
:100960000DFA0646686440B10021031F00F17C05C2
:1009700043F8041F9D42FBD1E6E74FF0FF30F8BD7E
:100980001F2938B5054620D8426C0C466AB152F88A
:10099000213053B1012B16D0591C10D00025204610
:1009A00042F824509847284638BD284600F0F8F809
:1009B000224601462846BDE8384000F0DDB816233F
:1009C00001202B6038BD002038BD16234FF0FF30CA
:1009D0002B6038BD1F292BD8426C38B50C46054614
:1009E00082B152F8243002EB84024BB1591C1AD068
:1009F000012B16D00025204615609847284638BDA3
:100A0000012038BD802100F0B9F90246686460B168
:100A10000020131F02F17C0143F8040F9942FBD11F
:100A2000DFE7032038BD022038BD4FF0FF3038BD6E
:100A30004FF0FF30704700BF38B5144B1F281D68BA
:100A40001FD86A6C044662B152F820304BB1012BBA
:100A500015D0591C0FD0002542F820509847284641
:100A600038BD284600F09CF8224601462846BDE8DD
:100A7000384000F081B8162301202B6038BD0020DB
:100A800038BD16234FF0FF302B6038BD000C00201E
:100A9000124B1F2870B51E6808D80D46716C0446AD
:100AA00049B151F8240041F8245070BD16234FF08D
:100AB000FF30336070BD8021304600F05FF90146A1
:100AC000706440B10022031F00F17C0C43F8042F36
:100AD0006345FBD1E5E74FF0FF3070BD000C00200F
:100AE00038B50B4B1D686C6C0CB1002038BD8021F3
:100AF000284600F043F9686438B1031F00F17C0216
:100B000043F8044F9342FBD1EFE74FF0FF3038BD7D
:100B1000000C002038B5174B1F281D6827D86A6CB9
:100B2000044682B152F8243002EB84024BB1591CC6
:100B30001BD0012B17D0002520461560984728466A
:100B400038BD012038BD8021284600F017F9024643
:100B5000686460B10020131F02F17C0143F8040FA8
:100B60008B42FBD1DEE7032038BD022038BD4FF0B9
:100B7000FF3038BD000C002070B50026074D04463C
:100B8000084611462E600FF067F8431C00D070BD78
:100B90002B68002BFBD0236070BD00BF1814002011
:100BA0000FF062B820F0030110F00300C0F1000064
:100BB00051F8043B00F1040C4FEACC0C6FF000023A
:100BC0001CBF22FA0CF213434FF0010C4CEA0C2C20
:100BD0004CEA0C4CA3EB0C0222EA030212EACC1200
:100BE00004BF51F8043B0430F4D0C2F1000102EA22
:100BF0000102B2FA82F2C2F11F0200EBD20070478A
:100C0000144600B51A460A4B0D461B6885B0DE68CF
:100C100003464CB1074901913046074902940095BB
:100C200000F022F8FFF77AFC04490C46F3E700BF16
:100C3000000C0020781B0108881B0108841B010898
:100C400008B513460022FFF7DBFF00BF0CB400B568
:100C500083B004AB53F8042B019300F025F903B0E3
:100C60005DF804EB02B070470EB400B5074A82B0DD
:100C700003AB0146106853F8042B019300F014F9FC
:100C800002B05DF804EB03B0704700BF000C002019
:100C9000024B0146186800F071B800BF000C00203C
:100CA000024B0146186800F003B800BF000C00209A
:100CB000002952D038B551F8043C0C1F002BB8BFA6
:100CC000E418054601F0AEF92B4A1368002B45D015
:100CD000A3420CD921686018834228D0636028465B
:100CE0001460BDE8384001F09FB9A3420FD81A46FE
:100CF0005B68002BF9D11168501884421DD034D3A1
:100D0000636054602846BDE8384001F08DB9116831
:100D10005018A04215D028D8216860188342EFD11E
:100D200018685B680144C4E900135460EAE7186876
:100D30005B680144C4E90013D1E7236819441160DA
:100D4000E0E720680144501883421160DAD1D3E90A
:100D500000030144C2E90013D4E7704728466360EA
:100D60001460BDE8384001F05FB90C2328462B60C1
:100D7000BDE8384001F058B910140020F8B5CD1C7A
:100D800025F0030508350C2D38BF0C25002D06462F
:100D900023DBA94221D8264F01F044F93A6822B357
:100DA000144603E063682246FBB11C4623685B1BC4
:100DB000F8D40B2B15D8636894420CBF3B6053608A
:100DC000304601F031F904F10B00231D20F007003B
:100DD000C21A01D01B1AA350F8BD0C2300203360A7
:100DE000F8BD23601C442560EAE77968D1B1294643
:100DF00030460EF01BFF431C01460CD0C41C24F0EF
:100E00000304A04205D03046611A0EF00FFF0130F6
:100E100001D02560D4E70C233046336001F004F99B
:100E20000020F8BD30460EF001FF7860DFE700BF1C
:100E3000101400209368013B002B936005DAD2F870
:100E400018C0634507DB0A2905D01368581C1060D9
:100E500008461970704700F069BB00BF9BB1F8B538
:100E6000134406460F46541E5D1E01E0AC4208D0F6
:100E70003A46304614F8011FFFF7DCFF431CF5D15A
:100E8000F8BD0020F8BD0020704700BF936810B582
:100E9000144613B91846536010BD00F031FE00230C
:100EA000C4E9013310BD00BF2DE9F04F0E46924654
:100EB0001C4607469FB018B18369002B00F0A8803C
:100EC000954B9E4200F0AA80944B9E4200F0B58064
:100ED000934B9E4208BFFE68B389180740F1A38078
:100EE0003369002B00F09F80002320220B933023D6
:100EF0009AF80010059401258A4C8DF831208DF860
:100F0000323000297DD0D1460B4604E019F8013F6C
:100F1000002B00F09480252BF8D1B9EB0A0B40F0A0
:100F2000918099F80030002B6BD000234FF0FF32F6
:100F300009F10109CDE90723069309938DF85B3088
:100F40001C9304E0001B05FA00F018430690CA4603
:100F50000522204619F8011B01F01CF8069B002809
:100F6000F0D1D90644BF20228DF85B201A0748BF74
:100F70002B229AF8001048BF8DF85B202A2972D1E5
:100F8000059A1168043200290592C0F2A0800991E7
:100F90009AF801100AF1010A2E2976D0DFF888911B
:100FA0000322484600F0F6FF48B14022069BA0EB22
:100FB000090002FA00F003430AF1010A06931AF845
:100FC000011B062259488DF8301000F0E3FF00287D
:100FD00000F08380564B002B6CD005A9009132465F
:100FE0003846544B06A9AFF300800390039B0133AE
:100FF00007D00B9B039A9AF8001013440B93002917
:1010000081D1B3895B0615D40B981FB0BDE8F08F72
:1010100000F056FD404B9E427FF456AF7E68B38988
:1010200018073FF55DAF3146384600F0E1FA002879
:101030003FF45AAF4FF0FF30E7E7BE684CE7B9EB3B
:101040000A0BDED0D046CAF1010A03E0934538D935
:1010500018F8011F32463846FFF7ECFE01300AEB64
:101060000802F3D1CDE7A1F13002092A94D8099BF7
:101070001AF8011F03EB830302EB4303A1F13002D3
:10108000092AF5D92E29099388D19AF801102A291D
:101090002DD1059B0AF102001A680433002A05933A
:1010A000B8BF4FF0FF339AF8021007928246B8BFDC
:1010B000079373E7059B073323F007030833059372
:1010C00097E70B9A99F800305A440B922BE7494264
:1010D00043F00203099106935AE705A900913246AD
:1010E0003846144B06A900F0CBF803907EE70023A6
:1010F000A1F13002092A0AF1010A07933FF64EAF27
:101100001AF8011F03EB830302EB4303A1F1300242
:10111000092AF5D9079341E7C8100108A81001086A
:1011200088100108B81B0108C01B0108C41B010876
:10113000000000005D0E00088C4600B58646134690
:10114000034A714610685DF804EB6246FFF7ACBED7
:10115000000C00202DE9F04791461E460A698B6875
:101160000C469A42B8BF1A46C9F8002091F843309D
:101170000546DDF8208013B10132C9F8002022684D
:1011800091065DD5D9F800300233C9F800302268E5
:1011900012F0060F11461ED1E168CB1A002BD8BF02
:1011A000114618DD002704F1190A06E0D9F80030CD
:1011B000E268A2EB030CBC450CDD0123524631462C
:1011C0002846C047013007F10107EFD14FF0FF304B
:1011D000BDE8F087216894F84330003B18BF012335
:1011E0008A060AD53021E21882F8431094F8451097
:1011F0005A1C2244023382F843103146284604F137
:101200004302C0470130E1D0236803F00603042BFA
:101210001DD0A3682269934225DD00279B1A1F4435
:1012200004F11A09002401E0BC421CDA01234A46F9
:1012300031462846C047013004F10104F4D1C5E726
:1012400012F0060F12D0003B18BF0123D5E7D9F8E2
:101250000030E1682269C91AA36821EAE177934264
:10126000DCDC0029DCDC0020BDE8F087E168D9F88F
:101270000030CB1A002BD8BF114693DCABE700BF80
:101280002DE9F04317460A7E85B00C46064698467F
:101290000C9D01F1430C002A33D0A2F15803D9B2BE
:1012A000202967D8202B65D8DFE813F0DD00640023
:1012B000640064006400640064006400640064000E
:1012C0006400A3006E0064006400640064006E00AB
:1012D000640064006400640021007F00BF006400BB
:1012E0006400AE0064007F0064006400E4002368D2
:1012F0001A0640F102812B686269191D29601B687A
:101300001A600023E14623613B4621463046CDF872
:10131000008003AAFFF71EFF013020D04A4639465D
:1013200030462369C047013019D02368E0689B0725
:10133000039919D5431A002B16DD002504F119096C
:1013400004E0E0680399431AAB420DDD01234A46ED
:1013500039463046C047013005F10105F1D14FF063
:10136000FF3005B0BDE8F0838842B8BF084605B03D
:10137000BDE8F083012384F8422004F1420923618F
:10138000002384F84330BFE72368190602D45A06C5
:1013900000F1BF8029680A68043129601146002ADB
:1013A0006ADB0A25DFF87CE110E02368180640F1CB
:1013B0009A802B68191D296019686F2A0CBF0825AF
:1013C0000A25DFF860E1002384F843306268002AD0
:1013D000A2607DDB236823F004032360002959D138
:1013E000002A77D1E146082D63D0ACEB09032361D5
:1013F0008AE701222B6804F14209196804332B6043
:1014000084F842102261BBE72B6800211A1D2A6074
:10141000D3F800906268484600F0BCFD00287FD0F9
:10142000A0EB090060602061AAE7236843F0200375
:1014300023607822DFF8F0E084F845202A68111D47
:101440002960190642D45D0640D51188D80744BFEB
:1014500043F020032360002943D12368102523F0A3
:1014600020032360AFE75823DFF8B8E084F8453065
:101470002368E3E72368DCE72D2284F843206268D1
:101480004942002AA26002DB23F0040323600A25FC
:10149000DFF890E0E146B1FBF5F30A4605FB1310D7
:1014A00019461EF80030AA4209F8013DF3D2082D72
:1014B0009BD12368D90798D5626823699A4294DC46
:1014C000302309F1FF3989F800308EE71168BDE754
:1014D0000029DFD19EF8003004F1420984F842303F
:1014E00081E710256FE713F0400F2B6803F104012B
:1014F00029600CBF196819885FE713F0400F2B684B
:10150000626903F1040129601B6814BF1A801A6024
:10151000F7E62A68B2F9001004322A600A463EE76C
:10152000606880E7CC1B0108E01B0108F8B506469F
:101530000D46144608B1836943B3254B9C422AD01B
:10154000244B9C4229D0244B9C4208BFF468A269DA
:10155000A389A2601A0722D5236903B322686169AF
:10156000D31AEDB299422F4629DD0133A168013922
:10157000A160511C2160157062699A4216D0A3893E
:10158000DB0701D50A2D11D03846F8BD00F098FAD6
:101590000F4B9C42D4D17468D9E7B468D7E7214691
:1015A000304600F025F838B92369D7E721463046A0
:1015B00000F024F90028E7D04FF0FF37E4E7214698
:1015C000304600F01BF90028F6D101232268CDE750
:1015D000C8100108A81001088810010803460A462F
:1015E000024908681946FFF7A1BF00BF000C0020A0
:1015F0003C4B70B51D6806460C460DB1AB69E3B1B6
:10160000394B9C421FD0394B9C424DD0384B9C42A9
:1016100008BFEC68B4F90C3018079AB219D52169E3
:1016200011B312F001002FD000256069A56040427F
:10163000A06100292ED0002070BD284600F040FA9D
:10164000294B9C42DFD16C68B4F90C3018079AB270
:10165000E5D4D1063ED5520728D4216943F00803CA
:10166000A3819AB20029DCD102F42070B0F5007F8A
:10167000D7D02146304600F0FFFBB4F90C30216989
:101680009AB212F00100CFD1950758BF6069A060EF
:101690000029D0D1120658BF0846CDD543F04003EB
:1016A0004FF0FF30A38170BDAC68B3E7616B51B1FF
:1016B00004F14402914204D03046FFF7F9FAB4F93C
:1016C0000C30002262630022216923F02403C4E964
:1016D0000012C3E7092243F0400332604FF0FF30AD
:1016E000A38170BD000C0020C8100108A8100108DB
:1016F00088100108F8B58B890C46190707463BD4BA
:101700006268002A55DDE66A002E50D000223D684E
:101710003A6013F4805250D101233846216AB04711
:10172000421C5CD0A389E66A5B0705D56368C01AD2
:10173000636B0BB1236CC01A0246216A0023384642
:10174000B047411C3BD13B68002B38D01D2B01D04A
:10175000162B4BD100232269C4E90023616B3D6045
:1017600029B304F14403994202D03846FFF7A0FAA6
:10177000002318466363F8BD2669C6B19A0718BFEF
:101780000023256808BF63692660AD1BA3600CE0D9
:101790002B463246D4F828C03846216AE047B0F1DB
:1017A000000CA5EB0C05664412DD002DF0DC0020DA
:1017B000F8BD226C002AA6DCF9E7606DB4E70022D0
:1017C000236962602360A389DB04C7D56065C5E730
:1017D000A3894FF0FF3043F04003A381F8BD3B687D
:1017E000002B9FD01D2B06D0162B04D0A38943F0CD
:1017F0004003A381F8BD00203D60F8BD38B50B69FA
:10180000BBB10C46054608B18369B3B10D4B9C4290
:1018100011D00D4B9C4213D00C4B9C4208BFEC687E
:10182000B4F90C302BB121462846BDE83840FFF70B
:1018300061BF002038BD6C68F2E700F041F9E5E7D0
:10184000AC68EDE7C8100108A8100108881001086D
:1018500038B540B303690446E3B1174B1D680DB1B9
:10186000AB69CBB1154B9C420FD0154B9C4221D09C
:10187000144B9C4208BFEC68B4F90C3053B12146BC
:101880002846BDE83840FFF735BF6C68B4F90C3026
:10189000002BF4D1002038BD284600F011F9074B89
:1018A0009C42E2D1F1E7084B08491868BDE838408E
:1018B00000F0BEBAAC68DFE7000C0020C8100108D9
:1018C000A81001088810010884100108FD170008FD
:1018D00000207047014900F0ABBA00BFFD170008B7
:1018E00000207047682270B54D1E02FB05F50E46BC
:1018F00005F17401FFF742FA044640B100210C30B3
:10190000C4E9016005F168022160FEF735FF204659
:1019100070BD00BF274B2DE9F0411E680746B36933
:1019200053B34FF004084836D6E90134013B04D5DF
:101930001EE05A1C04F168041AD0B4F90C50013BA3
:10194000002DF6D11C4B08222946C4E90055C4E9F4
:101950000253C4E904556566A56104F15C00FEF715
:101960000BFFC4E90D55C4E912552046BDE8F081CE
:1019700035682DB12E46D7E7304600F01FF8D0E786
:101980004FF4D6713846FFF7F9F9044668B105609F
:1019900029460546C0F804800C304FF4D072A06090
:1019A000FEF7EAFE34602E46BEE70C2330603B6053
:1019B000DBE700BF841001080100FFFF0023334A6A
:1019C0002DE9F0471268C0E912339042036508BF61
:1019D00001232F4908BF836181620546FFF79AFF03
:1019E000034628466B60FFF795FFA8602846002451
:1019F000FFF790FF04236E68DFF898A0DFF8989057
:101A0000DFF89880264FE8600822F3602146C6E997
:101A10000044C6E904447466B460B46106F15C0035
:101A2000FEF7AAFE1F4BC6E9086AC6E90A983763A3
:101A3000AE680822F3602146C6E90044C6E90444C2
:101A40007466B460B46106F15C00FEF795FE164B57
:101A5000C6E9086AC6E90A983763EE682146F3606A
:101A60000822C6E90044C6E904447466B460B4615F
:101A700006F15C00FEF780FE0123C6E9086AC6E9AC
:101A80000B87C6F82890AB61BDE8F0878410010889
:101A9000D51800087D200008A5200008E5200008D2
:101AA000052100080900010012000200024B034951
:101AB000186800F0BDB900BF84100108FD170008C8
:101AC000836903B97AE77047704700BF704700BF6A
:101AD000704700BF704700BF024B0349186800F011
:101AE00087B900BF000C0020D1180008024B034941
:101AF000186800F07DB900BF000C0020E118000854
:101B00009368002B00F0B7802DE9F04FB1F90C304D
:101B10000C4619078046174683B098B225D523692D
:101B20001BB310F002033D682DD04FF0000B5E4652
:101B3000DFF8B8A2002E00F08B80564533465A4697
:101B400028BF53464046216AD4F828C0E047002801
:101B500040F38780BB6883441B1A361ABB60002B96
:101B6000E8D1002003B0BDE8F08F21464046FFF7E2
:101B70003FFD002840F03681B4F90C303D6898B242
:101B800010F00203D1D110F0010976D14E46002E9B
:101B90005AD08205D4F808B040F1B580B3455A4612
:101BA00000F2CD8010F4906F00F0CB8023682169A3
:101BB000A3EB010B636903EB430A0AEBDA7A0BF13F
:101BC00001034FEA6A0A33445345524684BF9A469A
:101BD0005246430540F1EA8011464046FFF7CEF8F1
:101BE000002800F0F9805A4621690190FEF7D2FCE6
:101BF000A289019B22F4906242F08002A28103EB51
:101C00000B0023613246AAEB0B03B346C4F814A0C1
:101C1000A3602060B246002649460192FEF730FDDF
:101C2000A3682168019AA3EB0B030A44A360226016
:101C3000B868D144A0EB0A00B860002891D0B4F98C
:101C40000C0080B2002EA4D1D5E9009608359EE79D
:101C5000D5E900B608356DE721464046FFF7CEFDD1
:101C600080B3B4F90C304FF0FF3043F04003A38150
:101C700003B0BDE8F08F002070471E46AA46994683
:101C800018461D4656B3002832D04A4620682169BE
:101C9000B24228BF32468842636904D9A16803EB87
:101CA000010B5A4574DC934265DC2A464046216AA2
:101CB000D4F828C0E047B0F1000BD2DDB9EB0B0936
:101CC000CAD00120BB685D44A3EB0B03A6EB0B0657
:101CD000BB60002B3FF445AF002ED4D10AF10803BE
:101CE00053F8046C9A4653F8085C0833002EF7D07A
:101CF00032460A21284600F04DF9002869D001300B
:101D0000A0EB0509C1E72068236998421BD86369E5
:101D1000B34218D86FF0004CB44528BFB4469CFBC2
:101D2000F3FC4A4603FB0CF34046216AD4F828C072
:101D3000E047B0F1000A94DDA6EB0A0678E7B34667
:101D40003246206866E7B345DA4628BFB2464946C0
:101D50005246FEF795FCA3682268A3EB0A0352449F
:101D6000A3602260002BE7D121464046FFF746FDE5
:101D70000028E1D075E7294693460192FEF780FCE2
:101D8000A368019A9B1AA36023681A44226095E70E
:101D900029465A46FEF774FC236821465B444046B8
:101DA0002360FFF72BFD002888D05AE7404600F05B
:101DB0003DF9034600287FF422AF40462169FEF733
:101DC00077FF0C22B4F90C30C8F8002023F0800310
:101DD00049E7721C914659E70C22B4F90C30C8F857
:101DE000002040E74FF0FF30BCE600BF00FCFF7F63
:101DF0002DE9F0410026884600F14807D7E9015453
:101E0000013D0ED4A389013D012B06D9B4F90E3052
:101E1000013302D02046C04706436B1C04F168041E
:101E2000F0D13F68002FE9D13046BDE8F08100BF16
:101E30002DE9F8434FF000090746884600F14806AF
:101E4000D6E90154013D10D4A389013D012B08D9E5
:101E5000B4F90E30013304D021463846C04749EA70
:101E600000096B1C04F16804EED13668002EE7D13E
:101E70004846BDE8F88300BFF0B58B890C4699074A
:101E800097B007D5012204F14703C4E90432236067
:101E900017B0F0BDB4F90E10054600292DDB6A46D7
:101EA0000DF0B6FE002827DB019E4FF4806706F494
:101EB0007046A6F50056B6FA86F6394628467609E3
:101EC000FEF75CFF30B3A3891A4A43F08003AA628D
:101ED000C4E90407A3812060002ED9D02846B4F9B4
:101EE0000E100DF0A1FE0028D2D0A38923F0030329
:101EF00043F00103A381CBE7A38913F0800F14BF44
:101F000040274FF48067284639460026FEF736FF03
:101F10000028D8D1B4F90C309A05B9D4012123F0A6
:101F2000030304F1470243F00203C4E90421A3813F
:101F30002260ADE7D518000870B50C46B1F90E1057
:101F4000164600291D4696B013DB6A460DF060FE6A
:101F500000280EDB01994FF4806301F47041A1F574
:101F60000051B1FA81F1002049092960336016B0AF
:101F700070BD0022B4F90C302A601B0604D5402342
:101F80000020336016B070BD4FF4806300203360D2
:101F900016B070BD5FFA81FC810710D00346511E58
:101FA0002AB90AE09A0718460AD0013905D318461B
:101FB00013F8012B6245F5D1704700207047114698
:101FC00003290CD80029F8D00346014401E08B42D4
:101FD000F3D0184613F8012B6245F8D1ECE702461E
:101FE00010B54CEA0C2444EA044410460368043259
:101FF0006340A3F1013E2EEA030313F0803F04D1B6
:10200000043903291046F0D851B10346014401E0D8
:102010008B4205D0184613F8012B6245F8D110BD4C
:10202000002010BD704700BF704700BFF8B51446D0
:10203000F9B1CAB106460D4600F068F8A04202D3D5
:102040002F463846F8BD21463046FEF797FE074634
:102050000028F6D022462946FEF79CFA304629464B
:10206000FEF726FE3846F8BD2746FEF721FE384625
:10207000F8BD1146BDE8F840FEF780BE10B50C462D
:10208000B1F90E100DF0BBFD002803DB636D0344B6
:10209000636510BDA38923F48053A38110BD00BFE5
:1020A000002070472DE9F0410C46B1F90C101F4695
:1020B000CB05054616460BD421F48051A1813B4641
:1020C00032462846B4F90E10BDE8F0410DF09CBD33
:1020D000B4F90E10022300220DF098FDB4F90C1093
:1020E000EAE700BF10B50C46B1F90E100DF08EFDF9
:1020F000A389421C0EBF23F4805343F480536065D0
:10210000A38110BDB1F90E100DF077BD51F8040C8C
:102110000028A0F10400BCBF0B58C018704700BFD6
:102120002DE9F74304460D4609F08CF800274FF0DF
:1021300012092D4EDFF8B4807080E0B2854250D98C
:1021400000232B4A0FE01CF801EBBEF1FF0F01D07A
:1021500070451BD001310929F5D10133DBB20C2BBD
:1021600002F109023BD094460021ECE7012A07D195
:10217000012B05D173888DF800708DF8017016E081
:102180008DF801308DF80010738810E0D8F8002029
:102190002AB309FB032333F81120110AD3B2120A20
:1021A000E4D1002BECD18DF800308DF801308DF8A2
:1021B0000230009806F01CFBC0F307238DF80400E2
:1021C000C0F307408DF805308DF806009DF8063005
:1021D00020469DF805209DF8041007F0EFF8013423
:1021E000ABE703B0BDE8F083640C00201C140020B2
:1021F0009A0C0020032805D8D82202FB00F10248DF
:1022000005F0FAB8704700BF20140020074B084AB9
:1022100010B51A600023074C2370607009F012F8A3
:1022200060806078BDE81040FFF7E4BF1C14002018
:1022300020140020640C0020024B1878431E5842E2
:1022400058417047640C0020F0B5124B18780128F3
:102250001DD1114B1B68A3B112244A7804FB023331
:102260000A780E4933F812500E4631F8027BC4B298
:10227000AF4207D104F0070136F81110012023F80E
:102280001210F0BD01300928EFD10021F6E700203F
:10229000F7E700BF640C00201C140020F4100108B4
:1022A000704700002DE9F0431F4B85B01B784BB3FE
:1022B000002201AC1146104607F0B8F90025A046EF
:1022C0000A27DFF868900A2249464046FEF762F97D
:1022D00000F086FE0378EAB2B3FBF7F3934200D82E
:1022E000EAB900F07DFE03782678312B0DD9002362
:1022F000962219463046013507F060F80A2D04F1A0
:102300000104E0D105B0BDE8F08300F069FE037878
:102310001D2B4FF00003EBD81A469621EAE7002365
:1023200020781A461946E6E734400020E8100108F4
:10233000F8B50D4616460446364F002845D00BF03A
:1023400031F8354B38601A69570402D51A691104FF
:1023500042D41A69520402D41B691F043ED42E4A87
:102360001169C1F38033490405D5136913F4004F93
:1023700014BF002302232A78511E042930D9062ACB
:1023800030D0002A0CBF03200020244A14B9117851
:10239000994202D11C1A18BF0124022B137023D0BA
:1023A000032B2AD0012B31D102232B7094B100F0E2
:1023B00071FA0022314600F0B7F90AF0F3FF184B2A
:1023C00018600AF0C2FF012005E038680AF09FFF9C
:1023D0003228B4D80020F8BD0323CCE70123CAE794
:1023E0000120D2E70220D0E703232B70002CF1D08C
:1023F00000F050FA00220621DDE701232B70002CAB
:10240000E8D000F047FA00221146D4E7002CE1D0D2
:10241000D3E700BF0015002000080040FC14002096
:10242000F8140020014B1860704700BFF81400201A
:1024300070B503F05DF90446B8B100F0CDFD284D4C
:1024400002782B789A4206D000F0C6FD002203786D
:102450002B70244B1A6000F0BFFD0378022B16D0BE
:10246000032B04D00BB91F4A1360204670BD1D4DCD
:102470002E689EB90AF096FF286000F00BFA054618
:1024800000F008FA32460146284601F0E3FE154DF9
:102490002868C0B90AF086FF2860E6E730460AF0EF
:1024A00036FF47F22F539842F1D90AF07BFF28609C
:1024B000112000F051FF44F620600CF09CFB01203D
:1024C00000F0F0FBE3E70AF022FF074B9842CCD97B
:1024D0000AF068FF2860012000F0E4FBC5E700BFB8
:1024E000FD140020F8140020DF93040013B58DF8CC
:1024F00007100DF10701FFF71BFF044608B9FFF7AE
:1025000097FF204602B010BD2DE9F04103F0F0F82E
:10251000002828D020224FF4804158480DF034FE86
:1025200000BF00BF00BF00BF00BF00BF00BF00BFB3
:1025300000BF00BF00BF00BF00BF00BF00BF00BFA3
:1025400000BF00BF00BF00BF00BF00BF00BF00BF93
:10255000302383F3118803220E2148480DF034FE06
:10256000002383F3118803F0C3F8002828D0202229
:102570004FF4004141480DF007FE00BF00BF00BF0F
:1025800000BF00BF00BF00BF00BF00BF00BF00BF53
:1025900000BF00BF00BF00BF00BF00BF00BF00BF43
:1025A00000BF00BF00BF00BF00BF302383F311880E
:1025B00003220F2131480DF007FE002383F3118819
:1025C0002F4B1B7873B309244FF001082D4E56F89A
:1025D000041B4A1C0BD021F00F0701F00F0108FA71
:1025E00001F50122294638460DF0CEFDBD61013CC2
:1025F00014F0FF04EBD14FF00108234E56F8041BF2
:102600004B1C0BD021F00F0701F00F0108FA01F568
:102610000122294638460DF0B7FDBD610134E4B210
:10262000092CEBD1002280214FF080400DF0ACFD51
:1026300000BF00BF00BF00BF00BF00BF00BF00BFA2
:1026400000BF00BF00BF00BF00BF00BF00BF00BF92
:1026500000BF00BF00BF00BF00BF00BF00BF00BF82
:10266000302383F31188012207214FF080400DF0C1
:10267000ABFD002383F31188BDE8F0810008004022
:10268000F01E00200411010828110108072805D0B8
:102690000E38012804D8072000F0E4BA0320FBE735
:1026A0007047000008B503F023F838B14FF08043BD
:1026B0004FF400129A614FF000729A61074B1B7839
:1026C0005BB1112000F048FE44F620600CF093FA54
:1026D000BDE80840022000F0C5BA08BDF01E002089
:1026E00010B5084C237863B100F0C2FA0338012812
:1026F0009DBF0023032023700220BDE8104000F09E
:10270000A3BA10BDF01E002008B500F065FC0378E8
:10271000022B03D100F068FC007808BD0020FCE724
:1027200000F04ABC70470000F8B50C461546064656
:10273000F8B921BB134F3B78A34200D13DB100F063
:102740004BFC0323037000F04FFC002303703C702C
:1027500004F04EFA2946204600F09AFE2A46214609
:10276000304601F077FD2A4621463046FFF7DAFF72
:10277000F8BD0029DED1012000F00EFADAE70220D0
:10278000FAE700BF1A15002037B5044600F024FC14
:102790000378012B0DD00025CDE9005500F01CFC7D
:1027A0000378022B07D0094B2A4619780846FFF711
:1027B000BBFF03B030BD24B1082221466846FDF7B7
:1027C000E9FE684600F026FDF3E700BF1A15002079
:1027D00037B5044600F000FC0378012B0ED000252D
:1027E00000958DF8045000F0F7FB0378022B07D01A
:1027F0000D4B2A4619780846FFF796FF03B030BD07
:1028000074B163788DF80030A3788DF80130E378E7
:102810008DF8023063798DF8033023798DF8043018
:10282000684600F05BFDE9E71A15002037B504465D
:1028300000F0D2FB0378012B0DD00025ADF8065037
:1028400000F0CAFB0378022B07D0114B2A461978F7
:102850000846FFF769FF03B030BD002CFBD063785A
:10286000A27843EA0223ADF80630813B022B09D857
:1028700001220DF1060002FA03F3ADF8063000F074
:1028800011FDE8E70DF1060000F0F6FCE3E700BFFC
:102890001A150020014B1878704700BF1A15002048
:1028A00038B5154C00252378032B22D8DFE803F038
:1028B000020B131B0A2311488370C5700AF024FB16
:1028C0000123237038BDF6230C48C37085700AF0CD
:1028D0001BFB0223F5E7F62308488370C5700AF056
:1028E00013FB0323EDE70A2304488570C3700AF045
:1028F0000BFB2570E6E700BF041500200C15002037
:102900007047000010B5FFF7FBFF00F079FA00F008
:1029100075FB01F03FFA00F05BF9012803D1BDE837
:10292000104000F05BB900F089F968B9074C2068E5
:1029300004F0B6FC40F6B733984205D900F00EFE1D
:1029400010B104F09DFC206010BD00BF08150020F0
:102950002DE9F04F00258FB08146CDE90255049551
:10296000ADF8145000F038FB0378012B0AD000F0CA
:1029700033FB0378022B08D05C4B2A4619780846B3
:10298000FFF7D2FE0FB0BDE8F08FB9F1000F00F0F5
:10299000A4804FF01E082022494606A8FDF7FAFD44
:1029A000534F9DF819300DF11A063B7016F8010BC4
:1029B000FDF734FC08F1FF34054414F0FF08EDB2D4
:1029C000F4D14C4E4FF0060BB2461AF8013B9BB3C4
:1029D00000242246D3B29D420BD81AF8013CA342F0
:1029E00018BF0AF8018C22E001331E2B04D11C46CB
:1029F00007E000230DF11A0111F8010BDCB20028E9
:102A0000F2D004F138036B4413F81E0C019202F06B
:102A1000FEFF40EAC404E4B2214606A80AF044FBE3
:102A20001AF8013C019AA34202F10102D2D10BF142
:102A3000FF3B1BF0FF0BC8D14946202206A8FDF73B
:102A4000A9FD4FF000084FF001095FFA88F39D429D
:102A50000FD800F095FA002845D125480AF03EFA33
:102A600002A800F0F0FB8DE701331E2B04D11C46B9
:102A700007E000230DF11A0212F8011BDCB2002955
:102A8000F2D004F138036B4413F81E0C02F0BFFFC0
:102A900040EAC404E4B2214606A80AF005FB324627
:102AA000002312F8011BA14202D021B93B449C70C3
:102AB00008F10108C9E70133062BF2D16F2CF7D8D2
:102AC0000EAB03EBD40313F8301C04F0070409FA2F
:102AD00004F40C4303F8304CEAE708224946044862
:102AE000FDF74AFEB5E7FFF70DFFB2E71A15002024
:102AF000121500201415002070B5044660B10AF0CC
:102B0000BDF90D4B834215D018460AF0B1F9BDE866
:102B1000704001200AF09ABB00F05EFA0378022BA5
:102B200008D1054D20466B6898472046AB68BDE844
:102B30007040184770BD00BF680C002038B50446CF
:102B400088B10AF09BF9114C84421ED00122104B2F
:102B50001A7001F051F80F480BF0E0F82046BDE87C
:102B600038400AF085B90B4B1B78042B05D1074D73
:102B70006B6898472046AB68984706480CF0D0FD34
:102B800004480DF0CBF901F03FF838BD140F0020D8
:102B90003D3C0020504F002010B50C4B04461A78E5
:102BA000824204D00128187002D0022807D010BD3C
:102BB0000020FFF7A1FF2046FFF7C0FFF7E7002046
:102BC000FFF7BCFF0120FFF797FFF0E7800C002024
:102BD000014B1878704700BF800C002010B5FFF73C
:102BE00059FE0E4CB0B90E4B1B78052B12D1236841
:102BF00013B904F045FB2060206804F051FB41F656
:102C00005733984208D9002301202360BDE81040C3
:102C100000F048B80023236010BD00BF1C15002041
:102C2000504F002008B5044B186804F039FBC72842
:102C300094BF0020012008BD24150020014B187806
:102C4000704700BF20150020014B1870704700BF6F
:102C50002015002008B504F013FB014B186008BDD7
:102C600024150020014B1870704700BF2815002064
:102C7000014B1878704700BF28150020302310B58D
:102C800083F3118800F0A0FC002484F3118872B64D
:102C900000F052FE00F094FD04F066FC84F311880D
:102CA00062B610BD014B1870704700BF2915002097
:102CB00010B5074C237828B11BB1FFF7CBFF0323D6
:102CC000237010BD002BFCD10122024B1A70F8E7D3
:102CD0002015002029150020F8B50F4B0F4E1F6856
:102CE00001F001F8054618B9002434702046F8BDFB
:102CF000FFF7D0FD18B90A4B1B78042BF4D03478B9
:102D00001CB100232C463370F0E7002FEED003F007
:102D100063FFB842EAD3F4E7840C002029150020B1
:102D2000504F002008B500F0E5FF18B1BDE808409D
:102D3000FFF778BF08BD0120704708B5FFF7FBFF1C
:102D400018B1BDE80840FFF76DBF08BD70B5FFF7CB
:102D5000A1FD044668B9084E3578012D09D100F06F
:102D60004BFF30460AF0DAFF224621462846FFF79D
:102D7000DBFC012070BD00BF504F002008B5FFF7FD
:102D8000E5FF18B1BDE80840FFF74CBF08BD70472C
:102D900008B508F0A7F9003818BF0120044B1870D7
:102DA00008F088F90AF0C8FAFFF7F1FF08BD00BF84
:102DB0002A150020002310B5074C2370FFF772FC82
:102DC000FFF75CFF2378054A022B18BF032313701B
:102DD000FFF786FC10BD00BF28150020201500203D
:102DE00008B5064B1B780BB108F04AF90AF0ADFAAA
:102DF00002F05AFCBDE8084003F0FABE2A15002094
:102E000010B5154C2378032B1BD8DFE803F0020A1A
:102E1000131BFFF761FFA0B1FFF71CFF0123237015
:102E20000FE0FFF77FFF60B1FFF7B2FFFFF712FF80
:102E30000223F4E7FFF781FF18B1FFF70BFFFFF75D
:102E4000B9FF10BDFFF79AFF0028FAD0FFF7C8FFBF
:102E5000FFF700FF0023E2E720150020202938B506
:102E600005460C4610D1FFF7B3FE012806D12246D5
:102E70002946BDE8384002200AF096BF2146284680
:102E8000BDE8384000F0E0BA38BD09F0A5BE00004A
:102E9000054A064B06495A60116051609A60DA6033
:102EA000002219611A707047101D0020FC1C0020C0
:102EB0002B1500202DE9F041174C0E466768A568D8
:102EC00007F59C784545E36804D19F4206D1002070
:102ED000BDE8F08105F108029342F7E70F49226946
:102EE00001F2CF739B1A312B98BF2161322EEED89D
:102EF0002369014632461846FDF74CFB034645451B
:102F0000334428606B6018BF08354FF0010023611F
:102F10000CBFA760A560DBE7FC1C00202B15002080
:102F2000074A10B5D3689268934207D0D3E90014DA
:102F3000641A2246FDF72EFB204610BD0024FBE755
:102F4000FC1C0020074BDA6899688A4208D059684F
:102F500001F59C70824201D1D96070470832DA6075
:102F6000704700BFFC1C0020014B1878704700BF61
:102F7000FC1C0020014B1870704700BFFC1C002097
:102F8000034BD8689B68C01A18BF0120704700BF68
:102F9000FC1C00200246002330B50C1812F8015B1F
:102FA0002B44A242DBB2F9D1435430BD012070471B
:102FB00008B5FFF7FBFF08BD08B54FF4E1300AF094
:102FC00087FCFFF765FFBDE8084024220021014887
:102FD000FDF7D2BB551E002000487047880C00202A
:102FE000004870478B0C002000487047890C002077
:102FF00018B111B189B20AF09BBC704773B5FFF7E5
:10300000B3FF03280FD8DFE800F040022D3B774BD9
:10301000186804F045F90A2805D900220220744BEB
:103020001A70FFF7A7FF734D734C0AF08BFC002852
:1030300056D00AF073FC2A68012A38D0022A3ED002
:10304000002A5BD161282FD85F2804D8A0F15A0349
:10305000DBB2032BE9D8012302222B60674B2070DF
:103060001A70E2E7624A13780133DBB2282B02D8E8
:1030700013700020D5E700231370FFF763FFF8E714
:10308000FFF760FF0020FFF775FF5D48FFF748FF7F
:1030900001460028C7D05A48FFF7AAFF04F0F0F80D
:1030A000524B18600120BCE7AF28BED1D3E7022302
:1030B000524A2B6013786070013B1370B5E7237898
:1030C000612B0FD163780D2B18D10A2816D1FFF789
:1030D0004BFF012802D10320FFF74CFF00232B6098
:1030E00002B070BDAF2B09D16378602B06D10323EA
:1030F0002B60424BA0700130187096E73F49531C7B
:103100002B600B78A054013BDBB20B70002B8CD1F1
:10311000194639488A421FD1A25C9A4230D1032213
:10312000384901A8FDF736FA032101A80AF000FC8E
:1031300020462978FFF73CFF0028D1D02378602B68
:1031400010D8592B1CD95A3B062B19D8DFE803F0AD
:103150001B1F3F431818470010F8016B013133441F
:10316000DBB2D7E7AF2B0BD1A678202E08D12649AA
:1031700032462648FDF70EFA31462448FFF785FE11
:1031800000232B6051E76278214B5A70F8E763788F
:10319000313B052BF4D801A252F823F0B5310008D9
:1031A000BD310008C33100088131000881310008B9
:1031B000C93100080122164B1A70E1E70222144BB4
:1031C000FAE70322124BF7E70422114BF4E7627887
:1031D0000F4BDA70D4E762780D4B9A70D0E76078C5
:1031E000431E58425841FFF763FDC9E7C01E002047
:1031F000BD1E0020501E0020991E0020541E0020DD
:10320000551E00204C1101089C1E0020791E002034
:10321000880C00201FB5002301930293ADF80C30F9
:10322000A123082201460DF105008DF80430FDF7B9
:10323000B1F901A80921FFF7ADFE0A21FFF73AFE17
:1032400005B05DF804FB1FB50023CDE90033029300
:103250000393A2230E2201460DF101008DF80030E8
:10326000FDF798F968460F21FFF794FE1021FFF74C
:1032700021FE05B05DF804FB002307B50193A323ED
:10328000022201460DF105008DF80430FDF782F9A8
:1032900001A80321FFF77EFE0421FFF70BFE03B018
:1032A0005DF804FB37B5022504462A460A4901A801
:1032B000FDF770F900238DF80630A4238DF8043053
:1032C0002378294601A88DF80530FFF763FE032116
:1032D000FFF7F0FD03B030BD380F0108002307B53C
:1032E0000093ADF804308DF80630A823052201467E
:1032F0000DF101008DF80030FDF74CF9684606210C
:10330000FFF748FE0721FFF7D5FD03B05DF804FB8A
:1033100030B50021054687B0112201A80091FDF7C4
:103320002BFA2846FDF73EFCC4B2122C11D8A92373
:10333000224629460DF102008DF800308DF801403B
:10334000FDF728F9A11C6846FFF724FE1521FFF7B9
:10335000B1FD07B030BD000037B5022504462A464E
:103360000A4901A8FDF716F900238DF80630A623B7
:10337000294601A88DF804308DF80540FFF70AFEB4
:103380000321FFF797FD03B030BD00BF380F0108E0
:1033900030B50C4600218FB005462D2202A80191C0
:1033A000FDF7EAF92E2C11D8AB23224629460DF160
:1033B00006008DF804308DF80540FDF7EBF8A11CF0
:1033C00001A8FFF7E7FDE11CFFF774FD0FB030BD6A
:1033D00030B50C4600218FB005462D2202A8019180
:1033E000FDF7CAF92E2C11D8AC23224629460DF13F
:1033F00006008DF804308DF80540FDF7CBF8A11CD0
:1034000001A8FFF7C7FDE11CFFF754FD0FB030BD69
:103410001FB5002304220293ADF80C30AD2340EA1F
:10342000014001900DEB02010DF109008DF808300B
:10343000FDF7B0F802A80521FFF7ACFD0621FFF764
:1034400039FD05B05DF804FB30B50C4600218BB0AA
:103450000546202202A80191FDF78EF9202C14D1F7
:10346000AF238DF804306123224629460DF1070071
:103470008DF805308DF80640FDF78CF8232101A862
:10348000FFF788FD2421FFF715FD0BB030BD0000CC
:1034900010B50C46062851D8DFE800F004212C3581
:1034A0003E4709001120BDE81040FFF755BF30200E
:1034B000FFF752FF002C41D012212148FFF768FF8F
:1034C00018212048FFF784FF43F22D404EF2C641F9
:1034D000FFF79EFF5220FFF73FFF5120E3E7312027
:1034E000FFF73AFF54B35220FFF736FF1648FFF7B5
:1034F0000FFFF2E73220FFF72FFFFCB15220FFF75A
:103500002BFF1248F3E73320FFF726FFB4B1522018
:10351000FFF722FF0E48EAE73420FFF71DFF6CB1EA
:103520005220FFF719FF0B48E1E73520FFF714FFA2
:1035300024B15220FFF710FF0748D8E710BD00BFA5
:1035400050110108621101087A1101088411010863
:103550008E11010898110108A411010808B5FFF7A0
:103560000FFD20B95320FFF7F7FE012008BD002012
:10357000FCE7000010B5C4B20B2C03D0122C0ED007
:10358000012000E00220FFF76DFB2046FFF77EF8E8
:103590000CF0D3FD4FF0FF32024B5A6110BD0420F6
:1035A000F1E700BF001800400023054A0549C2E9C1
:1035B00000130133102B02F10802F8D1704700BF4D
:1035C000B04B0020753500082DE9F041FFF7ECFF06
:1035D00002F08EF8002800F0938009254FF00108D2
:1035E000724E56F8041B481C0CD021F00F0701F056
:1035F0000F0108FA01F421460522384624040CF094
:10360000C3FDBC61013D15F0FF05EAD1062401268A
:103610003027674D55F8040B411C2ED000F00F01E8
:10362000202206FA01F120F00F000CF0ADFD00BFE2
:1036300000BF00BF00BF00BF00BF00BF00BF00BF92
:1036400000BF00BF00BF00BF00BF00BF00BF00BF82
:1036500000BF00BF00BF00BF00BF00BF00BF87F3B7
:10366000118855F8040C022200F00F0120F00F0021
:103670000CF0AAFD002383F31188013C14F0FF0431
:10368000C8D100224FF480614FF080400CF07CFDE7
:1036900000BF00BF00BF00BF00BF00BF00BF00BF32
:1036A00000BF00BF00BF00BF00BF00BF00BF00BF22
:1036B00000BF00BF00BF00BF00BF00BF00BF00BF12
:1036C000302585F3118803220A214FF080400CF049
:1036D0007BFD002484F3118885F3118801220C21DD
:1036E0004FF080400CF070FD84F3118806212320F8
:1036F0000CF0CAFAFEF708FFBDE8F0410CF0FEBC82
:1037000009254FF001082B4E56F8041B4A1C0CD01B
:1037100021F00F0701F00F0108FA01F421460522FC
:10372000384624040CF030FDBC61013D15F0FF0566
:10373000EAD10624012630271F4D55F8040B431CFF
:103740002ED000F00F01202206FA01F120F00F0028
:103750000CF01AFD00BF00BF00BF00BF00BF00BFDC
:1037600000BF00BF00BF00BF00BF00BF00BF00BF61
:1037700000BF00BF00BF00BF00BF00BF00BF00BF51
:1037800000BF00BF87F3118855F8040C022200F037
:103790000F0120F00F000CF017FD002383F31188B8
:1037A000013C14F0FF04C8D16BE700BFB011010861
:1037B00054120108D4110108541201087047000086
:1037C00008B50AF03BFB03222B4B2C499A620C22D2
:1037D000DA62D1F890202A4822F01802C1F890202D
:1037E00000229A62DA62D3F8402C03F5406342F477
:1037F00080721A641A6C4FF4006142F002021A647B
:1038000001225A63DA67DA6608225A615A695A61F4
:103810005A6942F001025A619A6C42F4C0629A6499
:103820009A6C9A6C42F480429A649A6CDA6C42F018
:103830000802DA64DA6C9A6C42F480529A649A6CE8
:10384000DA6C42F01002DA6440F28232DB6C0CF087
:103850009BFC40F282324FF400714FF080400CF03C
:1038600093FC40F282324FF480614FF080400CF0C4
:103870008BFCFFF7A3FF08BD0000014000040140DE
:10388000000800404FF0E02210B500210124136928
:1038900023F001031361224B224A5A6100228B005C
:1038A00003F1604303F56143D3F80001D040C00742
:1038B00048BF04FA02F002F1010248BFC3F88001D8
:1038C000202AF1D101310829E8D1174C636843F06F
:1038D00000736360154B1A6802F009021A601A68D7
:1038E00042F46C3242F004021A6040F2B3321A62BF
:1038F0000F4B43F001039847236943F0040323610E
:1039000030BF0C4B43F0010398474FF0E02223698E
:1039100023F004032361136943F00103136110BD15
:1039200000180040FFFF070000ED00E0000001402C
:103930002C120108F8110108FFF7A4BF0B8807B586
:10394000A3F5FC43032B1ED8DFE803F002213B550F
:10395000364A012013789278C3F3420302F007023B
:103960000DF107018DF80730FEF7E2FC9DF80730F6
:10397000042B02D013F0FD0F05D1FEF78BFF0122BF
:103980001146FEF7D1FE002003B05DF804FB274A84
:10399000012013789278C3F3420302F007020DF17D
:1039A00007018DF80730FEF7C3FC9DF80730042BA4
:1039B00002D013F0FD0FE6D1FEF76CFF01220221C9
:1039C000DFE71A4A012013789278C3F3420302F02A
:1039D00007020DF107018DF80730FEF7A9FC9DF8ED
:1039E0000730042B02D013F0FD0FCCD1FEF752FFAD
:1039F00001220321C5E70D4A012013789278C3F311
:103A0000420302F007020DF107018DF80730FEF7BF
:103A10008FFC9DF80730DA1E012A01D9002BB2D1A4
:103A2000FEF738FF01220621ABE700BFAC490020BA
:103A300008B540F282324FF400714FF080400CF034
:103A4000A3FBBDE8084040F282324FF480614FF0A2
:103A500080400CF099BB000010B50A4C238803F09D
:103A60000E0363F0FE032380A37823F00F0343F0DB
:103A70000103A370FEF714FC2068BDE8104003F0BA
:103A80005EB800BFAC490020002310B586B08DF8A9
:103A90000C3004938DF8143055238DF8083005232D
:103AA00004AC8DF809008DF80A108DF80B2019462A
:103AB000009402AA0F2004F0ADF906B010BD00007A
:103AC00008B503F03AF8044B186018B9BDE808408F
:103AD000FFF7C2BF08BD00BFAC49002008B5FFF723
:103AE000EFFF09F05FFC3C4B186001F001FE012282
:103AF000202100285CD04FF080400CF045FB07F0FF
:103B0000A1FB18B14FF0804320229A6101224FF4AB
:103B100080714FF080400CF037FB07F093FB20B131
:103B20004FF080434FF480729A6120224FF480411D
:103B30002A480CF029FB20224FF4004127480CF0C2
:103B400023FB4FF4003326480122836102210CF04D
:103B50001BFB002280214FF080400CF015FB4FF43E
:103B6000004120224FF080400CF00EFBFEF7D8FD04
:103B700009F018FC1B4B186003F083F81A4B1878F7
:103B80000009FEF743FB07F039FB184BC0F307228F
:103B90001870C0F307405A709870FFF721FA144B61
:103BA000027814491A700F20BDE8084004F024B9C7
:103BB0004FF080400CF0E8FA01224FF480714FF092
:103BC00080400CF0E1FA07F03DFB0028ADD04FF04B
:103BD000804320229A61A5E7E81E002000080040EB
:103BE00000040040F41E0020AC490020A849002039
:103BF00038400020E55500084FF40032014B9A612F
:103C0000704700BF000400400222014B9A617047D8
:103C1000000400407FB5FFF70BFF042200210DF1E7
:103C20000900FCF7A9FD002204AB04928DF81420D2
:103C30000093CC2205238DF80820194602AA0F20F4
:103C400004F0E8F807B05DF804FB10B501F050FD92
:103C500070B107F0F7FA18B14FF0804320229A6153
:103C600007F0F0FA20B14FF080434FF480729A6170
:103C7000FEF710FE0446FEF70DFE00220146204628
:103C8000FEF752FDFFF7C6FF09F08CFBBDE81040C0
:103C9000FEF7C8BB7FB5042200210DF10900FCF737
:103CA0006BFD002204AB04928DF814200093BB221C
:103CB00005238DF80820194602AA0F2004F0AAF85F
:103CC00007B05DF804FB08B501F012FD38B14FF004
:103CD00080434FF400129A614FF080729A61BDE800
:103CE0000840FFF7D7BF08B5FEF7D4FD003818BF6E
:103CF000012008BD10B586B001F0FAFC48B30023DE
:103D0000ADF80A308DF80C3004938DF81430AA23E6
:103D10008DF808301A4B04AA1B780F208DF8093053
:103D200005230092194602AA04F074F8154B1B787B
:103D300013F00E0F0DD004224FF480614FF080403D
:103D40000CF022FA04224FF400714FF080400CF086
:103D50001BFAFEF79FFD78B90B4B1B7863B90B4C30
:103D60002378012B08D00222094B20469A610CF0DF
:103D7000D5F820460BF0D4FC012006B010BD00BFE2
:103D8000F01E0020AC490020D01E0020504F002023
:103D90000004004038B5144D144C2868C8B109F02F
:103DA000B6FA632815D97020FFF7D6FA5520FFF729
:103DB000D3FA5720FFF7D0FA0022217811F00E0F26
:103DC0000CBF01201046C1F34201FEF7ADFC0023F9
:103DD0002B60A27821780020BDE8384002F007026D
:103DE000C1F34201FEF782BBF41E0020AC49002063
:103DF000554B37B51880A0F5FC400C46032800F25F
:103E0000A080DFE800F002355778504A012013788F
:103E10009278C3F3420302F007020DF107018DF817
:103E20000730FEF785FA9DF80730042B02D013F017
:103E3000FD0F1AD16579464C002D7DD0FEF72AFD85
:103E4000012805D0FEF726FD00220121FEF76CFCBB
:103E5000237833B940F6B8303B4A3E4907F008FEB4
:103E6000207009F09FFAFEF7DDFA002003B030BDA4
:103E7000364A012013789278C3F3420302F0070216
:103E80000DF107018DF80730FEF752FA9DF8073063
:103E9000042B02D013F0FD0FE7D165792C4C002DD7
:103EA0004AD0FEF7F7FC0228D2D0FEF7F3FC00223E
:103EB0000221CBE7254A012013789278C3F342030D
:103EC00002F007020DF107018DF80730FEF730FA16
:103ED0009DF80730042B02D013F0FD0FC5D1657992
:103EE0001B4C4DB3FEF7D6FC0328B1D0FEF7D2FC35
:103EF00000220321AAE7154A012013789278C3F320
:103F0000420302F007020DF107018DF80730FEF7BA
:103F10000FFA9DF80730DA1E012A01D9002BA4D12F
:103F200065790B4C45B1FEF7B5FC062890D0FEF73D
:103F3000B1FC0022062189E7207807F0A7FD257053
:103F40008FE7012092E700BFDE1E0020AC49002071
:103F5000FB1E00203D3900082DE9F04104460D46C6
:103F600001F066FC0646A0B3244B1A783AB16A7990
:103F70002AB10022114610461A7005F057FBFFF7D0
:103F80002BF80378022B03D109F00CFAFEF74AFA5A
:103F900045F223239C4207D047F643039C4218D0A6
:103FA00045F221239C4217D195F80580B8F1000F06
:103FB0000FD1FEF741F9074658B1114E33782BB1B6
:103FC0002946204686F80080FEF73EF9012333702B
:103FD0003E463046BDE8F081FEF72EF90028F8D0C5
:103FE000A4F5A443203B1F2BF3D96B79002BF0D011
:103FF00029462046FEF728F90026EAE7FA1E0020A7
:104000005840002013B507F0B3F80128374C0CD105
:1040100007F0F4F8C0F3072310F0FF008DF8053027
:1040200013D1DBB2C3B10323237023780133DBB296
:104030000B2B237020D10023237007F033F8237853
:104040002B4AD05C07F090F822E0782810D005D8F1
:10405000282809D0502809D00923E5E7A02809D04D
:10406000C828F9D10823DFE70423DDE70523DBE7D0
:104070000623D9E70723D7E70A2BDED107F0BEF8DE
:10408000FF21C0F30742002007F0B5F807F022F83F
:1040900007F0B4F82378C0F30742092B24D8DFE8EF
:1040A00003F01D2323050C0F1215181BFF21002000
:1040B00002B0BDE8104007F09EB8FF212820F7E7C6
:1040C000FF215020F4E7FF217820F1E7FF21A02015
:1040D000EEE7FF21C820EBE70021E8E7FF2002B070
:1040E000BDE8104007F02CB9C820F8E7F11E002009
:1040F0008C0C002030B587B0FEF7CCFB20B93C4BD0
:104100001B780BB1FEF7CCFBFEF7FCFB4FF08043B6
:104110001B69384CC3F3C013237001F0E9FA20B3D4
:10412000354D286809F0F3F8B0F57A7F1DD309F012
:1041300039F90023ADF80A308DF80C3004938DF86E
:104140001430F1238DF80830237804AA8DF8093053
:1041500005232860194600920F2002AA03F05AFE98
:1041600018B109F01FF9254B18604FF080431B6907
:10417000234AC3F3C0331370227882B3002B14BFD9
:10418000662464241F4D286858BB09F00BF9286089
:104190002046FFF7E1F85320FFF7DEF801F0A8FA18
:1041A000C0B1194C206809F0B2F8B0F5FA6F11D916
:1041B00009F0F8F82060FEF713FF144D03782B7018
:1041C000FEF768FB0446FEF765FB2A7801462046A9
:1041D000FFF75AFC07B0BDE8304002F06EBD652421
:1041E000D0E709F094F8B0F57A7FCED8D6E700BFD3
:1041F00035400020D01E0020E41E0020E81E0020D4
:10420000C41E0020D81E0020E01E002038400020E0
:1042100073B5154606461C46019109F0C3F8084BD4
:1042200003221860074B64001E60074B01A91D6044
:10423000064B07481C60FCF7ADF902B070BD00BF2B
:10424000081F0020FC1E0020001F00200C1F002063
:10425000051F0020F7B55E4B5E4D0E462F781446C5
:104260001A70FEF717FBC7F34207874213D0FEF719
:1042700011FB2B7800F0070060F343032B7003F071
:104280000E032BB103289EBFAB7860F30203AB7023
:10429000286802F054FC711E052900F29780DFE8BF
:1042A00001F0031F374F677FFF237CB100228DF899
:1042B00006308DF804208DF805200123C822112036
:1042C000019903B0BDE8F040FFF7A2BF8DF80630BA
:1042D0004FF4FA7201238DF804408DF80540EEE7A3
:1042E000FF235CB100228DF806308DF804208DF894
:1042F00005200123C82212200199E2E78DF806303B
:104300004FF4FA7201238DF804408DF80540F2E76E
:10431000FF235CB100228DF806308DF804208DF863
:1043200005200123C82213200199CAE78DF8063021
:104330004FF4FA7201238DF804408DF80540F2E73E
:10434000FF235CB100228DF806308DF804208DF833
:1043500005200123C82229200199B2E78DF80630F3
:104360004FF4FA7201238DF804408DF80540F2E70E
:10437000FF235CB100228DF806308DF804208DF803
:1043800005200123C8222A2001999AE78DF80630DA
:104390004FF4FA7201238DF804408DF80540F2E7DE
:1043A000FF238DF804304CB10023C8228DF805306E
:1043B0008DF8063001231420019982E701234FF480
:1043C000FA728DF805408DF80640F4E703B0F0BDB1
:1043D000041F0020AC49002010B5FEF7FDFD037856
:1043E000022B0CD0FEF756FA0446FEF753FA064BA2
:1043F00001461A782046FFF72DFF012010BD01F07D
:104400002DFB0020FAE700BF041F002070B5164CFA
:104410002068D0B108F07BFF144B154D1B68984203
:1044200008D2144B18682B6813F0010313D11A46F5
:10443000194614E008F0B6FF2B68206033B900235A
:104440002360FFF7C9FF0028EBD170BD013B2B6053
:10445000002BE6D1F3E708498B784A780978BDE864
:10446000704004F0ABBF00BF081F0020001F0020F9
:104470000C1F0020FC1E0020051F0020F7B50C4C6F
:104480001D46237806461746019173B90123237010
:1044900008F088FF6D006060032201A904F111009B
:1044A000A760E5602674FCF775F803B0F0BD00BFA7
:1044B0003C40002010B5124C237803B3606808F02C
:1044C00026FFA36898420FD308F06CFFE368606092
:1044D00033B900232370636000231A46194609E0AC
:1044E000013BE360002BF4D0E368DB07F4D5E37C09
:1044F000A27C617C207CBDE8104004F05FBF10BD51
:104500003C40002013B501F0F3F800284AD0264BB8
:104510001C78B4B1254B26491A78264B1B785BB121
:1045200000230B60002A3DD01A46FF213F2002B035
:10453000BDE8104004F042BF0B609AB3FF22194659
:10454000F4E7FEF74DFD0378052B29D8FF238DF8FE
:1045500005408DF804308DF80640012347F23052B3
:104560003F200199FFF78AFFFEF73AFD0378CBB9A8
:104570000F4C236813B908F015FF2060206888B13C
:1045800008F0C5FE4EF6602398420BD900230120A7
:104590002360094B187002B0BDE81040FEF782BBE3
:1045A000034B1C6002B010BDD01E0020DC1E00209A
:1045B000CC1E0020C41E0020F01E00202DE9F34177
:1045C00006461D46182000231746134A019100FB9A
:1045D00003F111F802808C18B8F1000F17D10123F4
:1045E000237008F0DFFE6D0060600322A760E560C5
:1045F000267401A904F11100FBF7CCFFFF2E0ABFBE
:10460000064BC4F81480636102B0BDE8F081013349
:10461000632BDCD1F8E700BF60400020B146000802
:104620001FB500248DF800408DF801408DF8024040
:1046300000990123FA223620FFF7C0FF8DF80440CD
:104640008DF805408DF8064001990123FA22422099
:10465000FFF7B4FF8DF808408DF809408DF80A4047
:1046600002990123FA224320FFF7A8FF0123FA222F
:1046700041208DF80C408DF80D408DF80E400399C7
:1046800004B0BDE81040FFF799BF102307B58DF8BF
:1046900004308DF805308DF80630FA220323FF2010
:1046A0000199FFF78BFF012003B05DF804FB0000C8
:1046B0001822144B82B002FB0030437C6E2B10D1C9
:1046C000827CE2B9C27CD2B98DF804308DF8052025
:1046D0008DF806200123FA22FF20019902B0FFF78E
:1046E0006DBF63B9837C6E2B09D1C37C3BB98DF858
:1046F00004308DF805306F238DF80630EAE702B0FC
:10470000704700BF60400020094A0023114610B5E1
:10471000147C844206D1182253430022C818C26078
:10472000CA5410BD0133632B02F11802F0D1F8E72F
:104730006040002070B586B005460E46FFF70CFCC1
:1047400018B90024204606B070BD31462846FFF750
:104750004FFB04460028F4D0452D7FD81D2DF1D9FC
:104760001E3D272DEED801A353F825F0014C00087B
:10477000494C0008914C0008E54C0008394D0008F0
:10478000854D0008C74D00080F4E0008574E000821
:104790009F4E0008454700087F4F0008E94F00087A
:1047A0004547000845470008E74E00082F4F00081E
:1047B00045470008454700084547000845470008A9
:1047C0004547000845470008AD4F00084547000829
:1047D0004547000845470008454700083749000895
:1047E00071490008AB490008E54900081F4A000864
:1047F000594A0008934A0008CD4A0008194B00089E
:10480000534B00088D4B0008C74B0008A5F5FC452D
:10481000053D022D00F25584DFE815F06205120413
:104820003D04A5F5F045433D092D8BD801A353F870
:1048300025F000BF655200084547000845470008BD
:104840004547000845470008454700080F51000844
:1048500069510008E1500008FB50000847F64C037E
:104860009D424BD847F642039D42DAD8B5F5A44F96
:1048700000F0A5841FD8E32D00F00385E72D7FF419
:1048800061AFA14D287801F0C2F8022840F01C85E4
:104890009E4B1B78DB067FF555AFFDF7CDFC00285E
:1048A0007FF450AF7579E720002D00F0158500F0FA
:1048B00089FF2C4646E745F202239D4200F0A98479
:1048C00047F213039D427FF43DAFFDF7B5FC00288E
:1048D00040F0B8837579002D3FF434AF00236E2289
:1048E0008DF810308DF811208DF81230FA22012346
:1048F000FF200499FFF762FE2C4623E747F6076383
:104900009D423FF61FAF47F603639D423FF67EAFE1
:10491000B5F5F84F00F0CA8347F603439D427FF494
:1049200011AF74797A4D002C00F0D78308F03AFD6E
:104930000024286006E7774B9B78D9067FF502AF05
:10494000714D287801F063F8022805D1747954B9C3
:10495000AF2000F04DFFF5E6287801F058F8032865
:104960007FF4F0AEF2E7AF2000F02CFF0024E9E680
:10497000684B9B78DA067FF5E5AE634D287801F049
:1049800046F8022805D1747954B9AA2000F030FF06
:10499000D8E6287801F03BF803287FF4D3AEF2E79D
:1049A000AA2000F00FFF0024CCE65A4B9B78DB06D0
:1049B0007FF5C8AE544D287801F029F8022805D1BA
:1049C000747954B9A92000F013FFBBE6287801F0F0
:1049D0001EF803287FF4B6AEF2E7A92000F0F2FE3D
:1049E0000024AFE64B4B9B78DD067FF5ABAE464D22
:1049F000287801F00CF8022805D1747954B9A82060
:104A000000F0F6FE9EE6287801F001F803287FF416
:104A100099AEF2E7A82000F0D5FE002492E63D4BC7
:104A20009B78D8067FF58EAE374D287800F0EFFFE3
:104A3000022805D1747954B9AD2000F0D9FE81E681
:104A4000287800F0E4FF03287FF47CAEF2E7AD2085
:104A500000F0B8FE002475E62E4B9B78D9067FF552
:104A600071AE294D287800F0D2FF022805D1747963
:104A700054B9AC2000F0BCFE64E6287800F0C7FF13
:104A800003287FF45FAEF2E7AC2000F09BFE002429
:104A900058E6204B9B78DA067FF554AE1A4D2878FD
:104AA00000F0B5FF022805D1747954B9AE2000F0AA
:104AB0009FFE47E6287800F0AAFF03287FF442AE65
:104AC000F2E7AE2000F07EFE00243BE6114B9B781F
:104AD000DB067FF537AE0C4D287800F098FF0228F2
:104AE00005D1747954B9AB2000F082FE2AE628780B
:104AF00000F08DFF03287FF425AEF2E7AB2000F035
:104B000061FE00241EE600BF161F0020C8490020D9
:104B1000D41E0020AC490020984B9B78DD067FF521
:104B200011AE974D287800F072FF022805D17479F4
:104B300054B9B12000F05CFE04E6287800F067FF6D
:104B400003287FF4FFADF2E7B12000F03BFE002424
:104B5000F8E58A4B9B78D8067FF5F4AD884D287828
:104B600000F055FF022805D1747954B9B52000F042
:104B70003FFEE7E5287800F04AFF03287FF4E2AD26
:104B8000F2E7B52000F01EFE0024DBE57B4B9B78AE
:104B9000D9067FF5D7AD7A4D287800F038FF022886
:104BA00005D1747954B9B22000F022FECAE5287804
:104BB00000F02DFF03287FF4C5ADF2E7B22000F02E
:104BC00001FE0024BEE56D4B9B78DA067FF5BAAD99
:104BD0006B4D287800F01BFF022805D1747954B979
:104BE000B42000F005FEADE5287800F010FF0328A2
:104BF0007FF4A8ADF2E7B42000F0E4FD0024A1E5C5
:104C00005E4B9B78DB067FF59DAD5D4C207800F018
:104C1000FEFE02280ED0207800F0F9FE032809D00D
:104C200074793A201CB100F067FF00248AE500F097
:104C3000ABFF87E57479BE201CB100F05DFF002456
:104C400080E500F0A1FF7DE54C4B9B78DD067FF50C
:104C500079AD4B4C207800F0DAFE02280ED0207897
:104C600000F0D5FE032809D074793B201CB100F078
:104C700043FF002466E500F087FF63E57479BD20FB
:104C80001CB100F039FF00245CE500F07DFF59E520
:104C90003A4B9B78D8067FF555AD394C207800F01B
:104CA000B6FE02280ED0207800F0B1FE032809D00D
:104CB00074793C201CB100F01FFF002442E500F095
:104CC00063FF3FE57479E32034B100F015FF2B203A
:104CD00000F012FF002435E500F056FF2B2000F015
:104CE00053FF2FE5254B9B78D9067FF52BAD244C40
:104CF000207800F08CFE02280ED0207800F087FE8D
:104D0000032809D074793D201CB100F0F5FE002481
:104D100018E500F039FF15E57479E32034B100F0AF
:104D2000EBFE082000F0E8FE00240BE500F02CFF6D
:104D3000082000F029FF05E5104B9B78DA067FF587
:104D400001AD0F4C207800F062FE02280ED02078D2
:104D500000F05DFE032809D074793E201CB100F0FC
:104D6000CBFE0024EEE400F00FFFEBE473790BB907
:104D70000024E7E406F0D8FA0024E3E4AC4900207C
:104D8000161F0020954B9B78DB067FF5DBAC944C1F
:104D9000207800F03CFE02280ED0207800F037FE8C
:104DA000032809D074793F201CB100F0A5FE00242F
:104DB000C8E400F0E9FEC5E47379002BD8D006F012
:104DC0009FFA0024BEE4854B9B78DD067FF5BAACE4
:104DD000834C207800F01BFE02280ED0207800F0D3
:104DE00016FE032809D0747940201CB100F084FE1F
:104DF0000024A7E400F0C8FEA4E47479AC201CB140
:104E000000F07AFE00249DE400F0BEFE9AE4734BAD
:104E10009B78D8067FF596AC714C207800F0F7FDB2
:104E200002280ED0207800F0F2FD032809D0747912
:104E300041201CB100F060FE002483E400F0A4FED9
:104E400080E47479AE201CB100F056FE002479E4B1
:104E500000F09AFE76E4614B9B78D9067FF572AC40
:104E60005F4C207800F0D3FD02280ED0207800F0AF
:104E7000CEFD032809D0747942201CB100F03CFE1D
:104E800000245FE400F080FE5CE47479AB201CB188
:104E900000F032FE002455E400F076FE52E44F4B61
:104EA0009B78DA067FF54EAC4D4C207800F0AFFDD4
:104EB00002280ED0207800F0AAFD032809D07479CA
:104EC00043201CB100F018FE00243BE400F05CFE1F
:104ED00038E47479A8201CB100F00EFE002431E4FF
:104EE00000F052FE2EE43D4B9B78DB067FF52AACAA
:104EF0003B4C207800F08BFD02280ED0207800F08B
:104F000086FD032809D0747944201CB100F0F4FD1B
:104F1000002417E400F038FE14E47479AA201CB1D0
:104F200000F0EAFD00240DE400F02EFE0AE42B4B15
:104F30009B78DD067FF506AC294C207800F067FDF4
:104F4000022810D0207800F062FD03280BD074797D
:104F5000452024B100F0D0FD0024FFF7F3BB00F0A2
:104F600013FEFFF7EFBB7479A92024B100F0C4FD54
:104F70000024FFF7E7BB00F007FEFFF7E3BB174B8A
:104F80009B78D8067FF5DEAB164B1B7813F00A052D
:104F90007FF4D8AB7479352024B100F0ADFD2C46F8
:104FA000FFF7D0BB00F0F0FDFFF7CCBB0B4B9B78BD
:104FB000D9067FF5C7AB0B4B1B7813F00A057FF4BE
:104FC000C1AB7479292024B100F096FD2C46FFF77F
:104FD000B9BB00F0D9FDFFF7B5BB00BFAC4900205D
:104FE000161F00201A1F00207579DDB101F042FC68
:104FF00010F0220F3FF4A6AB0122C04BC04C1A7038
:1050000001F038FC00F02200207001F041FC462045
:1050100000F0D8FB01F0F2FC207801F031FC002414
:10502000FFF790BBB54B1A78002A3FF48BAB4620B4
:105030001D702C4600F0DCFB01F0E0FCFFF782BBAA
:10504000737913B90024FFF77DBBAE4D0024AB7814
:1050500083F01002C2F3001262F30413AB702868ED
:1050600001F06DFDF0238DF80830AB7804AAC3F38E
:1050700000138DF8093005230092194602AA0F206B
:10508000ADF80A408DF80C4004948DF8144002F0FD
:10509000C1FEFFF757BB73799B4A23B101211C4620
:1050A0001170FFF74FBB1370FFF74CBB7579002DE4
:1050B0003FF448AB01F028FD2C4608F0C1F9FFF79A
:1050C00041BBFDF7B9F804460028BBD17379002B2A
:1050D000B8D0FEF797FFFFF735BB2C60FFF732BB68
:1050E0007379002B3FF42EAB06F032F9D6287FF609
:1050F00029ABFFF795FAFFF725BB7379002B3FF437
:1051000021AB06F025F95F283FF61CABF1E7757976
:10511000002D3FF417AB05F0C5FF00F0E9FA30B100
:105120004FF0804320229A614FF480729A6106F01A
:1051300089F895287FF606AB06F084F800F11E0387
:105140009BB2962B28BF9623DBB28DF810308DF8DA
:1051500011308DF81230FA22022336200499FFF71D
:105160002DFA2C46FFF7EEBA7579002D3FF4EAAA26
:1051700006F068F81E283FF6E5AA00240023204622
:105180001A461946013404F019F9442CF6D106F0F8
:1051900059F800F11E039BB2962B28BF9623DBB271
:1051A0008DF810308DF811308DF81230FA2202236C
:1051B00042200499FFF702FA2C46FFF7C3BA73792D
:1051C000002B3FF43FAF00210E20FFF79DFAFF2395
:1051D0004E4C8DF810308DF811308DF81230FA22C7
:1051E00003230F200499FFF7E9F9207800F00FFC62
:1051F000022808D1002000F0C3FB002000F0E1FFEE
:105200000024FFF79FBA207800F001FC0328F7D1B3
:10521000F0E77379002B3FF415AF00210F20FFF763
:1052200073FAFF23394C8DF810308DF811308DF85A
:105230001230FA2203230E200499FFF7BFF92078D9
:1052400000F0E5FB02280AD0207800F0E0FB0328FC
:1052500005D0022000F094FB002000F0B2FF0024F3
:10526000FFF770BA7379002B3FF46CAA05F080FF4A
:105270001D287FF467AA1F2005F076FF0024FFF7A2
:1052800061BA224D287800F0C2FB022811D1204BD0
:105290001B78DA067FF556AAFCF7CEFF00287FF4CC
:1052A00051AA7579E3205DB100F08CFA2C46FFF726
:1052B00049BA287800F0ABFB03287FF443AAE6E75D
:1052C00000F096FAFFF73EBA287800F0A0FB03281A
:1052D0007FF438AAFFF7DCBA00F08AFAFFF732BA97
:1052E000084B0C4A1B78002413F00E0318BF737987
:1052F00003F001031370FFF725BA00BFF81E00206A
:10530000F91E0020AC490020DC1E0020161F0020E2
:10531000C849002034400020F8B500252E461D4C19
:10532000237873B1606807F0F2FFA368984212D344
:1053300008F038F8E36860604BB96369267066600E
:10534000C3B90135632D04F11804E9D1F8BD013B5F
:10535000E360002BF1D0E368207C13F0010311D04F
:10536000FF28677CA17CE37C07D11A46384604F00D
:105370005DF9E6E7E8B29847E3E70A46394604F004
:105380001DF8DEE7FF281A4602D119461846EEE757
:105390001946F4E7604000207FB500F0A9F9A0B1FC
:1053A000042200210DF10900FBF7E6F9002204AB0D
:1053B00004928DF814200093DD2205238DF8082037
:1053C00019460F2002AA02F025FD00220B4B1A708D
:1053D00001F0E4FB03F0BAFF094801F0A6FBFFF778
:1053E00054F940B107F0DEFFFDF71CF807B05DF897
:1053F00004EBFEF773BB07B05DF804FB970C0020CD
:10540000C849002073B505F01DFF00F11E04A4B2C9
:10541000962C28BF9624674BE4B21E78A6B10024D0
:1054200096238DF804408DF806308DF805400198DC
:1054300003F0DEF9C0F30742C0F30721C0B204F065
:10544000F5F8204602B070BD5B4D286840B107F00A
:105450005EFF40F6B833984202D9FFF79DFF2E60F9
:1054600007F038FD810705D5002321461A460220A2
:1054700003F0A4FF514D287800F0C9FA02280ED09D
:10548000287800F0C4FA032809D04D4B1B78DA06BF
:1054900005D5002321461A46012003F08FFF494D10
:1054A000FEF7B4FF2B7863B9474E306807F02FFF43
:1054B000B0F5FA6F16D901232B7007F073FF306037
:1054C00010E0424B1B786BB9FCF7B6FE38B9FEF71B
:1054D000F1FFFFF717F807F065FF3B4B18602B78DB
:1054E000002BE1D0FFF718FF394B9B78DB0609D57D
:1054F0001625002328461A462146013503F05EFF93
:10550000232DF6D1334B186830B107F000FFB0F50A
:10551000FA6F2CBF002001202F4E304D337880F0E1
:105520000100FF2B2DD130702B78FF2B32D0327839
:105530009A422FD02A4B186807F0E9FEB0F5166F93
:105540002CBF0025012507F02DFF4FF44873B0FB59
:10555000F3F2367802FB1300F6B975B1B0F5C87FE7
:105560000BD2334622463146042003F027FF334650
:1055700022463146402003F021FFFCF793FE012034
:1055800060E78342D0D02B70307007F00BFF144BD4
:105590001860C9E70025D6E715B1B0F5C87FECD291
:1055A000002321461A46042003F008FF0023214669
:1055B0001A46DFE7FA1E0020D41E0020161F002026
:1055C000C8490020970C0020C81E0020DD1E0020C6
:1055D000AC490020E81E0020990C0020980C002007
:1055E000EC1E002038B51C460B780D46CC2B41D064
:1055F00006D8AA2B15D0BB2B33D0552B09D038BDDC
:10560000F02B3ED0F12B43D0DD2BF8D1FFF7C4FEB9
:1056100004E0002289786878FDF786F8002323707B
:10562000EDE71E4B1B7813F00E0F0DD004224FF444
:1056300080614FF080400AF0A7FD04224FF4007112
:105640004FF080400AF0A0FD002323706B78144ACD
:10565000003B18BF012301201370BDE83840FDF75F
:1056600021BB4FF400124FF080439A614FF08072DB
:105670009A61D3E720224FF080439A614FF4807201
:10568000F6E7064B49789A7861F304129A70C5E7F9
:1056900007F088FE034B1860C0E700BFAC4900204C
:1056A000F01E0020E81E002008B5104B00209A785C
:1056B000197802F00702C1F34201FCF717FF41F22B
:1056C000883009F098FA00F013F805F0BBFD4FF0B0
:1056D000804328B120229A614FF480729A6108BDFC
:1056E0004FF400129A614FF08072F7E7AC49002046
:1056F00010B5054C002220464FF400710AF044FD1D
:105700002069C0F3402010BD0004004003280DD8DC
:105710000B290BD8082A09D86C2301EBC10103FB24
:105720000011034B0A4433F8120070470120704700
:105730007C120108032808D839B9054B82F0010210
:1057400002EB400033F8100070470120704700BFA3
:105750006C120108A0F58073B3F5F85F10B526D27E
:1057600010F4805F00F4807300F4007400F4806132
:1057700000F400620DD0002B0CBF002010200CB1F3
:1057800040F0200009B140F040000AB140F0800034
:1057900010BD181E18BF01200CB140F0020009B165
:1057A00040F00400002AF3D040F00800F0E70020A9
:1057B000EEE710B50C46FFF7CDFF2346BDE81040DD
:1057C00018470000A0F1E003072B10B5044600D9EC
:1057D00040B920460449FFF7ECFFE0B2BDE81040B5
:1057E00000F08AB90149F6E7495C000871600008D9
:1057F00010B50446C0B200F0C7F9A4F1E003072BCE
:1058000000D92CB903492046BDE81040FFF7D1BFAD
:105810000149F8E75B5C00088360000801207047DD
:105820000120704708B5FFF7FBFF08BD0120704756
:10583000012070477047704708B5FFF7FCFF08BDAF
:10584000012070477047704713B502AB03E90300AE
:105850000F4B1B78B3B99DF8053073B16AB100F0F6
:1058600063FD04460146009800F01CFD20460099A7
:1058700002B0BDE8104001F0DBBB009800F034FD41
:105880000446F3E7009800F04FFD0099F0E700BFF1
:10589000151F0020034610B400885C880A4640EAC1
:1058A0000440998810BCFFF7CFBF10B50446012112
:1058B000FFF7F0FF2146FFF7B1FF30B1012120468D
:1058C000FFF7E8FF2146FFF7ADFF00F0010010BD34
:1058D00038B500210446FFF7DDFF05462146FFF7F6
:1058E000A9FF21462846FFF7A7FF38BD38B501219B
:1058F0000446FFF7CFFF21460546FFF797FFB8B3F1
:1059000021462846FEF716FF90B32146284607F0A9
:1059100067F868B32146284606F070FF40B3214679
:10592000284606F091FA18B32146284606F066FA92
:10593000F0B12146284602F047FEC8B1214628466C
:1059400002F08CFEA0B12146284606F0A5FF78B1F2
:105950002146284601F0B4FC50B12146284601F00A
:10596000BFFC28B121462846BDE8384001F0D4BC30
:10597000002038BD012303FA00F0C0B200F0F3BBF1
:1059800010B504460120A040C0B201F0CCF820467A
:10599000BDE81040FFF7EEBF0120704708B5FFF7E4
:1059A000FBFF08BD10B5044600F08CFB2046FFF756
:1059B00047FF2046FFF7F2FF10BD08B50120FFF7B3
:1059C000F1FFBDE8084007F03BBD08B50020FFF738
:1059D000E9FFBDE8084007F059BD08B5FFF732FF01
:1059E000FEF771F905F046FA00F033F8BDE808401B
:1059F000012005F00FBB08B500F030F8002005F0DD
:105A000009FBFFF720FFBDE80840FEF71EB903467B
:105A100000091CBF034604209A081EBF134602302B
:105A2000C0B25B081CBF0130C0B270470120704794
:105A3000704738B50546FFF7F9FF044610B1284610
:105A4000FFF7F6FF204638BD704708B5FFF7F1FFB6
:105A500008BD08B50020FFF7F8FF08BD08B507F03E
:105A600023FAFFF7F2FF08BD10B507F01DFA074B48
:105A700004461A78824207D0187007F093FC044B52
:105A800018602046FFF7E1FF10BD00BF141F002083
:105A9000101F00201FB56C4684E803009DF80530F8
:105AA0000BB100F013FF0023ADF80E3094E80300B3
:105AB000ADF80C10C9B2029002AC29B994E8030009
:105AC00000F05EFE04B010BD2046FFF7EEFE002899
:105AD000F4D1F7E70379012B02D1008800F044BC30
:105AE000704708B529B106F045FBBDE8084006F04F
:105AF00015BC06F09DFBF8E710B50446002840D021
:105B0000031FDBB2A02B0ED807F068FA20B12046A5
:105B100007F0F6FA00F072FF204607F0D3FABDE86E
:105B2000104000F06BBF00F12003DBB2072B07D859
:105B300000F007040120A040C0B200F0A1FEEEE793
:105B400000F15B03DBB2022B05D8BDE8104024381E
:105B500080B207F0E5B900F15803DBB21A2B06D882
:105B6000BDE81040074A32F8130007F0F5B93334A6
:105B7000E4B2122C05D806F0FDFABDE8104006F09C
:105B8000CDBB10BDDC15010808B50346A0B3021F4C
:105B9000D2B2A02A05D807F0B3FABDE8084000F059
:105BA0002DBF00F12002D2B2072A07D800F0070368
:105BB00001209840C0B200F06BFEEEE700F15B02FE
:105BC000D2B2022A04D8BDE80840002007F0A8B9E4
:105BD00000F15802D2B21A2A04D8BDE808400020C9
:105BE00007F0BAB93333DBB2122B05D806F020FB2D
:105BF000BDE8084006F092BB08BD000038B50C4671
:105C00000546FFF779FF9CB140F2E73009494FF4B0
:105C10007A72A4FB014120184FF0000341F100010A
:105C2000FAF7E4FA08F0E7FF2846FFF7ADFF38BDC2
:105C30000120F7E7A086010008B539280CBF5021E4
:105C40000021FFF7DBFF08BD08B528B100F018FE02
:105C5000BDE8084000F0D2BE08BD08B528B100F08C
:105C600017FEBDE8084000F0C9BE08BD2DE9F047A9
:105C7000877981460C46457900F0F2FD3F090646DA
:105C800008B32E46FDB1C4F3072303F0F002402A07
:105C90000CD0E1B201F12002D2B2072A26D903F0DA
:105CA000E003202B02D1012920D90FB3A04B5E784D
:105CB00016F0040607D0022000F0DCFE00F0D0FD54
:105CC00080F00106F6B2C4F3033ABAF10B0F3ED8E6
:105CD000DFE81AF01000100049004900A300BA00E4
:105CE0003D003D00BF001D01300130010026EAE704
:105CF0003E46E8E7C4F30723C4F3032713F0F00F8D
:105D000018BF3F01E4B285B157B104F12003DBB203
:105D1000072B384600D92CB900F0B2FD00F06EFE1A
:105D2000204640E000F0C2FDF8E72046FFF72CFFD8
:105D30006FB104F12003DBB2072B384600D914B948
:105D400000F0A6FD01E000F0B9FD00F057FEAAF159
:105D5000080ABAF1030F00F2428107F0A5F8BDE886
:105D6000F047FFF772BEC4F3072303F0F003C4F358
:105D70000328202BE4B218BF4FEA08182CB1012CDD
:105D800034D0002D3CD0DFB1CAE7694B5B785A07AD
:105D900014D45DB1B8F1000F04D0404600F070FD9E
:105DA00000F02CFE0020FFF7A7FED0E72846FFF703
:105DB000EBFEB8F1000FCAD04046C1E755B11FB99C
:105DC0004046FFF741FFC2E7012FC0D1404600F037
:105DD0009DFDBCE7002FBAD14046FFF73EFF40468D
:105DE00000F0A2FD404600F07DFDB0E715B1052FA3
:105DF000ADD8E5E7042FAAD84046FFF72EFFA6E767
:105E0000002FF9D0392C0CBF4FF4FA50012008F0C4
:105E1000F2FE2046FFF7B8FE99E714F4406FC4F392
:105E2000812307D0012B92D165B1C4F3090007F09B
:105E300093F88CE725B1C4F3090007F071F886E701
:105E40002846FAE72846F2E72946E0B2FFF749FE7E
:105E50007DE714F4407F29D1002D7FF478AFC4F39F
:105E600042108000C2B204F00F0014F0100300FAD8
:105E700002F0C5B21EBF0F209040C043C4F381247E
:105E800018BFC3B2022C43EA050009D0032C0AD084
:105E9000012C02D000F072F959E700F067F956E7DB
:105EA00000F074F953E700F05EF950E7C4F3012203
:105EB0000DB312F0010F3FF44AAFC4F3421080005B
:105EC000C2B204F00F0014F0100300FA02F0C5B2E1
:105ED0001EBF0F209040C043C4F3812418BFC3B23B
:105EE000022C43EA05000CD0032C0DD0012C05D068
:105EF00000F098F92BE712F0020FDCE700F08AF9C6
:105F000025E700F097F922E700F04EF91FE7E7B226
:105F1000C4F3032425B1204600F05AF9384650E76F
:105F20003846FFF79AFE204600F05EF90FE700BF03
:105F3000C84900205FFA84F8A8F1F003042B39D88F
:105F4000DFE803F003220E151E003DB1042F3FF6DB
:105F5000FEAEC4F3042000F051F9F8E6052FF6E791
:105F6000C4F30420002DDFD100F032F9EFE625B1B3
:105F7000C4F3042000F025F9E9E600F01FF9E6E695
:105F8000224B5B785B0704D4C4F30420002DCBD0F4
:105F9000EAE72DB10321C4F3042000F049FDD6E661
:105FA000012000F067FD012F7FF6D1AE022000F046
:105FB00061FDCCE62DB10FB14046F4E6C4F30420F8
:105FC000D2E74FB1B8F1390F0CBF4FF4FA500120AE
:105FD00008F011FE40461DE7C4F30420A4E79EB17B
:105FE00000F036FC10F001000ED189F8050000F039
:105FF00029FC00F0EDF8484600F01CF800F022FC07
:10600000BDE8F04700F0F0B8BDE8F087C8490020CF
:1060100038B501880446407900F0B2F9054600F031
:1060200011F900F09FF829462046BDE83840FFF7F7
:106030001DBE0000037910B50446B3B1FFF756FC4E
:1060400068B900F00DFC80B1637973B1074B5B78E0
:106050005B070AD5BDE81040022000F00BBD2046CA
:10606000FFF7D6FF2046FFF733FC10BDC8490020DC
:1060700008B528B100F01AFCBDE8084000F0BEBC2D
:1060800008BD08B528B100F019FCBDE8084000F0D3
:10609000B5BC08BD08B5002006F042FF002006F0A0
:1060A0005BFF00F013FC00F0A9FC06F053F9BDE81B
:1060B000084006F033B908B507F040F8BDE80840DD
:1060C000FFF7E8BF08B500F0EBFBBDE80840FFF7BD
:1060D000F2BFC0F30333062BC2B213D094BF0E330A
:1060E000063303F00F03012B10D8F02A10D004D888
:1060F000E72A8CBF002001207047F42A14BF00203B
:1061000001207047E72A03D9F12AF7E700207047FA
:106110000120704708B50346007930B1188800F0B7
:1061200023F9BDE80840FFF7D4BF08BD82B002AB39
:1061300003E9030002B0704782B002AB03E9030039
:1061400002B07047704708B5FFF7FCFF08BD704705
:1061500008B5FFF7FCFFFFF7F6FF014B187008BD0D
:10616000161F00207047FFF7F3BF0000024B1B789B
:106170001843FFF7EDBF00BF161F0020024B1B782E
:106180001840FFF7E5BF00BF161F0020024B1B7829
:106190005840FFF7DDBF00BF161F0020704708B54D
:1061A000FFF7FCFF08BD704708B5FFF7FCFFFFF7DE
:1061B000F6FF014B187008BD1A1F00200020FFF7E2
:1061C000F3BF012303FA00F0C0B2FFF7EDBF0000F8
:1061D000012303FA00F0034B1B781843C0B2FFF70A
:1061E000E3BF00BF1A1F00200123034A8340107839
:1061F00020EA0300FFF7D8BF1A1F0020012303FA8B
:1062000000F0034B1B785840C0B2FFF7CDBF00BF72
:106210001A1F0020024B1B781843FFF7C5BF00BFB1
:106220001A1F0020024B1B781840FFF7BDBF00BFAC
:106230001A1F0020024B1B785840FFF7B5BF00BF64
:106240001A1F0020704701F00703C90830B501EBA1
:10625000410101240139114400229C40E4B211F8AB
:10626000015F20FA02F343F300036B402340013245
:106270006B40032A0B70F2D130BD002210B500F044
:106280000704C00800EB4000014410468B5CE3406B
:1062900003F00103934001321843032AC0B2F5D141
:1062A00010BD000017B40C46ADF80400C1B2C0F335
:1062B00007200B280AD808290ED801EBC001084A8C
:1062C0000144204603B010BCFFF7BDBF031DDBB285
:1062D000012B01D8034AF4E703B010BC704700BF9C
:1062E0001B1F0020171F002082B0ADF80400C3B2AE
:1062F000C0F307200B2808D8082B0DD803EBC003E8
:106300000749184402B0FFF7B8BF0430C0B20128F3
:1063100002D818460349F5E7002002B0704700BFD5
:106320001B1F0020171F002073B507240C4BADF86E
:1063300004001E780B4B1B781E4346FA04F3DB0760
:10634000E5B205D4013CF8D20025284602B070BD64
:106350002846019900F08BFE80B20128F2D0F4E7C4
:106360001A1F0020161F002007B5ADF80400019881
:10637000FFF7DAFF019903B05DF804EB00F077BE98
:1063800013B5104BADF804101B782BB1019802B077
:10639000BDE81040FFF7E8BF70B10198FFF7C4FFF8
:1063A000044601460198FFF77DFF2046019902B09F
:1063B000BDE8104000F05BBE0198FFF795FF044672
:1063C000F3E700BF151F002010B5012404FA01F106
:1063D00004FA02F20A43D1B202408A4204FA03F4F8
:1063E00006BF2043C0B2A04310BD000008B513464D
:1063F0000A46014603480078FFF7E6FFBDE808407B
:10640000FFF7D2BE1A1F0020F8B50C4B0C4E1C78BB
:106410000C4D3378A34200D1F8BD05EBC40335F829
:1064200034005F889A88D98840EA074042EA0141EF
:106430000134FFF781FE04F00704EAE78F1F002014
:106440008E1F00204E1F0020064B10B418885C8859
:106450009A88D98840EA044042EA014110BCFFF71B
:106460006BBE00BF461F00201A4AF8B5937913F09F
:10647000F00F0AD1537943B1174B18491B780D78A7
:1064800016885788164CAB4200D1F8BD04EBC30107
:106490000879D0B134F83300B04216D14879A0B9A8
:1064A0004888C01B80B2C7280FD80120937960F3B9
:1064B000071393718B7960F307138B710548FFF70E
:1064C000B9FDBDE8F840FFF79FBF013303F00703B4
:1064D000D9E700BF461F00208F1F00208E1F00201D
:1064E0004E1F0020F0B50D4B0D4C1B7826780D4C3F
:1064F000B34201D10020F0BD04EBC3056F788F4299
:1065000006D114F83370874202D16D79954203D1D8
:10651000013303F00703EBE70120ECE78F1F0020B6
:106520008E1F00204E1F00202DE9FF47E84604463D
:10653000924D062201464046FAF72CF82B796779EE
:106540002279C3B9AAB18FB12046FFF7E3FD064611
:1065500060B1082221462846FAF71CF82846FFF7C2
:10656000B9FAFFF781FFFFF76FFF4CE02046FFF716
:1065700061FD012647E0B4F802906B886E79A9EBC3
:1065800003039BB2002E00F0B280C72B00F28A807A
:10659000002A38D0AB79298813F0F00F228850D127
:1065A00091420FD1002F40F0E380012262F30713E4
:1065B000AB71FFF749FF2846FFF73CFDAB79A371AC
:1065C000002620E0002F40F0D38025783A46284668
:1065D0006178FFF787FF2846FFF784FF054600280C
:1065E000EED10098FFF7C0FEC0F30332032AC3B216
:1065F0000DD8012A15D910F4706F17D0A27912F0B6
:10660000F00F13D12E46304604B0BDE8F0870632B5
:1066100002F00F02012A0ED92046FFF70BFD354686
:10662000F0E710F4706F01D0002BEBD02033DBB219
:10663000072BE7D9F0E7EF2BE4D90F33DBB2022BBE
:10664000F7E791420AD14FB92046A371FFF7F2FC58
:10665000082221462846F9F79DFF84E72046FFF7E8
:1066600059FD002882D0002F80D0AB791F2B0FD985
:106670002A8802A8ADF808202A79ADF80A908DF88A
:106680000C2000228DF80E308DF80D20FFF7D2FC83
:10669000082221463948F9F77DFFFFF7E5FEFFF7AD
:1066A000D3FE66E7AB7913F0F00A0ED198E8030049
:1066B000FFF73CFD2846FFF7BDFC0822514628465F
:1066C000FAF75AF8FFF7C0FE7AE7002A9BD029882C
:1066D00022889142C2D1002FC0D12046A371FFF77A
:1066E000A9FC082239462846FAF746F88BE7C72B5B
:1066F00034D8002A3FF43DAF3E46002F3FF436AF7A
:106700002A8823889A421CD1AB79DA0713D413F074
:10671000F00210D0F02AA37106D0DBB2C3F303124B
:10672000013262F30713A3712046FFF783FC0822AE
:10673000214612488FE7082221461048F9F72AFF20
:1067400061E72046FFF7E6FC0028A1D1AB7920469F
:1067500043F00103AB71FFF76DFC54E798E80300C9
:10676000FFF7E4FC082231462846FAF705F8FAE676
:10677000AB7943F00103AB7122E700BF461F002055
:10678000F0B585B06C4684E803002046FFF7CCFEE8
:10679000284F0646284D68B19DF804301BB194E897
:1067A0000300FFF7C9FC254C28783B78834226D1AB
:1067B00005B0F0BD9DF8042002AB94E8030083E827
:1067C0000300002AEFD038782A78441C04F007042C
:1067D00094420AD01946194B082203EBC000F9F77E
:1067E000D9FE3C70FFF710FEDDE7FFF76BFC0822D7
:1067F000314613483E702E70F9F7BEFFD3E704EB25
:10680000C000FFF791FE0028D2D02B7834F8330077
:1068100004EBC3035E889A88D98840EA064042EABE
:106820000141FFF789FC2B78013303F007032B703C
:10683000BAE700BF8E1F00208F1F00204E1F0020D0
:10684000461F0020014B1878C0087047E01F002049
:10685000024B187800F00700704700BFE01F0020CF
:10686000034B187810F0070018BF0120704700BFD5
:10687000E01F0020014B1878704700BFE31F002085
:10688000024B1A7810431870704700BFE31F0020B6
:10689000024A137823EA000313707047E31F0020B5
:1068A0000022014B1A707047E31F0020024B1A7838
:1068B00010431870704700BFE41F0020024A13788D
:1068C00023EA000313707047E41F00200022014BED
:1068D0001A707047E41F0020704708B5FFF7FCFFEF
:1068E00008BD000008B5054A1378034204D023EA26
:1068F00000001070FFF7F1FF08BD00BFE11F00208E
:10690000704708B5FFF7FCFF08BD000008B5054952
:106910000B7830EA030C03D003430B70FFF7F1FF51
:1069200008BD00BFE21F002008B5054A13780342E6
:1069300004D023EA00001070FFF7E3FF08BD00BF9A
:10694000E21F002008B5044B1A781AB10020187015
:10695000FFF7D7FF08BD00BFE21F002010B5084BAE
:106960001C78084B1B781C43074B1B782BB11C432E
:1069700006F010FB08B1FFF7E5FF204610BD00BF91
:10698000E31F0020E41F0020E21F002038B50B4C5D
:106990002568FFF7E3FF287024680822204608498D
:1069A000F9F7C4FD48B1214608220548F9F7F2FD80
:1069B0002046BDE8384006F091BA38BDD40D00201D
:1069C000D81F002038B50B4C2568FFF7C7FF68704B
:1069D0002468202220460849F9F7A8FD48B121463D
:1069E00020220548F9F7D6FD2046BDE8384006F0DC
:1069F0007FBA38BDD80D0020B81F002008B506F0BA
:106A000045FA40B1064B93F90030002B03DABDE89C
:106A10000840FFF7D7BFBDE80840FFF7B7BF00BF8A
:106A2000C8490020704708B5FFF7FCFF08BD00000B
:106A3000094A10B5527852070AD5084C41EAC001FC
:106A40002170FFF7C5FB2078C008FFF7ECFF10BDF1
:106A5000BDE81040FFF7BCBBC8490020E01F002084
:106A6000002008B5024B1870FFF7DDFF08BD00BF1E
:106A7000E01F002008B50A4A137823EA00001070CE
:106A800042070CD198420AD0064B5B785B0706D5CB
:106A9000C008FFF7A9FBBDE80840FFF7E1BF08BD4C
:106AA000E01F0020C84900200246094808B5437885
:106AB000C3F38001914209D062F38203437000F076
:106AC00036F8BDE808400220FFF7D4BF08BD00BF7C
:106AD000C8490020044B5878C0F3800080F00100C2
:106AE00000F00100FFF7E0BFC84900200120FFF7D8
:106AF000DBBF0020FFF7D8BF704708B5002000F0CB
:106B00006AFCFFF7F9FF08BD00F032BC08B500F0E1
:106B100020FC18B1BDE8084005F00CBF08BD00F02E
:106B200032BC00F03BBC00F03CBC00F03EBC00F0CE
:106B300043BC00F045BC00F047BC00F049BC00F08D
:106B40004ABC00F04CBC00F04EBC000007B500F0A1
:106B5000FDFB00F008FC002368468DF8003000F0D3
:106B600019FC01200B4B187000F01BFC0A4B01A80C
:106B70001B88ADF8043000F01FFC02F0E7FBFBF7C8
:106B80008FFB05F008FFFFF7B8FF02F0D3FB03B05F
:106B90005DF804FB161F00203E0F0108FFF7D6BF6B
:106BA00073B506F035FC0B4D04462B8883420ED09E
:106BB0000026ADF8006006F02BFCADF80460ADF8DF
:106BC000020002AB13E90300FEF764FF2C8002B061
:106BD00070BD00BFF81F0020014B186800F060BBBB
:106BE000EC1F0020014B1868704700BFF01F002009
:106BF00008B500F045FB024B1860024B186008BD59
:106C0000EC1F0020F01F0020014B1868704700BFE8
:106C1000E81F002008B500F033FB024B1860024B60
:106C2000186008BDEC1F0020E81F0020014B186809
:106C3000704700BFF41F0020074B91421860074BBC
:106C4000196038BF1146064B1A60064B81422CBFB3
:106C500019601860704700BFF01F0020E81F002077
:106C6000F41F0020EC1F00207047704708B5FFF7A5
:106C7000FCFF08BD704708B5FFF7FCFFFFF7F6FF04
:106C800008BD7047704708B5FFF7FCFFFCF726FF0B
:106C900008BD01207047000008B5054800F0CCFB96
:106CA00001F0B6F9FFF7E0FFBDE80840FFF7E3BFEA
:106CB000BD720008FEF71CBD7047704708B5FFF7AE
:106CC000FBFFFDF717FAFFF7F8FF08BD08B5FFF760
:106CD0001DFF08B9FFF762FF0848FFF720FF0848CB
:106CE000FFF723FF04F020FEFFF71BFFFFF73BFA3F
:106CF000044B1878BDE80840FFF751BAFA1F00208E
:106D0000C84900201A1F002008B506F049FB00F012
:106D1000A3FA05F054FE00F07DFD04F095FB00F0B1
:106D200093FCFFF7D3FF06F0AFF8FEF78DFE04F0FB
:106D300043F904F0FDFD00F07FFDBDE80840FFF7DA
:106D4000A2BF70B504460D46164602F029FD324634
:106D500029462046BDE8704006F0C4BA08B5FEF7E3
:106D6000C7FC18B1BDE8084006F08FB808BD0000A8
:106D70002DE9F04F85B0FFF78CFF88B9FFF710FFC2
:106D8000FFF7ECFF04F076F804F008FC08B1FFF719
:106D900041FF05F007FB05B0BDE8F04FFEF764BE0C
:106DA000DFF8C88000F0A2FC46460024E0B236F8C6
:106DB000025B00F051FB0B2C54D0854204F101041E
:106DC000F4D02B4B1B789B0701D500F04BFBFFF752
:106DD00071FF002701905FFA87F9484600F03CFBFD
:106DE00038F8026B0446B04236D04FF0000A012555
:106DF0004640B6B22E4224D0019B2C4214BF4FF025
:106E0000010B4FF0000BBBB15146484606F05EFA4D
:106E100090B98DF808A08DF8099006F0F9FA4FF0B6
:106E20000103ADF80A008DF80C308DF80DB002ABFF
:106E300093E80300FEF72EFE5A4651464846FFF7F8
:106E400080FF0AF101035FFA83FA6D00BAF1090FBE
:106E5000ADB2CFD128F8024C01370C2FBBD1FFF7D0
:106E6000C7FE8DE78542ACD188E700BFB04900205E
:106E7000FA1F002038B500F005F9B0F5A44F04461C
:106E800043D2B0F5A04F80F0AC80DF2816D8CC28D4
:106E900000F28A80A7280AD8A42878D8012804D02C
:106EA000031F9BB2A12B28BF0024204638BDA0F1B0
:106EB000A8039BB21A2B6FD90024F6E7B0F5804FD8
:106EC00019D2B0F5005F80F0A080E728EDD9A0F5D9
:106ED00080739BB2B3F5F85FEED2C0F3072000F0E9
:106EE00057F90546E0B200F0CDF82D0205F4F8554B
:106EF0000543ACB2D9E7C0B200F0C4F804F4706442
:106F0000044344F42044A4B2CFE7B0F5A54F21D206
:106F100045F25F23984251D845F23F2398420ED85C
:106F200045F21F23984242D80124C0F3850300F0A4
:106F30000300844044EA431444F40D44E3E701248D
:106F4000C0F3820300F00300844044EA431444F495
:106F50000C44D8E745F2BF2398420AD845F29F2354
:106F6000984200F01F0034D84AF2F40444EA0024A6
:106F70009BE7A0F5A543403B9BB21F2B9CD8040286
:106F800004F4F85444F4204444F0F0048DE7A0F1F4
:106F9000240444F48044B6E7244B5834E4B233F874
:106FA000144044F4884480E740F4A044ABE74AF23C
:106FB000F10300F01F0443EA042476E70124C0F340
:106FC000820300F00300844044EA431444F40A447A
:106FD00099E700F0DDF8040204F4F85444F4005496
:106FE00063E700F01F0000F0D3F8C30648BF0001BC
:106FF000C4F343144FEA04244CBF00F0F00000B285
:10700000204340F4104084B24FE7C0F3042000F066
:10701000BFF80546E0B200F035F82D0205F4F8554A
:1070200045EA000444F400546DE700BF121601085D
:1070300082B0ADF80410CBB2C1F307210B2905D8FB
:10704000082B11D81A4602B004F089BDFD2905D1DC
:1070500053B90122194602B004F08EBDFC2903D1B8
:1070600013B91A461946F6E7002002B0704707B573
:10707000ADF804100199FFF7DBFF03B05DF804EBF6
:10708000FFF7F8BEE72850D8DF2807D8312865D0A9
:107090000ED8292858D02A2867D07047A0F1E003DD
:1070A000072B42D8DFE803F01541242933413D4244
:1070B000392804D0822802D0352840D07047334B7D
:1070C0001A7892075CD15B7813F0080F18BF29205B
:1070D00070472E4A1378D9074ED4527812F0010F18
:1070E00023D013F0100F08BFE32018BF0020704713
:1070F000264B1B7813F0040FF2E7244A1378590744
:107100003CD45278D2073BD413F0100FEDE71F4B5D
:107110005A78910709D51B7813F0100F08BFE720A4
:10712000E3E71A4B1B781A07F6D47047174A13780F
:10713000190727D452789107E6D5E4207047134BFE
:107140001B7813F0200FC1E7104B1A7892061BD45E
:107150005B7813F0080F18BF392070470B4B1B7872
:1071600013F0400F18BF2A207047084B1B7813F00C
:10717000400F18BF3120704739207047E220704718
:10718000E0207047E62070473520CEE7C849002050
:1071900010B5304C21784B0713D500F01402A2F142
:1071A000040C00F01803DCF1000242EB0C02A3F126
:1071B000080CDCF1000343EB0C039A4218BF80F08B
:1071C0000C000B0713D500F01402A2F1140C00F010
:1071D0001803DCF1000242EB0C02A3F1180CDCF105
:1071E000000343EB0C039A4218BF80F00C00647854
:1071F000E30713D500F0110202F1FF3C00F0180381
:10720000DCF1000242EB0C02A3F1080CDCF10003FC
:1072100043EB0C039A4218BF80F00900A30711D575
:1072200000F0110200F01803A2F111046242A3F170
:10723000180C6241DCF1000343EB0C039A4218BFC7
:1072400080F00900CA0603D5030748BF00F0E70035
:1072500010BD00BFC84900200022014B1A607047D2
:10726000CC49002010B50446FEF742FA20B906F0DA
:1072700099F8024B241A1C6010BD00BFCC490020B5
:1072800008B5FEF735FA18B1BDE8084006F08AB82F
:1072900006F088F8014B1B68184408BDCC49002053
:1072A00010B50446FEF724FA20B12046BDE8104090
:1072B00006F02DB8FFF7E4FF001B10BD002070475B
:1072C000A0F5A543603B1F2B10B507D84C791CB91E
:1072D00000F01F00FEF754FB204610BD0124FBE721
:1072E00008B503464879A8B147F65B4293420ED0F1
:1072F00047F65C42934206D047F65A42934205D184
:10730000FFF7F4FB01E0FFF7E5FB002008BDFFF706
:10731000F0FBFAE70120F9E708B50346487998B190
:1073200047F6014293420CD047F60342934206D0FF
:10733000B3F5F84F02D1FEF740FB002008BDFFF780
:10734000E3FBFEF742FBF8E70120F7E7002000F03F
:1073500061BE08B5002000F0D8FD4FF6E363C31A04
:107360005842584108BD4FF6E361002000F034BE9A
:1073700008B5002000F04EFEBDE808404FF6FF7152
:10738000002000F029BE10B50446022000F0AEFD3A
:10739000207010BD0178022000F010BE032000F024
:1073A000A5BD0146032000F009BE10B50446042027
:1073B00000F0ABFD208010BD0188042000F00CBE61
:1073C0000822172100F028BE0822172100F0DCBD9A
:1073D0000F2000F0A9BD01460F2000F00BBE0146B2
:1073E0000E2000F0EBBD08B5132000F09DFDA0F5C8
:1073F0005D735842584108BD70B50E4605461446A7
:10740000FFF7A1FB014680B13444B4F55D7F88BF2E
:1074100040F2993406F1250198BF2534641A2246BA
:10742000284600F0F9FD204670BD22462846F9F7AF
:10743000A3F9F8E700207047014B1860704700BFC0
:10744000DC0D0020704708B5FFF7FCFF08BD704752
:1074500008B5FFF7FCFF08BD014B33F8100070477B
:10746000EA49002070474FF4346007F0FBB900BFD1
:1074700000BF00BF00BF00BF00BF00BF00BF00BF14
:1074800000BF00BF00BF00BF00BF00BF00BF00BF04
:1074900000BF00BF00BF00BF00BF00BF00BF7047FC
:1074A00008B5FFF7E0FF08BD704708B5FFF7FCFF20
:1074B00008BD00007FB5FEF71BF91E4D04461E4AAD
:1074C00060B30023107801A905EB400001930293FB
:1074D000039300F0C5F9194E80B1194B0C221878AE
:1074E00001A905EB4000F9F721F80123337060B9D9
:1074F0000024FFF7ADFF204604B070BD3378002BA9
:10750000F6D001900290039030700D4B0C22187849
:1075100001A905EB4000F9F73DF8EAE7084B1178BF
:10752000187805EB410105EB400000F0FBF9FFF78F
:10753000BCFFE0E7EA490020024A0020FB1F0020D0
:10754000D049002008B5302383F31188012100F0D1
:107550000F039940202220F00F0008F015FE0023B1
:1075600083F3118808BD000038B509240B4D55F888
:10757000040B421C01D0FFF7E5FF013C14F0FF04AF
:10758000F5D10624064D55F8040B431C01D0FFF736
:10759000D9FF013C14F0FF04F5D138BDE00D002007
:1075A000040E00202DE9F843DFF89480174658F8C0
:1075B000213005465A1C0E4640D0302282F31188F5
:1075C000012223F00F0903F00F0302FA03F421460E
:1075D0004846240408F0D8FDC9F81840002484F374
:1075E0001188FFF744FF6FEA070C1648AA1E0A35F8
:1075F00050F8041B32F8023FB1F1FF3F1AD021F0DE
:107600000F0EDEF810E001F00F012EFA01F1C907AC
:1076100010D401243B4313809542E9D158F8260049
:10762000431C01D0FFF78EFF21463046BDE8F843EA
:10763000FFF736BF0CEA03031380EDE7BDE8F883DC
:10764000E00D0020040E0020F0B591B000F0DCF851
:10765000F0B91F4C01AD0FCC0FC594E8030085E8CD
:1076600003001C4E01AF0FCF0FC695E8030008348E
:1076700007AD86E803000FCC0FC50FCC0FC52668F9
:10768000154C2E6007AD0FCD0FC40FCD0FC4266073
:1076900000F0BAF8002814BF002306230F4A137025
:1076A0000F4AC3F106031370FFF75EFF1822002193
:1076B0000C48F9F761F8182200210B48F9F75CF83B
:1076C00000F04CF811B0BDE8F040FFF7BCBE00BFC1
:1076D000400F0108040E0020E00D0020024A0020A7
:1076E000D0490020EA490020D249002030B587B0B7
:1076F000182200216846F9F73FF8002501242246A8
:10770000E9B268460135FFF74DFF6400092DA4B2C8
:10771000F5D1182269460E48F8F708FF002814BF73
:107720000124002404D0182269460948F8F732FFE2
:10773000084B22461978084B054803EB410100F03D
:107740000FF80446FFF7B6FE2043C0B207B030BDC5
:10775000D2490020024A0020EA4900207047000078
:107760002DE9F04106460D461446134F42B1012360
:107770003B7005F017FE114B18600020BDE8F0814A
:1077800097F80080B8F1000FF7D00C4B186805F09F
:10779000BEFD0028F1D00C2231462846F8F7C6FE7F
:1077A00028B10C2231462846F8F7F4FE444600235F
:1077B00020463B70E2E700BFFC1F002000200020B5
:1077C00010B5074C00224FF40071204608F0DCFC95
:1077D0004FF4165007F046F82069C0F3402010BD62
:1077E0000004004038B5C82406F0C6FF054648B975
:1077F000013C4FF47A70A4B207F0FDF9002CF3D1EC
:1078000006F0AEFF284638BD014B5878704700BFE0
:107810000720002010B5FFF7E5FF064C2070FFF7AA
:10782000CFFF6070FDF764FF18B1BDE8104000F0B5
:1078300045B810BD0720002008B5FDF759FF18B95D
:10784000BDE8084000F03CB808BD0000034B1878C4
:1078500009288CBF00200120704700BF06200020AF
:1078600070B5144D04462B780E46092B16D82046C9
:10787000314600F055F80446C8B92B78FF2B1CBFE1
:1078800001332B702B78092B94BF0124002403D9DA
:1078900005F0BEFD084B1880204670BD064B1888C9
:1078A00005F02EFDB0F5FA7FE1D20024F4E70023C5
:1078B0002B70F1E7062000200420002005F054BEC4
:1078C00005F03EBEF8B504461E46BDF8187062B11C
:1078D0000C234343104DE85C1D44904238BF0246E0
:1078E0006B880E481844F8F755FE204605F03EFE1A
:1078F000054670B16FB10C20074900FB04110A79ED
:10790000CB880649BA4228BF3A4630461944F8F7B0
:1079100041FE2846F8BD00BF1C0E00200C200020B0
:1079200000F0CEB900F008BA054B1A68054B92F882
:107930003A1083F8901092F83B2083F8AC207047FF
:10794000481601081C0E002003F052BE114B70B502
:107950001C68032104F1390003F0EBFF94F8383080
:10796000834215D194F939200F2A11DC0C210A4BDE
:1079700001FB02339D685DB1AC4694F83B2094F85E
:107980003A0004F15C0304F13C01BDE8704060473B
:1079900070BD00BF481601081C0E00202DE9F04301
:1079A00090461D460022012385B000930E46DDE976
:1079B0000C9711460DF10F03FFF784FF044650B3F7
:1079C000D8F8000005F0A3FC63281CD90022BBB244
:1079D0001146009330462B46FFF774FF39460446A4
:1079E000484603F0A6FF9DF80F30834214BF0024E1
:1079F00004F001041CB105F0D5FCC8F800002046D5
:107A000005B0BDE8F0833946484603F092FF9DF883
:107A10000F308342DAD13A4649462846F8F7BAFD94
:107A2000EDE700001E4B2DE9F0411E68082386B0EB
:107A300006F11B080193042103201A4ACDF80080A7
:107A400004ABFFF7ABFF054620B1174FB27E3B7882
:107A50009A4215D1284606B0BDE8F0819DF80F1076
:107A60009DF80E0003F036FD044650B900230520B2
:107A70001A4619460093FFF725FF2040C5B20BE0D8
:107A8000002440460DF10F020DF10E0103F008FD38
:107A90000028E3D1002CE9D1B37E3B70DAE700BFC8
:107AA00048160108B02000208820002070B50C2660
:107AB0000E4B86B01B680D46023300930121002057
:107AC0000B4A01960DEB0603FFF768FF044628B149
:107AD000324608480DEB0601F8F75CFD0C222846FB
:107AE0000449F8F757FD204606B070BD4816010856
:107AF000A820002094200020F7B5044608680D4611
:107B000017461E4605F003FC632800D87FB100230A
:107B100020463146BDF820200093FFF7D3FE0446EF
:107B200010B105F03FFC2860204603B0F0BD0124F1
:107B3000FAE72DE9F0411446069F05460E463A46FF
:107B400019462046F8F7F2FC021E23463146284625
:107B5000BDE8F04118BF0122FFF7CEBF7FB5FFF7A8
:107B600041F80390FFF750F80490FFF75FF80C22FC
:107B7000064B05901B68009205492C336A440A2085
:107B8000FFF7D7FF07B05DF804FB00BF48160108F8
:107B9000A420002007B50C21054B02461B6800916C
:107BA0000E3304490220FFF7C4FF03B05DF804FB65
:107BB00048160108AC2000201FB505F075F9012218
:107BC000074B8DF80F001B68009206492A330DF110
:107BD0000F020920FFF7ADFF05B05DF804FB00BF01
:107BE00048160108B820002037B501240E4B0720A5
:107BF0001D680E4B95F828101A7800948A1A18BF41
:107C000001220B49FFF778FF58B10A4B95F829106C
:107C10001A7808208A1A18BF012207490094FFF732
:107C20006BFF03B030BD00BF481601081A1F0020CB
:107C300090200020161F00208C20002030B50E4D13
:107C400085B0286805F063FB632812D9FFF718FB9D
:107C500000230230039004220620009303A9FFF7BB
:107C600031FE044610B105F09DFB2860204605B0AA
:107C700030BD0124FAE700BFB42000202DE9F04711
:107C800006460F469046FFF7E1FD002814BF4FF06F
:107C90000A094FF00109012539463046C04710B99D
:107CA00001354D4501DDBDE8F087044605FB05FAC9
:107CB0004FF47070013406F0D5FD5445F8D1EBE770
:107CC00038B5164A04460D46FFF7D8FF20B32946BB
:107CD0002046134AFFF7D2FFF0B129462046114A49
:107CE000FFF7CCFFC0B1294620460F4AFFF7C6FF79
:107CF00090B1294620460D4AFFF7C0FF60B12946E2
:107D000020460B4AFFF7BAFF30B129462046BDE8AE
:107D10003840084AFFF7B2BF002038BDAD7A0008EE
:107D2000957B0008257A00083D7C0008E97B000867
:107D3000B97B00085D7B000870B50E46054607F06C
:107D400097FF294B0C221C683146A31C1846F8F7F4
:107D500021FC0C2103F0EDFD264606F80E0B07F082
:107D60008DFF07F085FF0C223146284604F11B05E4
:107D7000F8F710FC07F082FF07F07AFF284603F0BF
:107D80002FFC0821284603F0D4FDA07607F076FFEB
:107D900007F06EFF154B606A1A68904202D01860B7
:107DA000FFF760FA07F06AFF07F062FF94F82820F7
:107DB0000F4B1A7094F829200E4B1A7007F05EFFD3
:107DC00007F056FF94F82A0005F068F807F056FF10
:107DD00007F04EFF04F12C0007C8FEF72DFFBDE8A9
:107DE000704007F04BBF00BF48160108A0200020DC
:107DF0001A1F0020161F00200E2808DD0C22044B3D
:107E000002FB00303C2343805C238160C3807047C9
:107E10001C0E0020F0B587B00E4617461D468DF8A3
:107E20000F00FFF713FD10B9002007B0F0BD9DF95A
:107E30000F300E2BF8DD202EF6D8202DF4D800249C
:107E400003210DF115008DF815308DF814408DF8D3
:107E500016608DF8175003F06CFD154B8DF814006B
:107E600083F8906083F8AC50042223460B200094E2
:107E700005A9FFF727FD0028D6D02346324639460C
:107E80000C200094FFF71EFD0028CDD023460122D0
:107E90000D2000940DF10F01FFF714FD0028C3D051
:107EA000224621460C9B00950E20FFF70BFDBCE7F8
:107EB0001C0E0020FEF75CBF08B505F036FA05F091
:107EC000CBFFFEF7E9FE05F0C9FFFEF71DFF05F049
:107ED000D3FF05F0D7FFFFF7EDFF05F0D5FF05F065
:107EE00095FF03F0DBFDFEF7E9FEF2E7002307B59F
:107EF000014601220DF107008DF8073000F08CF8E3
:107F00009DF8070003B05DF804FB002307B50146A8
:107F100002220DF10600ADF8063000F07DF8BDF844
:107F2000060003B05DF804FB07B5042200230146F8
:107F30000DEB0200019300F06FF8019803B05DF8BB
:107F400004FB07B501228DF8071001460DF107006B
:107F500000F067F803B05DF804FB07B50222ADF846
:107F6000061001460DF1060000F05BF803B05DF865
:107F700004FB07B50422019101460DEB020000F05D
:107F800050F803B05DF804FBF8B505461446D31D60
:107F900023F0070300AFADEB030D68460E4600F07B
:107FA0003BF8224669462846F8F7C0FA20B1224637
:107FB0003146284600F035F8BD46F8BD38B50C46C8
:107FC0000546FFF793FFA04205D021462846BDE8AD
:107FD0003840FFF7B6BF38BD38B50C460546FFF749
:107FE00094FFA04205D021462846BDE83840FFF75F
:107FF000B4BF38BD38B50C460546FFF795FFA04223
:1080000005D021462846BDE83840FFF7B2BF38BD4D
:1080100000F012B900F038B80B460146184600F0DF
:108020004DB80B460146184600F09AB808B5064B05
:108030004FF4805218460021F8F79EFB41F20802E7
:1080400000F580531A6008BDC020002010B5054C13
:1080500023792BB900F069F908B10120207110BD16
:108060000220FCE7C030002010B5064C237933B164
:1080700000F065F910B100230120237110BD02202A
:10808000FCE700BFC030002038B5FFF7DFFF044633
:1080900018B9FFF7E9FF204638BD00F048F905465A
:1080A000FFF7C4FF012C06D1FFF7DEFF00280CBF4D
:1080B000002505F001052C46EDE7000008B5034654
:1080C00008469918B1F5805F05D804491944F8F7B6
:1080D00061FA012008BD0020FCE700BFC02000209D
:1080E00038B500F024F9044608B3FFF7AFFF4FF4AA
:1080F000007205461249002000F03EF970B10EA34F
:10810000D3E900234FF480510D4803F060F9024693
:108110000B464FF4805000F061F950B90024012D56
:1081200001D1FFF7A1FF41F20802064B1A60204679
:1081300038BD0224F3E700BF25232284E49CF2CB60
:10814000C0200020C0300020044B1B68B3F5005F46
:1081500001D3FFF7C5BF0120704700BFC03000202A
:108160008318B3F5805F2DE9F34705460F461646A1
:108170001AD8304C00EB040841463846F8F7D6F9D7
:10818000002854D0324639464046F8F703FAFFF744
:108190005DFF814630B104F580583EB9FFF7D4FF4A
:1081A000044639E0FFF760FF00243CE0052EB246AC
:1081B00028BF4FF0050A052200210DF10300F8F752
:1081C000DBFAC5F3024343EACA03524639468DF847
:1081D00000300DF103002B0A8DF801308DF80250AC
:1081E000F8F7D8F9DDE90023D8F8000000F0F6F838
:1081F000044688B1D8F800300833C8F80030FFF7DB
:10820000A3FF0128044604D1A6EB0A0655445744AF
:10821000C3E7022818BF0024B9F1010F03D1FFF70B
:1082200023FF0028C0D0204602B0BDE8F08701241B
:10823000F9E700BFC02000207FB5FFF7F7FE00F090
:108240006FF8044610B9FFF7F1FE5BE04FF40072DF
:108250000020314900F075F82F4D044610B9FFF7A2
:10826000E5FEF0E72AA3D3E900234FF48051284626
:1082700003F0ADF806460C464FF4805002A900F01A
:1082800078F8DDE902239C4208BF964201D0FFF74F
:10829000CDFE41F208046946204600F06AF8034624
:1082A00040B3DDE9000350EA030220D010F0C00F14
:1082B000CDE9020304F10804C1B2C0F3811318D15F
:1082C0000A0400F47F46C0F3074002F4E022304382
:1082D0001043CA0800EBD101B1F5805F0AD80DF157
:1082E0000B012844F8F756F9B4F5005FD3D1012308
:1082F00000E00023094A14603BB9FFF7F1FE044691
:108300000028A0D0204604B070BDFFF71DFFF6E79F
:1083100025232284E49CF2CBC0200020C030002022
:1083200008B500F0DDF8012008BD0120704708B550
:10833000002000F0D7F8B0FA80F0400908BD012015
:10834000704738B5D5002A460C4600F0E8F818B951
:1083500021462544A94203D1B0FA80F0400938BD36
:10836000D1E90023D243DB4341F8082B41F8043C18
:10837000F0E70122FFF7E5BF2DE9F0470646884602
:1083800015460027C0B0202DA94628BF4FF0200970
:108390004FEAC90A5246684608EBC701F8F7FAF8EF
:1083A00000246B464C450DD152466946304600F0DC
:1083B000D4F888B92D1B56442744E4D1012040B09D
:1083C000BDE8F087D3E90001C043C94343F8080B77
:1083D00043F8041C0134E5E70020F0E707B5CDE9D8
:1083E000002369460122FFF7C7FF03B05DF804FBD5
:1083F000002208231146014805F00CBA0C08004081
:1084000008B5FFF7F5FF30B1062005F013FA05F0C7
:1084100049FA002008BD4FF0FF30FBE7F7B51F46D3
:108420008DF807100B0A090C064615468DF8040056
:108430008DF806308DF80510FFF7DAFFE8B104215A
:108440000DEB010005F01AFA044648B945B1022EB9
:108450000BD0032E0ED12846B9B205F019FA044606
:1084600005F020FA204603B0F0BD2846B9B205F069
:1084700005FAF4E74FF0FF34F2E74FF0FF34F1E78D
:1084800010B5FFF7B5FF88B1052005F0D3F905F069
:10849000E3F9044605F006FA002C05DB14F0010FA1
:1084A00014BF6FF003040024204610BD4FF0FF34CA
:1084B000FAE710B5044604F075FF4FF47A7303FB36
:1084C000040404F06FFFA04204D2FFF7D9FF031D9C
:1084D000F7D010BD6FF00100FBE70120FFF7E9BF07
:1084E00005F01AB900F58033B3F5002F10B5044636
:1084F00012D283B283B9FFF7F0FF78B9FFF780FF9C
:1085000060B9034602462146D820FFF787FF28B905
:10851000BDE81040FFF7E1BF4FF0FF3010BD2DE97F
:10852000F04107460D461646FFF7D7FF0446804642
:1085300038B1324600212846F8F71EF92046BDE83A
:10854000F08133462A4639460320FFF767FF044689
:108550000028F3D032464146EDE72DE9F0410646CA
:108560000F46154675B9FFF7B8FF044638B9FFF74F
:108570003FFF30B3042005F05DF905F093F9204684
:10858000BDE8F0815FFA86F8C8F58078A84528BF75
:10859000A846FFF7A2FF04460028F0D1FFF730FFFE
:1085A00004460028EBD143463A4631460220FFF705
:1085B00035FF04460028E2D147444644A5EB0805B0
:1085C000D0E74FF0FF34DAE738B54C790546002C98
:1085D00042D0FEF74FF900F02203A5F5F040203815
:1085E0000A280AD8DFE800F0060B0F14181D212610
:1085F0002A2F330002F041FD0024204638BD23B16C
:1086000002F0DEFDF8E7002BFAD002F0C5FDF3E73B
:1086100023B102F039FEEFE7002BFAD002F022FE80
:10862000EAE723B102F058FEE6E7002BFAD002F0A9
:108630003FFEE1E723B102F077FEDDE7002BFAD041
:1086400002F05EFED8E723B102F0A2FED4E7002BD1
:10865000FAD002F08FFECFE70124CEE738B54D798E
:108660000446A5B9FEF706F900F02203A4F5F04090
:1086700040380E2849D8DFE800F0080C0F12161B0E
:108680001F24282D31363A3F430002F00BFD2846C7
:1086900038BD02F01FFDFAE702F0EFFCF7E723B167
:1086A00002F08EFDF3E7002BFAD002F075FDEEE745
:1086B00023B102F0E9FDEAE7002BFAD002F0D2FD87
:1086C000E5E723B102F008FEE1E7002BFAD002F063
:1086D000EFFDDCE723B102F027FED8E7002BFAD04C
:1086E00002F00EFED3E723B102F052FECFE7002BDB
:1086F000FAD002F03FFECAE723B102F066FEC6E7F9
:10870000002BFAD002F05EFEC1E70125BFE70000B2
:1087100030B510F47F4F85B00190C0F30725C0F34A
:10872000074217D109B1314B9A5C8DF80C208DF8B6
:108730000D208DF80E2000209DF80C3063F307000B
:108740009DF80D3063F30F209DF80E3063F3174052
:1087500005B030BD9DF8044061B3244B9A5C0620FF
:10876000FF236043591BB0FBF3F06FF05403434306
:1087700003EB440303EB4303DBB203FB05F4C3F158
:10878000FF036B4324121B12C4F1FF04C3F1FF0368
:10879000514354435343C1F30721C4F30724C3F3A4
:1087A0000723D2B206281CD8DFE800F006080F1213
:1087B000161B060092B2D2E714461A468DF80C40FA
:1087C0008DF80D208DF80E10B5E70C461946F5E72B
:1087D00023460C461146F0E710461C460A46014661
:1087E000ECE7234614460A46F0E700BF6816010886
:1087F000012184B004B0FFF78BBF012830B501D848
:10880000C0B230BDB0F5F75F88BFFF224FF0010462
:108810009EBF42090832D2B2A3185910C3F34705CC
:10882000C3F34F035B439BB2834205D96A1ED2B2A6
:108830009442F1D9601EE3E7FF2902D06C1CE4B238
:10884000F6E70846DDE70000074B188800EB4022FA
:1088500000EB820000F55850193080B2188000EB10
:108860001020C0B2704700BFEC0E002008B50146D2
:10887000FFF7EAFF4843C0F3072008BD10F04003AC
:1088800016BFC2430246D2B210B502F00F0103B1C7
:108890000131094CC2F3011204EB42035B785943E6
:1088A00014F81230020603EB2113DBB244BF5B4223
:1088B000DBB283F0800010BD4C1601081FB5C0F379
:1088C000074401905008FFF7D9FFA0F180035BB285
:1088D000002BBCBFC0F1800043B200205B00DBB2C4
:1088E00004FB03331B128DF80630019BDAB262F3EE
:1088F0000700C3F3072262F30F20C3F3074363F3B8
:10890000174004B010BD0000144B84B003EB4103CA
:10891000E521019093F86C30C0F307204B43C2EB84
:1089200013231C33002BB8BF5B42A0EBC3031BB265
:1089300023EAE37300FB033300201B128DF805309C
:10894000019BDAB262F30700C3F3072262F30F2040
:10895000C3F3074363F3174004B070479A0C002039
:10896000144B84B003EB4103E521019093F86C3084
:10897000C0F307404B43C2EB13231C33002BB8BF9B
:108980005B42A0EBC3031BB223EAE37300FB033398
:1089900000201B128DF80630019BDAB262F307004B
:1089A000C3F3072262F30F20C3F3074363F31740B7
:1089B00004B070479A0C002084B0019000208DF81C
:1089C0000420019BDAB262F30700C3F3072262F3CB
:1089D0000F20C3F3074363F3174004B07047000050
:1089E00084B001900B4800EB410090F86C300020FF
:1089F0009B1A8DF80430019BDAB262F30700C3F3CF
:108A0000072262F30F20C3F3074363F3174004B058
:108A1000704700BF9A0C002084B001900B4800EB17
:108A2000410090F86D3000209B1A8DF80430019BB6
:108A3000DAB262F30700C3F3072262F30F20C3F335
:108A4000074363F3174004B0704700BF9A0C00203F
:108A500030B5134B85B03431019003EB4104657997
:108A600003EB4103A5F1200464B21B79002CBCBFC9
:108A7000C5F1200464B29A1A2244C0B210448DF8A1
:108A800004000020019BDAB262F30700C3F307225F
:108A900062F30F20C3F3074363F3174005B030BD03
:108AA0009A0C002084B0019000209DF8102003EB68
:108AB000430302EB53038DF80430019BDAB262F3F7
:108AC0000700C3F3072262F30F20C3F3074363F3E6
:108AD000174004B070471FB592B2019048B2002809
:108AE00002FB02F2BCBF494248B2C0F1380000FBB1
:108AF000002080B21C46FFF780FE00EB40000444DB
:108B000000208DF80440019BDAB262F30700C3F342
:108B1000072262F30F20C3F3074363F3174004B047
:108B200010BD000084B0019003F13400104B03EB42
:108B3000400358791B792038703B4B4302FB0032CD
:108B400000209DF80410002AB8BF7F3201EBE2122A
:108B50008DF80420019BDAB262F30700C3F3072209
:108B600062F30F20C3F3074363F3174004B0704769
:108B70009A0C002084B0019003F13400104B03EBF9
:108B8000400358791B792038703B4B4302FB00327D
:108B900000209DF80410002AB8BF3F3201EBA2125A
:108BA0008DF80420019BDAB262F30700C3F30722B9
:108BB00062F30F20C3F3074363F3174004B0704719
:108BC0009A0C002030B5174C85B03433019004EB7B
:108BD000430425796379A5F1700464B2203B002C2D
:108BE00002FB03F3BCBFC5F1700464B2C4F13802E8
:108BF00001FB023212EB4202C0B248BF7F3200EBEF
:108C0000E21200208DF80420019BDAB262F3070023
:108C1000C3F3072262F30F20C3F3074363F3174044
:108C200005B030BD9A0C002001F13403114984B025
:108C3000019001EB430148790B792028A3EB000355
:108C40004FF0000003EB4303DBB28CBFD2189A1A3B
:108C5000D2B28DF80420019BDAB262F30700C3F3AD
:108C6000072262F30F20C3F3074363F3174004B0F6
:108C7000704700BF9A0C00201FB5C4B20190500885
:108C8000FFF7FCFDA0F180035BB2002BBCBFC0F17D
:108C9000800043B20D205B00DBB24343002004EBB5
:108CA00013238DF80430019BDAB262F30700C3F39B
:108CB000072262F30F20C3F3074363F3174004B0A6
:108CC00010BD000030B50D4685B00190C4B210460D
:108CD000FFF7D4FD124901EB450191F86C200244E5
:108CE0000D20D2B2A2F180035BB2002BBCBFC2F157
:108CF000800253B25B00DBB24343002004EB13233A
:108D00008DF80430019BDAB262F30700C3F3072247
:108D100062F30F20C3F3074363F3174005B030BD80
:108D20009A0C0020114B84B0019003EB410393F89F
:108D30006C10C0B28B1A5BB2002BBCBF521A53B27C
:108D40001922DBB2534300EB13208DF804000020FE
:108D5000019BDAB262F30700C3F3072262F30F202C
:108D6000C3F3074363F3174004B070479A0C002025
:108D7000FF2928BFFF21C94384B00190C9B2C0F3C5
:108D8000074000FB0111002009128DF80610019B1D
:108D9000DAB262F30700C3F3072262F30F20C3F3D2
:108DA000074363F3174004B07047FF2928BFFF2132
:108DB000C94384B0C9B2019001EB8111C0B200EB8C
:108DC000112100208DF80410019BDAB262F3070034
:108DD000C3F3072262F30F20C3F3074363F3174083
:108DE00004B0704784B003EB8302BDF810300190EB
:108DF00013449BB2FF2B28BFFF23DB43C0F3074084
:108E0000DBB20344FF2B28BFFF2300208DF8063080
:108E1000019BDAB262F30700C3F3072262F30F206B
:108E2000C3F3074363F3174004B0704700291FB52D
:108E3000B8BF4942002AB8BF524209B2090112B272
:108E4000FF294FEA0212A8BFFF21FF2AA8BFFF2275
:108E5000BDF8184009B21C4412B2A4B29142D4BF6A
:108E60006418A418A3B2FF2B28BFFF23DB43019093
:108E7000DBB2C0F307400344FF2B28BFFF230020D1
:108E80008DF80630019BDAB262F30700C3F30722C4
:108E900062F30F20C3F3074363F3174004B010BD20
:108EA0001FB5482B0190C0F3074030D8BDF81840DB
:108EB000E31A9BB2FF2B28BFFF23083189B2102988
:108EC00005D902F1080189B2112928BFFF23DB432C
:108ED000DBB20344002AB8BF0332FF2B28BFFF23B5
:108EE00000200C498DF80630497801EBA2028DF87C
:108EF0000420019BDAB262F30700C3F3072262F396
:108F00000F20C3F3074363F3174004B010BDFF23E2
:108F1000D3E700BF084A002084B0BDF81020C0F39A
:108F20000741D31A9BB2FF2B28BFFF23DBB2DA43E2
:108F3000D2B21144FF2928BFFF2101900344002031
:108F40008DF804308DF80610019BDAB262F3070049
:108F5000C3F3072262F30F20C3F3074363F3174001
:108F600004B0704784B0BDF810200190D31A9BB2B2
:108F7000FF2B28BFFF23DB43C0F30740DBB20344D2
:108F8000FF2B28BFFF2300208DF80630019BDAB2AB
:108F900062F30700C3F3072262F30F20C3F3074312
:108FA00063F3174004B070477FB5164E1546735CE7
:108FB0000190C0F3074413B9FFF746FC7054705C8E
:108FC00028444008FFF75AFCA0F180035BB2002B55
:108FD000BCBFC0F1800043B200205B00DBB204FBE9
:108FE00003331B128DF80630019BDAB262F30700DF
:108FF000C3F3072262F30F20C3F3074363F3174061
:1090000004B070BD603200201FB5184B0190C0F352
:10901000074401EB81011868154BC1EB811108442D
:109020001979C90800FB0100C0F30720FFF726FCEF
:10903000A0F180035BB2002BBCBFC0F1800043B243
:1090400000205B00DBB204FB03331B128DF80630FB
:10905000019BDAB262F30700C3F3072262F30F2029
:10906000C3F3074363F3174004B010BD104A002058
:10907000084A0020024B1A7810431870704700BF4E
:10908000CA30002010B5044620B90029ACBF00202A
:10909000802010BD80EAE073A3EBE0731BB20029CF
:1090A00003EB0102A7BFCB1A5B015B1A5201ABBFF6
:1090B00093FBF2F392FBF3F3C3F12003C3F16003DC
:1090C0005BB2D8B2002CBCBF4042C0B2E1E730B5C1
:1090D000C0F3072585B0EB1A01901046DCB2FFF70C
:1090E000D1FFC0EB801300EB830300201C44E3B2EC
:1090F00005FB03331B128DF80530019BDAB262F3D6
:109100000700C3F3072262F30F20C3F3074363F39F
:10911000174005B030BD30B5C0F3074585B0EB1A38
:1091200001901046DCB2FFF7ADFFC0EB801300EBFF
:10913000830300201C44E3B205FB03331B128DF8AC
:109140000630019BDAB262F30700C3F3072262F331
:109150000F20C3F3074363F3174005B030BD30B5AC
:1091600085B09DF82040C0F30725019010461C1BD8
:10917000FFF788FF2C44E4B2241A0020E3B205FB79
:1091800003331B128DF80530019BDAB262F307003E
:10919000C3F3072262F30F20C3F3074363F31740BF
:1091A00005B030BD30B585B09DF82040C0F307450F
:1091B000019010461C1BFFF765FF2C44E4B2241AF3
:1091C0000020E3B205FB03331B128DF80630019B30
:1091D000DAB262F30700C3F3072262F30F20C3F38E
:1091E000074363F3174005B030BD1FB5019010462B
:1091F0001C46FFF747FF20448DF804000020019B28
:10920000DAB262F30700C3F3072262F30F20C3F35D
:10921000074363F3174004B010BD1FB59DF8184015
:10922000019010461C1BFFF72DFFE4B2241A00200A
:109230008DF80440019BDAB262F30700C3F3072202
:1092400062F30F20C3F3074363F3174004B010BD6C
:1092500084B004B0FFF7CCBA2DE9F74FDFF8CCA00B
:1092600000EBC0080AEB08035B5C0746FF2B0E46C9
:109270002BD000252E4A90444FF0000B05EBC5047F
:1092800003F134090AEB04010AEB4909144411F80B
:1092900001EBBEF1FF0F0ED0E8B2874218D15FFAA2
:1092A0008BF0864214D118F806002030FF2828BF22
:1092B000FF2008F806000BF1010BBBF1090F04F1C8
:1092C0000104E4D101350C2DD6D103B0BDE8F08FF7
:1092D0000EF1340E0AEB4E0E9EF8040099F804C00D
:1092E0009EF805E0ACEB000C99F805000191A0EBAD
:1092F0000E0080B240430CFB0C0080B20093FFF7DD
:109300007CFA2828009B0199094AD4D894F800C017
:10931000C0F12800C0B2102894BF84440CF1100C96
:109320006046FF2828BFFF202070C4E79A0C002069
:10933000CC30002008B50348FDF7FDFB0022024BAE
:109340001A7008BD084A0020CA30002010B5094C28
:10935000352320460322084900F8013BF7F71AF9A4
:109360004FF67F732046A380FDF7E5FB0022034BF9
:109370001A7010BD084A00207C0F0108CA30002076
:109380000020704770B504460E461546FFF7F8FFFB
:10939000054B04EBC4041C44A35DFF2B1EBF2B54E0
:1093A0000130C0B270BD00BF9A0C0020014BDB68D9
:1093B000184700BF5816010870470000F7B50C4663
:1093C00015461E46FFF7F8FF00280ADB064F214628
:1093D0007C6833462A46A446019403B0BDE8F040B9
:1093E000604703B0F0BD00BF58160108F7B51F4B2A
:1093F0000546034493F8F430194234D01C4E1D4BFB
:1094000034791B88E40804FB0333711C1C1203220B
:109410006846F7F7BFF8E0B2FFF730FAA0F1800432
:1094200064B2002CBCBFC0F1800044B21F2077782A
:10943000F678FFF71BFA6400E4B206FB0444074425
:1094400024128DF800708DF802400098FFF700FF9D
:10945000C0F30743C0F30722C1B2284603B0BDE8FA
:10946000F040FFF7ABBF03B0F0BD00BF9A0C002087
:10947000084A0020104A0020F7B51F4B0546034458
:1094800093F8F430194234D01C4E1D4B34791B88AC
:10949000E40804FB0333711C1C1203226846F7F72F
:1094A00079F8E0B2FFF7EAF9A0F1800464B2002C89
:1094B000BCBFC0F1800044B21F20B778F678FFF738
:1094C000D5F96400E4B206FB0444074424128DF885
:1094D00001708DF802400098FFF7BAFEC0F3074311
:1094E000C0F30722C1B2284603B0BDE8F040FFF741
:1094F00065BF03B0F0BD00BF9A0C0020084A0020F1
:10950000104A002073B51B4B0446034493F8F43013
:1095100019422DD0184E194B35791B88ED0805FBE3
:109520000333711C1D1203226846F7F733F8E8B2C3
:10953000FFF7A4F9A0F180035BB2002BBCBFC0F120
:10954000800043B2F6785B00DBB206FB03331B12EC
:109550008DF802300098FFF77BFEC0F30743C0F39D
:109560000722C1B2204602B0BDE87040FFF726BF17
:1095700002B070BD9A0C0020084A0020104A00205A
:1095800013B5124B0446034493F8F43019421BD030
:10959000FFF75AF98DF800008020FFF767F90C4BB0
:1095A0007F30DB788DF801008DF802300098FFF7EE
:1095B0004FFEC0F30743C0F30722C1B2204602B0FA
:1095C000BDE81040FFF7FABE02B010BD9A0C0020B3
:1095D000084A002037B5134B0446034493F8F4308F
:1095E00019421DD0104D0322691C6846F6F7D2FFC0
:1095F00003206D78FFF73AF96FF01F0303FB005566
:109600008DF800500098FFF723FEC0F30743C0F326
:109610000722C1B2204603B0BDE83040FFF7CEBEFE
:1096200003B030BD9A0C0020084A0020014B9B6813
:10963000184700BF581601082DE9F04F524B87B06C
:10964000DC78524E04EB44034FEAA30B9B080293D1
:10965000FF23B3FBF4F3019383785BB1002211463F
:109660001046FFF7E3FF6C2200214948F7F784F822
:10967000002333700025474FDFF814A13B780133F6
:109680003B70D0464FF0000932785FFA89F31A43F5
:1096900063D10393F7F7F4F83F4B9842039B5CDCEC
:1096A0008AF800402946184604AAFFF76BFE98B1D5
:1096B00098F80020029B9DF810009A425CD9A2EB1A
:1096C0000B030BFB03F3A4EB0B0293FBF2F3224619
:1096D000DBB21946FFF772FE09F10109B9F10C0F6F
:1096E00008F10908D0D10135EDB2092D0AF1010ABE
:1096F000C7D13B78019A934204BF00233B70337873
:109700000133DBB21C2B3DD900233370234E0B23D6
:109710003546671E3046294609220B2B04D190F8A6
:1097200000C0644508BF077011F809CC013AA44590
:1097300024BF01F8097C0C7012F0FF0201F1010155
:1097400000F10100E9D1013B13F0FF03A5F1090588
:10975000E0D1002007B0BDE8F08F98F80020002A83
:10976000A0D094429ED939780198814204BF02F179
:10977000FF3288F8002095E76243B2FBFBF200233A
:10978000D2B2A6E73370E4E7084A0020CB300020CD
:10979000CC300020C8300020545555052F31002012
:1097A0002DE9F04F85B006460F461546FBF7A0FFA2
:1097B0008046002852D0002D53D03946304602AAA8
:1097C000FFF7E0FD0446DFF8D49099F80030234419
:1097D000082B23DDC4F1080A611C5246494409F1F3
:1097E0000100F6F7D7FE04F109015246494409F198
:1097F0000900F6F7CFFE09EB44014FEA4A0219319E
:1098000009F11900F6F7C6FE04F111015246494468
:1098100009F11100F6F7BEFE89F800A0002299F8C0
:1098200000C011469146DFF874E00DF1080BD0B28C
:1098300000EB0C03DBB28442019314D86444E4B21D
:1098400009B1164B1C704DB1154B1B7803F0FC038E
:10985000802B03D139463046FFF7FEFC05B0BDE84A
:10986000F08F2C46AFE7019B1BF801AB0EEB03001A
:109870000C4B0AF1340103EB41010B794979437038
:10988000019B41720C330EEB4303414680F811A05B
:1098900083F8019083F802900132C8E73B31002041
:1098A000084A00209A0C00200C4B1B68C3F381234C
:1098B000022B0CD0032B0ED0012B4FF0000203D053
:1098C00011461420FFF7B2BE14211046FAE700211A
:1098D00014220846F6E71422F2E700BF104A0020DF
:1098E000012070470120704708B5FFF7FBFF08BD56
:1098F00008B5FFF7F5FFFFF7F7FF08BDC0EBC000A5
:1099000043000020DBB203F10E02D2B2442A63F31B
:109910000700134628BF442382B063F30F2002B030
:10992000704700002DE9F04F074689B0007802919A
:10993000FFF7E4FFDFF8BC802F4A98F80450C4B268
:109940006B081588C0F3072B03FB05552B4BC5F39C
:10995000072503EB440603F1F409E3B29B4507D85E
:10996000BBF1430F8CBF0020012009B0BDE8F08F90
:1099700014F809207B781A4238D096F86D2096F8B2
:109980006C10203A92B202FB02F070391FFA81FA91
:109990000AFB0A0080B20392FEF72FFF98F801C07D
:1099A000034698F8020098F803E0039A4CEA002076
:1099B00012B20FFA8AF1DDF808C040EA0E400095B5
:1099C000E047C0F307238DF81C00C0F307408DF873
:1099D0001D308DF81E000798FFF73AFCC0F30743CF
:1099E000C0F30722C1B22046FFF7E8FC023601347B
:1099F000B3E700BF084A0020104A00209A0C00205C
:109A00000149FFF78FBF00BF5F9100080149FFF7D1
:109A100089BF00BFA59100080149FFF783BF00BFC0
:109A2000A58A00080149FFF77DBF00BF1B9200080F
:109A30002DE9F04F074685B00078FFF75FFF8A46B3
:109A4000DFF89880264A98F80450C4B26B0815884D
:109A5000C0F3072B03FB0555224BC5F3072503EB8A
:109A6000440603F1F409E3B29B4507D8BBF1430F69
:109A70008CBF0020012005B0BDE8F08F14F809204C
:109A80007B781A4226D098F8023098F8010098F8AE
:109A900003C096F86D2096F86C1040EA0320203A37
:109AA00070392B4640EA0C40D047C0F307238DF8AD
:109AB0000C00C0F307408DF80D308DF80E000398B0
:109AC000FFF7C6FBC0F30743C0F30722C1B220462D
:109AD000FFF774FC02360134C5E700BF084A0020D6
:109AE000104A00209A0C00200149FFF7A1BF00BFD7
:109AF000CF9000080149FFF79BBF00BF17910008F6
:109B00000149FFF795BF00BFD78A00080149FFF759
:109B10008FBF00BFEB9100082DE9FF470646007894
:109B2000FFF7ECFE88461F4F1F4B3D791B88AD08A1
:109B300002355D43DFF874A0C0F30729C5F307259C
:109B4000C4B2E1B2894507D8B9F1430F8CBF0020F8
:109B5000012004B0BDE8F08714F80A2073781A4297
:109B60001DD0B8787B782A4643EA0023F87843EA88
:109B70000040C047C0F307238DF80C00C0F3074036
:109B80008DF80D308DF80E000398FFF761FBC0F3E0
:109B90000743C0F30722C1B22046FFF70FFC013490
:109BA000CFE700BF084A0020104A00208E0D002099
:109BB0000149FFF7B1BF00BFBD8800080149FFF7A9
:109BC000ABBF00BF098900080149FFF7A5BF00BF6F
:109BD000618900080149FFF79FBF00BFB9890008EC
:109BE0000149FFF799BF00BFE18900080149FFF76C
:109BF00093BF00BF198A00080149FFF78DBF00BF5E
:109C0000518A00080149FFF787BF00BF798C00081F
:109C10000149FFF781BF00BFC58C00080149FFF76C
:109C20007BBF00BF258D0008837810B5044623B1A3
:109C3000442200210448F6F79FFD2046BDE810406D
:109C40000249FFF769BF00BF60320020A98F0008FA
:109C50000149FFF761BF00BF099000082DE9F04FEF
:109C6000814689B000780391FFF748FEDFF8A8A08D
:109C70002A4A9AF80440C6B2A3081488C0F30725FC
:109C800003FB0444C4F3072404F14000C0B2FEF710
:109C9000F5FDA0F180072046FEF7F0FDDFF880B06B
:109CA000A0F180087FB24FFA88F8F3B29D4206D83F
:109CB000432D8CBF0020012009B0BDE8F08F16F8BD
:109CC0000B1099F80120114224D09AF802209AF83A
:109CD00001009AF803C040EA02203946424640EAB1
:109CE0000C400094DDF80CC0E047C0F307238DF86A
:109CF0001C00C0F307408DF81D308DF81E0007983A
:109D0000FFF7A6FAC0F30743C0F30722C1B23046FB
:109D1000FFF754FB0136C8E7084A0020104A00202C
:109D20008E0D00200149FFF799BF00BF258B000869
:109D30000149FFF793BF00BF758B00080149FFF78A
:109D40008DBF00BFC58B00082DE9F04F334D07468E
:109D500085B00078FFF7D2FD2E794FF6FF730136FC
:109D6000FF2E28BFFF268846B3FBF6F6DFF8B0B01B
:109D7000DFF8B0A0C0F30729C4B2E0B2814507D82C
:109D8000B9F1430F8CBF0020012005B0BDE8F08F72
:109D900014F80B207B781A422ED09AF80030224912
:109DA000013B5BB21A0629D532462B79A878591C9B
:109DB000FF290B4628BFFF2303FB02226B78C2F367
:109DC0000F2143EA0023E87843EA0040C047C0F38C
:109DD00007238DF80C00C0F307408DF80D308DF887
:109DE0000E000398FFF734FAC0F30743C0F30722CD
:109DF000C1B22046FFF7E2FA0134BEE75A5C824264
:109E00000AD103F10C020AEB420292F801C09278E7
:109E10004CEA0222B242C8D3013BC3E7084A002001
:109E20008E0D0020144A0020254A00200149FFF72A
:109E30008BBF00BF718D00080149FFF785BF00BFD0
:109E4000AB8D00082DE9F04F82468DB00878049262
:109E5000FFF754FD8B46414BC5B21B78C0F3072971
:109E600003933F4B03EB4507F4330593EBB299455E
:109E700007D8B9F1430F8CBF002001200DB0BDE819
:109E8000F08F059BEA5C9BF801301A4221D0D04646
:109E90000024032233490AA8F6F77CFB2F4B0AF172
:109EA00001061E44039A5FFA88F39A4214D82E4B97
:109EB000D87800FB044424128DF82A400A98FFF752
:109EC000C7F9C0F30743C0F30722C1B22846FFF722
:109ED00075FA01350237C9E716F8013B97F86C109F
:109EE00097F86D20C91AF37989B2D21A92B202FB9F
:109EF00002F001FB010080B207920691FEF77DFCA3
:109F0000194B164A93F804E008F10C030EF1010E08
:109F1000BEF1FF0F28BF4FF0FF0E02EB430393F893
:109F200001C09B78079A4CEA032C0EFB0CCC0699D7
:109F3000CCF30F238DF82A400093049C034612B201
:109F40000A9809B2A047C0F307238DF828008DF8BE
:109F50002930C0F3074408F10108A3E7144A0020A0
:109F60009A0C0020094A0020084A0020044B0146B0
:109F70001B78044A013B23EAE373D8B2FFF762BFC0
:109F8000144A0020E58D00080146024A0020FFF730
:109F900059BF00BFE58D0008044B01461B78044AF9
:109FA000013B23EAE373D8B2FFF74CBF144A002009
:109FB0002D8E00080146024A0020FFF743BF00BF74
:109FC0002D8E0008044B01461B78044A013B23EA0E
:109FD000E373D8B2FFF736BF144A0020A18E000801
:109FE0000146024A0020FFF72DBF00BFA18E0008E6
:109FF000044B01461B78044A013B23EAE373D8B2C1
:10A00000FFF720BF144A0020198F00080146024ABA
:10A010000020FFF717BF00BF198F0008044B01464F
:10A020001B78044A013B23EAE373D8B2FFF70ABF67
:10A03000144A0020658F00080146024A0020FFF7FD
:10A0400001BF00BF658F0008F7B506460078FFF72F
:10A0500055FC184AC5B25378C0F307249078164FC0
:10A0600043EA0023D07843EA0040FFF7F1F8C0F359
:10A0700007238DF80530C0F307438DF804008DF8F1
:10A080000630EBB29C4205D8432C8CBF0020012047
:10A0900003B0F0BDEA5D73781A4208D028469DF8F7
:10A0A00006309DF805209DF80410FFF787F901356B
:10A0B000E7E700BF084A00208E0D00202DE9FF4190
:10A0C00006460078FFF71AFCDFF89C80032208F1AF
:10A0D0000101C4B2C0F3072501A8F6F75BFA0198A5
:10A0E00098F80170FFF7B4F8C0F307238DF8093032
:10A0F00098F804308DF808001F448DF80470C0F300
:10A1000007408DF80A000198FFF7A2F8C0F3072373
:10A110008DF80D30154FC0F307438DF80C008DF806
:10A120000E30E3B29D4206D8432D8CBF00200120A3
:10A1300004B0BDE8F081E35D7278134211D0DB0713
:10A14000204643BF9DF80E309DF80D209DF80C1061
:10A150009DF80A305CBF9DF809209DF80810FFF7B4
:10A160002DF90134DDE700BF084A00208E0D0020E4
:10A170002DE9FF4707460078FFF7C0FBDFF86C804A
:10A180000322C4B2C0F3072508F1010102A8F6F7C3
:10A1900001FA98F80460DFF858900136B608A9F182
:10A1A000870AE3B29D4206D8432D8CBF00200120D0
:10A1B00004B0BDE8F08714F809207B781A4213D068
:10A1C0001AF814301A0998F8013002FB06338DF89A
:10A1D00008300298FFF73CF8C0F30743C0F30722AA
:10A1E000C1B22046FFF7EAF80134DAE7084A002056
:10A1F0008E0D00202DE9FF4707460078FFF77EFB14
:10A20000DFF870800322C4B2C0F3072508F1010112
:10A2100002A8F6F7BFF998F80460DFF85C90013601
:10A22000B608A9F1880AE3B29D4206D8432D8CBF37
:10A230000020012004B0BDE8F08714F809207B78E5
:10A240001A4214D01AF8143006FB03F298F80130C1
:10A2500003EB52138DF808300298FEF7F9FFC0F3B4
:10A260000743C0F30722C1B22046FFF7A7F8013425
:10A27000D9E700BF084A00208E0D00202DE9F04FDD
:10A28000074685B00078FFF739FB0A23354E88462C
:10A290003579DFF8D4A0B5FBF3F5344B02351B88D4
:10A2A000EDB25D43C0F30729C5F30725C4B2AAF197
:10A2B000870BE1B2894507D8B9F1430F8CBF002065
:10A2C000012005B0BDE8F08F14F80A207B781A420F
:10A2D00029D01BF81430B078202B73782A4643EA33
:10A2E0000023F07843EA00401FD9C047C0F307239A
:10A2F0008DF80800C0F307408DF809308DF80A008A
:10A300000298FEF7A5FFC0F30722C0F307418DF8BE
:10A3100005208DF806108DF80400C3B2D2B2C9B280
:10A320002046FFF74BF80134C3E7C047C0F30723CB
:10A330008DF80C00C0F307408DF80D308DF80E003D
:10A340000398FEF785FFC0F30722C0F307438DF89B
:10A3500005208DF806308DF80400DBB2D2B2C1B210
:10A36000DEE700BF084A00208E0D0020104A0020C2
:10A370000149FFF783BF00BF298C0008F7B50378B8
:10A380000546C3B91E4B1B791033FF2B28BFFF2393
:10A390001A461C4B1B8802FB03330A22C3F30F230C
:10A3A000B3FBF2F102FB11339BB223B94420FEF759
:10A3B0005DFA154B18802878FFF7A0FA0446AB78B1
:10A3C000C6B2C4F3072493B90F4F3888864210D819
:10A3D000A0420ED26978C0B2FFF7FCF845233B805B
:10A3E00007E030466978FFF7F5F80136F6B2A64285
:10A3F000F7D3432C8CBF0020012003B0F0BD00BF79
:10A40000084A0020104A0020DE0E0020F7B503782D
:10A410000546CBB91E4B1B791033FF2B28BFFF23FA
:10A420001A461C4B1B8802FB03330522C3F30F2380
:10A43000B3FBF2F202EB82029B1A9BB223B94420D7
:10A44000FEF714FA144B18802878FFF757FA0446E1
:10A45000AB78C6B2C4F3072493B90F4F388886424D
:10A4600010D8A0420ED26978C0B2FFF789F8452310
:10A470003B8007E030466978FFF782F80136F6B294
:10A48000A642F7D3432C8CBF0020012003B0F0BDBF
:10A49000084A0020104A0020DC0E00202DE9F04F71
:10A4A000804687B00078FFF729FAC3B2009398F886
:10A4B0000230C0F307264BB1002211461046FFF7C9
:10A4C000B5F86C2200213C48F6F756F998F80030B0
:10A4D0006BB93A4C208802F013FF18288CBF012278
:10A4E0000022374B1A7002D902F092FF208000251B
:10A4F000DFF8D0B02C46A94603E0B9F10D0F54D8CF
:10A500000024314905EBC50A01EB0A031A1901922F
:10A510001B5D009A934240D3B3423ED20B4493F862
:10A52000F42098F8013009F101091A425FFA89F91B
:10A5300033D0214B9BF803209A441AF80470A7F1FA
:10A54000550323EAE373C3F1AA038DF810309BF897
:10A5500002308DF8113007F1AA03FF2B28BFFF232B
:10A5600003EB43030233DBB202FB03331B128DF810
:10A5700012300498FEF76CFEC0F30743C0F30722C5
:10A58000C1B201980078FEF719FF0D4B1B7823B17B
:10A59000013F27EAE7770AF804700134E4B2092C96
:10A5A000AFD10135EDB20C2DA7D1432E8CBF0020C9
:10A5B000012007B0BDE8F08FCC30002038310020FA
:10A5C000C9300020084A00209A0C0020F7B5037813
:10A5D0000546CBB91E4B1B790533FF2B28BFFF2344
:10A5E0001A461C4B1B8802FB03330522C3F30F23BF
:10A5F000B3FBF2F202EB82029B1A9BB223B9442016
:10A60000FEF734F9144B18802878FFF777F90446E1
:10A61000AB78C6B2C4F3072493B90F4F388886428B
:10A6200010D8A0420ED26978C0B2FEF76BFF452366
:10A630003B8007E030466978FEF764FF0136F6B2EA
:10A64000A642F7D3432C8CBF0020012003B0F0BDFD
:10A65000084A0020104A0020E40E0020F7B50378D5
:10A660000546CBB91E4B1B790533FF2B28BFFF23B3
:10A670001A461C4B1B8802FB03330522C3F30F232E
:10A68000B3FBF2F202EB82029B1A9BB223B9442085
:10A69000FEF7ECF8144B18802878FFF72FF90446E2
:10A6A000AB78C6B2C4F3072493B90F4F38888642FB
:10A6B00010D8A0420ED26978C0B2FEF7DDFE452365
:10A6C0003B8007E030466978FEF7D6FE0136F6B2E9
:10A6D000A642F7D3432C8CBF0020012003B0F0BD6D
:10A6E000084A0020104A0020E20E0020F7B5037847
:10A6F0000546CBB91E4B1B790533FF2B28BFFF2323
:10A700001A461C4B1B8802FB03330522C3F30F239D
:10A71000B3FBF2F202EB82029B1A9BB223B94420F4
:10A72000FEF7A4F8144B18802878FFF7E7F80446E2
:10A73000AB78C6B2C4F3072493B90F4F388886426A
:10A7400010D8A0420ED26978C0B2FEF74FFE452362
:10A750003B8007E030466978FEF748FE0136F6B2E6
:10A76000A642F7D3432C8CBF0020012003B0F0BDDC
:10A77000084A0020104A0020E00E002007B50078AB
:10A78000FFF7BCF8C0F3072043288CBF002001204E
:10A7900003B05DF804FB13B50078FFF7AFF8C0F322
:10A7A00007242146C0B2F7F7BBFC432C8CBF002026
:10A7B000012002B010BD00002DE9F04F764B8BB0A8
:10A7C0001B78764D834200904FD1754A2B781278D2
:10A7D00003F003039B1A18BF0123724C6278A37025
:10A7E0006B799A4205D00022114610466370FEF73D
:10A7F0001DFF009B342B3AD8013B332B51D8DFE8A7
:10A8000013F059005E00620066006A006E0072007C
:10A8100076007A007E00820086008A008E00920018
:10A8200096009A009E00A200A600AA00AE00B20008
:10A83000B600BA00BE00C200C600D50040010B023F
:10A84000B902BD02C102C502C902CD02D102D502C0
:10A85000D902DD02E102E502E902ED02F102F502B0
:10A86000F902FD020103050309030123B5E7009B7B
:10A87000FF2B00F0D38200244A4B1A7801321A7061
:10A88000002C40F0D0820221474A9B781170002BA7
:10A8900040F0C982009B002B40F0C5820323137057
:10A8A000C1E2A478002CE7D0002211461046FEF742
:10A8B000BDFEE0E73B48FFF7C7FB0446DCE739484D
:10A8C000FFF7FCFBF9E73748FFF752FCF5E735489F
:10A8D000FFF790FCF1E73348FFF76AF9EDE73148FD
:10A8E000FFF76CF9E9E72F48FFF76EF9E5E72D4828
:10A8F000FFF7FAF8E1E72B48FFF7FCF8DDE7294816
:10A90000FFF77EF8D9E72748FFF780F8D5E7254815
:10A91000FFF760F9D1E72348FFF762F9CDE7214857
:10A92000FFF764F9C9E71F48FFF766F9C5E71D4857
:10A93000FFF772F8C1E71B48FFF7E2F8BDE71948D7
:10A94000FFF7E4F8B9E71748FFF76CF8B5E71548E3
:10A95000FFF7E8F9B1E71348FFF7EAF9ADE7114867
:10A96000FFF7ECF9A9E70F48FFF702FDA5E70D484F
:10A97000FFF704FDA1E70B48FFF748FD9DE70948F5
:10A98000FFF740F999E70748FFF742F995E70548CF
:10A99000FFF744F991E700BFE90E0020084A0020C4
:10A9A000EA0E0020E60E0020EB0E0020237833B9DB
:10A9B000A37823B14420FDF759FF904B18702078FD
:10A9C000FEF79CFFDFF83882DFF83892D8F80020D5
:10A9D000D9F80030ADF81C009A42C0F307263FD2E8
:10A9E000864F9DF81C303A78934226D8964224D957
:10A9F000854B134493F8F42063781A421DD0FDF779
:10AA000023FF820731D500238DF820308DF82130C7
:10AA10008DF822300898FEF71BFCC0F30722C0F324
:10AA200007438DF824008DF825208DF82630C1B21B
:10AA3000DBB23878D2B2FEF7C1FC432E10D94420E5
:10AA4000FDF714FF4FF4E0622979D9F8003001FBDB
:10AA5000022203F50063A3EB12233870C8F800301C
:10AA6000432E8CBF0024012406E7FDF7EDFE8DF890
:10AA700020008020FDF7FAFE7F30EB788DF8210072
:10AA8000C6E7DFF88891DFF87CA1D9F80020DAF872
:10AA900000309A423FF6EFAEA3785D4EB3B100228C
:10AAA000002711461046FEF7C1FDB046BB46FDF734
:10AAB000CBFE830724D588F800B088F801B088F869
:10AAC00002B00137442F08F10308F0D12078FEF7D7
:10AAD00015FFADF82000C0F30727C0B200EB400817
:10AAE000DFF830B1B044C3B29F4228D8432F94BF9F
:10AAF000012400247FF6C0AE4FF00008013F3BE088
:10AB0000FDF7A2FE8DF824008020FDF7AFFEEB7864
:10AB10007F3007EB47028DF826308DF82500B318FB
:10AB2000099802920193FEF793FB029A019BB0549D
:10AB3000C0F30722C0F307405A709870C1E710F8BD
:10AB40000B2063781A4209D098F8023098F8012057
:10AB500098F800100190FEF731FC019808F1030805
:10AB60000130C0E701EB4100013101EB410103225B
:10AB700031443044F5F70EFD5FFA88F1B94208F12F
:10AB80000108EFDBFDF760FE10F0020F4FEA470807
:10AB900017D000234744F219F355537093702B7963
:10ABA00040F6B8321033FF2B28BFFF2303EB03130B
:10ABB0001B12B2FBF3F3DAF800201344C9F800309B
:10ABC0005AE6FDF741FE8DF824008020FDF74EFE89
:10ABD000EB787F308DF826308DF825000998FEF748
:10ABE00037FB4744F05506EB0708C0F30723C0F3D3
:10ABF000074088F8013088F80200D0E73A31002099
:10AC0000B0320020104A00209A0C0020B8320020F8
:10AC1000943100208E0D0020A3784BB10022114604
:10AC20001046FEF703FD302200218048F5F7A4FD11
:10AC30002078FEF763FE7E4BADF820001A687D4B4E
:10AC4000C0F307241B689A4240F28F809DF82030A1
:10AC5000A87802936B784FF0000843EA0023E87865
:10AC6000754F43EA0040FEF7F3FAC0F307238DF86F
:10AC70002400C0F307408DF825308DF826006B4E78
:10AC8000049706EB8803059307F108030393002359
:10AC90000193059B13F8015B0593002D67D09DF888
:10ACA00024A09DF825B09DF82650049B13F8010BB5
:10ACB0000493039B13F801990393029B83420ED8DC
:10ACC00084420CD95C4B034493F8F4205B4B5B78D3
:10ACD0001A4204D02B465A465146FEF76FFB029BA0
:10ACE0004B450FD84C450DD9534B4B4493F8F420AA
:10ACF000524B5B781A4205D02B465A46514648467D
:10AD0000FEF75CFB019B0133042B0193C1D108F1D9
:10AD10000108B8F10C0F07F10907B0D1432C24D971
:10AD2000002503223046711CF5F7AAFCFDF78CFDC7
:10AD300010F0030F0CBF0123002301350C2DF3701D
:10AD400006F10406EDD13E4B40F6B8321B791033C4
:10AD5000FF2B28BFFF2303EB03131B12B2FBF3F3FC
:10AD6000334A12681344334A1360432C79E6AB46E6
:10AD7000AA469AE73148FFF791FB9EE52F48FEF778
:10AD80005BFC9AE52D48FFF751F896E52B48FFF755
:10AD900053F892E52948FFF7E9F88EE52748FFF7D1
:10ADA000F3F88AE52548FFF7F7F886E52348FFF72B
:10ADB00001F982E52148FFF705F97EE51F48FFF715
:10ADC0000FF97AE51D48FFF713F976E51B48FFF701
:10ADD0001DF972E51948FFF721F96EE51748FFF7ED
:10ADE0002BF96AE51548FEF71FFF66E51348FFF7E4
:10ADF000EDFB62E51148FFF731FC5EE50F48FFF718
:10AE000075FC5AE50D48FEF723FF56E50B48FFF7A2
:10AE1000B5FC52E50948FFF7BEFC4EE5FEF744FDE0
:10AE20000222084B1A700BB0BDE8F08F643100208D
:10AE3000104A0020B43200209A0C0020E60E0020B8
:10AE4000084A0020EB0E00200120704737B500783B
:10AE50000138C0B2FEF752FDC0F30724C5B2214647
:10AE60002846FFF7F1FF21462846FAF7CBFA03B050
:10AE700030BD00002DE9F041424C2068FCF710FA8B
:10AE80000546FCF7FDF92060002406463E48A4462E
:10AE900090F800E0C5F57F477146FF37E3B29E4565
:10AEA0000FD8BCF1000F00D00170384CDFF8E08003
:10AEB000257898F80070032D36D8DFE805F01A37AA
:10AEC000465204F10C0200EB4202537892F80280E1
:10AED000013443EA08239F4229BF5B1901F1FF3186
:10AEE0005370C3F307233ABF4FF0010CC9B29370FC
:10AEF000D4E70022274B24491A70274B29222748E0
:10AF00001E60F5F747FB264B1B784BB9FBF764FE39
:10AF1000244B984204D8244B1B789A0718BF9D08ED
:10AF2000012388F800502370BDE8F0813846FFF710
:10AF300043FC002FF8D02378022B01D1FEF7D8FC78
:10AF4000BDE8F0411348FFF781BF184B184A1F7046
:10AF5000154B1B78C3F301031370FEF727FA032385
:10AF6000E1E7144D2B7823B10F48FBF7E4FD0023F4
:10AF70002B70094B1868FCF793F90F28D4D90023DC
:10AF8000D1E700BFA83200203B310020EB0E0020AB
:10AF9000A4320020E60E0020104A0020144A0020AF
:10AFA000AC320020C0D40100084A0020E90E002085
:10AFB000EA0E0020CA30002070B50024104B114D5D
:10AFC0001B68984710481022FF2100F8194BF5F72D
:10AFD000D3FB0E481022FF2100F8194BF5F7CCFBEC
:10AFE00001230B4E28463370FBF7A3FD2B783470FA
:10AFF00013F0FC0F03D1BDE87040FEF7A7B970BD98
:10B0000058160108084A0020144A00203B3100204D
:10B01000CA30002070B504460A4E88B135787DB933
:10B020002846FFF7C9FB084B084A1D70084B1B78E0
:10B03000C3F301031370FEF7B9F90322054B1A702D
:10B04000347070BDAC320020E90E0020EA0E002002
:10B05000084A0020EB0E0020044A137883F0010315
:10B0600013700022024B1A70FEF704B8084A002041
:10B07000EB0E00200020FFF7EFBF0120FFF7ECBF31
:10B08000064A137813F0030304BF05490B7001212E
:10B09000137861F301031370704700BF084A002062
:10B0A000EB0E002008B5FFF7EBFFBDE808400120DC
:10B0B000FDF7E0BF054B1A7892071EBF0021044A36
:10B0C00011701A786FF301021A707047084A002055
:10B0D000EB0E002008B5FFF7EDFFBDE808400120AA
:10B0E000FDF7C8BF024B187800F00300704700BF9F
:10B0F000084A002010B40B4C0246237808469907F2
:10B100000ED04AB9012262F3870300222370064B56
:10B110001A7010BCFDF7AEBF342A88BF3422F2E7A4
:10B1200010BC7047084A0020EB0E00200021FFF7FA
:10B13000E1BF000038B5FFF7BDFF0123084C094D02
:10B1400020462B70FBF7F5FC002320782B7083073B
:10B1500004D0BDE838408008FFF7E8BF38BD00BF25
:10B16000084A0020CA3000200121FFF7C3BF0000B9
:10B17000014B187880087047084A0020054B0146AB
:10B180001B789B080133352B34BF18460120FFF78D
:10B19000B1BF00BF084A00200120FFF7EFBF000049
:10B1A000064B01461B78C3F38503013B13F0FF03F5
:10B1B00014BF18463420FFF79DBF00BF084A002087
:10B1C0000120FFF7EDBF000030B4084C05461846DB
:10B1D00023789B0708D0962A28BF96226570A17015
:10B1E000E27030BCFDF746BF30BC7047084A002013
:10B1F0000023FFF7E9BF0123FFF7E6BF07B50322EE
:10B20000094901A8F5F7C6F900209DF8043063F359
:10B2100007009DF8053063F30F209DF8063063F3B7
:10B22000174003B05DF804FB094A0020014B587831
:10B23000704700BF084A0020014B9878704700BF54
:10B24000084A0020014BD878704700BF084A002008
:10B25000034903464878CA7808308978FFF7B4BFB5
:10B26000084A00200120FFF7F3BF0000054910B491
:10B270004C780346083CCA78A0B2897810BCFFF726
:10B28000A3BF00BF084A00200120FFF7EFBF000066
:10B2900010B4064C0346A178E2781031FF2928BF8C
:10B2A000FF216078C9B210BCFFF78EBF084A0020AA
:10B2B0000120FFF7EDBF000010B4064C0346A17853
:10B2C000E278103921EAE1716078C9B210BCFFF769
:10B2D0007BBF00BF084A00200120FFF7EDBF000040
:10B2E00010B4064C0346E278A1781E32FF2A28BF2C
:10B2F000FF226078D2B210BCFFF766BF084A002078
:10B300000120FFF7EDBF000010B4064C0346E278C1
:10B31000A1781E3A22EAE2726078D2B210BCFFF73E
:10B3200053BF00BF084A00200120FFF7EDBF000017
:10B33000024B18710020FDF79DBE00BF084A002097
:10B34000024B18710120FDF795BE00BF084A00208E
:10B35000014B1879704700BF084A0020044A13794E
:10B360002833FF2B28BFFF231371FDF783BE00BFD7
:10B37000084A00200120FFF7F1BF0000034A1379BB
:10B38000283B23EAE3731371FDF774BE084A0020DB
:10B390000120FFF7F3BF0000084A5379FF2B08D0C4
:10B3A0004BB9012383F001030549CB5C5371FDF7D1
:10B3B00061BE0023F6E70023F6E700BF084A00203D
:10B3C000541601080120FFF7E7BFFFF7FBBFF0B5F8
:10B3D00045180446194610460026AC4200D3F0BD7D
:10B3E00014F8012B4FEA011C424093184FEA021E49
:10B3F00041EB01004CEA127C13EB0E0340EB0C0016
:10B400004FEA421E9B184FEA411C41EB00004CEAF8
:10B41000D26C13EB0E0340EB0C004FEAC21E4FEA56
:10B42000C11C17024CEA526C13EB0E034FEA0121C8
:10B4300040EB0C0041EA1261DA1940EB010139449A
:10B44000B018CAE7FAF754B908B508220021034832
:10B45000F5F792F9BDE8084000F036B9BC3200209B
:10B460008378C078013303F003031B1A5842584114
:10B47000704710B50446FFF7F3FF78B9A37801F0E1
:10B480007F01E01841EAC21101710120013303F08C
:10B490000303A37023780133237010BD0020FCE761
:10B4A00010B5C37884789C4211D003441B79C3F350
:10B4B000C014C3F306030B701470C378013303F098
:10B4C0000303C370437801334370012010BD002093
:10B4D000FCE700000A4601460148FFF7CABF00BF6B
:10B4E000BC3200200A4601460148FFF7D9BF00BF21
:10B4F000BC32002070B50025FC2686B00DF1070196
:10B500000DF10600FFF7EEFF044610B9284606B01D
:10B5100070BD9DF806309DF807208DF8083062B3A5
:10B52000FD238DF8093001F073FF4FF48173ADF8FE
:10B530000A00ADF80C30DDE90201FAF7ABFA64203D
:10B5400003F059FB9DF806309DF807208DF8103068
:10B55000E2B1FD238DF8113001F05AFF0223ADF85E
:10B560001200ADF8143006AB13E90300FAF792FAB3
:10B57000642003F040FB2546C0E78DF8096001F028
:10B5800047FF40F20313ADF80A00D2E78DF81160CF
:10B5900001F03EFF0323ADF81200E2E710B5FFF71C
:10B5A00051FF044610B1FFF7A5FF04460A4B1A7875
:10B5B00032B100221A70094B9A78DA701A785A70F0
:10B5C00000F0E6F8FFF73EFF18B1FFF793FF0443E2
:10B5D000E4B2204610BD00BFC4320020BC320020BF
:10B5E00008B508220149F4F7D5FF08BDBC32002098
:10B5F0000122014B1A707047C43200204FF41650DC
:10B6000003F030B969B1084B53F82000431C0AD04D
:10B61000012100F00F032022994020F00F0004F0D8
:10B62000B3BD024BF0E77047CC320020C832002097
:10B6300079B1094B53F820305A1C1FBF23F00F0279
:10B64000106903F00F03D84014BF00F00100002080
:10B650007047024BEEE700BFCC320020C83200201A
:10B66000704700002DE9F0410025154F3B78ECB202
:10B67000A3420CD8FFF7C2FF0026DFF848803B78D2
:10B68000F5B2AB420DD8FFF7EBFFBDE8F08100212A
:10B690002046FFF7B7FF01212046FFF7B3FF013532
:10B6A000E4E700212846FFF7C3FF012104462846AE
:10B6B000FFF7BEFF44EA400408F805400136DEE724
:10B6C000D0320020C632002010B5FCF79DF80022D1
:10B6D0000D4B0E4C1A70FCF797F880F001002070AB
:10B6E000FCF792F8FCF790F818B1BDE81040FFF7AE
:10B6F000B9BF2378002BF8D0054B064A1A60064BD9
:10B70000013A1A60F1E700BFD1320020D0320020A8
:10B71000C832002007040040CC32002070B541EA56
:10B720004203174A0446115CDBB201F00300834276
:10B7300024D043EA8103DBB21355124A124E157826
:10B74000124A03F00F03D35C325D254413445BB20D
:10B75000012BEDB2335503DD00212846FFF7BAFE79
:10B760003357013303DA01212846FFF7B3FE33577D
:10B77000002B03F00103B8BF5B42335570BD00BF1F
:10B78000C6320020D1320020C532002068170108DF
:10B79000F8B500250A4F3B78ECB2A34200D8F8BDBB
:10B7A00000212046FFF744FF012106462046FFF70F
:10B7B0003FFF314602462046FFF7B0FF0135EAE77A
:10B7C000D0320020C1F10301490040FA01F3022206
:10B7D00013F0010F14BF0E23082302FA01F10142F6
:10B7E0001ABFA3F12000C0B243F0800070470000F0
:10B7F00010B50A4C40F282224FF40041084804F090
:10B80000C3FC204603F04CFF2046064903F0D2FE5D
:10B810002046BDE8104003F0E9BE00BF1C4F0020E9
:10B82000000400407817010830B5044D00EB4000DB
:10B830002C186270A370295430BD00BF3D4A00200F
:10B8400070B5134605460E4600242046324629466A
:10B850000134FFF7E9FF442CF7D170BD2DE9F84F13
:10B8600008271D4D1D4C002695F800B095F801A045
:10B8700095F80290A4F1080831465846FFF7A2FF58
:10B880000136042E08F8010BF6D10026A4F10408B5
:10B8900031465046FFF796FF0136042E08F8010B9B
:10B8A000F6D1A046002631464846FFF78BFF013609
:10B8B000042E08F8010BF6D10C37B7F54E7F05F1D1
:10B8C000030504F10C04CED14FF46971BDE8F84FC3
:10B8D000034A044803F0A5BE3D4A0020DE320020A2
:10B8E000D23200201C4F0020FBF70EB908B5FBF741
:10B8F0008BFF002814BF01200720FBF7ADFD00F0EF
:10B90000010008BD08B5FBF7F1FEC82003F073F98C
:10B91000FBF7ECFEFFF7EAFF28B1FFF7E5FFBDE814
:10B92000084001F08DBD08BD08B5FFF7EBFF08BD6D
:10B93000704703460144FF20994200D1704713F835
:10B94000012B5040082210F0800F4FEA400018BF32
:10B9500080F03100013AC0B2F5D1EDE72DE9F843AE
:10B96000154698460246002838D0B9B3B5B3ABB3F4
:10B97000034600241F4613F8100B60BB8446184E84
:10B9800096F800E00EF10104E4B23470C4B1002373
:10B990004FEA031912F80990A14511D001338B42E7
:10B9A000F6D1BCF1000F00D034703C7001F0FAFC0D
:10B9B000089B05447D603078C7F80880FB6006E08E
:10B9C000631CA6454FF0010CDBB202D13370BDE819
:10B9D000F8831C46DAE701348C42CBD10020F6E72D
:10B9E000F836002030B568B181B18AB10024034631
:10B9F00010F8105B954206D1002201201A705A609F
:10BA00009A60DA6030BD0134A142F0D10020F9E73C
:10BA10001046F7E72DE9F041154604460E4601F0C1
:10BA2000C1FC2B680746C31A002B03DD28600025E4
:10BA3000B54201D1BDE8F08194F80080B8F1000F63
:10BA40000DD06068C31B002B09DCA368E168984730
:10BA50002378434503D128B163680344636001350B
:10BA60001034E5E720706060A060E060F7E7000058
:10BA700007B50B460092082102460348FFF76EFF08
:10BA800003B05DF804FB00BF7836002002460821B1
:10BA90000148FFF7A7BF00BF783600200821024AFF
:10BAA0000248FFF7B7BF00BFFC3600207836002001
:10BAB00013B50446012100680DF1070200F046F9B4
:10BAC00023689DF807000133236002B010BD0820F1
:10BAD000704700F097B800F0B2B800F0CCB800F0B2
:10BAE000E9B82DE9F84300F08BF800250026ECB208
:10BAF00012E05FFA87F94A4641462046F9F706FE0A
:10BB0000013703464A464146204600F098F8092F7F
:10BB1000EFD101360C2E03D000275FFA86F8E8E754
:10BB2000012200212046F9F705FE012203460021EB
:10BB3000204600F0BFF8002220461146F9F7FAFD32
:10BB40000022034611462046013500F0B3F8082DC7
:10BB5000CCD1BDE8F88300F0C9B800F0DFB8072801
:10BB600010B406D80B2904D8082A02D810BC00F05B
:10BB700049B8002010BC7047072802D809B900F066
:10BB80007AB8002070471020704708B500F0DBF845
:10BB900080B208BD00F0DAB800F0F8B808B500F0DF
:10BBA00030F8BDE8084000F00CB900000F2873B56C
:10BBB000044613D800F0C7F8012101AA013800F0AB
:10BBC000C5F89DF804504DB900F0BDF806463CB9E3
:10BBD00022460A4801A9019500F04CFD02B070BD53
:10BBE000B542FBD00121284601AA00F0AFF89DF82C
:10BBF00004300BB9013CE4B20135E8E7B1BA000802
:10BC000070477047072838B517D80B2915D8082A68
:10BC100013D81225520005FB0122D82505FB00256B
:10BC200005F29D30FCF762F9040205F29E30FCF744
:10BC30005DF9A4B2204380B238BD0020FCE707289C
:10BC400038B51D4616D80B2914D8082A12D8122444
:10BC5000520004FB0122D82404FB0024190A04F238
:10BC60009D30FCF7ABF9E9B204F29E30BDE83840F4
:10BC7000FCF7A4B938BD072870B5164618D8B9B96D
:10BC8000002A4FEA800000F65D2514BF0020022044
:10BC90002844FCF72BF9002E4FEA002414BF0120A2
:10BCA00003202844FCF722F9A4B2204380B270BDDF
:10BCB0000020FCE7072870B516461D4615D8A1B927
:10BCC0008000002A00F65D2414BF00200220190A1B
:10BCD0002044FCF773F9002E14BF01200320E9B2C1
:10BCE0002044BDE87040FCF769B970BDF8B5144652
:10BCF000002700F29D355618B44200D1F8BD6FF40C
:10BD00006773EB18B3F5D86F06D22846FCF7EEF848
:10BD1000207001350134EFE72770FAE770B514465B
:10BD200000F29D355618B44200D170BD6FF46773B0
:10BD3000EB18B3F5D86F03D228462178FCF73EF90B
:10BD400001340135EFE740F2835070472DE9F047A9
:10BD500000F67D2806460F461446454640F28259B5
:10BD60004FF0000AA5EB08039BB2BB4201D3BDE82C
:10BD7000F08733444B4506D82846FCF7B7F82070C7
:10BD800001350134EEE784F800A0F9E72DE9F84326
:10BD900000F67D2806460F461446454640F2825975
:10BDA000A5EB08039BB2BB4201D3BDE8F883334443
:10BDB0004B4503D828462178FCF700F901340135BA
:10BDC000EEE70023F0B55A2440F2835640F67D2575
:10BDD00085B0CDE9003302930393013C01D105B056
:10BDE000F0BD102E374628BF102729463A46684630
:10BDF000FCF7CAF83D44F61BEFE7000047F6164390
:10BE0000984210B50C461BD1FAF734FD62790D4B00
:10BE100072B100F0AA00002815BF012200223520CF
:10BE200029201A7001F04EF9FAF7E8FD002010BD44
:10BE30001B78002B14BF3520292001F061F9F3E7AE
:10BE40000120F4E70037002010B5044648790028A7
:10BE500000F01081A4F5E044A3B2222B34D8864828
:10BE6000013CFAF762FE212C23D8DFE814F07100C0
:10BE7000F1007D003400390082003E00870096000A
:10BE80004D00E80052009B005700A000CE005C006F
:10BE9000A500D7006300AC00B60043008C0048004A
:10BEA00091006A00B100C300E200E6002E007700B6
:10BEB000FA00714A137843F0010313706E48FAF7E1
:10BEC00036FEFAF7FFF8002010BD6B4A537843F0B6
:10BED00008035370F2E7684A137843F00203ECE773
:10BEE000654A137843F00403E7E7634A137843F0A5
:10BEF0000803E2E7604A537843F00103E9E75E4A4A
:10BF0000537843F00203E4E75B4A137843F01003ED
:10BF1000D3E7594A137843F02003CEE7564A137803
:10BF200043F04003C9E7FAF7CDF8534A137843F0DA
:10BF30008003C2E7504A137823F00C0343F00C034C
:10BF4000BBE74D4A537823F0030343F00303C0E7F4
:10BF5000494B1A786FF300021A70AFE7464B5A78D4
:10BF60006FF3C3025A70A9E7434B1A786FF341028B
:10BF7000F2E7414B1A786FF38202EDE73E4B1A78F5
:10BF80006FF3C302E8E73C4B5A786FF30002E9E72E
:10BF9000394B5A786FF34102E4E7374B1A786FF365
:10BFA0000412D9E7344B1A786FF34512D4E7324BB9
:10BFB0001A786FF38612CFE7FAF784F82E4B1A78C7
:10BFC0006FF3C712C8E72C4A137823F00C0374E709
:10BFD000294A537823F003037BE727490B78C3F3FF
:10BFE000800282F00102D2B262F3820362F3C303E1
:10BFF0000B7063E720494B78DA4302F0010262F3E9
:10C00000000362F341034B7058E71B490B78C3F3FD
:10C01000801282F0010262F38613E9E7FAF752F820
:10C0200015490B78C3F3C01282F0010262F3C71303
:10C03000DEE70120FAF785FD40E70020FAE70E4928
:10C040000B78C3F3001282F0010262F30413CFE70E
:10C0500009490B78C3F3000282F0010262F3000386
:10C06000C6E705494B78C3F3C00282F0010262F3D0
:10C07000C303C8E7012027E7C849002000EB4003BD
:10C08000C3EB031300EB830003B2002B07DAB3F119
:10C09000800001D503F17F0040F30720704703F1D2
:10C0A0008000F9E7164B1B78D90707D5154B187890
:10C0B00040007F281FD800B3C0B270479A0703D54D
:10C0C000104B18788000F4E75B0703D50D4B187808
:10C0D000C000EEE70C4B1B785BB10C4A09491278A3
:10C0E00008789342F4D25843C000B0FBF2F080B21B
:10C0F000DFE70820E0E77F2070470120704700BF9E
:10C100000C370020F00E00200D370020F10E00202B
:10C11000144B1B78D90705D5134B18788008F8B154
:10C12000C0B270479A0703D50F4B18784008F6E75E
:10C130005B0705D50C4B18787F28F0D97F20704716
:10C140000A4B1B7853B10A4A074912780878934280
:10C1500036BF584380B2B0FBF2F0EDE70120DFE7D5
:10C16000012070470C370020F40E00200E3700200D
:10C17000F50E0020CD2808B505D1FFF793FF40420A
:10C18000294BD87008BDCE2802D1FFF78BFFF7E707
:10C19000CF2805D1FFF786FF4042234B9870F1E787
:10C1A000D02802D1FFF77EFFF7E7D92804D1FFF7A7
:10C1B000AFFF1D4B1871E5E7DA2803D1FFF7A8FFA1
:10C1C0004042F6E7DB2805D1FFF7A2FF4042164BBD
:10C1D0005871D7E7DC2802D1FFF79AFFF7E700F1A3
:10C1E0002F03DBB2072B08D801230F4AD13803FAFB
:10C1F00000F0537818435070C4E7DD2805D10B4A8E
:10C20000137843F001031370BCE7DE2804D1074A1A
:10C21000137843F00203F6E7DF28B3D1034A13781B
:10C2200043F00403EFE700BF063700200C3700207F
:10C23000364BCD2893F902200AD193F90310002937
:10C240000CDA0021D97052B90021314A117006E090
:10C25000CE280DD193F903100029F2DC72B11A79BE
:10C260005B7913435AB2002B4FD12A4B1A70704797
:10C27000CF2806D1002AF1DA00229A7093F9032020
:10C28000E1E7D02802D1002AF6DCE7E7D92893F9C4
:10C29000041004D10029E1DD00211971DEE7DA285C
:10C2A00002D10029DADAF7E7DB2893F9051004D187
:10C2B0000029D3DA00215971D0E7DC2802D1002906
:10C2C000F8DCCBE700F12F01C9B2072907D801211B
:10C2D000D1388140587820EA01005870BEE7DD2847
:10C2E00005D10D48017821F001010170B6E7DE2883
:10C2F00004D10948017821F00201F6E7DF28ADD129
:10C300000548017821F00401EFE770470637002067
:10C310000D3700200E3700200C37002008B501F043
:10C3200077F8094BDA7899780A431CBF074A1080DE
:10C330001A795B7913431CBF054B18800248BDE88E
:10C34000084000F0E1BD00BF0637002002370020A2
:10C3500004370020062208B500210548F4F70CFA3E
:10C360000023044A1370044A1370044A137008BD72
:10C37000063700200D3700200E3700200C37002034
:10C3800090F902305BB990F9033043B990F9043069
:10C390002BB990F90500003818BF01207047012023
:10C3A0007047000037B5594C062221466846F4F71D
:10C3B000F1F800239DF80220A370E37023716371EC
:10C3C0009DF8033013430AD0514B188800F098FFB2
:10C3D00050490B783BB3504A127890422CDC9DF8C0
:10C3E00004209DF8053013430BD04C4B188800F007
:10C3F00087FF4B490B78002B4ED04A4A1278904267
:10C4000053DC6946414800F0B5FE18B93F48FFF7D4
:10C41000B7FF08B1FFF782FF062269463B48F4F7F1
:10C42000B9F803B030BD0A253F4A12786A439042FA
:10C43000D5DD01330B7001E0FF2BFAD19DF90250DD
:10C440003DB1FFF72FFE002DCCBF0123FF23584342
:10C45000A0709DF903503DB1FFF724FE002DCCBF25
:10C460000123FF235843E07094F902000028B6D05E
:10C4700094F90320002AB2D0FFF700FE30B1A0707B
:10C480001046FFF7FBFD20B1E070A8E70123A37081
:10C49000F6E70123E370A2E70A25244A12786A43EB
:10C4A0009042AEDD01330B7001E0FF2BFAD19DF914
:10C4B00004503DB1FFF72CFE002DCCBF0123FF231C
:10C4C000584320719DF905503DB1FFF721FE002D25
:10C4D000CCBF0123FF235843607194F90400002866
:10C4E0008FD094F90520002A8BD0FFF7C7FD30B11B
:10C4F00020711046FFF7C2FD20B1607181E7012372
:10C500002371F6E7012363717BE700BF0637002044
:10C51000023700200D370020EF0E002004370020E6
:10C520000E370020F30E0020EE0E0020F20E002049
:10C530004B4B4C4A2DE9F04113F80080C308D55C01
:10C54000494A00F00700D65C484A0541D75C0641DD
:10C5500015F0010547FA00F00C4606F0010600F060
:10C56000010711D0E120F9F7C7FA002C6AD0404842
:10C570004FF47A72A4FB00030021002300F2E7309D
:10C58000F3F734FE02F037FB8EB1E620F9F7B4FA88
:10C59000002C59D036484FF47A72A4FB00030021D6
:10C5A000002300F2E730F3F721FE02F024FB2146DE
:10C5B0004046F9F723FB002C48D02D484FF47A72FF
:10C5C000A4FB00030021002300F2E730F3F70EFE86
:10C5D00002F011FB86B1E620F9F7D6FAC4B324487D
:10C5E0004FF47A72A4FB00030021002300F2E7302D
:10C5F000F3F7FCFD02F0FFFA85B1E120F9F7C4FA88
:10C6000044B31B484FF47A72A4FB000300210023BB
:10C6100000F2E730F3F7EAFD02F0EDFAF7B12C2073
:10C62000F9F70AFBC4B112484FF47A72A4FB000474
:10C630000023002100F2E730F3F7D8FDBDE8F04118
:10C6400002F0D9BA01209DE70120AEE70120BFE743
:10C650000120CFE70120DFE70120EFE7BDE8F0810F
:10C66000AC1701082C1801088C1701089C17010849
:10C67000A08601002DE9F84F304C0546A2FB0403CB
:10C680000E46174600234FF47A72002100F2E7307D
:10C69000F3F7ACFDA04681463046A84788B1012893
:10C6A00047D13046A847012804460CD13046A84758
:10C6B000F9F7C2FA002F3AD0484602F09CFA002C53
:10C6C000EAD1BDE8F88F022804D13046A847F9F72F
:10C6D00013FAEFE7032804D13046A847F9F754FAD4
:10C6E000E8E70428E6D13046A8474FF0000B04469F
:10C6F0004FF00A0A124BE15C11F004010ED1BBF1BC
:10C70000000F12D040F2E7304FF47A720023CBFBD7
:10C710000801F3F76BFD02F06EFACBE73046A8474D
:10C72000303C0AFB0B4B0446E4E70120F3E7012011
:10C73000C3E73946FFF7FCFEAEE700BFA086010065
:10C74000810F0108F8B5144642791D469DF818700E
:10C75000284B92B11C7000F05BFE274B188004F14F
:10C760002003DBB2072B44D8012004F00704A040CB
:10C77000C0B2BDE8F840F9F767BA1E78A6422ED1DC
:10C780001D4B188800F0BCFDC72828D8AE4205F123
:10C79000200415D006F12003DBB2072B06D80120B8
:10C7A00006F00706B040C0B2F9F757FAE3B2072B1C
:10C7B00006D8012005F007039840C0B2F9F744FA03
:10C7C0003846E4B2F9F738FA072C12D8012005F000
:10C7D0000705A840C0B2BDE8F840F9F73EBA04F139
:10C7E0002003DBB2072B04D8012004F00704A0408B
:10C7F000F0E7F8BD0F370020103700200346A3F5FF
:10C80000F843183B07B50846062B3BD8DFE803F092
:10C81000171E0410252C330026230093E12347F62E
:10C820001A411A46FFF78EFF002003B05DF804FBA3
:10C8300027230093E52347F61B411A46F2E72623F8
:10C84000E022009347F61841E123EBE72723E42297
:10C85000009347F61941E523E4E72623E2220093FB
:10C8600047F61C41E123DDE72723E622009347F644
:10C870001D41E523D6E72823E522009347F61E4114
:10C880000123CFE7487918B10022024B1A70CCE798
:10C890000120CAE70F37002047F67743984270B56A
:10C8A00006D047F67843984229D00124204670BD2F
:10C8B0004C7994B100F02CF8F9F78AFC00F028F8D4
:10C8C000044600F02BF8054600F02EF829460246F3
:10C8D0002046F9F78BFD0024E8E700F019F8F9F796
:10C8E00083FC00F015F8054600F018F8064600F045
:10C8F0001BF8314602462846F9F778FDD6E74C7911
:10C9000014B100F00BF8D7E700F008F8E7E70000F3
:10C91000014B1878704700BFF70E0020014B1878C4
:10C92000704700BFF80E0020014B1878704700BF19
:10C93000F60E002007B50DF107020DF106010DF10D
:10C94000050000F05EFA9DF80530262B0CD19DF80D
:10C950000630092B08D19DF80700A0F116035842B4
:10C96000584103B05DF804FB0020FAE720B116221D
:10C970000921262000F05CBAFF2211461046F9E793
:10C980007047704710B50446FFF7FBFF2046BDE82F
:10C99000104000F067BA08B500F032FA0020FFF747
:10C9A000E5FF0020FFF7EEFFFFF79BF8FFF7F6F833
:10C9B000BDE8084016220921262000F039BA08B542
:10C9C000FFF7DEFF00F048FAFFF7DBFFFFF7B2FFEB
:10C9D00018B9BDE80840FFF7DEBF08BDFEF74ABB47
:10C9E00008B50346487940B1A3F5EE427F2A03D843
:10C9F000D8B2FFF7DBF8002008BD0120FCE70000FB
:10CA00002123054820210370002343701D238370D8
:10CA10000423C370F6F722BA094B002022230548ED
:10CA20002021037001234370002383700623C37009
:10CA3000F6F714BA094B0020232304482021037081
:10CA4000002343708370C370F6F708BA094B0020C7
:10CA5000F8B547788678BB19442B07DDFD230F48CE
:10CA600043702021BDE8F840F6F7F8B9092E07D841
:10CA70000025C41CEBB29E4204F1030403D8F8BDA8
:10CA8000FE230648ECE7781914F8013C14F8022C50
:10CA900014F8031CFCF792FC0135EBE7094B00206E
:10CAA00008B50020FEF742FBFEF704FBFEF7E8FAAC
:10CAB000BDE808403320FEF739BB000027230348B8
:10CAC0002021037044234370F6F7C8B9094B0020B6
:10CAD000282303482021037002234370F6F7BEB9D0
:10CAE000094B0020FF23037070470020704710B5EA
:10CAF00003780446013B032B0BD8DFE803F0020B5D
:10CB00001215FEF79FFB9623C0EB0020B0FBF3F05D
:10CB1000607010BDFEF7E6FA0028F9D0FEF728FB9A
:10CB2000F6E7FEF715FCF3E7FEF780FB6070FEF713
:10CB300083FBA070EDE738B503780446013B032B77
:10CB40002CD8DFE803F002111E23FEF76FFB054629
:10CB5000FEF772FB9723627801465A43A8B2120A85
:10CB6000BDE83840FEF744BB43781BB9BDE8384008
:10CB7000FEF7A0BAFEF784FA6078BDE83840FEF709
:10CB8000D5BA4078BDE83840FEF7D2BB4578847806
:10CB9000FEF758FB214602462846E1E738BD03462A
:10CBA00010F8022B082A05D0092A05D0072A05D13A
:10CBB000FFF7C1BFFFF79BBFFCF7BCBBFF221A709A
:10CBC000704708B54378032B03D1BDE80840FFF751
:10CBD000E6BFFFF787FF08BD70B504460D46FFF7B7
:10CBE00084FF002840F00B812378013B272B00F2C3
:10CBF0008380DFE813F028004B007C0096009C0047
:10CC0000A800AB00AB00AB0081008100B000B40015
:10CC1000BA00C500D000D300D600E100EC00F5005A
:10CC200081008100810081008100810081008100FC
:10CC30008100810081003200350038003B003F0058
:10CC4000420045004800002363700D23A37029466D
:10CC50002046BDE87040F6F701B9FFF7D1FEF6E7D0
:10CC6000FFF7DCFEF3E7FFF7E7FEF0E72046FFF70C
:10CC7000EFFEECE7FFF714FFE9E7FEF75BFAE6E704
:10CC8000FFF71CFFE3E7FFF723FFE0E76378013BD3
:10CC9000052B31D8DFE803F0030D101F302500F01D
:10CCA00081FB030EA370030CE370030A2371607110
:10CCB000CDE700F0D1F8F4E7002322461946A67824
:10CCC000F0180B28C3D801330E2BD170117102F16B
:10CCD0000202F5D1BBE70023A370E37023716371F7
:10CCE000B5E70023A370E37023710823F7E76378A7
:10CCF000022B04D0052B10D0FF232370A7E7E37885
:10CD0000A07840EA0320237940EA0340637940EAAF
:10CD1000036000BAFFF736FE99E7A078FFF75EFEE2
:10CD200095E7E278A1786078FEF7D3FEBDE76279F7
:10CD30002379A17843EA02235BBAE27860789BB258
:10CD4000FEF7C9FE83E7FEF7CCFE80E729462046C2
:10CD5000FFF737FF7BE7FEF716FF607077E7FEF718
:10CD600014FF030A6370A07071E76078A378E1781C
:10CD700040EA032040BA221D80B2FEF70BFF66E7AF
:10CD80006078A378E17840EA032040BA221D80B29F
:10CD9000FEF702FF5BE7FEF701FF58E7FEF797FE9D
:10CDA000DBE76078A378E17840EA032040BA221DEF
:10CDB00080B2FEF7D0FE4AE76078A378E17840EAD7
:10CDC000032040BA221D80B2FEF7C7FE3FE7E2789B
:10CDD000A178003A18BF01226078FEF77EFE64E772
:10CDE00062792379A17843EA0223E2785BBA003AB8
:10CDF00018BF012260789BB2FEF771FE27E770BD75
:10CE0000704770B50D461446064620B140F2993081
:10CE1000FBF76CF8307025B140F29A30FBF766F8FA
:10CE2000287024B140F29B30FBF760F8207070BD91
:10CE300038B50D461446014640F29930FBF7BEF86E
:10CE4000294640F29A30FBF7B9F82146BDE8384050
:10CE500040F29B30FBF7B2B808B54FF46770FBF7B0
:10CE600045F808BDC1B24FF46770FBF7A7B80000E2
:10CE7000014B1860704700BF14370020014B186841
:10CE8000704700BF143700207047704708B500F0A6
:10CE9000F1F9431E5842584108BD0000014B18707B
:10CEA000704700BF1C37002010B5F8F721FC10B9FF
:10CEB000064B187810BD064B18680028FAD0006899
:10CEC0000028F7D0BDE81040004700BF1C37002005
:10CED0001437002008B5FFF7E7FF08BD034B1B68B8
:10CEE00013B15B6803B11847704700BF14370020C7
:10CEF000044A126822B1926812B1062101701047EB
:10CF0000704700BF14370020044A126822B1D2686B
:10CF100012B1022101701047704700BF1437002082
:10CF20000B4B07B51A8882420FD01880094B1B683B
:10CF30005BB11B694BB103228DF80500000A8DF827
:10CF400006008DF8042001A8984703B05DF804FBA3
:10CF50001A370020143700200C4B07B51A8882427C
:10CF600010D018800A4B1B6863B11B6953B10422AF
:10CF70008DF80500000A8DF806008DF804200DEBF1
:10CF80000200984703B05DF804FB00BF183700208B
:10CF9000143700200E4B10B51C680234FFF776FFE3
:10CFA00068B10C4B93F90030002B08DA0A4B1C686F
:10CFB0001E230234002023449C4202D110BD0623CC
:10CFC000F8E714F8012B002AF6D00130C0B2F3E7DD
:10CFD000D40D0020C8490020D80D002010B504460B
:10CFE00018B3FFF753FFB0B1124B93F90030002B89
:10CFF00011DAEF2C4FEAD40217D80F4B04F00704D4
:10D000001B6813449A78012303FA04F4224214BFE4
:10D010001846002010BD094B1B689A1C083312F8F3
:10D02000011BA14203D09A42F9D10020F2E701206E
:10D03000F0E700BFC8490020D80D0020D40D002023
:10D040004FF0FF32002330B5841C14F8015B8D4291
:10D050000ED0B2F1FF3F02D1002D08BF1A460133B6
:10D06000DDB2062D5BB2F0D1531C01D010448170AB
:10D0700030BD002210B5831C083013F8014B8C42E0
:10D0800008BF03F8012C8342F7D110BDEF294FEA06
:10D09000D10308D81844012301F0070103FA01F174
:10D0A0008378194381707047EF294FEAD10308D87C
:10D0B0001844012301F007018B40817821EA030124
:10D0C0008170704710B50446FFF7E0FE214650B16D
:10D0D000084B93F90030002B05DABDE81040064BF1
:10D0E0001868FFF7D3BF054BBDE810401868FFF77D
:10D0F000A7BF00BFC8490020D80D0020D40D0020D4
:10D1000010B50446FFF7C2FE214650B1084B93F913
:10D110000030002B05DABDE81040064B1868FFF719
:10D12000C3BF054BBDE810401868FFF7A2BF00BFA2
:10D13000C8490020D80D0020D40D002008B5FFF705
:10D14000A5FE68B1084B93F90030002B08DA1E22C7
:10D15000064B18680021BDE808400230F3F70CBB0D
:10D16000034B06221868F5E7C8490020D80D0020B7
:10D17000D40D002042784B789A421DD190F90230AC
:10D180001BB191F902209A4216D190F903301BB1DC
:10D1900091F903209A420FD190F905301BB191F912
:10D1A00005209A4208D190F9040030B191F9043079
:10D1B000181A18BF012070470120704782B002B0D2
:10D1C000704707B50190FFF7F9FF03B05DF804FB66
:10D1D00007B500284FF0040214BF022301230649BB
:10D1E0000DEB0200CB70F3F7D5F90198FFF7E9FFDB
:10D1F00003B05DF804FB00BFF90E002007B5042260
:10D20000032306490DEB0200CB70F3F7C3F9019835
:10D21000FFF7D7FF03B05DF804FB00BFF90E002055
:10D22000FFF7D6BF07B50422012306490DEB020024
:10D23000CB70F3F7AFF90198FFF7C3FF03B05DF8C8
:10D2400004FB00BFF90E0020FFF7ECBF07B5003864
:10D2500018BF01200422064988700DEB0200F3F785
:10D2600099F90198FFF7ADFF03B05DF804FB00BF2B
:10D27000F90E0020014B9878704700BFF90E00208E
:10D2800007B50422054948700DEB0200F3F782F957
:10D290000198FFF796FF03B05DF804FBF90E00203C
:10D2A000014B5878704700BFF90E002007B50422E3
:10D2B000054908700DEB0200F3F76CF90198FFF7D0
:10D2C00080FF03B05DF804FBF90E0020044B33F837
:10D2D000102001238B401A4214BF01200020704708
:10D2E0001E37002042B90123044A8B4032F8101047
:10D2F00021EA030122F81010704700BF1E370020FA
:10D3000010B5044600F084F8001B80B210BD10B5C3
:10D31000044600F047F8001B10BD10B5044610226B
:10D320000021F3F729FA204610BD08B501F0D8FD19
:10D33000BDE8084001F058BA08B5F8F74EFBBDE863
:10D34000084040F2A46001F056BC08B5F9F7A8FA0D
:10D35000F9F7BCFAFFF7F2FEFEF7FCFF0020FFF73B
:10D36000DFFD0020FFF7F8FDBDE80840F8F743BBFC
:10D37000302383F31188064BDA69064B1A600023C9
:10D38000054A1360054A136083F31188704700BF94
:10D39000484B002040370020383700203C37002021
:10D3A000FFF7E6BF70B501F045FA124D124B134975
:10D3B000DC692B680A68E41AA242114A0AD9A3F56B
:10D3C0008333E03B2B6015680E4B04F583342B440C
:10D3D000E034136016680C604FF47A7501F033FA8C
:10D3E000002109480023E4FB0501084AF2F7FEFE8C
:10D3F000304470BD40370020484B002038370020B3
:10D400003C37002088598F029F860100A0860100CA
:10D4100008B5FFF7C7FF80B208BD0000BFF34F8F0C
:10D420000549064BCA6802F4E0621343CB60BFF3C0
:10D430004F8F00BFFDE700BF00ED00E00400FA05DC
:10D4400008B5024A024B1A60FFF7E8FFEFBEADDEF7
:10D45000FC6F00200A4A08B552F8041C094B994297
:10D460000CD1002342F8043C83F31488064B1A685D
:10D4700082F3088862B65B689847FEE708BD00BF84
:10D4800000700020EFBEADDE00E0FF1F08B5FFF723
:10D49000C5FF000083B5284D284E002301210DF162
:10D4A00007008DF8073000F0FFF898B19DF80730BD
:10D4B0000F2B0FD802F0DCFB9DF80740012184F010
:10D4C00010030DF107008DF8073000F0C9F820B9FE
:10D4D00002F0D4FB00F09AF8DEE70C236343E95C2A
:10D4E000EA1861B90C236343E81887687FB90C23F5
:10D4F00003FB0454217999B902F0C0FBCDE75388AE
:10D500003068184400F0BEF80028EBD1E0E7EA5C90
:10D510003168C38840880B4401441046B847E6E7A9
:10D52000E3883068184400F09BF8044602F0A6FB3C
:10D53000002CB2D1CEE700BF1C0E00204816010817
:10D5400007B500F0C9F80023FF2200934FF49A6159
:10D55000034B044801F01CFB03B05DF804FB00BF63
:10D5600095D400084837002000F0C6B873B50446CB
:10D5700000F04CF8E0B20F288DF806003FD802F01A
:10D5800077FB01210DF106009DF8066000F068F8B8
:10D5900028B9002402F072FB204602B070BDFF23C0
:10D5A00001210DF107008DF8073000F06BF80446FB
:10D5B0000028EED09DF806309DF8072083F0100378
:10D5C0009A42E6D10C2373430E4DE95CEA1869B91F
:10D5D0000C2303FB065529790029DBD00A4AEB8886
:10D5E0001068184400F04EF80446D3E75388064A02
:10D5F0001068184400F034F80028E9D1C9E7002485
:10D60000CAE700BF1C0E00204816010873B530247D
:10D6100084F31188114D00262B685B69003B18BF0D
:10D6200001238DF8073086F311889DF807300BB978
:10D6300002B070BD84F3118828680C3001F036FE0A
:10D6400086F311889DF8073084F311882B685B6995
:10D65000003B18BF01238DF80730E4E7080F0020D6
:10D6600070B50646064B0C4618680A4603683146F4
:10D67000DD694FF4FA63A847031B5842584170BD57
:10D68000080F002070B50646064B0C4618680A467F
:10D69000036831461D6A4FF4FA63A847031B5842DA
:10D6A000584170BD080F002038B5064B0C461B686A
:10D6B0001A6895680A4601461846A847031B58424F
:10D6C000584138BD080F002008B5F6F7B1F908BD7C
:10D6D00008B5F6F7ADF908BD10B5054C2046FFF7C3
:10D6E000F7FF20680349BDE8104001F023BF00BFE9
:10D6F000080F0020000F002010B5054C2046FFF752
:10D70000E3FF20680349BDE8104001F013BF00BFEC
:10D71000080F0020000F0020184B10B51C785CBBD0
:10D72000012208211A701648224602F02DFD2246D9
:10D730002021134802F028FD22461021104802F053
:10D7400023FD4FF47A7001F056FA41F68222082147
:10D750000B4802F019FD40F282222021084802F015
:10D7600013FD40F282221021054802F00DFD05480C
:10D7700001F02EFF044B1C7010BD00BF183C0020B0
:10D7800000040040E84E0020303C002010B5044664
:10D790001C4801F085FF1C48037823B1194801F0AB
:10D7A00082FF002010BD21684B1CF7D0E288002AC0
:10D7B000F4D0164B92001A826279032A05D8DFE86A
:10D7C00002F0021A1D1F0022DA600124047021F009
:10D7D0000F0001F00F019960224604FA01F1586030
:10D7E00002F0D2FC0949074801F0E4FE054801F0C7
:10D7F000FDFE2046D6E74FF48002E5E78022E3E70E
:10D80000034AE1E7E84E0020303C00201C3C0020A9
:10D81000800040001FB5ADF80A300123019001A837
:10D820008DF808108DF809200393FFF7AFFF05B0BE
:10D830005DF804FB1FB501218DF807000DF10F0302
:10D8400004480DF1070201F0F8FE9DF80F0005B045
:10D850005DF804FBE84E0020002307B501210648CF
:10D860000DF107028DF8073001F009FF9DF8070060
:10D8700003B05DF804FB00BFE84E002008B5024687
:10D88000024801F0EBFE002008BD00BFE84E00207A
:10D8900008B50246024801F0F2FE002008BD00BFB4
:10D8A000E84E002010B5084C23783BB1074801F042
:10D8B000ABFE064801F08CFE002323700348BDE850
:10D8C000104001F0F0BE00BF303C0020E84E0020C8
:10D8D0000E4B10B51A78BAB901220D4C1A7020609F
:10D8E00040F282324FF480610A4802F04DFC4FF45E
:10D8F0000061084840F2823202F046FC2146BDE851
:10D900001040054801F016BE10BD00BF313C00209C
:10D910000C0F002000080040304C00204FF0FF3179
:10D9200008B5024801F0E6FCC0B208BD3C4C00203E
:10D930000A464FF0FF330146014801F080BD00BFA9
:10D94000604C002008B5034801F019FE80F001008A
:10D95000C0B208BD304C002070B590F84420044699
:10D9600002F07F03212B51D112F0800F90F8453047
:10D970001DD0022B17D0032B05D0012B17D1BDE8EA
:10D98000704000F065BD90F8483090F8495053EA77
:10D9900005253BD1FFF76EFC334B25641870012041
:10D9A000A363E06370BDBDE8704000F08BBE0A2B3E
:10D9B00023D00B2B12D0092B28D194F8483094F89F
:10D9C000491043EA012323F00203FBB9274BA36369
:10D9D0000223E363264B01202364E3E794F84830F5
:10D9E00094F8492053EA022303D194F84600FFF744
:10D9F0002DFC0023A363E363EDE794F84700FFF7F2
:10DA000055FC2046BDE8704000F084BE02F09F0245
:10DA1000812A18D194F84530062B14D194F8492066
:10DA2000616894F848304D6843EA0223204694F830
:10DA3000472094F84610A84770B14368A363036871
:10DA4000E3630023C7E703260A4DD5F89C302BB9C2
:10DA5000013E05F1A805F8D10020A3E7204698472C
:10DA60000028F5D09EE700BF3C3C0020403C002051
:10DA7000BDDA000878110020F8B50F4C00222346CB
:10DA800043F8042F90F84B7090F8496090F8465096
:10DA900090F84A2090F8481090F8470042EA072290
:10DAA00041EA062145EA002000F020FA2060606883
:10DAB000002818BF2046F8BD343C0020034693F8E8
:10DAC0004A2093F84B30074942EA0323022B087897
:10DAD00004D1012801D0062802D14878FFF7D0BB35
:10DAE000704700BF403C002010B5064A064C117834
:10DAF00024784B1C03F00F039C421EBF034C137091
:10DB0000605410BD394B00203A4B0020294B0020B7
:10DB1000084608B5052935D8DFE801F02034032090
:10DB20002035302383F31188214800F016FB21486B
:10DB300000F013FB204800F010FB204800F01DFB14
:10DB4000002383F311881E4B1B7813B10520FFF7C8
:10DB5000CBFF0220BDE80840FFF7C6BFFFF7C4FFB8
:10DB6000302383F31188124800F0D0FA114800F0F6
:10DB7000CDFA114800F0CAFA104800F0DBFA002391
:10DB800083F3118808BD302383F31188084800F01F
:10DB9000DEFA084800F0DBFA074800F0D8FA074838
:10DBA00000F0D8FA002383F311880520D2E700BFE4
:10DBB0007811002020120020C812002070130020CD
:10DBC0003D3C0020102208B500210448F2F7D4FDA6
:10DBD0000023034A1370034A137008BD294B002029
:10DBE000394B00203A4B002070B52A4D2A4C0021B9
:10DBF00028782378294E984233D101B1207070BD26
:10DC000001222370264B1A70264B93F84F10081EE2
:10DC100018BF0120FFF7F2FAE9E700222370204B3A
:10DC20001A70FFF792FB1F4B93F84F10081E18BF96
:10DC30000120FFF7F5FADAE723701A4B93F84F103B
:10DC4000081E18BF0120FFF7C3FAD0E70021237098
:10DC50000846F8E72370FFF7E5FA0120FFF7F6FA28
:10DC6000C5E71A46B25C0133012103F00F03052A10
:10DC7000C1D80FF2080C5CF822F000BF55DC000898
:10DC8000F7DB000839DC00084DDC000801DC000887
:10DC90001BDC0008394B00203A4B0020294B0020A8
:10DCA0003D3C0020504F002070B50546184C2046E2
:10DCB00000F0A6F904F1A806204600F0D1F930469C
:10DCC00000F09EF904F5A874304600F0C9F920462A
:10DCD00000F096F920460F4C00F0C2F9204600F003
:10DCE000ABF9204600F0CCF9284602F017F9284697
:10DCF00001F016FD41F2883000F07DFF284606490C
:10DD000001F0FBFC2846BDE8704002F0E5B800BF1A
:10DD100078110020701300203C1801082DE9F04113
:10DD200004461E4D02F0FAF8204601F0F9FC05F118
:10DD3000A808284600F0B3F9194E05F5A877404623
:10DD400000F0ADF9384600F0AAF9304600F0CAF903
:10DD500041F2883000F04FFF284600F051F9284684
:10DD600000F07EF9404600F04BF9404600F078F9AB
:10DD7000384600F045F9384600F072F9304600F0B8
:10DD80005BF9304600F07CF92046064901F0B5FC0D
:10DD90002046BDE8F04102F09FB800BF7811002096
:10DDA000701300203C18010837B50023A825054C46
:10DDB000009305FB004042F2107300F055FA03B0E7
:10DDC00030BD00BF7811002010B50446FFF752FAAD
:10DDD0002146BDE8104008220120FFF7E5BF0146BB
:10DDE00020220020FFF7E0BF014606220020FFF7B7
:10DDF000DBBF014603220020FFF7D6BF20290A46D9
:10DE000003D101460220FFF7CFBF704710B5084C81
:10DE100088B0002320226946204600F092FA08B913
:10DE200008B010BD20216846FEF7D6FEF1E700BF1E
:10DE300070130020FFF70EBB7047704708B5FFF75F
:10DE4000F9FF01F0BDFEFFF7F7FF08BD08B501F0CF
:10DE5000D3FEFFF7F2FF08BDFFF7F6B908B5FFF7ED
:10DE6000B1FE0448FFF720FFBDE8084041F28830CA
:10DE700000F0C1BE504F00200148FEF7F9BF00BFBF
:10DE8000140F0020FFF7B0BE00F094BB30B5144B68
:10DE900085B01C7814BB012268461A70FFF73DFA62
:10DEA0002346104A104C04A901EB630111F8100C31
:10DEB00002EB43010509655D00F00F008D70002540
:10DEC000205CCD70591C023302EB4101202B88707D
:10DED000CD70E8D1422313700323537005B030BDD9
:10DEE000863C0020423C00201A1A010810B51C464E
:10DEF000030A032B0FD007D8012B30D0022B07D1F8
:10DF00005B20184A226010BD212B19D0222B1ED075
:10DF100000200246F6E7C0B20328F9D8DFE800F097
:10DF20000205080B0420104AECE712200F4AE9E72B
:10DF300010200F4AE6E7FFF7A9FF0E4A1078E1E745
:10DF40000229E5D80C4B092053F82120DAE70229F1
:10DF5000DED80A4B53F82120094B585CD2E7122037
:10DF6000084ACFE767180108181901081C190108A9
:10DF700030190108423C00204C18010858180108CB
:10DF800064180108C218010813B5446BD4F888203E
:10DF90001378042B13D1012394F88C1012898B4031
:10DFA00013420CD1204601A901F07AF8024630B1A3
:10DFB000019B94F88C10D4F8880001F02DFC02B07D
:10DFC00010BD10B5026F04461378042B13D1012342
:10DFD00090F8741052898B4013420CD100F0B5FFB9
:10DFE000024640B1E36994F87410206F043BBDE829
:10DFF000104001F0FFBB10BD406BFFF7E2BF000017
:10E000001FB500F15C03C36490F8843013B100F1D4
:10E0100070030365074B01210193D0F89030D0F8CD
:10E02000982000930290D0F8943001F016F805B0D3
:10E030005DF804FB89DF00081FB500F15C03036590
:10E04000064B01210193836FD0F88020009302904A
:10E05000C36F00F058FF05B05DF804FBF9DF00085E
:10E06000302383F31188D0F8883090F88C2003EBAC
:10E0700082039861002380F8A03083F311887047F1
:10E08000302383F3118890F87430026F093342F81B
:10E090002300002380F8843083F31188704710B583
:10E0A0003023044683F3118890F88C20D0F8883010
:10E0B000053203EB820300225A6001236FF0010155
:10E0C000037200F0D8FD204600F0DEFFD4F8A43043
:10E0D00013B1DA681868904700F0D0FC002383F38E
:10E0E000118810BD10B53023044683F31188012335
:10E0F0006FF00101037200F0BEFD204600F01AFF30
:10E1000000F0BCFC002383F3118810BD012310B57F
:10E11000044603726FF0010100F0ADFD204600F0EF
:10E12000B3FFD4F8A43023B1BDE81040DA68186812
:10E13000104710BD012310B5044603726FF00101B2
:10E1400000F099FD2046BDE8104000F0F3BE00232A
:10E150000372704700230372704710B5044690F8AD
:10E160008C1000F13802D0F8880001F003FB204643
:10E1700000F08AFF0023237210BD10B5044600F0A2
:10E18000D9FE002320462372BDE81040FFF719BFD7
:10E1900000EB8103F7B59C6905460E4684B3302336
:10E1A00083F311880023226984F8A03063699A42BE
:10E1B00001D1E368B3B905EB8603DB685B691B68D3
:10E1C00083B1D4F8A43053B101A9204600F068FF10
:10E1D000D4F8A43001469F68019A1868B8472046D1
:10E1E00000F06CFF204601A900F05AFF024648B13A
:10E1F000019B3146284601F00FFB002383F3118871
:10E2000003B0F0BD05EB8603DB681A68022AF4D17F
:10E210005A691268002AF0D01B8A013B1340ECD1E6
:10E2200005F14402E5E701F1090210B550F822407A
:10E23000CCB1302282F3118800EB8103DB689B694B
:10E240005B6853B1236F94F87420204603EB82037C
:10E25000DB689B69596800F082FE2046FFF7B1FE3B
:10E26000002383F3118810BD2DE9F84F1E460446A4
:10E270000F46924630239DF8285083F31188D0F83A
:10E2800088301B78042B05D0002585F3118828469B
:10E29000BDE8F88F90F8A03023B101364FF0FF367B
:10E2A00018BF0026002383F311884FF030094FF088
:10E2B0000108334652463946204600F03AFF82456F
:10E2C0001CD989F3118894F8A0304FF0000B002876
:10E2D00008BF43F001036FF0010184F8A03020462D
:10E2E00084F8088000F0C7FC204600F0CDFE84F8DA
:10E2F00008B000F0C3FB8BF31188DAE7002DC6D11C
:10E30000204600F05BFF0125C1E7302383F311882D
:10E31000026943699A4210D1C36883B10123D0F8DE
:10E32000882090F88C1012898B4013420CBF01207A
:10E330000020002383F3118870470020F9E7184676
:10E34000F7E738B514460546302282F31188026F8C
:10E350001278042A03D0002080F3118838BD90F889
:10E36000842022B101334FF0FF3318BF0023002275
:10E3700082F311882246284600F02CFEB0FA80F382
:10E380005B0985F88430231A58425841E6E70000BB
:10E39000006810B440B1054C8264E469083040F86C
:10E3A000044C10BCF2F7F6B810BC7047484B002084
:10E3B0000168134631B18A6C03F108009A64083190
:10E3C000F2F7E8B8704710B50446006840B1826CB7
:10E3D00000210830F2F7D0F9002223681A605A6051
:10E3E00010BD000010B40C78082C0BD850F8240095
:10E3F00040B1054C8264E469083040F8044C10BC1C
:10E40000F2F7C8B810BC7047484B002008291346E3
:10E4100009D850F8211031B18A6C03F108009A64D0
:10E420000831F2F7B7B8704770B50026051F00F144
:10E43000200455F8040F38B1826C00210830F2F73F
:10E440009BF92B681E605E60A542F2D170BD000092
:10E4500038B590F848300446022B1CD890F8461086
:10E46000082918D80D4AD25C022A14D8A8200C4BCF
:10E4700000FB0233D3F8A40060B10A4D43682A467A
:10E480000068984705F10803A363AB6C0120E363C0
:10E490000023236438BD0020FCE700BF7411002076
:10E4A00078110020B83E0020036843B19100196044
:10E4B00003490B78002A18BF43F001030B70704723
:10E4C000043F0020006810B10068C0F38700704767
:10E4D000036870B50BB9002070BD302383F3118839
:10E4E000036800211C685B6881F31188002CF2D05E
:10E4F0004FF47A76074A0848D569084AED1AE5FBD1
:10E5000006010023F1F772FE84428CBF0020012037
:10E51000E2E700BF484B00209F860100A086010073
:10E520004B1E072B0BD850F8213043B191001960D6
:10E5300003490B78002A18BF43F001030B707047A2
:10E54000043F0020082906D850F8210020B10068B7
:10E55000C0F387007047002070470000082970B59D
:10E5600001D9002070BD50F82130002BF9D03023A4
:10E5700083F3118850F8213000211C685B6881F317
:10E580001188002CEDD04FF47A76074A0748D569F8
:10E59000074AED1AE5FB06010023F1F727FE844246
:10E5A0008CBF00200120DDE7484B00209F86010042
:10E5B000A0860100404B2DE9F74F1B78002B47D078
:10E5C00000242546DFF8F4803D4E08F1080AD6F80D
:10E5D000A4B0BBF1000F34D0002C3CD10127302374
:10E5E00083F31188F9B2DBF81430DBF800000191F5
:10E5F00098474FF00009002818BF45F0010589F33E
:10E6000011882F48FFF781FEC0B1DBF8183001995F
:10E61000DBF80000984788B1302383F31188274A3C
:10E62000DBF804300199DBF80000984789F3118882
:10E6300051464846D8F84820FFF7B6FB0137092F66
:10E64000CDD10134032C06F1A806C0D11A4B1D70A0
:10E6500003B0BDE8F08F302787F311880021DBF885
:10E660001430DBF8000098474FF00009002818BF6D
:10E6700045F0010589F311883046FFF746FE002872
:10E68000DFD04946DBF81830DBF800009847002857
:10E69000D7D087F31188094A4946DBF80430DBF804
:10E6A0000000984789F311885146D8F84820E0B215
:10E6B000FFF77AFBC5E700BF043F00206C3E002057
:10E6C0007811002010B590F848300446022B19D874
:10E6D00090F84610082915D80B4AD25C022A11D8A6
:10E6E000A8200A4B00FB0233D3F8A40048B14369C9
:10E6F00000689847064B1870A36301200023E0636D
:10E70000236410BD0020FCE7741100207811002064
:10E71000683E002010B590F848300446022B19D806
:10E7200090F84610082915D80B4AD25C022A11D855
:10E73000A8200A4B00FB0233D3F8A40048B10369B8
:10E7400094F847200068984700230120A363E363FF
:10E75000236410BD0020FCE7741100207811002014
:10E7600010B5044C204601F0D9FB2046BDE810400E
:10E7700000F0D6BF504F0020024B1878031F5842BC
:10E7800058417047504F002070477047FEE7000027
:10E7900070B50825134C606823680146A268043BE5
:10E7A0008A4219D8D31C1B1AC11E23F003038A42C4
:10E7B00038BF00231844E368C11EDA1C121A22F085
:10E7C0000302994288BF00220021F1F7D5FF013DE5
:10E7D00004F11004DFD170BD53F8046F41F8046BED
:10E7E000DEE700BF2C1A010838B501230025074CCD
:10E7F0002370656000F044FB0549064800F04CF9C1
:10E800000223237085F3118838BD00BF404B0020E0
:10E81000B01A0108484B002072B60322024BD8659B
:10E82000024B1A70FEE700BF484B0020404B00200F
:10E8300000F054B8EFF3118020B9EFF305833022D4
:10E8400082F31188704710B530B9EFF30584C4F333
:10E85000080414B180F3118810BD00F00FF984F39F
:10E860001188F9E7034A516853685B1A9842FBD84C
:10E87000704700BF001000E010B50A4C23699A6889
:10E8800091420CD85A6881600360426010609A68B7
:10E890005860511A99604FF0FF33A36110BD1B6897
:10E8A000891AECE7484B00200361002310B410BC28
:10E8B000C2604361FFF7E0BF036881689A680A4459
:10E8C0009A60426813605A6000234FF0FF32036081
:10E8D000014B9A61704700BF484B002070B5124D44
:10E8E0002A46EB690133EB6152F8103F934206D0A0
:10E8F00030269A68013A9A602C69A36803B170BD0A
:10E90000226861680A605160236083F311882046A1
:10E91000E3682169984786F3118861690029EBD083
:10E920002046FFF7A9FFE7E7484B00200023826855
:10E93000037503691B6899689142FBD25A680360AA
:10E940004260106058607047002382680375036955
:10E950001B6899689142FBD85A6803604260106056
:10E960005860704708B50846302383F311880A7D44
:10E970000023052A06D8DFE802F00B050503120E76
:10E98000826913604FF0FF338361FFF7CFFF0023ED
:10E9900083F3118808BD82699368013393604268EC
:10E9A000036813605A60EDE7FFF7C0BF054BD968F5
:10E9B00008751868026853601A6001220275D860F1
:10E9C000F1F7FEBB484B002030B50C4B0446DD6828
:10E9D0004B1C87B00FD02B466846094AFFF764FFEF
:10E9E0002046FFF7E3FF009B13B16846FFF764FF83
:10E9F000A86907B030BDFFF7D9FFF9E7484B002001
:10EA000065E9000838B50C4D8161EB6881689A684A
:10EA10000446914203D8BDE83840FFF787BF184647
:10EA2000FFF792FF0123014623752046EC60BDE805
:10EA30003840F1F7C5BB00BF484B0020044B1A68B3
:10EA4000DB6890689B68984294BF00200120704763
:10EA5000484B0020084B10B51C68D86822685360EA
:10EA60001A6001222275DC60FFF76EFF0146204626
:10EA7000BDE81040F1F7A4BB484B0020044B1A68D6
:10EA8000DB6892689B689A4201D9FFF7E3BF704741
:10EA9000484B002030BFFDE770B5002504461A4BF7
:10EAA00086B05860856201630E4600F0A3F904F158
:10EAB0001003236163614FF0FF33A361134BE561E2
:10EAC000D9692B460A462046C4E9082304F13401DB
:10EAD00080230F4A24606460A560E562E56500F06C
:10EAE0001DF801230B4AE0600375009272686846C6
:10EAF0000192B268CDE90223074BCDE9043500F05D
:10EB00003FF806B070BD00BF404B0020484B0020CE
:10EB1000BC1A0108C11A010895EA000802228B609C
:10EB20004B62002308618A8208460B62CB61704702
:10EB30008368C168A3F14C0243F81C2C026943F8B6
:10EB40004C2C42690C4843F8482C0C4A43F8180CEA
:10EB500043F82C2C022203F8142C002243F8201C2A
:10EB600003F8132C43F8041C43F8082C43F80C2C2E
:10EB7000A3F12800704700BF484B0020D1010008D6
:10EB800008B5FFF7D5FFBDE80840FFF70DBF00004F
:10EB900038B5302484F311882839441844F8243CCB
:10EBA000049B002544F8203C0A4BA4F1240144F8BE
:10EBB000043C0223A382084BE16020462946A26060
:10EBC000236162622562E561FFF71CFF85F311880E
:10EBD000204638BDD1010008484B0020024BDB68BD
:10EBE00098610F20FFF7E2BE484B0020302383F3EB
:10EBF0001188FFF7F3BF08B50146302383F311886E
:10EC00000820FFF7E1FE002383F3118808BD000010
:10EC1000054BDB6821B1036098610320FFF7D4BE88
:10EC20004FF0FF30704700BF484B0020034600689C
:10EC300020B100221A608161FFF7B6BE7047000064
:10EC4000064BDB6839B1426818605A601360436054
:10EC50000420FFF7B9BE4FF0FF307047484B00204B
:10EC600003460068834205D002681A6053608161E0
:10EC7000FFF79ABE704738B504460D4620688442B7
:10EC800000D138BD036823605C608561FFF78CFEAE
:10EC9000F4E7034610B51B68984203D09C688A6865
:10ECA0009442F8D25A680B604A601160596010BDF6
:10ECB00000230060406083607047000038B58168C1
:10ECC000164B0446DD6891B92B6A8560C3602862E3
:10ECD00038BD8B600B7D7BB1062B14D10B684A6865
:10ECE000886913605A60FFF7D4FF8B699968AB6835
:10ECF0008A689A42EDD306E04A680B6808461360BA
:10ED00005A60FFF751FE20462946FFF7C2FFAC616B
:10ED10000620BDE83840FFF749BE00BF484B002041
:10ED200008B5302383F31188FFF7C8FF002383F36E
:10ED3000118808BD154A0346D16810B5302282F308
:10ED40001188C26800680A6298421BD0486A82B97A
:10ED50008860186802681A605360026A9860DA6016
:10ED60000362FFF721FEFFF789FE002383F311887A
:10ED700010BD1468A24203D0A468A04238BF204648
:10ED8000D268E4E700238360EFE700BF484B002030
:10ED9000C3691943037DC1610A2B03D183691942F9
:10EDA00005D170470B2B06D183698B4303D1002318
:10EDB0008361FFF7F9BD704770B506460D460468DC
:10EDC000B44200D170BDE3682B43E36015B1236901
:10EDD0001D4203D0A1686068FFF7DAFF2468EFE7FF
:10EDE000EFF30983203383F30988002383F3118829
:10EDF00070470000302080F3118862B60C4B0D4A3A
:10EE0000D96821F4E0610904090C0A43DA60D3F8F7
:10EE1000FC20094942F08072C3F8FC200A6842F0E5
:10EE200001020A602022DA7783F82200704700BFCF
:10EE300000ED00E00003FA05001000E0302310B5FB
:10EE400083F311880B4B5B6813F400630FD0EFF36F
:10EE500009844FF08073203CE36184F30988FFF755
:10EE6000EDFD10B1044BA36110BD044BFBE783F330
:10EE70001188F9E700ED00E0E3010008E601000871
:10EE8000024B034A1A60034A5A607047A84B00209D
:10EE9000A84F002000700020F0B50B4D0446D5E9C6
:10EEA0000067BB1B9A420CD8731E0B441A4449429C
:10EEB00002EA01000444A74203D3A64201D82C6011
:10EEC000F0BD0020FCE700BFA84B002008B53023B0
:10EED00083F31188FFF7E0FF002383F3118808BD57
:10EEE00008B500F043FF01F041F900F000FB00F02D
:10EEF00055FB00F0F4FBFEF7A9FFBDE8084000F069
:10EF000000B801F09BB90172002130B5039C0433B5
:10EF100003FB0425C361049B00600363059B406001
:10EF2000C160426102618561046242628162C162C4
:10EF3000436330BD0022416AC26041610161826267
:10EF40006FF00101C262FFF796BE03694269934206
:10EF500001D1C2680AB9181D7047002070470369C3
:10EF60001960C26800210132C260C269134482691B
:10EF70000361934224BF436A0361FFF771BE38B552
:10EF800004460D46E3683BB162690020131D126818
:10EF9000A3621344E36207E0237A33B9294620468B
:10EFA000FFF74EFE0028EDDA38BD6FF00100FBE7F9
:10EFB000C368C269013BC36043691344826943610A
:10EFC000934224BF436A436100238362036B03B10E
:10EFD000184770472DE9F84F04460E46904699466B
:10EFE0004FF0300A8AF311880025AB46A76A4FB963
:10EFF00049462046FFF7C3FF20B187F31188284612
:10F00000BDE8F88FE76AA16A7A1AA8EB050797426C
:10F0100028BF1746402F16D930464022F1F7BAFADA
:10F02000A36A40364033A3624035A26AE36A9A423B
:10F0300002D32046FFF7BCFF8BF311884545DED293
:10F040008AF31188D2E730463A46F1F7A3FAA36A69
:10F050003E443B44A3623D44E7E710B5029C0433C1
:10F060000172C36103FB042100238362C362039B1B
:10F0700000600363049B4060C4604261026181617F
:10F0800004624262436310BD026A6FF00101C26014
:10F09000426A4261026100228262C262FFF7EBBDF6
:10F0A000034640691A69824201D1DB681BB950F8F6
:10F0B000043B0B60704700231846FAE7C368C26937
:10F0C0000133C36043690021134482694361934261
:10F0D00024BF436A4361FFF7C3BD38B504460D46FC
:10F0E000E3683BB1236900201A1DA262E269134460
:10F0F000E36207E0237A33B929462046FFF7A0FDF3
:10F100000028EDDA38BD6FF00100FBE703691960F4
:10F11000C268013AC260C2691344826903619342C2
:10F1200024BF436A036100238362036B03B1184762
:10F1300070472DE9F84F04460E46904699464FF029
:10F14000300A8AF311880025AB46A76A4FB94946B1
:10F150002046FFF7C2FF20B187F311882846BDE89B
:10F16000F88FE76AA06A3A1AA8EB0507974228BF0A
:10F170001746402F18D931464022F1F70BFAA36AFF
:10F1800040364033A3624035A26AE36A9A4204D310
:10F19000E16920460439FFF7B9FF8BF31188454533
:10F1A000DCD28AF31188D0E731463A46F1F7F2F91A
:10F1B000A36A3E443B44A3623D44E5E7302208B5E0
:10F1C00082F31188816A29B103690439C91A01D00F
:10F1D000FFF79CFF002383F3118808BDF8B515469F
:10F1E00082680B46AA428169066938BF8568761A2B
:10F1F000B54204460BD218462A46F1F7CBF9A3696B
:10F200002B44A361A36828465B1BA360F8BD0CD9FF
:10F2100018463246F1F7BEF9AF1B3A46E168304472
:10F22000F1F7B8F9E3683B44EBE718462A46F1F7F3
:10F23000B1F9E368E5E72DE9F04104461546836836
:10F240002769934238BF856840690E463F1ABD4220
:10F250000BD22A46F1F79EF963692B446361A368D8
:10F2600028465B1BA360BDE8F0810CD93A46A5EBAC
:10F270000708F1F78FF94246E068F119F1F78AF9CA
:10F28000E3684344EAE72A46F1F784F9E368E5E7EF
:10F2900010B50024C361029BC160816141611144CA
:10F2A0000060406084600161036210BDC2686FF05D
:10F2B00001018261426100228260FFF7DCBC08B577
:10F2C00082694369934201D1826882B982680132BE
:10F2D00082605A1C426119700369426900219A4296
:10F2E00024BFC3684361FFF7BBFC002008BD4FF09B
:10F2F000FF30FBE770B5302304460D4683F31188D9
:10F30000A668A6B1A368A269013BA360531CA361D0
:10F3100015782269934224BFE368A361E3690BB1C6
:10F3200020469847002383F31188284607E02946A2
:10F330002046FFF785FC0028E2DA86F3118870BDCD
:10F340002DE9F74F04460E4617469846D0F81C9014
:10F350004FF0300A8AF311884FF0000B154665B163
:10F360002A4631462046FFF739FF034660B9414639
:10F370002046FFF765FC0028F1D0002383F31188B5
:10F38000781B03B0BDE8F08FB9F1000F03D00190F6
:10F390002046C847019B8BF31188ED1A1E448AF35F
:10F3A0001188DCE7C361009BC16081614161114448
:10F3B000006040608260016103627047F8B50446F6
:10F3C0000D461646302383F31188A768A7B1A368BA
:10F3D000013BA36063695A1C62611D702369626905
:10F3E0009A4224BFE3686361E3690BB12046984702
:10F3F000002080F3118807E031462046FFF720FC0B
:10F400000028E2DA87F31188F8BD8369426910B5F4
:10F410009A4201D182687AB9826800210132826001
:10F420005A1C82611C7803699A4224BFC3688361B5
:10F43000FFF716FC204610BD4FF0FF30FBE72DE92B
:10F44000F74F04460E4617469846D0F81C904FF0EA
:10F45000300A8AF311884FF0000B154665B12A4631
:10F4600031462046FFF7E7FE034660B94146204695
:10F47000FFF7E6FB0028F1D0002383F31188781B07
:10F4800003B0BDE8F08FB9F1000F03D00190204622
:10F49000C847019B8BF31188ED1A1E448AF311882B
:10F4A000DCE70C30FFF74CBF4FF0FF330C30FFF7B9
:10F4B00047BF3030FFF7C3BF4FF0FF333030FFF7A7
:10F4C000BEBF0C30FFF716BF4FF0FF310C30FFF717
:10F4D00011BF3030FFF772BF4FF0FF323030FFF70F
:10F4E0006DBF012914BF6FF013000020704700F0BA
:10F4F00055BF000037B5154602460B460C49044679
:10F5000042F8041B4260012200F154010272009093
:10F5100080220C30FFF7BCFE2B468022009404F1C1
:10F52000D40104F13000FFF73DFF03B030BD00BF50
:10F53000C81A010810B53023044683F3118800F07F
:10F540004DFF02230020237280F3118810BD38B5CF
:10F55000436904460D461BB904210844FFF72CFCFF
:10F56000294604F10C00FFF7AAFE002806DA201D48
:10F570004FF40061BDE83840FFF71EBC38BD3023B2
:10F5800083F311880023406983F31188B0FA80F077
:10F59000400970474FF0FF31FFF73ABB01F008B860
:10F5A0000123037000230C3040F8083C40F8043C71
:10F5B000FFF77EBB10B53023044683F3118841600A
:10F5C00001F00CF802230020237080F3118810BD95
:10F5D00010B53023044683F3118801F073F800233B
:10F5E00001226360227083F3118810BD302383F3FE
:10F5F0001188436899685A684FF480338B4093614F
:10F60000002383F311887047302383F31188436804
:10F6100099685A6801238B409361002383F3118812
:10F62000704710B5302484F311880324047001F06E
:10F630008CF8002383F3118810BD38B504463025BB
:10F6400085F31188032504F8085B01F067F820466C
:10F65000FFF7A0FF002383F3118838BD10B53023D6
:10F66000044683F31188032304F8083B01F06DF886
:10F670002046FFF78FFF002383F3118810BD10B5DC
:10F680003023044683F31188032304F8083B01F078
:10F6900074F82046FFF77EFF002383F3118810BD26
:10F6A0000C30FFF73DBB0C30FFF744BB10B50446F0
:10F6B000002101F01DFC0021204601F00BFC6368D5
:10F6C0001B6813B1062120469847A36823F0011355
:10F6D000A3600023E363062384F8343010BD01F0F7
:10F6E0006DBA012303700023C36183620362C362A6
:10F6F0004362036343608360704738B50446302338
:10F7000083F3118800254160C5600561456185610D
:10F7100001F05AFA0223237085F31188284638BD78
:10F7200070B53023044683F3118801F065FA25464D
:10F7300000260123666005F80C3B1C3455F8043B99
:10F740007BB1586920B16FF001010C30FFF76EFA00
:10F7500055F8043C986920B16FF001010C30FFF7B7
:10F7600065FAA54245F8046CE8D1FFF787F986F3FE
:10F77000118870BD70B500EB8103054650690E46D7
:10F780001446DA6018B114220021F0F7F5FFA069E1
:10F7900018B114220021F0F7EFFF31462846BDE8EA
:10F7A000704001F047BAF8B504460027836800F1BD
:10F7B000100503F00113836000F11C0655F8043BAB
:10F7C0007BB1586920B16FF001010C30FFF72EFAC0
:10F7D00055F8043C986920B16FF001010C30FFF737
:10F7E00025FAB54245F8047CE8D12046BDE8F8404A
:10F7F00001F0ACBAF0B4012500EB8104E46847895C
:10F80000A4698D403D43458123600023A26063606D
:10F81000E360F0BC01F00CBBF0B4012500EB810407
:10F82000E468078964698D403D43058123600023B6
:10F83000A2606360E360F0BC01F01ABB2DE9F04107
:10F840000223002504464FF030080370C564C563E9
:10F85000856000F10C0600F11C0756F8043BABB1C3
:10F8600088F3118856F8043C586920B16FF0010103
:10F870000C30FFF7DBF956F8043C986920B16FF0C3
:10F8800001010C30FFF7D2F985F31188BE4246F82A
:10F89000045CE2D1204684F8345001F039FA636800
:10F8A0001B6823B12046BDE8F04100211847BDE8A0
:10F8B000F081F8B503780446052B29D080F8503044
:10F8C0000523037043681B680BB104219847002689
:10F8D0003027A66004F10C051C3455F8043BABB18D
:10F8E00087F3118855F8043C586920B16FF0010185
:10F8F0000C30FFF79BF955F8043C986920B16FF084
:10F9000001010C30FFF792F986F31188A542E4D18A
:10F91000F8BD0178052906D190F85020436802709F
:10F920001B6803B11847704770B590F8343004462F
:10F930003BB1836823F0011383600023C36380F825
:10F9400034300021204604F1440201F055FA636886
:10F950009B684BB994F8443013F060052BD02046D7
:10F96000BDE87040FFF7A2BE204698470028F1D0BE
:10F9700094F84B2094F84A3043EA0223E26B9A420F
:10F9800088BFE36394F94430E16B002B80F202817D
:10F99000002900F0F780092384F83430302383F302
:10F9A000118800212046E36BA26BFFF735FF00238F
:10F9B00083F3118870BD94F8452003F07F0343EA78
:10F9C000022340F20232934200F0C98021D8B3F5FD
:10F9D000807F4CD00DD8012B43D0022B00F09780B4
:10F9E000002BBCD104F14C02A2630222E263236427
:10F9F000BEE7B3F5817F00F09F80B3F5407FAED1C5
:10FA000094F84630012BAAD1B4F84C3043F00203ED
:10FA100036E0B3F5006F51D01BD8B3F5A06F35D0E9
:10FA2000A3F5C063012B9AD894F84920616894F833
:10FA300048304E6843EA0223204694F8462094F862
:10FA40004710B04700288AD04368A3630368E36384
:10FA50001AE0B3F5106F36D040F6024293427FF4BD
:10FA60007EAF544BA3630223E3630023BFE794F804
:10FA70004630012B7FF473AFB4F84C3023F002030F
:10FA8000A4F84C30A563E563256471E7B4F844300D
:10FA9000B3F5A06F0ED194F84630204684F84E306E
:10FAA00001F0C0F863681B6813B101212046984734
:10FAB000032323700023A363E36398E704F14F0358
:10FAC000A3630123C3E72378042B10D1302383F3EE
:10FAD00011882046FFF767FE85F3118803216368CC
:10FAE00084F84F5021701B680BB12046984794F85A
:10FAF0004630002BDED084F84F3004232370636837
:10FB00001B68002BD6D0022120469847D2E794F8F4
:10FB1000483020461D0603F00F010AD501F050F9C8
:10FB2000012804D002287FF41AAF234B9AE7234B15
:10FB300098E701F029F9F3E794F84630002B7FF4B9
:10FB40000EAF94F8483013F00F01B3D01A062046D8
:10FB500002D501F0E5F9ADE701F0D6F9AAE794F88E
:10FB60004630002B7FF4FBAE94F8483013F00F01C1
:10FB7000A0D01B06204602D501F0BAF99AE701F0A1
:10FB8000A9F997E71423204684F83430BDE8704083
:10FB900001F042B961B1152384F83430302383F386
:10FBA000118800212046E36BA26BFFF723FEFEE6DF
:10FBB0000B23E8E7F41A0108F01A0108F21A010809
:10FBC00008B500F0D5F80B4B9A6C42F020029A640D
:10FBD0009A6C9A6C42F040029A649A6C9A6C42F069
:10FBE00080029A649A6C9A6C42F480729A649B6C5C
:10FBF00008BD00BF000C014070470020704716236D
:10FC000003604FF0FF307047184670470020704780
:10FC100008B51346002158221846F0F7ADFD4FF401
:10FC200000524260002008BD0120704710B500223C
:10FC3000044608460121FFF749F918B90C234FF093
:10FC4000FF30236010BD000008B50248FEF7E4FD58
:10FC5000F0F764FCF61A010808B50248FEF7DCFD6F
:10FC6000F0F75CFCFB1A01080120704770470000A8
:10FC70000148FFF755B800BFF81300200148FFF70F
:10FC800059B800BFF81300200122090100F16043B8
:10FC900003F56143C9B283F8001300F01F039A40D3
:10FCA00043099B0003F1604303F56143C3F88021DE
:10FCB0001A607047012200F01F039A4043099B001D
:10FCC00003F1604303F56143C3F88020C3F880214A
:10FCD000002300F1604000F5614080F80033704778
:10FCE000090100F16040C9B200F56D40017670472E
:10FCF00017498A68022A12D0032A26D0154B1649C2
:10FD0000012A08BF0B46124A926902F07F020132B3
:10FD100052080132B3FBF2F3104A13607047104AE5
:10FD20000B68526F49686FEA921201290CBF0A49A9
:10FD30000C4902F0030203324A4303F01F0301336C
:10FD40005B080133B2FBF3F3DDE7074BDBE700BFF2
:10FD5000000C014000127A00006CDC020814002044
:10FD6000000401400048E801001BB700FFF7C0BFD6
:10FD700013B50C20032440F2BE71314B314A9C6212
:10FD8000D862C2F8941000219962D9629C62D8624C
:10FD90008020C3F81C0CD3F81C0CC3F81C0C009179
:10FDA00001914FF40141C3F8481C4FF6FC71A3F5D3
:10FDB000744319630F2119600223136501234BF665
:10FDC0008031D364936D03F001030193009B0133F1
:10FDD0000093019B13B9009B8B42F3D1019B03B9A4
:10FDE000FEE7194B19498024C3F800140021A3F53C
:10FDF000884399611C62196A0120196220215860A8
:10FE0000196019681960196801431960546790678F
:10FE1000D16F0329FCD102229A6001220021DA600D
:10FE2000074A9162D1629A6C42F400429A649A6CD9
:10FE3000DA6C42F40062DA64DB6C02B010BD00BF21
:10FE40000000014000040140005001401300000385
:10FE5000134B834223D1134B02201A6C124942F4F4
:10FE600080721A641A6C42F002021A64D3F8882075
:10FE700042F00202C3F88820D3F8882022F0020260
:10FE8000C3F8882001225A63DA670864DA66082218
:10FE90005A615A695A615A6942F001025A617047BF
:10FEA000504F0020000C0140004C0140084B8342A1
:10FEB0000CD1084B5A6902F008025A6100225A61BB
:10FEC000DA66DA671A6C22F002021A64704700BF21
:10FED000504F0020000C01400F4A936C43F4004344
:10FEE00043F0200393644FF080436FF4C0521A63D1
:10FEF0004FF07072DA624FF020721A6000225A607E
:10FF00009A60DA604FF44C325A62012203F5A03352
:10FF10005A700722DA727047000C01400E4A6FF4E3
:10FF20008051936C43F4004343F0200393644FF0FB
:10FF300080436FF4C0521A6300221A609A60DA603C
:10FF400019634FF0807119604FF4805159605A6203
:10FF50004FF080529A617047000C014010B5074C79
:10FF60006369DB0704D5064A13680BB150689847EC
:10FF700001236361BDE81040FEF760BF0018004038
:10FF8000B04B002010B5074C63699B0704D5064AA7
:10FF900093680BB1D068984702236361BDE81040B5
:10FFA000FEF74CBF00180040B04B002010B5074CC6
:10FFB00063695B0704D5064A13690BB1506998471A
:10FFC00004236361BDE81040FEF738BF001800400D
:10FFD000B04B002010B5074C63691B0704D5064AD7
:10FFE00093690BB1D069984708236361BDE810405D
:10FFF000FEF724BF00180040B04B002010B5074C9E
:020000040801F1
:100000006369DB0604D5064A136A0BB1506A984748
:1000100010236361BDE81040FEF710BF00180040D8
:10002000B04B0020164B10B55C69A30604D5154AE9
:10003000936A0BB1D06A9847600604D5114A136BD6
:100040000BB1506B9847210604D50E4A936B0BB148
:10005000D06B9847E20504D50A4A136C0BB1506C7B
:100060009847A30504D5074A936C0BB1D06C984709
:10007000BDE810404FF47872014B5A61FEF7DEBEC6
:1000800000180040B04B00201A4B10B55C696205A7
:1000900004D5194A136D0BB1506D9847230504D54B
:1000A000154A936D0BB1D06D9847E00404D5124A00
:1000B000136E0BB1506E9847A10404D50E4A936E8F
:1000C0000BB1D06E9847620404D50B4A136F0BB185
:1000D000506F9847230404D5074A936F0BB1D06F34
:1000E0009847BDE810404FF47C42024B5A61FEF73E
:1000F000A5BE00BF00180040B04B0020062108B587
:100100000846FFF7C1FD06210720FFF7BDFD0621C8
:100110000820FFF7B9FD06210920FFF7B5FD0621EC
:100120000A20FFF7B1FD06211020FFF7ADFDBDE865
:10013000084006212120FFF7A7BD08B50620FFF7DC
:10014000B9FD0720FFF7B6FD0820FFF7B3FD092032
:10015000FFF7B0FD0A20FFF7ADFD1020FFF7AAFD65
:10016000BDE808402120FFF7A5BD00000023194687
:10017000044A0133102B1160516002F10802F8D1DA
:10018000704700BFB04B0020C9434FF055330163A7
:1001900002F003015943016042F380014160C2F360
:1001A000C10159438160C2F341115943C160C2F397
:1001B000C1214B43C3624FF01133C2F3C3125A4300
:1001C00002624262704700001A4B70B59C6C0F26A9
:1001D00044F4C0649C649B6C012301F003048B40D5
:1001E00021F0030101F1804101F5A0518D68A400C7
:1001F000C0F38320A04006FA04F425EA040528434E
:100200008860D8430C4912F0010F8C6814BF1C435E
:1002100004408C6012F0020FCA6814BF1A430240F7
:10022000CA60054A536111680B4313605368034069
:10023000536070BD000C0140001800404FF0E023F7
:1002400040F2BF325A6100229A61072208210B2036
:100250001A61FFF745BD08B5302383F31188FEF717
:10026000E7FA002383F3118808BD08B5FFF7F3FF11
:10027000BDE80840FEF7E2BD024A536843F00203BE
:100280005360704700380040024A536843F002034D
:100290005360704700840040F8B5D0F854610546BB
:1002A0007369D806DCB20AD5302383F311884FF482
:1002B0008061281DFEF780FD002383F31188302321
:1002C00083F311882F1D14F00F032FD183F31188AE
:1002D0007368980714D5A10612D5302383F31188CB
:1002E000E818FFF792F8002841DA0821281DFEF7E8
:1002F00063FD736823F002037360002383F31188A6
:1003000073689A0711D563060FD5302383F31188DC
:100310006A6CAB6C9A4205D1AB6B1BB11021281DE6
:10032000FEF74AFD002383F31188F8BD14F0020F95
:1003300014BF4FF480710021620748BF41F02001D3
:10034000230748BF41F0400114F00104384618BFAC
:1003500041F08001FEF730FD33682CB195F858115B
:1003600028461940FFF7F3F87469E4B2ABE7306050
:10037000C3E7000008B50348FFF78EFFBDE808405B
:10038000FEF75CBD8C4D002008B50348FFF784FFE5
:10039000BDE80840FEF752BD304C002010B5094CB6
:1003A00000212046084AFFF7A5F8084B0021C4F8B1
:1003B0005431074C074A2046FFF79CF8064BC4F817
:1003C000543110BD8C4D00207902010800380040E6
:1003D000304C0020890201080084004038B5374DB8
:1003E000037A002918BF0D46012B044635D1344B42
:1003F000984217D1334B0A219A6C1E2042F4804256
:100400009A649A6CD3F8902042F48042C3F890200A
:10041000D3F8902022F48042C3F89020D3F8903093
:10042000FFF732FC284B9C4217D1264B0821DA6C8F
:10043000202042F00802DA64DA6CD3F8942042F00B
:100440000802C3F89420D3F8942022F00802C3F8DD
:100450009420D3F89430FFF717FCD4F85431E9799D
:100460001A6902F050020A4329681A614A0802F127
:10047000B76202F55842B2FBF1F202F00F01C3F885
:10048000C0108021D960C2F3071119600021C2F3A6
:1004900007325A60D96068792A790243A879024301
:1004A000DA600122C3F89C10C3F898205A6842F021
:1004B00005025A60FF2384F8583138BD001B01083B
:1004C0008C4D0020000C0140304C002070B50446DB
:1004D000C5692E6BC26A6B6A9A4234BFC36A6B6A83
:1004E000013B30D2E36A002B39D1EB620223237047
:1004F00063681B680BB120469847302383F311884B
:10050000002104F10800FEF791FB002383F311881A
:10051000F30717D5286A228E666AE36A616AD31ADE
:100520003344121A934228BF134699424FF6FF7183
:1005300038BF636A013B1BD2636A1BB9EB6A23F0C5
:100540000103EB6270BD296EE26A013AE262A26ABF
:10055000002AC5D01170A26A0132A262C0E7E26A25
:10056000EB699A429EBFE36A03F1FF33EB61CFE789
:10057000626A013A6262226A0AB92966DAE712F807
:10058000010B28662262D5E708B50348FFF79EFFF6
:10059000BDE80840FEF752BCE84E002008B503480D
:1005A000FFF794FFBDE80840FEF748BC1C4F002051
:1005B00010B5064C2046FEF7F3FF054BE361054CF2
:1005C0002046FEF7EDFF044BE36110BDE84E00202E
:1005D000003000401C4F00200090004010B5037810
:1005E0000446012B45D1344B98421FD1334B0A218D
:1005F0009A6C1A2042F480529A649A6CD3F8902034
:1006000042F48052C3F89020D3F8902022F4805214
:10061000C3F89020D3F89030FFF736FB6268E369A7
:10062000128A5A611A6942F001021A61244B9C42F3
:100630001FD1224B0921DA6C1B2042F01002DA6430
:10064000DA6CD3F8942042F01002C3F89420D3F867
:10065000942022F01002C3F89420D3F89430FFF7CE
:1006600013FB6268E369128A5A611A6942F0010257
:100670001A616168E269CB8989890B4343F00703FA
:100680009BB21360238E4BB9012393619169994208
:100690000DD10133B3F5807FF7D123860023936119
:1006A000D361D36A23F0FF03D362936C10BD012B97
:1006B00008BF0023F1E700BFE84E0020000C014016
:1006C0001C4F002010B503780446022B1FD10022D6
:1006D000C3699A60DA6A22F0FF02DA629B6C0C4B03
:1006E000984208D11A20FFF7E5FA0A4B9A6C22F4D7
:1006F00080529A649B6C084B9C4208D11B20FFF7E8
:10070000D9FA044BDA6C22F01002DA64DB6C10BD0B
:10071000E84E0020000C01401C4F002010B50C4694
:1007200091B18362038E4162C1625908A14228BF20
:100730002146C369026299610139D961DA6A42F0DE
:100740001102DA6201229A6010BD10B50C4699B10F
:1007500000238362038E4162C1625908A14228BF0F
:100760002146C369026299610139D961DA6A42F0AE
:100770001102DA6201229A6010BD10B50C4699B1DF
:1007800000230362038E4162C1625908A14228BF5F
:100790002146C369826299610139D961DA6A42F0FE
:1007A0001102DA6201229A6010BD000010B590F8C3
:1007B00034300446B3B1063BDAB20F2A11D80F2BFE
:1007C0000FD8DFE803F00F0E0E080F0F0E0E0E0EFF
:1007D0000E0E0E0E0F0F036C03B19847002384F822
:1007E000343010BD00216022064B99735A749973FE
:1007F0005A7463681B6813B1062120469847062384
:10080000EDE700BF0040014090F8342010B5152AF4
:1008100004460CD8012393400C4A134208D19B0292
:1008200005D5036C03B19847002384F8343010BD1C
:1008300000216022064B99735A7499735A74436865
:100840001B680BB1062198470623EEE7410E100006
:10085000004001400146F8B5284C861C04EB860395
:100860005F682748BB698173027DD20739D5254A65
:100870009D68817390F817E002EB810C827D42EA5B
:100880000E22A81885422DD19868104498605868A7
:10089000104458601868801A1860188A013880B2AD
:1008A00018827B8A934200D808BB012303FA01F225
:1008B000638923EA0203638104EB86035B68DB68D8
:1008C0000BB10E489847302383F3118804EB86045C
:1008D0006368986941680C30FEF7A8F9002383F338
:1008E0001188F8BD9CF800E005F801EBCAE7044A5E
:1008F000137D03F0FE031375F3E700BF504F002094
:100900000040014020400140F8B5214C871C04EB19
:1009100087035E680146726950681568A84219D35A
:10092000012303FA01F2238923EA02032381B36836
:100930000BB120469847302383F3118804EB8704DA
:100940006368002158690C30FEF770F9002383F3C7
:10095000118817E00F4B9973136918445060281AD7
:10096000DED0348A844228BF044690681461034470
:100970000948936000EB81001C44A34203D101228B
:10098000044B5A74F8BD13F8012B0270F5E700BF51
:10099000504F002000400140204001402DE9F0412F
:1009A000844B9B799C07DFB202D58348FEF7B1FFE9
:1009B000780702D58048FEF741FF390713D57E4CF2
:1009C0006368DB6823B97B4AD37A03F0F703D372F9
:1009D0002378052B02D17848FEF79BFF6368DB681C
:1009E0000BB175489847734B9A781D7902F0FF0652
:1009F000EDB252B9002D3AD1FB0702D56E48FEF791
:100A000058FFBDE8F041FEF719BAF20720D50022E1
:100A1000694CE0689A7393F811C01CF0040F5FFAF8
:100A20008CF11CBF5A7484F83420CB0605D5802283
:100A3000604B5A74002384F8343094F834300BB18E
:100A4000062B24D1CC0703D5436800215A48984788
:100A5000B20702D50120FFF757FF730702D5022026
:100A6000FFF752FF340702D50320FFF74DFFA80719
:100A700002D50120FFF7EEFE690702D50220FFF73D
:100A8000E9FE2A07B8D50320FFF7E4FEB4E7092BF7
:100A90004CD1DFF820C19CF81130DAB213F0020318
:100AA000D6D102F01102112AD2D042698CF80E3050
:100AB00051681369D2F800E019445160BEEB01019E
:100AC000B0F8108016D0414528BF414694681161A6
:100AD000234493605A18934207D1038A99422CBF4A
:100AE00002210A218CF81110B2E713F8014B8CF89F
:100AF0002040F0E7434504D10A238CF811301161FE
:100B0000A6E7238923F00103238183680BB12A48D8
:100B10009847302383F311880021E36858690C302B
:100B2000FEF784F8002383F3118891E7152B8FD10A
:100B3000DFF880E09EF81130D90789D5002283695B
:100B4000D3F808C08EF80E209EF81620D1B2624469
:100B5000944527D19A680A449A605A680A445A60B0
:100B60001A68521A1A601A8A013A92B21A82438A91
:100B70008B424FF000010F4B997300D8BAB948224D
:100B80005A74638923F001036381E368DB6813B15E
:100B9000002109489847302383F31188E368986956
:100BA0004168BCE79EF820800CF8018BD0E740221A
:100BB0005A744DE700400140504F00200148FEF7B5
:100BC00090BD00BF504F002010B50478012C0ED10D
:100BD000074AC260FFF73CF90022064B0D21DA728A
:100BE000DC715A720E20BDE81040FFF74DB810BD01
:100BF000081B01080040014010B503780446012B92
:100C00000CD00E20FFF756F80022054B2046DA7272
:100C1000DA715A72BDE81040FFF748B910BD00BF45
:100C20000040014090F84E20014B1A70704700BF01
:100C30000040014000EB8100344BC26801F00F011D
:100C400010B59973106800F00300002956D00228EF
:100C50002CD003282AD0012827D153690BB99369D6
:100C60001BB3E020294B9874108AC0F3C700187496
:100C7000402058740820587458740120DC7900FA18
:100C800001F149B241EA0400C0B2D871C0205875E0
:100C9000528AC2F3C702DA7480221A7510221A75BA
:100CA0001A755A7A1143C9B2597210BD506980B190
:100CB00000209874108AC0F3C7001874402058743C
:100CC0000820587458740120DC7988402043C0B251
:100CD000D8719369002BE8D000200C4B5875528ACC
:100CE000C2F3C702DA7480221A7510221A751A75B7
:100CF0000122587A02FA01F10143D4E70028D4D145
:100D0000DA7942F00102DA71CFE700BF004001401A
:100D1000002208B50B4BDA715A724268D2681AB1D8
:100D2000DA7A42F00802DA72074B0021C360FFF75B
:100D300081FF0122034B5A70DA7A42F00102DA7223
:100D400008BD00BF00400140081B010870B50D4BF5
:100D50000021DA79402602F00102DA71082401222A
:100D60008025102059729A730132D2B2042A9974E4
:100D70005E745C745C7459751D7518751875F2D1C4
:100D800070BD00BF004001400C4B01F00F029A7390
:100D900041B95A7C52070ED4D87910F0010018BF1F
:100DA00002207047187D10F0200004D15B7A1341B7
:100DB00013F0010FF3E70120704700BF004001402E
:100DC0000C4B01F00F029A7341B95A7C52070ED4B2
:100DD000D87910F0010018BF02207047587C10F03D
:100DE000100004D1DB79134113F0010FF3E7012068
:100DF000704700BF0040014001F00F03054901EBBF
:100E0000830102F10803087802F8010B9342FAD13A
:100E1000704700BF204001404822044B01F00F0101
:100E200099735A74002380F83430704700400140B1
:100E300010B501F00F0400EB8101CB6899690A68D5
:100E400072B1588A1318013BB3FBF0F39BB20B82CB
:100E5000064B9C7334B11A7D02F0FE021A7510BD68
:100E60000123F4E740225A74F9E700BF0040014033
:100E700000EB810311F00F0170B508BF4025DC685D
:100E800008BF124B626904BF99735D74238A1568A9
:100E90000F4CAB4228BF2B461361926804EB8104D0
:100EA000D518AA4205D1094A917331B1012353746F
:100EB00070BD12F8016B2670F3E7517CC168098A96
:100EC0008B422CBF02230A23F1E700BF0040014000
:100ED00020400140054B01F00F01997311B1202210
:100EE0001A75704760225A74704700BF0040014075
:100EF000044B01F00F01997311B110225A7470471D
:100F00006022FBE700400140044B01F00F019973A0
:100F100011B180221A757047597470470040014022
:100F2000044B01F00F01997311B140225A747047BC
:080F30005974704700400140B4
:100F3800000000B400B4801400000040010000402C
:100F48000200004003000040040000400D0800407B
:100F58000C0400400D0400400E0400400608004048
:100F6800070800400808004009080040040800403D
:100F78000508004000FF96000020202020202020A7
:100F88002020282828282820202020202020202031
:100F98002020202020202020208810101010101041
:100FA800101010101010101010040404040404048D
:100FB8000404041010101010101041414141414127
:100FC8000101010101010101010101010101010109
:100FD8000101010110101010101042424242424219
:100FE80002020202020202020202020202020202D9
:100FF8000202020210101010200000000000000081
:1010080000000000000000000000000000000000D8
:1010180000000000000000000000000000000000C8
:1010280000000000000000000000000000000000B8
:1010380000000000000000000000000000000000A8
:101048000000000000000000000000000000000098
:101058000000000000000000000000000000000088
:101068000000000000000000000000000000000078
:10107800000000000000000000000000040C002038
:101088000000000000000000000000000000000058
:101098000000000000000000000000000000000048
:1010A8000000000000000000000000000000000038
:1010B8000000000000000000000000000000000028
:1010C8000000000000000000000000000000000018
:1010D8000000000000000000000000000000000008
:1010E8001B1A191817161D1E1F2000000000FF00EC
:1010F800FF55FFAAFF2BFFBFFF6A01010008004050
:1011080001080040020800400308004006000040B3
:101118000A0400400B040040FFFFFFFFFFFFFFFF32
:101128000C0400400D0400400E0400400608004076
:10113800070800400808004009080040040800406B
:1011480005080040610D0A00450050004F004D00A1
:1011580041004B0045005200000032002E003400D0
:101168004700200044006F006E0067006C006500B7
:10117800000053706C697436352D310053706C69FA
:101188007436352D320053706C697436352D330042
:1011980053706C69743635204254340053706C694E
:1011A80074363520425435000008004001080040DC
:1011B8000208004003080040060000400A040040FE
:1011C8000B040040FFFFFFFFFFFFFFFF0C04004080
:1011D8000D0400400E0400400608004007080040C7
:1011E80008080040090800400408004005080040BD
:1011F8000948032181620C21C162084890F8100354
:10120800074900F00F000A68824200D008600020F9
:10121800401C2328FCDB70470000014000F0FF1F42
:10122800040401400748032181620C21C162064879
:10123800016801F00F01082901D90821016000BFE8
:1012480000BF704700000140040401400000004056
:10125800010000400200004003000040040000407C
:101268000D080040A900AA00A900AA00A900AA0028
:10127800A900AA0000000000000000000000000013
:1012880000000000000035001E001F0020002100A3
:1012980022002300000000002B0014001A000800A0
:1012A80015001700000000000000390004001600B7
:1012B800070009000A00000000000000E1001D000E
:1012C8001B00060019000500000000000000E000F7
:1012D800E300E200000000002C0000000000000015
:1012E80000000000000000000000000000000000F6
:1012F800000024002500260027002D002E000000F5
:101308002A00A8001C0018000C00120013002F006F
:10131800300031004C000B000D000E000F003300B0
:101328003400000028004B00110010003600370080
:1013380038000000E50052004E0000002C000000BC
:10134800E6002152E400500051004F000000000068
:10135800000000000000000000000000000029005C
:101368003A003B003C003D003E003F00000000000A
:101378004378007E017E027E037E17000000000095
:101388000000390004000252070009000A000000AA
:1013980000000000E1001D00427806001900057EEB
:1013A800000000000000067E0B70E2000000000054
:1013B800077E0000000000000000000000000000A0
:1013C8000000000000000000000040004100420052
:1013D8004300440045000000037CA8001C001800DE
:1013E8000C001200130046784578310049000B00C4
:1013F8000D000E000F0048784778000028004A00CA
:10140800137010003600370038000000E5004978F6
:101418004D0000002C000000E6000000E4004C78BD
:101428004A784B780000000000000000000000002F
:1014380000000000000035001E001F0020002100F1
:1014480022002300000000002B0014001A000800EE
:101458001500170000000000000039000400160005
:10146800070009000A00000000000000E1001D005C
:101478001B00060019000500000000000000E00045
:10148800E200E300000000002C0000000000000063
:101498000000000000000000000000000000000044
:1014A800000024002500260027002D002E00000043
:1014B8002A00A8001C0018000C00120013002F00BE
:1014C800300031004C000B000D000E000F003300FF
:1014D8003400000028004B001100100036003700CF
:1014E80038000000E50052004E0000002C0000000B
:1014F800E7002352E400500051004F0000000000B4
:1015080000000000000000000000000000002900AA
:101518003A003B003C003D003E003F000000000058
:101528004378007E017E027E037E170000000000E3
:101538000000390000521600070009000A000000E8
:1015480000000000E1001D00427806001900057E39
:10155800000000000000067EE200E300000000003A
:10156800077E0000000000000000000000000000EE
:1015780000000000000000000000400041004200A0
:101588004300440045000000037CA8001C0018002C
:101598000C001200130046784578310049000B0012
:1015A8000D000E000F0048784778000028004A0018
:1015B800137010003600370038000000E500497845
:1015C8004D0000002C000000E700E600E4004C7825
:1015D8004A784B78E200E900EA00B500B600B700A7
:1015E800CD008301CC008A019201940121022302DB
:1015F80024022502260227022A02B300B4006F0043
:1016080070009F01CB019F02A002E200E900EA00FE
:10161800B500B600B700CD008301CC008A01920165
:1016280094012102230224022502260227022A020B
:10163800B300B4006F0070009F01CB019F02A002AD
:101648000C200020003131295A1B750AFF000000C8
:10165800F1B7000829B8000841B800085DB80008CB
:10166800000101010101010101010202020202025D
:101678000202020303030303030303040404040430
:1016880004040505050505060606060607070707F7
:101698000708080808090909090A0A0A0B0B0B0CAC
:1016A8000C0C0D0D0D0E0E0E0F0F0F101011111149
:1016B80012121313141415151616171718181919CA
:1016C8001A1A1B1B1C1D1D1E1E1F2020212222232F
:1016D8002424252626272829292A2B2C2D2D2E2F70
:1016E80030313232333435363738393A3B3C3D3E87
:1016F8003F404142434445464748494A4C4D4E4F76
:1017080050515354555658595A5B5D5E5F61626437
:10171800656668696B6C6D6F7072737577787A7BC4
:101728007D7E8082838587888A8C8E8F919395961B
:10173800989A9C9EA0A2A3A5A7A9ABADAFB1B3B53B
:10174800B7BABCBEC0C2C4C6C9CBCDCFD1D4D6D817
:10175800DBDDDFE2E4E7E9EBEEF0F3F5F8FAFDFFB5
:1017680000FF0100010000FFFF0000010001FF0071
:1017780000000000000400400F000000000000000E
:101788002000000000000000000000000000000031
:101798000000000000000000000000000000000041
:1017A8000000000000000000000000002A2B2800B4
:1017B80000000000000000000000000000000029F8
:1017C800000000002C1E3420212224342627252E38
:1017D800362D3738271E1F20212223242526333370
:1017E800362E37381F0405060708090A0B0C0D0E9C
:1017F8000F101112131415161718191A1B1C1D2F68
:101808003130232D350405060708090A0B0C0D0E87
:101818000F101112131415161718191A1B1C1D2F47
:101828003130354C000000007E0F00D4FFFFFFC7A9
:101838000000007811DB000879DA000859D900089F
:10184800000000007918010892180108B218010870
:10185800D418010842190108641901084422B6097C
:10186800025B00030100A0FA090400000103010162
:101878000009211101000122440007058103080025
:1018880001090401000203000000092111010001FF
:101898002222000705820320000107050203200019
:1018A80001090402000103000000092111010001DF
:1018B80022B6000705830320000112010002000080
:1018C80000402D34C6E43000010203010501090679
:1018D800A101050719E029E71500250195087501FB
:1018E80081029501750881010507190029FF150076
:1018F80026FF0095067508810005081901290515B8
:10190800002501950575019102950175039101C0A6
:10191800040309041203450050004F004D00410024
:101928004B004500520000001003530070006C008B
:10193800690074003600350000000660FF0961A1E7
:10194800010962150026FF009520750881020963C8
:10195800150026FF00952075089102C005010902AF
:10196800A10185020901A10005091901290815002D
:101978002501950875018102050109300931158194
:10198800257F95027508810609381581257F9501FF
:1019980075088106050C0A38021581257F950175A1
:1019A800088106C0C005010980A101850319012A23
:1019B800B700150126B700950175108100C0050C08
:1019C8000901A101850419012AA002150126A00216
:1019D800950175108100C005010906A1018506055C
:1019E8000719E029E7150025019508750181020509
:1019F80007190029EF1500250195F07501810205E9
:101A0800081901290595057501910295017503913C
:101A180001C03031323334353637383941424344E6
:101A28004546000008240108A44F0020A44F0020C8
:101A3800A44F002008240108000000000000000056
:101A48000000000008240108000000000000000059
:101A58000000000008240108000000000000000049
:101A68000000000008240108000000000000000039
:101A78000000000008240108000000000000000029
:101A88000000000008240108000000000000000019
:101A98000000000008240108000000000000000009
:101AA8000000000063300000AC1A0108083F002065
:101AB800184000206D61696E0069646C6500000063
:101AC80000000000B9F40008A9F40008D9F40008DF
:101AD800C9F40008D3F40008C3F40008B3F40008FC
:101AE800A3F40008E3F40008000001000000657892
:101AF8006974006B696C6C000096000003000000BC
:101B08000000000029F90008AD07010809080108CC
:101B1800400040001840002018400020010000004C
:101B28002C4000205245454E54206D616C6C6F630B
:101B38002073756363656564656400002E2E2F2E1F
:101B48002E2F2E2E2F2E2E2F2E2E2F2E2E2F2E2EA8
:101B58002F2E2E2F6E65776C69622F6C6962632F4A
:101B68007374646C69622F72616E642E6300000086
:101B78002C2066756E6374696F6E3A200000000051
:101B8800617373657274696F6E20222573222066F3
:101B980061696C65643A2066696C65202225732248
:101BA8002C206C696E65202564257325730A000056
:101BB800232D302B20000000686C4C0065666745BB
:101BC80046470000303132333435363738394142F0
:101BD800434445460000000030313233343536374F
:0C1BE8003839616263646566000000002B
:081BF40050E6FE7F0100000035
:101BFC00040C002000000000C8100108A810010807
:101C0C008810010800000000000000000000000027
:101C1C0000000000000000000000000000000000B8
:101C2C0000000000000000000000000000000000A8
:101C3C000000000000000000000000000000000098
:101C4C000000000000000000000000000000000088
:101C5C00000000000000FF00092700088927000889
:101C6C0051290008D12700082D2800080000000089
:101C7C0001000000C0270900000000640E080201EA
:101C8C000101010101010001FFFFFFFFFFFFFFFF49
:101C9C00FFFFFF1C1B1A19181716FFFF1011121348
:101CAC001415FFFFFF020F0E0D0C0BFFFFFF0306B9
:101CBC000708090AFFFFFF040105FFFF00FFFFFFF4
:101CCC00FFFFFFFFFFFFFFFFFF1D1E1F202122FF55
:101CDC0023FF2C2B2A2928272625242D2E2F303183
:101CEC0032FF33343C3B3A3938FF373635FF3DFF52
:101CFC003E3F4041424341401340052009300240E1
:101D0C0024401F302D303B30483056304F2041207E
:101D1C0034202620182003101510221030103E10ED
:101D2C004C1053004500370029001C000E00000029
:101D3C0060006E007C008A009800A500BA00D210EA
:101D4C00BE10AC109F1091108310751067105A10B4
:101D5C005D206B20792086209420A220B820D220F0
:101D6C00D230C130AE309B308D3080307230643028
:101D7C006B4086409440A240B040BF40D240040427
:101D8C000404040404040404040404040404040407
:101D9C0004040404040404040404040404040404F7
:101DAC0004040404040404040404040404040404E7
:101DBC0004040404040404040404040404040404D7
:101DCC0004040000901F0020981F002035740008A8
:101DDC0000080040010800400208004003080040D1
:101DEC00060000400A0400400B040040FFFFFFFF08
:101DFC00FFFFFFFF00000040010000400200004018
:101E0C0003000040040000400D08004000000000EA
:101E1C000100000000000000000000000C000200A7
:101E2C00000000000C000E0000000000000000008C
:101E3C000000000001001A0000000000000000007B
:101E4C0008001B0000000000000000000000000063
:101E5C004979000804002400000000000000000084
:101E6C000100280000000000000000000100290013
:101E7C00000000000000000001002A00000000002B
:101E8C00000000000C002C0000000000000000000E
:101E9C0004003800000000002979000820003C00F4
:101EAC0000000000000000000100390000000000EC
:101EBC004D7900080000000020005C0000000000CC
:101ECC00000000000000000000000000450045007C
:101EDC0045004500450000FF00FFFF0339050114D4
:101EEC000A1E015008280301020000010000000036
:101EFC0000C20100030000008C4D00200096000081
:101F0C0003000000A1D20008C9DD0008DFDD0008D5
:101F1C00E9DD0008F3DD0008FDDD0008000000002D
:101F2C0000000000020000000000000000000000A3
:101F3C000000000000000000000000000000000095
:101F4C000000000000000000000000000000000085
:101F5C000000000000000000000000000000000075
:101F6C00000000000600000000000000000000005F
:101F7C000300000000000000000000000000000052
:101F8C000000000000000000000000000000000045
:101F9C000000000000000000000000000000000035
:101FAC000000000000000000000000000000000025
:101FBC000300000000000000000000000000000012
:101FCC000000000000000000000000000000000005
:101FDC0000000000000000000000000000000000F5
:101FEC0000000000000000000000000000000000E5
:101FFC0000000000000000000000000020000000B5
:10200C00C40F002010100020B1E3000891E3000879
:10201C00C7E30008A9E40008C5E40008D1E40008FF
:10202C0000000000000000000400000000000000A0
:10203C000000000000000000000000000000000094
:10204C000000000000000000000000000000000084
:10205C000000000000000000000000000000000074
:10206C000000000000000000030000000000000061
:10207C00000000000600000000000000000000004E
:10208C000000000000000000000000000000000044
:10209C000000000000000000000000000000000034
:1020AC000000000000000000000000000000000024
:1020BC0000000000200000000000000000000000F4
:1020CC002C0F0020780F00203010002000000000A2
:1020DC007C1000200000000000000000C810002050
:1020EC000DE40008E5E3000829E4000821E50008F8
:1020FC0045E500085DE50008000000000000000058
:10210C0000000000000000000000000000000000C3
:10211C0000000000000000000000000000000000B3
:10212C0000000000000000000000000000000000A3
:10213C000000000000000000000000000000000093
:10214C00080000000811002054110020B1E3000821
:10215C0091E30008C7E30008A9E40008C5E40008FF
:10216C00D1E40008010200000000000000000000A3
:10217C000000000000000000000000000000000053
:10218C000000000000000000000000000000000043
:10219C000000000000000000000000000000000033
:1021AC00030000000000000091E1000800000000A6
:1021BC0020000000000000000000000002000000F1
:1021CC000000000000000000000000000000000003
:1021DC0000000000000000000000000000000000F3
:1021EC0000000000000000000000000000000000E3
:1021FC00504F0020030000000400000020000000ED
:10220C00D83D00200000000000000000EC10002071
:10221C0000000000000000000000000000000000B2
:10222C0000000000000000000000000000000000A2
:10223C000000000000000000000000000000000092
:10224C00000000000000000003000000000000007F
:10225C0091E10008000000000800000000000000F0
:10226C000000000002000000000000000000000060
:10227C000000000000000000000000000000000052
:10228C000000000000000000000000000000000042
:10229C000000000000000000504F00200100000072
:1022AC000400000008000000883C00200000000032
:1022BC000000000058110020000000000000000089
:1022CC000000000000000000000000000000000002
:1022DC0000000000000000000000000000000000F2
:1022EC0000000000000000000000000000000000E2
:1022FC00030000000000000091E1000827E2000844
:10230C00200020000000000000000000020000007F
:10231C0000000000000000000000000000000000B1
:10232C0000000000000000000000000000000000A1
:10233C000000000000000000000000000100000090
:10234C00504F00200200000004000000200000009C
:10235C00B83C002000000000000000001410002019
:10236C000000000000000000000000000000000061
:10237C000000000000000000000000000000000051
:10238C000000000000000000000000000000000041
:10239C000000000000000000000000000000000031
:1023AC000000000000000000000000000000000021
:1023BC000000000000000000000000000000000011
:1023CC000000000000000000000000000000000001
:1023DC00504F00200200000004000000200000000C
:1023EC00483D002000000000F8130020F8130020E6
:0C23FC00000000000000000000D8B80540
:04000005080001B935
:00000001FF
