:020000040800F2
:1000000000040020B9010008BB010008BB01000882
:10001000BB010008BB010008BB010008BB010008D0
:10002000BB010008BB010008BB010008A1EC0008EF
:10003000BB010008BB010008BB0100082B0101083F
:10004000BB010008BB010008BB010008BB010008A0
:10005000BB010008BB0100081DFE000845FE0008AA
:100060006DFE000895FE0008BDFE0008BB010008FB
:10007000BB010008BB0100085D080108BB010008C6
:10008000E5FE0008BB010008BB010008BB01000839
:10009000BB010008BB010008BB010008BB01000850
:1000A000BB010008BB010008490401085D04010808
:1000B000BB010008BB01000835020108BB010008B4
:1000C0004902010849FF0008BB010008BB01000804
:1000D000BB010008BB010008BB010008BB01000810
:1000E00072B6264880F30888254880F30988254899
:1000F00025490860022080F31488BFF36F8F0EF04B
:10010000A3FA0DF0FBFD4FF0553020491B4A9142F8
:100110003CBF41F8040BFAE71D49194A91423CBF24
:1001200041F8040BFAE71B491B4A1C4B9A423EBF9D
:1001300051F8040B42F8040BF8E700201849194A5B
:1001400091423CBF41F8040BFAE70EF081FA0EF041
:100150007CFA154C154DAC4203DA54F8041B884761
:10016000F9E707F007FE124C124DAC4203DA54F8DF
:10017000041B8847F9E70EF069BA0000000400206C
:10018000000C00200000000808ED00E00000002046
:1001900000040020BC1A0108000C002008140020F4
:1001A000081400208C4F0020E0000008E000000848
:1001B000E0000008E000000892E700F000F8FEE729
:1001C0002DE9F04FC1F80CD0C3689D46BDE8F08F13
:1001D000002383F311882846A04700200EF066FC18
:1001E000FEE70EF097FB00DFFEE7000053B94AB9C7
:1001F000002908BF00281CBF4FF0FF314FF0FF302F
:1002000000F08AB9ADF1080C6DE904CE00F01AF8DF
:10021000DDF804E0DDE9022304B07047430803F091
:100220005533C01A830803F0333300F033301844D9
:1002300000EB101000F00F3000EB002000EB00404E
:10024000000E70472DE9F047089E0D46044688468B
:10025000002B4DD18A42944668D9B2FA82F252B14B
:1002600001FA02F3C2F1200120FA01F10CFA02FCBA
:1002700041EA030894404FEA1C41B8FBF1F71FFA2A
:100280008CFE01FB178807FB0EF0230C43EA0843A2
:1002900098420AD91CEB030307F1FF3580F01E8159
:1002A000984240F21B81023F63441B1AB3FBF1F0FA
:1002B00001FB103300FB0EFEA4B244EA0344A64542
:1002C0000AD91CEB040400F1FF3380F00981A64534
:1002D00040F20681644402380021A4EB0E0440EA97
:1002E00007401EB10023D440C6E90043BDE8F087B3
:1002F0008B4208D9002E00F0EE800021C6E90005EF
:100300000846BDE8F087B3FA83F100294AD1AB4231
:1003100002D3824200F2FC80841A65EB03030120C1
:100320009846002EE2D0C6E90048DFE702B9FFDEBA
:10033000B2FA82F2002A40F09180A1EB0C00012178
:100340004FEA1C471FFA8CFEB0FBF7F307FB1300C4
:10035000250C45EA00450EFB03F0A84208D91CEB2A
:10036000050503F1FF3802D2A84200F2CE804346D1
:100370002D1AB5FBF7F007FB10550EFB00FEA4B2DB
:1003800044EA0544A64508D91CEB040400F1FF35F6
:1003900002D2A64500F2B6802846A4EB0E0440EA3D
:1003A00003409EE7C1F120078B4022FA07FC4CEA8C
:1003B000030C25FA07FA4FEA1C49BAFBF9F820FAB0
:1003C00007F309FB18AA8D401FFA8CFE1D4300FAA3
:1003D00001F308FB0EF02C0C44EA0A44A04202FA96
:1003E00001F20BD91CEB040408F1FF3A80F088807D
:1003F000A04240F28580A8F102086444241AB4FBAC
:10040000F9F009FB104400FB0EFEADB245EA0444CE
:10041000A64508D91CEB040400F1FF356CD2A645B3
:100420006AD90238644440EA0840A0FB0295A4EB74
:100430000E04AC42C846AE4656D353D0002E69D007
:10044000B3EB080264EB0E0422FA01F304FA07F797
:100450001F43CC40C6E90074002147E70CFA02FCB8
:10046000C2F1200125FA01F34FEA1C4720FA01F1FD
:1004700095400D43B3FBF7F107FB11331FFA8CFED8
:10048000280C40EA034001FB0EF3834204FA02F415
:1004900008D91CEB000001F1FF382FD283422DD97F
:1004A00002396044C01AB0FBF7F307FB1300ADB28A
:1004B00045EA004503FB0EF0A84208D91CEB0505F0
:1004C00003F1FF3816D2A84214D9023B6544281A1A
:1004D00043EA014138E73146304607E72F46E4E674
:1004E0001846F9E64B45A9D2B9EB020865EB0C0EAC
:1004F0000138A3E74346EAE7284694E74146D1E7B7
:10050000D0467BE76444023847E7023B65442FE767
:10051000084606E73146E9E6704700BF062008B501
:1005200000F08AFA01200FF0EFFA00BF032A10B59D
:1005300016D940EA010C1CF0030F04460B4622D1E9
:1005400019462046D1F800E0D0F800C00433F44545
:1005500004F1040417D1043A032A20461946EFD8BF
:10056000541EA2B100F1FF3C013901E0C3180CD0C8
:100570001CF801EF11F8012FA4EB0C039645F5D000
:10058000AEEB020010BD541EECE7184610BD10463D
:1005900010BD00BF844641EA000313F0030349D1B4
:1005A000403A23D30B6803604B6843608B688360D9
:1005B000CB68C3600B6903614B6943618B698361DD
:1005C000CB69C3610B6A03624B6A43628B6A8362C5
:1005D000CB6AC3620B6B03634B6B43638B6B8363AD
:1005E000CB6BC36340304031403ADBD230320BD367
:1005F0000B6803604B6843608B688360CB68C360A3
:1006000010301031103AF3D20C3205D351F8043BBC
:1006100040F8043B043AF9D2043208D0D2071CBF98
:1006200011F8013B00F8013B01D30B8803806046C1
:10063000704700BF082A13D38B07B1D010F0030313
:10064000AED0C3F10403D21ADB071CBF11F8013B83
:1006500000F8013BA4D331F8023B20F8023B9FE7AE
:10066000043AD9D3013A11F8013B00F8013BF9D221
:100670000B7803704B7843708B78837060467047BB
:1006800088420DD98B1883420AD900EB020CBAB10B
:10069000624613F801CD994202F801CDF9D17047B5
:1006A0000F2A0ED8034602F1FF3C4AB10CF1010CAF
:1006B000013B8C4411F8012B614503F8012FF9D15E
:1006C000704740EA01039B074FD1A2F1100370B5B8
:1006D00001F1200C23F00F0501F1100E00F11004C0
:1006E000AC441B095EF8105C0EF1100E44F8105C6F
:1006F0005EF81C5C103444F81C5C5EF8185C44F82E
:10070000185C5EF8145CE64544F8145CEAD10133E9
:1007100012F00C0F01EB031102F00F0400EB0313B6
:1007200027D08E46043C24F003064FEA940C1E4466
:100730001C1F5EF8045B44F8045FB442F9D10CF16D
:10074000010402F0030203EB840301EB840102F1D4
:10075000FF3C4AB10CF1010C013B8C4411F8012B18
:10076000614503F8012FF9D170BD034602F1FF3C4A
:100770009CE72246EBE700BF830730B548D0541E04
:10078000002A3FD00346CAB201E0013C3AD303F845
:10079000012B9D07F9D1032C2DD9CDB245EA0525B2
:1007A0000F2C45EA054536D9A4F1100222F00F0CB2
:1007B00003F1200EE6444FEA121C03F1100242E955
:1007C000045542E9025510327245F8D10CF101028C
:1007D00014F00C0F03EB021204F00F0C13D0ACF169
:1007E000040323F003030433134442F8045B9342ED
:1007F000FBD10CF003042CB1CAB21C4403F8012B4A
:100800009C42FBD130BD64461346002CF4D1F9E77D
:1008100003461446BFE71A46A446E0E738B5124B34
:1008200004461D68AA6B1AB10023C2E9044338BD0F
:10083000182000F02DFA0246A86378B100210B239E
:1008400001209381C2E90401084B0949094DC2E91D
:10085000011300231560C2E9044338BD4221064B51
:10086000064800F0CDF900BF000C0020ECDE0500CA
:1008700034126DE60E33CDABEC190108041A0108F1
:1008800038B5194B1C68A26B8AB1136917495469B2
:1008900003FB01F1164800FB0411A3FB00300133F8
:1008A00041EB0001C2E9043121F0004038BD1820BD
:1008B00000F0EEF90246A06388B1012400250B2365
:1008C0000A480C49C2E90445116001460A4D0B4C27
:1008D00093810B4BC2E90154C2E9043138BD4E216A
:1008E000084B094800F08CF9000C00202DF45158F9
:1008F0002D7F954C0E33CDAB34126DE6ECDE05004A
:100900002E7F954CEC190108041A010838B5446C87
:100910000CB1002038BD8021054600F02FFA0246B8
:10092000686430B1031F7C3243F8044F9342FBD11B
:10093000EFE74FF0FF3038BD1F29F8B5054608D85E
:10094000466C0C4617464EB156F8240046F8247003
:10095000F8BD16234FF0FF302B60F8BD802100F06A
:100960000DFA0646686440B10021031F00F17C05C2
:1009700043F8041F9D42FBD1E6E74FF0FF30F8BD7E
:100980001F2938B5054620D8426C0C466AB152F88A
:10099000213053B1012B16D0591C10D00025204610
:1009A00042F824509847284638BD284600F0F8F809
:1009B000224601462846BDE8384000F0DDB816233F
:1009C00001202B6038BD002038BD16234FF0FF30CA
:1009D0002B6038BD1F292BD8426C38B50C46054614
:1009E00082B152F8243002EB84024BB1591C1AD068
:1009F000012B16D00025204615609847284638BDA3
:100A0000012038BD802100F0B9F90246686460B168
:100A10000020131F02F17C0143F8040F9942FBD11F
:100A2000DFE7032038BD022038BD4FF0FF3038BD6E
:100A30004FF0FF30704700BF38B5144B1F281D68BA
:100A40001FD86A6C044662B152F820304BB1012BBA
:100A500015D0591C0FD0002542F820509847284641
:100A600038BD284600F09CF8224601462846BDE8DD
:100A7000384000F081B8162301202B6038BD0020DB
:100A800038BD16234FF0FF302B6038BD000C00201E
:100A9000124B1F2870B51E6808D80D46716C0446AD
:100AA00049B151F8240041F8245070BD16234FF08D
:100AB000FF30336070BD8021304600F05FF90146A1
:100AC000706440B10022031F00F17C0C43F8042F36
:100AD0006345FBD1E5E74FF0FF3070BD000C00200F
:100AE00038B50B4B1D686C6C0CB1002038BD8021F3
:100AF000284600F043F9686438B1031F00F17C0216
:100B000043F8044F9342FBD1EFE74FF0FF3038BD7D
:100B1000000C002038B5174B1F281D6827D86A6CB9
:100B2000044682B152F8243002EB84024BB1591CC6
:100B30001BD0012B17D0002520461560984728466A
:100B400038BD012038BD8021284600F017F9024643
:100B5000686460B10020131F02F17C0143F8040FA8
:100B60008B42FBD1DEE7032038BD022038BD4FF0B9
:100B7000FF3038BD000C002070B50026074D04463C
:100B8000084611462E600EF0C7FF431C00D070BD12
:100B90002B68002BFBD0236070BD00BF1014002019
:100BA0000EF0C2BF20F0030110F00300C0F10000FE
:100BB00051F8043B00F1040C4FEACC0C6FF000023A
:100BC0001CBF22FA0CF213434FF0010C4CEA0C2C20
:100BD0004CEA0C4CA3EB0C0222EA030212EACC1200
:100BE00004BF51F8043B0430F4D0C2F1000102EA22
:100BF0000102B2FA82F2C2F11F0200EBD20070478A
:100C0000144600B51A460A4B0D461B6885B0DE68CF
:100C100003464CB1074901913046074902940095BB
:100C200000F022F8FFF77AFC04490C46F3E700BF16
:100C3000000C0020381A0108481A0108441A01085B
:100C400008B513460022FFF7DBFF00BF0CB400B568
:100C500083B004AB53F8042B019300F025F903B0E3
:100C60005DF804EB02B070470EB400B5074A82B0DD
:100C700003AB0146106853F8042B019300F014F9FC
:100C800002B05DF804EB03B0704700BF000C002019
:100C9000024B0146186800F071B800BF000C00203C
:100CA000024B0146186800F003B800BF000C00209A
:100CB000002952D038B551F8043C0C1F002BB8BFA6
:100CC000E418054601F0AEF92B4A1368002B45D015
:100CD000A3420CD921686018834228D0636028465B
:100CE0001460BDE8384001F09FB9A3420FD81A46FE
:100CF0005B68002BF9D11168501884421DD034D3A1
:100D0000636054602846BDE8384001F08DB9116831
:100D10005018A04215D028D8216860188342EFD11E
:100D200018685B680144C4E900135460EAE7186876
:100D30005B680144C4E90013D1E7236819441160DA
:100D4000E0E720680144501883421160DAD1D3E90A
:100D500000030144C2E90013D4E7704728466360EA
:100D60001460BDE8384001F05FB90C2328462B60C1
:100D7000BDE8384001F058B908140020F8B5CD1C82
:100D800025F0030508350C2D38BF0C25002D06462F
:100D900023DBA94221D8264F01F044F93A6822B357
:100DA000144603E063682246FBB11C4623685B1BC4
:100DB000F8D40B2B15D8636894420CBF3B6053608A
:100DC000304601F031F904F10B00231D20F007003B
:100DD000C21A01D01B1AA350F8BD0C2300203360A7
:100DE000F8BD23601C442560EAE77968D1B1294643
:100DF00030460EF07BFE431C01460CD0C41C24F090
:100E00000304A04205D03046611A0EF06FFE013097
:100E100001D02560D4E70C233046336001F004F99B
:100E20000020F8BD30460EF061FE7860DFE700BFBD
:100E3000081400209368013B002B936005DAD2F878
:100E400018C0634507DB0A2905D01368581C1060D9
:100E500008461970704700F069BB00BF9BB1F8B538
:100E6000134406460F46541E5D1E01E0AC4208D0F6
:100E70003A46304614F8011FFFF7DCFF431CF5D15A
:100E8000F8BD0020F8BD0020704700BF936810B582
:100E9000144613B91846536010BD00F031FE00230C
:100EA000C4E9013310BD00BF2DE9F04F0E46924654
:100EB0001C4607469FB018B18369002B00F0A8803C
:100EC000954B9E4200F0AA80944B9E4200F0B58064
:100ED000934B9E4208BFFE68B389180740F1A38078
:100EE0003369002B00F09F80002320220B933023D6
:100EF0009AF80010059401258A4C8DF831208DF860
:100F0000323000297DD0D1460B4604E019F8013F6C
:100F1000002B00F09480252BF8D1B9EB0A0B40F0A0
:100F2000918099F80030002B6BD000234FF0FF32F6
:100F300009F10109CDE90723069309938DF85B3088
:100F40001C9304E0001B05FA00F018430690CA4603
:100F50000522204619F8011B01F01CF8069B002809
:100F6000F0D1D90644BF20228DF85B201A0748BF74
:100F70002B229AF8001048BF8DF85B202A2972D1E5
:100F8000059A1168043200290592C0F2A0800991E7
:100F90009AF801100AF1010A2E2976D0DFF888911B
:100FA0000322484600F0F6FF48B14022069BA0EB22
:100FB000090002FA00F003430AF1010A06931AF845
:100FC000011B062259488DF8301000F0E3FF00287D
:100FD00000F08380564B002B6CD005A9009132465F
:100FE0003846544B06A9AFF300800390039B0133AE
:100FF00007D00B9B039A9AF8001013440B93002917
:1010000081D1B3895B0615D40B981FB0BDE8F08F72
:1010100000F056FD404B9E427FF456AF7E68B38988
:1010200018073FF55DAF3146384600F0E1FA002879
:101030003FF45AAF4FF0FF30E7E7BE684CE7B9EB3B
:101040000A0BDED0D046CAF1010A03E0934538D935
:1010500018F8011F32463846FFF7ECFE01300AEB64
:101060000802F3D1CDE7A1F13002092A94D8099BF7
:101070001AF8011F03EB830302EB4303A1F13002D3
:10108000092AF5D92E29099388D19AF801102A291D
:101090002DD1059B0AF102001A680433002A05933A
:1010A000B8BF4FF0FF339AF8021007928246B8BFDC
:1010B000079373E7059B073323F007030833059372
:1010C00097E70B9A99F800305A440B922BE7494264
:1010D00043F00203099106935AE705A900913246AD
:1010E0003846144B06A900F0CBF803907EE70023A6
:1010F000A1F13002092A0AF1010A07933FF64EAF27
:101100001AF8011F03EB830302EB4303A1F1300242
:10111000092AF5D9079341E7880F0108680F0108EC
:10112000480F0108781A0108801A0108841A01087A
:10113000000000005D0E00088C4600B58646134690
:10114000034A714610685DF804EB6246FFF7ACBED7
:10115000000C00202DE9F04791461E460A698B6875
:101160000C469A42B8BF1A46C9F8002091F843309D
:101170000546DDF8208013B10132C9F8002022684D
:1011800091065DD5D9F800300233C9F800302268E5
:1011900012F0060F11461ED1E168CB1A002BD8BF02
:1011A000114618DD002704F1190A06E0D9F80030CD
:1011B000E268A2EB030CBC450CDD0123524631462C
:1011C0002846C047013007F10107EFD14FF0FF304B
:1011D000BDE8F087216894F84330003B18BF012335
:1011E0008A060AD53021E21882F8431094F8451097
:1011F0005A1C2244023382F843103146284604F137
:101200004302C0470130E1D0236803F00603042BFA
:101210001DD0A3682269934225DD00279B1A1F4435
:1012200004F11A09002401E0BC421CDA01234A46F9
:1012300031462846C047013004F10104F4D1C5E726
:1012400012F0060F12D0003B18BF0123D5E7D9F8E2
:101250000030E1682269C91AA36821EAE177934264
:10126000DCDC0029DCDC0020BDE8F087E168D9F88F
:101270000030CB1A002BD8BF114693DCABE700BF80
:101280002DE9F04317460A7E85B00C46064698467F
:101290000C9D01F1430C002A33D0A2F15803D9B2BE
:1012A000202967D8202B65D8DFE813F0DD00640023
:1012B000640064006400640064006400640064000E
:1012C0006400A3006E0064006400640064006E00AB
:1012D000640064006400640021007F00BF006400BB
:1012E0006400AE0064007F0064006400E4002368D2
:1012F0001A0640F102812B686269191D29601B687A
:101300001A600023E14623613B4621463046CDF872
:10131000008003AAFFF71EFF013020D04A4639465D
:1013200030462369C047013019D02368E0689B0725
:10133000039919D5431A002B16DD002504F119096C
:1013400004E0E0680399431AAB420DDD01234A46ED
:1013500039463046C047013005F10105F1D14FF063
:10136000FF3005B0BDE8F0838842B8BF084605B03D
:10137000BDE8F083012384F8422004F1420923618F
:10138000002384F84330BFE72368190602D45A06C5
:1013900000F1BF8029680A68043129601146002ADB
:1013A0006ADB0A25DFF87CE110E02368180640F1CB
:1013B0009A802B68191D296019686F2A0CBF0825AF
:1013C0000A25DFF860E1002384F843306268002AD0
:1013D000A2607DDB236823F004032360002959D138
:1013E000002A77D1E146082D63D0ACEB09032361D5
:1013F0008AE701222B6804F14209196804332B6043
:1014000084F842102261BBE72B6800211A1D2A6074
:10141000D3F800906268484600F0BCFD00287FD0F9
:10142000A0EB090060602061AAE7236843F0200375
:1014300023607822DFF8F0E084F845202A68111D47
:101440002960190642D45D0640D51188D80744BFEB
:1014500043F020032360002943D12368102523F0A3
:1014600020032360AFE75823DFF8B8E084F8453065
:101470002368E3E72368DCE72D2284F843206268D1
:101480004942002AA26002DB23F0040323600A25FC
:10149000DFF890E0E146B1FBF5F30A4605FB1310D7
:1014A00019461EF80030AA4209F8013DF3D2082D72
:1014B0009BD12368D90798D5626823699A4294DC46
:1014C000302309F1FF3989F800308EE71168BDE754
:1014D0000029DFD19EF8003004F1420984F842303F
:1014E00081E710256FE713F0400F2B6803F104012B
:1014F00029600CBF196819885FE713F0400F2B684B
:10150000626903F1040129601B6814BF1A801A6024
:10151000F7E62A68B2F9001004322A600A463EE76C
:10152000606880E78C1A0108A01A0108F8B5064621
:101530000D46144608B1836943B3254B9C422AD01B
:10154000244B9C4229D0244B9C4208BFF468A269DA
:10155000A389A2601A0722D5236903B322686169AF
:10156000D31AEDB299422F4629DD0133A168013922
:10157000A160511C2160157062699A4216D0A3893E
:10158000DB0701D50A2D11D03846F8BD00F098FAD6
:101590000F4B9C42D4D17468D9E7B468D7E7214691
:1015A000304600F025F838B92369D7E721463046A0
:1015B00000F024F90028E7D04FF0FF37E4E7214698
:1015C000304600F01BF90028F6D101232268CDE750
:1015D000880F0108680F0108480F010803460A46F2
:1015E000024908681946FFF7A1BF00BF000C0020A0
:1015F0003C4B70B51D6806460C460DB1AB69E3B1B6
:10160000394B9C421FD0394B9C424DD0384B9C42A9
:1016100008BFEC68B4F90C3018079AB219D52169E3
:1016200011B312F001002FD000256069A56040427F
:10163000A06100292ED0002070BD284600F040FA9D
:10164000294B9C42DFD16C68B4F90C3018079AB270
:10165000E5D4D1063ED5520728D4216943F00803CA
:10166000A3819AB20029DCD102F42070B0F5007F8A
:10167000D7D02146304600F0FFFBB4F90C30216989
:101680009AB212F00100CFD1950758BF6069A060EF
:101690000029D0D1120658BF0846CDD543F04003EB
:1016A0004FF0FF30A38170BDAC68B3E7616B51B1FF
:1016B00004F14402914204D03046FFF7F9FAB4F93C
:1016C0000C30002262630022216923F02403C4E964
:1016D0000012C3E7092243F0400332604FF0FF30AD
:1016E000A38170BD000C0020880F0108680F01085D
:1016F000480F0108F8B58B890C46190707463BD4FB
:101700006268002A55DDE66A002E50D000223D684E
:101710003A6013F4805250D101233846216AB04711
:10172000421C5CD0A389E66A5B0705D56368C01AD2
:10173000636B0BB1236CC01A0246216A0023384642
:10174000B047411C3BD13B68002B38D01D2B01D04A
:10175000162B4BD100232269C4E90023616B3D6045
:1017600029B304F14403994202D03846FFF7A0FAA6
:10177000002318466363F8BD2669C6B19A0718BFEF
:101780000023256808BF63692660AD1BA3600CE0D9
:101790002B463246D4F828C03846216AE047B0F1DB
:1017A000000CA5EB0C05664412DD002DF0DC0020DA
:1017B000F8BD226C002AA6DCF9E7606DB4E70022D0
:1017C000236962602360A389DB04C7D56065C5E730
:1017D000A3894FF0FF3043F04003A381F8BD3B687D
:1017E000002B9FD01D2B06D0162B04D0A38943F0CD
:1017F0004003A381F8BD00203D60F8BD38B50B69FA
:10180000BBB10C46054608B18369B3B10D4B9C4290
:1018100011D00D4B9C4213D00C4B9C4208BFEC687E
:10182000B4F90C302BB121462846BDE83840FFF70B
:1018300061BF002038BD6C68F2E700F041F9E5E7D0
:10184000AC68EDE7880F0108680F0108480F010830
:1018500038B540B303690446E3B1174B1D680DB1B9
:10186000AB69CBB1154B9C420FD0154B9C4221D09C
:10187000144B9C4208BFEC68B4F90C3053B12146BC
:101880002846BDE83840FFF735BF6C68B4F90C3026
:10189000002BF4D1002038BD284600F011F9074B89
:1018A0009C42E2D1F1E7084B08491868BDE838408E
:1018B00000F0BEBAAC68DFE7000C0020880F01081A
:1018C000680F0108480F0108440F0108FD170008C0
:1018D00000207047014900F0ABBA00BFFD170008B7
:1018E00000207047682270B54D1E02FB05F50E46BC
:1018F00005F17401FFF742FA044640B100210C30B3
:10190000C4E9016005F168022160FEF735FF204659
:1019100070BD00BF274B2DE9F0411E680746B36933
:1019200053B34FF004084836D6E90134013B04D5DF
:101930001EE05A1C04F168041AD0B4F90C50013BA3
:10194000002DF6D11C4B08222946C4E90055C4E9F4
:101950000253C4E904556566A56104F15C00FEF715
:101960000BFFC4E90D55C4E912552046BDE8F081CE
:1019700035682DB12E46D7E7304600F01FF8D0E786
:101980004FF4D6713846FFF7F9F9044668B105609F
:1019900029460546C0F804800C304FF4D072A06090
:1019A000FEF7EAFE34602E46BEE70C2330603B6053
:1019B000DBE700BF440F01080100FFFF0023334AAB
:1019C0002DE9F0471268C0E912339042036508BF61
:1019D00001232F4908BF836181620546FFF79AFF03
:1019E000034628466B60FFF795FFA8602846002451
:1019F000FFF790FF04236E68DFF898A0DFF8989057
:101A0000DFF89880264FE8600822F3602146C6E997
:101A10000044C6E904447466B460B46106F15C0035
:101A2000FEF7AAFE1F4BC6E9086AC6E90A983763A3
:101A3000AE680822F3602146C6E90044C6E90444C2
:101A40007466B460B46106F15C00FEF795FE164B57
:101A5000C6E9086AC6E90A983763EE682146F3606A
:101A60000822C6E90044C6E904447466B460B4615F
:101A700006F15C00FEF780FE0123C6E9086AC6E9AC
:101A80000B87C6F82890AB61BDE8F087440F0108CA
:101A9000D51800087D200008A5200008E5200008D2
:101AA000052100080900010012000200024B034951
:101AB000186800F0BDB900BF440F0108FD17000809
:101AC000836903B97AE77047704700BF704700BF6A
:101AD000704700BF704700BF024B0349186800F011
:101AE00087B900BF000C0020D1180008024B034941
:101AF000186800F07DB900BF000C0020E118000854
:101B00009368002B00F0B7802DE9F04FB1F90C304D
:101B10000C4619078046174683B098B225D523692D
:101B20001BB310F002033D682DD04FF0000B5E4652
:101B3000DFF8B8A2002E00F08B80564533465A4697
:101B400028BF53464046216AD4F828C0E047002801
:101B500040F38780BB6883441B1A361ABB60002B96
:101B6000E8D1002003B0BDE8F08F21464046FFF7E2
:101B70003FFD002840F03681B4F90C303D6898B242
:101B800010F00203D1D110F0010976D14E46002E9B
:101B90005AD08205D4F808B040F1B580B3455A4612
:101BA00000F2CD8010F4906F00F0CB8023682169A3
:101BB000A3EB010B636903EB430A0AEBDA7A0BF13F
:101BC00001034FEA6A0A33445345524684BF9A469A
:101BD0005246430540F1EA8011464046FFF7CEF8F1
:101BE000002800F0F9805A4621690190FEF7D2FCE6
:101BF000A289019B22F4906242F08002A28103EB51
:101C00000B0023613246AAEB0B03B346C4F814A0C1
:101C1000A3602060B246002649460192FEF730FDDF
:101C2000A3682168019AA3EB0B030A44A360226016
:101C3000B868D144A0EB0A00B860002891D0B4F98C
:101C40000C0080B2002EA4D1D5E9009608359EE79D
:101C5000D5E900B608356DE721464046FFF7CEFDD1
:101C600080B3B4F90C304FF0FF3043F04003A38150
:101C700003B0BDE8F08F002070471E46AA46994683
:101C800018461D4656B3002832D04A4620682169BE
:101C9000B24228BF32468842636904D9A16803EB87
:101CA000010B5A4574DC934265DC2A464046216AA2
:101CB000D4F828C0E047B0F1000BD2DDB9EB0B0936
:101CC000CAD00120BB685D44A3EB0B03A6EB0B0657
:101CD000BB60002B3FF445AF002ED4D10AF10803BE
:101CE00053F8046C9A4653F8085C0833002EF7D07A
:101CF00032460A21284600F04DF9002869D001300B
:101D0000A0EB0509C1E72068236998421BD86369E5
:101D1000B34218D86FF0004CB44528BFB4469CFBC2
:101D2000F3FC4A4603FB0CF34046216AD4F828C072
:101D3000E047B0F1000A94DDA6EB0A0678E7B34667
:101D40003246206866E7B345DA4628BFB2464946C0
:101D50005246FEF795FCA3682268A3EB0A0352449F
:101D6000A3602260002BE7D121464046FFF746FDE5
:101D70000028E1D075E7294693460192FEF780FCE2
:101D8000A368019A9B1AA36023681A44226095E70E
:101D900029465A46FEF774FC236821465B444046B8
:101DA0002360FFF72BFD002888D05AE7404600F05B
:101DB0003DF9034600287FF422AF40462169FEF733
:101DC00077FF0C22B4F90C30C8F8002023F0800310
:101DD00049E7721C914659E70C22B4F90C30C8F857
:101DE000002040E74FF0FF30BCE600BF00FCFF7F63
:101DF0002DE9F0410026884600F14807D7E9015453
:101E0000013D0ED4A389013D012B06D9B4F90E3052
:101E1000013302D02046C04706436B1C04F168041E
:101E2000F0D13F68002FE9D13046BDE8F08100BF16
:101E30002DE9F8434FF000090746884600F14806AF
:101E4000D6E90154013D10D4A389013D012B08D9E5
:101E5000B4F90E30013304D021463846C04749EA70
:101E600000096B1C04F16804EED13668002EE7D13E
:101E70004846BDE8F88300BFF0B58B890C4699074A
:101E800097B007D5012204F14703C4E90432236067
:101E900017B0F0BDB4F90E10054600292DDB6A46D7
:101EA0000DF016FE002827DB019E4FF4806706F434
:101EB0007046A6F50056B6FA86F6394628467609E3
:101EC000FEF75CFF30B3A3891A4A43F08003AA628D
:101ED000C4E90407A3812060002ED9D02846B4F9B4
:101EE0000E100DF001FE0028D2D0A38923F00303C9
:101EF00043F00103A381CBE7A38913F0800F14BF44
:101F000040274FF48067284639460026FEF736FF03
:101F10000028D8D1B4F90C309A05B9D4012123F0A6
:101F2000030304F1470243F00203C4E90421A3813F
:101F30002260ADE7D518000870B50C46B1F90E1057
:101F4000164600291D4696B013DB6A460DF0C0FD0B
:101F500000280EDB01994FF4806301F47041A1F574
:101F60000051B1FA81F1002049092960336016B0AF
:101F700070BD0022B4F90C302A601B0604D5402342
:101F80000020336016B070BD4FF4806300203360D2
:101F900016B070BD5FFA81FC810710D00346511E58
:101FA0002AB90AE09A0718460AD0013905D318461B
:101FB00013F8012B6245F5D1704700207047114698
:101FC00003290CD80029F8D00346014401E08B42D4
:101FD000F3D0184613F8012B6245F8D1ECE702461E
:101FE00010B54CEA0C2444EA044410460368043259
:101FF0006340A3F1013E2EEA030313F0803F04D1B6
:10200000043903291046F0D851B10346014401E0D8
:102010008B4205D0184613F8012B6245F8D110BD4C
:10202000002010BD704700BF704700BFF8B51446D0
:10203000F9B1CAB106460D4600F068F8A04202D3D5
:102040002F463846F8BD21463046FEF797FE074634
:102050000028F6D022462946FEF79CFA304629464B
:10206000FEF726FE3846F8BD2746FEF721FE384625
:10207000F8BD1146BDE8F840FEF780BE10B50C462D
:10208000B1F90E100DF01BFD002803DB636D034456
:10209000636510BDA38923F48053A38110BD00BFE5
:1020A000002070472DE9F0410C46B1F90C101F4695
:1020B000CB05054616460BD421F48051A1813B4641
:1020C00032462846B4F90E10BDE8F0410DF0FCBCD4
:1020D000B4F90E10022300220DF0F8FCB4F90C1034
:1020E000EAE700BF10B50C46B1F90E100DF0EEFC9A
:1020F000A389421C0EBF23F4805343F480536065D0
:10210000A38110BDB1F90E100DF0D7BC51F8040C2D
:102110000028A0F10400BCBF0B58C018704700BFD6
:102120002DE9F74304460D4608F0ECFF00274FF079
:1021300012092D4EDFF8B4807080E0B2854250D98C
:1021400000232B4A0FE01CF801EBBEF1FF0F01D07A
:1021500070451BD001310929F5D10133DBB20C2BBD
:1021600002F109023BD094460021ECE7012A07D195
:10217000012B05D173888DF800708DF8017016E081
:102180008DF801308DF80010738810E0D8F8002029
:102190002AB309FB032333F81120110AD3B2120A20
:1021A000E4D1002BECD18DF800308DF801308DF8A2
:1021B0000230009806F07CFAC0F307238DF8040083
:1021C000C0F307408DF805308DF806009DF8063005
:1021D00020469DF805209DF8041007F04FF80134C3
:1021E000ABE703B0BDE8F083640C002014140020BA
:1021F000980C0020032805D8D82202FB00F10248E1
:1022000005F058B8704700BF18140020074B084A63
:1022100010B51A600023074C2370607008F072FF3D
:1022200060806078BDE81040FFF7E4BF1414002020
:1022300018140020640C0020024B1878431E5842EA
:1022400058417047640C0020F0B5124B18780128F3
:102250001DD1114B1B68A3B112244A7804FB023331
:102260000A780E4933F812500E4631F8027BC4B298
:10227000AF4207D104F0070136F81110012023F80E
:102280001210F0BD01300928EFD10021F6E700203F
:10229000F7E700BF640C002014140020B40F0108FD
:1022A000704700002DE9F0431F4B85B01B784BB3FE
:1022B000002201AC1146104607F018F90025A0468F
:1022C0000A27DFF868900A2249464046FEF762F97D
:1022D00000F086FE0378EAB2B3FBF7F3934200D82E
:1022E000EAB900F07DFE03782678312B0DD9002362
:1022F000962219463046013506F0C0FF0A2D04F13A
:102300000104E0D105B0BDE8F08300F069FE037878
:102310001D2B4FF00003EBD81A469621EAE7002365
:1023200020781A461946E6E71C400020A80F01084D
:10233000F8B50D4616460446364F002845D00AF03B
:1023400091FF354B38601A69570402D51A69110498
:1023500042D41A69520402D41B691F043ED42E4A87
:102360001169C1F38033490405D5136913F4004F93
:1023700014BF002302232A78511E042930D9062ACB
:1023800030D0002A0CBF03200020244A14B9117851
:10239000994202D11C1A18BF0124022B137023D0BA
:1023A000032B2AD0012B31D102232B7094B100F0E2
:1023B00071FA0022314600F0B7F90AF053FF184BCA
:1023C00018600AF022FF012005E038680AF0FFFEDD
:1023D0003228B4D80020F8BD0323CCE70123CAE794
:1023E0000120D2E70220D0E703232B70002CF1D08C
:1023F00000F050FA00220621DDE701232B70002CAB
:10240000E8D000F047FA00221146D4E7002CE1D0D2
:10241000D3E700BFF814002000080040F4140020A7
:10242000F0140020014B1860704700BFF01400202A
:1024300070B503F0BBF80446B8B100F0CDFD284DEF
:1024400002782B789A4206D000F0C6FD002203786D
:102450002B70244B1A6000F0BFFD0378022B16D0BE
:10246000032B04D00BB91F4A1360204670BD1D4DCD
:102470002E689EB90AF0F6FE286000F00BFA0546B9
:1024800000F008FA32460146284601F0A7FE154D35
:102490002868C0B90AF0E6FE2860E6E730460AF090
:1024A00096FE47F22F539842F1D90AF0DBFE2860DE
:1024B000112000F051FF44F620600CF0FCFA0120DE
:1024C00000F0F0FBE3E70AF082FE074B9842CCD91C
:1024D0000AF0C8FE2860012000F0E4FBC5E700BF59
:1024E000F5140020F0140020DF93040013B58DF8DC
:1024F00007100DF10701FFF71BFF044608B9FFF7AE
:1025000097FF204602B010BD2DE9F04103F04EF8D0
:10251000002828D020224FF4804158480DF094FD27
:1025200000BF00BF00BF00BF00BF00BF00BF00BFB3
:1025300000BF00BF00BF00BF00BF00BF00BF00BFA3
:1025400000BF00BF00BF00BF00BF00BF00BF00BF93
:10255000302383F3118803220E2148480DF094FDA7
:10256000002383F3118803F021F8002828D02022CB
:102570004FF4004141480DF067FD00BF00BF00BFB0
:1025800000BF00BF00BF00BF00BF00BF00BF00BF53
:1025900000BF00BF00BF00BF00BF00BF00BF00BF43
:1025A00000BF00BF00BF00BF00BF302383F311880E
:1025B00003220F2131480DF067FD002383F31188BA
:1025C0002F4B1B7873B309244FF001082D4E56F89A
:1025D000041B4A1C0BD021F00F0701F00F0108FA71
:1025E00001F50122294638460DF02EFDBD61013C62
:1025F00014F0FF04EBD14FF00108234E56F8041BF2
:102600004B1C0BD021F00F0701F00F0108FA01F568
:102610000122294638460DF017FDBD610134E4B2B0
:10262000092CEBD1002280214FF080400DF00CFDF1
:1026300000BF00BF00BF00BF00BF00BF00BF00BFA2
:1026400000BF00BF00BF00BF00BF00BF00BF00BF92
:1026500000BF00BF00BF00BF00BF00BF00BF00BF82
:10266000302383F31188012207214FF080400DF0C1
:102670000BFD002383F31188BDE8F08100080040C2
:10268000DC1E0020C40F0108E80F0108072805D050
:102690000E38012804D8072000F0E4BA0320FBE735
:1026A0007047000008B502F081FF38B14FF0804359
:1026B0004FF400129A614FF000729A61074B1B7839
:1026C0005BB1112000F048FE44F620600CF0F3F9F5
:1026D000BDE80840022000F0C5BA08BDDC1E00209D
:1026E00010B5084C237863B100F0C2FA0338012812
:1026F0009DBF0023032023700220BDE8104000F09E
:10270000A3BA10BDDC1E002008B500F065FC0378FC
:10271000022B03D100F068FC007808BD0020FCE724
:1027200000F04ABC70470000F8B50C461546064656
:10273000F8B921BB134F3B78A34200D13DB100F063
:102740004BFC0323037000F04FFC002303703C702C
:1027500004F0ACF92946204600F09AFE2A462146AC
:10276000304601F03BFD2A4621463046FFF7DAFFAE
:10277000F8BD0029DED1012000F00EFADAE70220D0
:10278000FAE700BF1215002037B5044600F024FC1C
:102790000378012B0DD00025CDE9005500F01CFC7D
:1027A0000378022B07D0094B2A4619780846FFF711
:1027B000BBFF03B030BD24B1082221466846FDF7B7
:1027C000E9FE684600F026FDF3E700BF1215002081
:1027D00037B5044600F000FC0378012B0ED000252D
:1027E00000958DF8045000F0F7FB0378022B07D01A
:1027F0000D4B2A4619780846FFF796FF03B030BD07
:1028000074B163788DF80030A3788DF80130E378E7
:102810008DF8023063798DF8033023798DF8043018
:10282000684600F05BFDE9E71215002037B5044665
:1028300000F0D2FB0378012B0DD00025ADF8065037
:1028400000F0CAFB0378022B07D0114B2A461978F7
:102850000846FFF769FF03B030BD002CFBD063785A
:10286000A27843EA0223ADF80630813B022B09D857
:1028700001220DF1060002FA03F3ADF8063000F074
:1028800011FDE8E70DF1060000F0F6FCE3E700BFFC
:1028900012150020014B1878704700BF1215002058
:1028A00038B5154C00252378032B22D8DFE803F038
:1028B000020B131B0A2311488370C5700AF084FAB7
:1028C0000123237038BDF6230C48C37085700AF0CD
:1028D0007BFA0223F5E7F62308488370C5700AF0F7
:1028E00073FA0323EDE70A2304488570C3700AF0E6
:1028F0006BFA2570E6E700BFFC14002004150020E9
:102900007047000010B5FFF7FBFF00F079FA00F008
:1029100075FB01F035FA00F05BF9012803D1BDE841
:10292000104000F05BB900F089F968B9074C2068E5
:1029300004F014FC40F6B733984205D900F00EFEBF
:1029400010B104F0FBFB206010BD00BF001500209B
:102950002DE9F04F00258FB08146CDE90255049551
:10296000ADF8145000F038FB0378012B0AD000F0CA
:1029700033FB0378022B08D05C4B2A4619780846B3
:10298000FFF7D2FE0FB0BDE8F08FB9F1000F00F0F5
:10299000A4804FF01E082022494606A8FDF7FAFD44
:1029A000534F9DF819300DF11A063B7016F8010BC4
:1029B000FDF734FC08F1FF34054414F0FF08EDB2D4
:1029C000F4D14C4E4FF0060BB2461AF8013B9BB3C4
:1029D00000242246D3B29D420BD81AF8013CA342F0
:1029E00018BF0AF8018C22E001331E2B04D11C46CB
:1029F00007E000230DF11A0111F8010BDCB20028E9
:102A0000F2D004F138036B4413F81E0C019202F06B
:102A10005CFF40EAC404E4B2214606A80AF0A4FA26
:102A20001AF8013C019AA34202F10102D2D10BF142
:102A3000FF3B1BF0FF0BC8D14946202206A8FDF73B
:102A4000A9FD4FF000084FF001095FFA88F39D429D
:102A50000FD800F095FA002845D125480AF09EF9D4
:102A600002A800F0F0FB8DE701331E2B04D11C46B9
:102A700007E000230DF11A0212F8011BDCB2002955
:102A8000F2D004F138036B4413F81E0C02F01DFF62
:102A900040EAC404E4B2214606A80AF065FA3246C8
:102AA000002312F8011BA14202D021B93B449C70C3
:102AB00008F10108C9E70133062BF2D16F2CF7D8D2
:102AC0000EAB03EBD40313F8301C04F0070409FA2F
:102AD00004F40C4303F8304CEAE708224946044862
:102AE000FDF74AFEB5E7FFF70DFFB2E7121500202C
:102AF0000A1500200C15002070B5044660B10AF0DC
:102B00001DF90D4B834215D018460AF011F9BDE8A6
:102B1000704001200AF0FABA00F05EFA0378022B46
:102B200008D1054D20466B6898472046AB68BDE844
:102B30007040184770BD00BF680C002038B50446CF
:102B400088B10AF0FBF8114C84421ED00122104BD0
:102B50001A7001F04BF80F480BF040F82046BDE822
:102B600038400AF0E5B80B4B1B78042B05D1074D14
:102B70006B6898472046AB68984706480CF030FDD4
:102B800004480DF02BF901F039F838BD100F002082
:102B9000253C0020384F002010B50C4B04461A7815
:102BA000824204D00128187002D0022807D010BD3C
:102BB0000020FFF7A1FF2046FFF7C0FFF7E7002046
:102BC000FFF7BCFF0120FFF797FFF0E7800C002024
:102BD000014B1878704700BF800C002010B5FFF73C
:102BE00059FE0E4CB0B90E4B1B78052B12D1236841
:102BF00013B904F0A3FA2060206804F0AFFA41F69C
:102C00005733984208D9002301202360BDE81040C3
:102C100000F048B80023236010BD00BF1415002049
:102C2000384F002008B5044B186804F097FAC728FD
:102C300094BF0020012008BD1C150020014B18780E
:102C4000704700BF18150020014B1870704700BF77
:102C50001815002008B504F071FA014B186008BD82
:102C60001C150020014B1870704700BF2015002074
:102C7000014B1878704700BF20150020302310B595
:102C800083F3118800F0A0FC002484F3118872B64D
:102C900000F052FE00F094FD04F0C4FB84F31188B0
:102CA00062B610BD014B1870704700BF211500209F
:102CB00010B5074C237828B11BB1FFF7CBFF0323D6
:102CC000237010BD002BFCD10122024B1A70F8E7D3
:102CD0001815002021150020F8B50F4B0F4E1F6866
:102CE00000F0FBFF054618B9002434702046F8BDFB
:102CF000FFF7D0FD18B90A4B1B78042BF4D03478B9
:102D00001CB100232C463370F0E7002FEED003F007
:102D1000C1FEB842EAD3F4E7840C0020211500205C
:102D2000384F002008B500F0DBFF18B1BDE80840BF
:102D3000FFF778BF08BD0120704708B5FFF7FBFF1C
:102D400018B1BDE80840FFF76DBF08BD70B5FFF7CB
:102D5000A1FD044668B9084E3578012D09D100F06F
:102D600045FF30460AF03AFF224621462846FFF743
:102D7000DBFC012070BD00BF384F002008B5FFF715
:102D8000E5FF18B1BDE80840FFF74CBF08BD70472C
:102D900008B508F007F9003818BF0120044B187077
:102DA00008F0E8F80AF028FAFFF7F1FF08BD00BFC5
:102DB00022150020002310B5074C2370FFF772FC8A
:102DC000FFF75CFF2378054A022B18BF032313701B
:102DD000FFF786FC10BD00BF20150020181500204D
:102DE00008B5064B1B780BB108F0AAF80AF00DFAEB
:102DF00002F0B8FBBDE8084003F058BE22150020E1
:102E000010B5154C2378032B1BD8DFE803F0020A1A
:102E1000131BFFF761FFA0B1FFF71CFF0123237015
:102E20000FE0FFF77FFF60B1FFF7B2FFFFF712FF80
:102E30000223F4E7FFF781FF18B1FFF70BFFFFF75D
:102E4000B9FF10BDFFF79AFF0028FAD0FFF7C8FFBF
:102E5000FFF700FF0023E2E718150020202938B50E
:102E600005460C4610D1FFF7B3FE012806D12246D5
:102E70002946BDE8384002200AF0F6BE2146284621
:102E8000BDE8384000F0E0BA38BD09F005BE0000EA
:102E9000054A064B06495A60116051609A60DA6033
:102EA000002219611A707047081D0020F41C0020D0
:102EB000231500202DE9F041174C0E466768A568E0
:102EC00007F59C784545E36804D19F4206D1002070
:102ED000BDE8F08105F108029342F7E70F49226946
:102EE00001F2CF739B1A312B98BF2161322EEED89D
:102EF0002369014632461846FDF74CFB034645451B
:102F0000334428606B6018BF08354FF0010023611F
:102F10000CBFA760A560DBE7F41C00202315002090
:102F2000074A10B5D3689268934207D0D3E90014DA
:102F3000641A2246FDF72EFB204610BD0024FBE755
:102F4000F41C0020074BDA6899688A4208D0596857
:102F500001F59C70824201D1D96070470832DA6075
:102F6000704700BFF41C0020014B1878704700BF69
:102F7000F41C0020014B1870704700BFF41C0020A7
:102F8000034BD8689B68C01A18BF0120704700BF68
:102F9000F41C00200246002330B50C1812F8015B27
:102FA0002B44A242DBB2F9D1435430BD012070471B
:102FB00008B5FFF7FBFF08BD08B54FF4E1300AF094
:102FC000E7FBFFF765FFBDE8084024220021014828
:102FD000FDF7D2BB4D1E002000487047880C002032
:102FE000004870478B0C002000487047890C002077
:102FF00018B111B189B20AF0FBBB704773B5FFF786
:10300000B3FF03280FD8DFE800F040022D3B774BD9
:10301000186804F0A3F80A2805D900220220744B8E
:103020001A70FFF7A7FF734D734C0AF0EBFB0028F3
:1030300056D00AF0D3FB2A68012A38D0022A3ED0A3
:10304000002A5BD161282FD85F2804D8A0F15A0349
:10305000DBB2032BE9D8012302222B60674B2070DF
:103060001A70E2E7624A13780133DBB2282B02D8E8
:1030700013700020D5E700231370FFF763FFF8E714
:10308000FFF760FF0020FFF775FF5D48FFF748FF7F
:1030900001460028C7D05A48FFF7AAFF04F04EF8AF
:1030A000524B18600120BCE7AF28BED1D3E7022302
:1030B000524A2B6013786070013B1370B5E7237898
:1030C000612B0FD163780D2B18D10A2816D1FFF789
:1030D0004BFF012802D10320FFF74CFF00232B6098
:1030E00002B070BDAF2B09D16378602B06D10323EA
:1030F0002B60424BA0700130187096E73F49531C7B
:103100002B600B78A054013BDBB20B70002B8CD1F1
:10311000194639488A421FD1A25C9A4230D1032213
:10312000384901A8FDF736FA032101A80AF060FB2F
:1031300020462978FFF73CFF0028D1D02378602B68
:1031400010D8592B1CD95A3B062B19D8DFE803F0AD
:103150001B1F3F431818470010F8016B013133441F
:10316000DBB2D7E7AF2B0BD1A678202E08D12649AA
:1031700032462648FDF70EFA31462448FFF785FE11
:1031800000232B6051E76278214B5A70F8E763788F
:10319000313B052BF4D801A252F823F0B5310008D9
:1031A000BD310008C33100088131000881310008B9
:1031B000C93100080122164B1A70E1E70222144BB4
:1031C000FAE70322124BF7E70422114BF4E7627887
:1031D0000F4BDA70D4E762780D4B9A70D0E76078C5
:1031E000431E58425841FFF763FDC9E7B81E00204F
:1031F000B51E0020481E0020911E00204C1E0020FD
:103200004D1E00200C100108941E0020711E00208D
:10321000880C00201FB5002301930293ADF80C30F9
:10322000A123082201460DF105008DF80430FDF7B9
:10323000B1F901A80921FFF7ADFE0A21FFF73AFE17
:1032400005B05DF804FB1FB50023CDE90033029300
:103250000393A2230E2201460DF101008DF80030E8
:10326000FDF798F968460F21FFF794FE1021FFF74C
:1032700021FE05B05DF804FB002307B50193A323ED
:10328000022201460DF105008DF80430FDF782F9A8
:1032900001A80321FFF77EFE0421FFF70BFE03B018
:1032A0005DF804FB37B5022504462A460A4901A801
:1032B000FDF770F900238DF80630A4238DF8043053
:1032C0002378294601A88DF80530FFF763FE032116
:1032D000FFF7F0FD03B030BDF80D0108002307B57E
:1032E0000093ADF804308DF80630A823052201467E
:1032F0000DF101008DF80030FDF74CF9684606210C
:10330000FFF748FE0721FFF7D5FD03B05DF804FB8A
:1033100030B50021054687B0112201A80091FDF7C4
:103320002BFA2846FDF73EFCC4B2122C11D8A92373
:10333000224629460DF102008DF800308DF801403B
:10334000FDF728F9A11C6846FFF724FE1521FFF7B9
:10335000B1FD07B030BD000037B5022504462A464E
:103360000A4901A8FDF716F900238DF80630A623B7
:10337000294601A88DF804308DF80540FFF70AFEB4
:103380000321FFF797FD03B030BD00BFF80D010822
:1033900030B50C4600218FB005462D2202A80191C0
:1033A000FDF7EAF92E2C11D8AB23224629460DF160
:1033B00006008DF804308DF80540FDF7EBF8A11CF0
:1033C00001A8FFF7E7FDE11CFFF774FD0FB030BD6A
:1033D00030B50C4600218FB005462D2202A8019180
:1033E000FDF7CAF92E2C11D8AC23224629460DF13F
:1033F00006008DF804308DF80540FDF7CBF8A11CD0
:1034000001A8FFF7C7FDE11CFFF754FD0FB030BD69
:103410001FB5002304220293ADF80C30AD2340EA1F
:10342000014001900DEB02010DF109008DF808300B
:10343000FDF7B0F802A80521FFF7ACFD0621FFF764
:1034400039FD05B05DF804FB30B50C4600218BB0AA
:103450000546202202A80191FDF78EF9202C14D1F7
:10346000AF238DF804306123224629460DF1070071
:103470008DF805308DF80640FDF78CF8232101A862
:10348000FFF788FD2421FFF715FD0BB030BD0000CC
:1034900010B50C46062851D8DFE800F004212C3581
:1034A0003E4709001120BDE81040FFF755BF30200E
:1034B000FFF752FF002C41D012212148FFF768FF8F
:1034C00018212048FFF784FF43F22D404EF2C641F9
:1034D000FFF79EFF5220FFF73FFF5120E3E7312027
:1034E000FFF73AFF54B35220FFF736FF1648FFF7B5
:1034F0000FFFF2E73220FFF72FFFFCB15220FFF75A
:103500002BFF1248F3E73320FFF726FFB4B1522018
:10351000FFF722FF0E48EAE73420FFF71DFF6CB1EA
:103520005220FFF719FF0B48E1E73520FFF714FFA2
:1035300024B15220FFF710FF0748D8E710BD00BFA5
:1035400010100108221001083A1001084410010867
:103550004E100108581001086410010808B5FFF763
:103560000FFD20B95320FFF7F7FE012008BD002012
:10357000FCE7000010B5C4B20B2C03D0122C0ED007
:10358000012000E00220FFF76DFB2046FFF77EF8E8
:103590000CF033FD4FF0FF32024B5A6110BD042096
:1035A000F1E700BF001800400023054A0549C2E9C1
:1035B00000130133102B02F10802F8D1704700BF4D
:1035C000984B0020753500082DE9F041FFF7ECFF1E
:1035D00001F0ECFF002800F0938009254FF001086E
:1035E000724E56F8041B481C0CD021F00F0701F056
:1035F0000F0108FA01F421460522384624040CF094
:1036000023FDBC61013D15F0FF05EAD1062401262A
:103610003027674D55F8040B411C2ED000F00F01E8
:10362000202206FA01F120F00F000CF00DFD00BF82
:1036300000BF00BF00BF00BF00BF00BF00BF00BF92
:1036400000BF00BF00BF00BF00BF00BF00BF00BF82
:1036500000BF00BF00BF00BF00BF00BF00BF87F3B7
:10366000118855F8040C022200F00F0120F00F0021
:103670000CF00AFD002383F31188013C14F0FF04D1
:10368000C8D100224FF480614FF080400CF0DCFC88
:1036900000BF00BF00BF00BF00BF00BF00BF00BF32
:1036A00000BF00BF00BF00BF00BF00BF00BF00BF22
:1036B00000BF00BF00BF00BF00BF00BF00BF00BF12
:1036C000302585F3118803220A214FF080400CF049
:1036D000DBFC002484F3118885F3118801220C217E
:1036E0004FF080400CF0D0FC84F311880621232099
:1036F0000CF02AFAFEF708FFBDE8F0410CF05EBCC2
:1037000009254FF001082B4E56F8041B4A1C0CD01B
:1037100021F00F0701F00F0108FA01F421460522FC
:10372000384624040CF090FCBC61013D15F0FF0507
:10373000EAD10624012630271F4D55F8040B431CFF
:103740002ED000F00F01202206FA01F120F00F0028
:103750000CF07AFC00BF00BF00BF00BF00BF00BF7D
:1037600000BF00BF00BF00BF00BF00BF00BF00BF61
:1037700000BF00BF00BF00BF00BF00BF00BF00BF51
:1037800000BF00BF87F3118855F8040C022200F037
:103790000F0120F00F000CF077FC002383F3118859
:1037A000013C14F0FF04C8D16BE700BF70100108A2
:1037B0001411010894100108141101087047000049
:1037C00008B50AF09BFA03222B4B2C499A620C2273
:1037D000DA62D1F890202A4822F01802C1F890202D
:1037E00000229A62DA62D3F8402C03F5406342F477
:1037F00080721A641A6C4FF4006142F002021A647B
:1038000001225A63DA67DA6608225A615A695A61F4
:103810005A6942F001025A619A6C42F4C0629A6499
:103820009A6C9A6C42F480429A649A6CDA6C42F018
:103830000802DA64DA6C9A6C42F480529A649A6CE8
:10384000DA6C42F01002DA6440F28232DB6C0CF087
:10385000FBFB40F282324FF400714FF080400CF0DD
:10386000F3FB40F282324FF480614FF080400CF065
:10387000EBFBFFF7A3FF08BD00000140000401407F
:10388000000800404FF0E02210B500210124136928
:1038900023F001031361224B224A5A6100228B005C
:1038A00003F1604303F56143D3F80001D040C00742
:1038B00048BF04FA02F002F1010248BFC3F88001D8
:1038C000202AF1D101310829E8D1174C636843F06F
:1038D00000736360154B1A6802F009021A601A68D7
:1038E00042F46C3242F004021A6040F2B3321A62BF
:1038F0000F4B43F001039847236943F0040323610E
:1039000030BF0C4B43F0010398474FF0E02223698E
:1039100023F004032361136943F00103136110BD15
:1039200000180040FFFF070000ED00E0000001402C
:10393000EC100108B8100108FFF7A4BF0B8807B509
:10394000A3F5FC43032B1ED8DFE803F002213B550F
:10395000364A012013789278C3F3420302F007023B
:103960000DF107018DF80730FEF7E2FC9DF80730F6
:10397000042B02D013F0FD0F05D1FEF78BFF0122BF
:103980001146FEF7D1FE002003B05DF804FB274A84
:10399000012013789278C3F3420302F007020DF17D
:1039A00007018DF80730FEF7C3FC9DF80730042BA4
:1039B00002D013F0FD0FE6D1FEF76CFF01220221C9
:1039C000DFE71A4A012013789278C3F3420302F02A
:1039D00007020DF107018DF80730FEF7A9FC9DF8ED
:1039E0000730042B02D013F0FD0FCCD1FEF752FFAD
:1039F00001220321C5E70D4A012013789278C3F311
:103A0000420302F007020DF107018DF80730FEF7BF
:103A10008FFC9DF80730DA1E012A01D9002BB2D1A4
:103A2000FEF738FF01220621ABE700BF94490020D2
:103A300008B540F282324FF400714FF080400CF034
:103A400003FBBDE8084040F282324FF480614FF042
:103A500080400CF0F9BA000010B50A4C238803F03E
:103A60000E0363F0FE032380A37823F00F0343F0DB
:103A70000103A370FEF714FC2068BDE8104002F0BB
:103A8000BCBF00BF94490020002310B586B08DF85C
:103A90000C3004938DF8143055238DF8083005232D
:103AA00004AC8DF809008DF80A108DF80B2019462A
:103AB000009402AA0F2004F00BF906B010BD00001C
:103AC00008B502F098FF044B186018B9BDE808402B
:103AD000FFF7C2BF08BD00BF9449002008B5FFF73B
:103AE000EFFF01F063FD0122202100285CD04FF0A0
:103AF00080400CF0A9FA07F005FB18B14FF08043A5
:103B000020229A6101224FF480714FF080400CF026
:103B10009BFA07F0F7FA20B14FF080434FF4807220
:103B20009A6120224FF4804129480CF08DFA20221E
:103B30004FF4004126480CF087FA4FF40033254833
:103B40000122836102210CF07FFA002280214FF0D4
:103B500080400CF079FA4FF4004120224FF0804071
:103B60000CF072FAFEF7DCFD09F07CFB1A4B1860D2
:103B700002F0E5FF194B18780009FEF747FB07F044
:103B80009DFA174BC0F307221870C0F307405A7014
:103B90009870FFF725FA134B027813491A700F201B
:103BA000BDE8084004F086B84FF080400CF04CFAB5
:103BB00001224FF480714FF080400CF045FA07F07D
:103BC000A1FA0028ADD04FF0804320229A61A5E7EA
:103BD0000008004000040040E01E0020944900203E
:103BE0009049002020400020B55400084FF40032D6
:103BF000014B9A61704700BF000400400222014B54
:103C00009A617047000400407FB5FFF711FF04225E
:103C100000210DF10900FCF7AFFD002204AB049276
:103C20008DF814200093CC2205238DF80820194626
:103C300002AA0F2004F04CF807B05DF804FB10B5A1
:103C400001F0B4FC70B107F05DFA18B14FF0804399
:103C500020229A6107F056FA20B14FF080434FF4CA
:103C600080729A61FEF716FE0446FEF713FE0022EC
:103C700001462046FEF758FDFFF7C6FF09F0F2FAAD
:103C8000BDE81040FEF7CEBB7FB5042200210DF148
:103C90000900FCF771FD002204AB04928DF814209A
:103CA0000093BB2205238DF80820194602AA0F2095
:103CB00004F00EF807B05DF804FB08B501F076FCDF
:103CC00038B14FF080434FF400129A614FF0807288
:103CD0009A61BDE80840FFF7D7BF00207047000099
:103CE00010B586B001F062FC48B30023ADF80A308D
:103CF0008DF80C3004938DF81430AA238DF8083019
:103D00001A4B04AA1B780F208DF809300523009266
:103D1000194602AA03F0DCFF154B1B7813F00E0FB7
:103D20000DD004224FF480614FF080400CF08CF9EC
:103D300004224FF400714FF080400CF085F9FEF73B
:103D4000A9FD78B90B4B1B7863B90B4C2378012B79
:103D500008D00222094B20469A610CF03FF8204619
:103D60000BF03EFC012006B010BD00BFDC1E0020A1
:103D700094490020C81E0020384F00200004004055
:103D800038B5144D144C2868C8B109F020FA6328DE
:103D900015D97020FFF7E0FA5520FFF7DDFA57201C
:103DA000FFF7DAFA0022217811F00E0F0CBF012084
:103DB0001046C1F34201FEF7B7FC00232B60A27846
:103DC00021780020BDE8384002F00702C1F342012B
:103DD000FEF78CBBE01E002094490020554B37B500
:103DE0001880A0F5FC400C46032800F2A080DFE814
:103DF00000F002355778504A012013789278C3F3C7
:103E0000420302F007020DF107018DF80730FEF7BB
:103E10008FFA9DF80730042B02D013F0FD0F1AD152
:103E20006579464C002D7DD0FEF734FD012805D084
:103E3000FEF730FD00220121FEF776FC237833B92E
:103E400040F6B8303B4A3E4907F072FD207009F059
:103E500009FAFEF7E7FA002003B030BD364A012028
:103E600013789278C3F3420302F007020DF10701C1
:103E70008DF80730FEF75CFA9DF80730042B02D06E
:103E800013F0FD0FE7D165792C4C002D4AD0FEF7D9
:103E900001FD0228D2D0FEF7FDFC00220221CBE773
:103EA000254A012013789278C3F3420302F00702F7
:103EB0000DF107018DF80730FEF73AFA9DF807304B
:103EC000042B02D013F0FD0FC5D165791B4C4DB307
:103ED000FEF7E0FC0328B1D0FEF7DCFC0022032152
:103EE000AAE7154A012013789278C3F3420302F03F
:103EF00007020DF107018DF80730FEF719FA9DF85A
:103F00000730DA1E012A01D9002BA4D165790B4CA8
:103F100045B1FEF7BFFC062890D0FEF7BBFC00229F
:103F2000062189E7207807F011FD25708FE7012031
:103F300092E700BFD61E002094490020E71E002013
:103F40003D3900082DE9F04104460D4601F0CEFB55
:103F50000646A0B3244B1A783AB16A792AB10022F6
:103F6000114610461A7005F0C1FAFFF735F80378CC
:103F7000022B03D109F076F9FEF754FA45F2232318
:103F80009C4207D047F643039C4218D045F22123B8
:103F90009C4217D195F80580B8F1000F0FD1FEF7BC
:103FA0004BF9074658B1114E33782BB129462046BC
:103FB00086F80080FEF748F9012333703E4630460C
:103FC000BDE8F081FEF738F90028F8D0A4F5A44345
:103FD000203B1F2BF3D96B79002BF0D029462046CC
:103FE000FEF732F90026EAE7E61E002040400020F6
:103FF00013B507F01DF80128374C0CD107F05EF817
:10400000C0F3072310F0FF008DF8053013D1DBB2A9
:10401000C3B10323237023780133DBB20B2B23704E
:1040200020D10023237006F09DFF23782B4AD05C1B
:1040300006F0FAFF22E0782810D005D8282809D009
:10404000502809D00923E5E7A02809D0C828F9D1CC
:104050000823DFE70423DDE70523DBE70623D9E7B1
:104060000723D7E70A2BDED107F028F8FF21C0F39A
:104070000742002007F01FF806F08CFF07F01EF83B
:104080002378C0F30742092B24D8DFE803F01D236F
:1040900023050C0F1215181BFF21002002B0BDE8EC
:1040A000104007F008B8FF212820F7E7FF21502033
:1040B000F4E7FF217820F1E7FF21A020EEE7FF21C0
:1040C000C820EBE70021E8E7FF2002B0BDE8104080
:1040D00007F096B8C820F8E7DD1E00208C0C002001
:1040E00038B5FEF7D7FB20B9254B1B780BB1FEF78F
:1040F000D7FBFEF707FC4FF080431A6921491B6983
:10410000C2F3C0120A702049C3F3C0330B707AB3F4
:10411000002B14BF662464241C4D286850BB09F092
:10412000A1F828602046FFF717F95320FFF714F98C
:1041300001F03CFAC0B1164C206809F048F8B0F51F
:10414000FA6F11D909F08EF82060FEF749FF114D82
:1041500003782B70FEF79EFB0446FEF79BFB2A7844
:1041600001462046FFF790FCBDE8384002F003BD51
:104170006524D1E709F02BF8B0F57A7FCFD8D7E7DF
:104180001D400020C81E0020BC1E0020D01E0020A4
:10419000D81E00202040002073B5154606461C4658
:1041A000019109F05FF8084B03221860074B640087
:1041B0001E60074B01A91D60064B07481C60FCF7F9
:1041C000E9F902B070BD00BFF41E0020E81E002017
:1041D000EC1E0020F81E0020F11E0020F7B55E4BFB
:1041E0005E4D0E462F7814461A70FEF753FBC7F348
:1041F0004207874213D0FEF74DFB2B7800F00700F3
:1042000060F343032B7003F00E032BB103289EBF12
:10421000AB7860F30203AB70286802F0EEFB711E0E
:10422000052900F29780DFE801F0031F374F677F11
:10423000FF237CB100228DF806308DF804208DF824
:1042400005200123C8221120019903B0BDE8F040E8
:10425000FFF7A2BF8DF806304FF4FA7201238DF8F4
:1042600004408DF80540EEE7FF235CB100228DF895
:1042700006308DF804208DF805200123C822122075
:104280000199E2E78DF806304FF4FA7201238DF8B8
:1042900004408DF80540F2E7FF235CB100228DF861
:1042A00006308DF804208DF805200123C822132044
:1042B0000199CAE78DF806304FF4FA7201238DF8A0
:1042C00004408DF80540F2E7FF235CB100228DF831
:1042D00006308DF804208DF805200123C8222920FE
:1042E0000199B2E78DF806304FF4FA7201238DF888
:1042F00004408DF80540F2E7FF235CB100228DF801
:1043000006308DF804208DF805200123C8222A20CC
:1043100001999AE78DF806304FF4FA7201238DF86F
:1043200004408DF80540F2E7FF238DF804304CB1CE
:104330000023C8228DF805308DF8063001231420A3
:10434000019982E701234FF4FA728DF805408DF848
:104350000640F4E703B0F0BDF01E002094490020B1
:1043600010B5FEF739FE0378022B0CD0FEF792FA57
:104370000446FEF78FFA064B01461A782046FFF7EF
:104380002DFF012010BD01F0C7FA0020FAE700BFA1
:10439000F01E002070B5164C2068D0B108F017FF51
:1043A000144B154D1B68984208D2144B18682B68A3
:1043B00013F0010313D11A46194614E008F052FF16
:1043C0002B68206033B900232360FFF7C9FF002862
:1043D000EBD170BD013B2B60002BE6D1F3E7084920
:1043E0008B784A780978BDE8704004F047BF00BF79
:1043F000F41E0020EC1E0020F81E0020E81E002005
:10440000F11E0020F7B50C4C1D46237806461746D2
:10441000019173B90123237008F024FF6D006060DF
:10442000032201A904F11100A760E5602674FCF7DE
:10443000B1F803B0F0BD00BF2440002010B5124C0D
:10444000237803B3606808F0C2FEA36898420FD3D4
:1044500008F008FFE368606033B9002323706360ED
:1044600000231A46194609E0013BE360002BF4D013
:10447000E368DB07F4D5E37CA27C617C207CBDE8AB
:10448000104004F0FBBE10BD2440002013B501F025
:104490008DF800284AD0264B1C78B4B1254B26490C
:1044A0001A78264B1B785BB100230B60002A3DD0A5
:1044B0001A46FF213F2002B0BDE8104004F0DEBEE6
:1044C0000B609AB3FF221946F4E7FEF789FD0378E3
:1044D000052B29D8FF238DF805408DF804308DF881
:1044E0000640012347F230523F200199FFF78AFF2F
:1044F000FEF776FD0378CBB90F4C236813B908F0AB
:10450000B1FE2060206888B108F061FE4EF660239D
:1045100098420BD9002301202360094B187002B088
:10452000BDE81040FEF7BEBB034B1C6002B010BDDF
:10453000C81E0020D41E0020C41E0020BC1E002067
:10454000DC1E00202DE9F34106461D4618200023FD
:104550001746134A019100FB03F111F802808C18F1
:10456000B8F1000F17D10123237008F07BFE6D0016
:1045700060600322A760E560267401A904F11100C0
:10458000FCF708F8FF2E0ABF064BC4F814806361DD
:1045900002B0BDE8F0810133632BDCD1F8E700BF46
:1045A00048400020394600081FB500248DF800401F
:1045B0008DF801408DF8024000990123FA2236203F
:1045C000FFF7C0FF8DF804408DF805408DF80640D8
:1045D00001990123FA224220FFF7B4FF8DF8084029
:1045E0008DF809408DF80A4002990123FA224320F0
:1045F000FFF7A8FF0123FA2241208DF80C408DF827
:104600000D408DF80E40039904B0BDE81040FFF74F
:1046100099BF102307B58DF804308DF805308DF85B
:104620000630FA220323FF200199FFF78BFF0120B8
:1046300003B05DF804FB00001822144B82B002FBAB
:104640000030437C6E2B10D1827CE2B9C27CD2B99F
:104650008DF804308DF805208DF806200123FA220C
:10466000FF20019902B0FFF76DBF63B9837C6E2B09
:1046700009D1C37C3BB98DF804308DF805306F2328
:104680008DF80630EAE702B0704700BF48400020CE
:10469000094A0023114610B5147C844206D1182221
:1046A00053430022C818C260CA5410BD0133632BA3
:1046B00002F11802F0D1F8E74840002070B586B04A
:1046C00005460E46FFF73EFC18B90024204606B00A
:1046D00070BD31462846FFF781FB04460028F4D020
:1046E000452D7FD81D2DF1D91E3D272DEED801A3D4
:1046F00053F825F0894B0008D14B0008194C0008ED
:104700006D4C0008C14C00080D4D00084F4D0008CD
:10471000974D0008DF4D0008274E0008CD460008E1
:10472000074F0008714F0008CD460008CD4600082D
:104730006F4E0008B74E0008CD460008CD46000871
:10474000CD460008CD460008CD460008CD460008FD
:10475000354F0008CD460008CD460008CD4600087C
:10476000CD460008BF480008F94800083349000852
:104770006D490008A7490008E14900081B4A0008E4
:10478000554A0008A14A0008DB4A0008154B0008FA
:104790004F4B0008A5F5FC45053D022D00F2558460
:1047A000DFE815F0620512043D04A5F5F045433D30
:1047B000092D8BD801A353F825F000BFED51000857
:1047C000CD460008CD460008CD460008CD4600087D
:1047D000CD46000897500008F150000869500008C5
:1047E0008350000847F64C039D424BD847F64203DE
:1047F0009D42DAD8B5F5A44F00F0A5841FD8E32D6B
:1048000000F00385E72D7FF461AFA14D287801F01A
:104810005CF8022840F01C859E4B1B78DB067FF578
:1048200055AFFDF709FD00287FF450AF7579E720FB
:10483000002D00F0158500F023FF2C4646E745F2D9
:1048400002239D4200F0A98447F213039D427FF4A6
:104850003DAFFDF7F1FC002840F0B8837579002DDD
:104860003FF434AF00236E228DF810308DF8112004
:104870008DF81230FA220123FF200499FFF762FE1F
:104880002C4623E747F607639D423FF61FAF47F6E6
:1048900003639D423FF67EAFB5F5F84F00F0CA8343
:1048A00047F603439D427FF411AF74797A4D002C93
:1048B00000F0D78308F0D6FC0024286006E7774B89
:1048C0009B78D9067FF502AF714D287800F0FDFF87
:1048D000022805D1747954B9AF2000F0E7FEF5E65F
:1048E000287800F0F2FF03287FF4F0AEF2E7AF2063
:1048F00000F0C6FE0024E9E6684B9B78DA067FF5F7
:10490000E5AE634D287800F0E0FF022805D1747908
:1049100054B9AA2000F0CAFED8E6287800F0D5FFE6
:1049200003287FF4D3AEF2E7AA2000F0A9FE00240A
:10493000CCE65A4B9B78DB067FF5C8AE544D287801
:1049400000F0C3FF022805D1747954B9A92000F002
:10495000ADFEBBE6287800F0B8FF03287FF4B6AEC2
:10496000F2E7A92000F08CFE0024AFE64B4B9B78C9
:10497000DD067FF5ABAE464D287800F0A6FF022895
:1049800005D1747954B9A82000F090FE9EE62878ED
:1049900000F09BFF03287FF499AEF2E7A82000F017
:1049A0006FFE002492E63D4B9B78D8067FF58EAED5
:1049B000374D287800F089FF022805D1747954B961
:1049C000AD2000F073FE81E6287800F07EFF03281A
:1049D0007FF47CAEF2E7AD2000F052FE002475E6D5
:1049E0002E4B9B78D9067FF571AE294D287800F0C3
:1049F0006CFF022805D1747954B9AC2000F056FE42
:104A000064E6287800F061FF03287FF45FAEF2E7E8
:104A1000AC2000F035FE002458E6204B9B78DA06E7
:104A20007FF554AE1A4D287800F04FFF022805D1CB
:104A3000747954B9AE2000F039FE47E6287800F0CA
:104A400044FF03287FF442AEF2E7AE2000F018FEE8
:104A500000243BE6114B9B78DB067FF537AE0C4D0F
:104A6000287800F032FF022805D1747954B9AB20C0
:104A700000F01CFE2AE6287800F027FF03287FF4C8
:104A800025AEF2E7AB2000F0FBFD00241EE600BFE0
:104A9000021F0020B0490020CC1E002094490020B5
:104AA000984B9B78DD067FF511AE974D287800F086
:104AB0000CFF022805D1747954B9B12000F0F6FD3D
:104AC00004E6287800F001FF03287FF4FFADF2E749
:104AD000B12000F0D5FD0024F8E58A4B9B78D8067C
:104AE0007FF5F4AD884D287800F0EFFE022805D15F
:104AF000747954B9B52000F0D9FDE7E5287800F0C5
:104B0000E4FE03287FF4E2ADF2E7B52000F0B8FD43
:104B10000024DBE57B4B9B78D9067FF5D7AD7A4D3A
:104B2000287800F0D2FE022805D1747954B9B22059
:104B300000F0BCFDCAE5287800F0C7FE03287FF42A
:104B4000C5ADF2E7B22000F09BFD0024BEE56D4B41
:104B50009B78DA067FF5BAAD6B4D287800F0B5FE8C
:104B6000022805D1747954B9B42000F09FFDADE559
:104B7000287800F0AAFE03287FF4A8ADF2E7B4205D
:104B800000F07EFD0024A1E55E4B9B78DB067FF5FF
:104B90009DAD5D4C207800F098FE02280ED0207864
:104BA00000F093FE032809D074793A201CB100F07C
:104BB00001FF00248AE500F045FF87E57479BE20F7
:104BC0001CB100F0F7FE002480E500F03BFF7DE51E
:104BD0004C4B9B78DD067FF579AD4B4C207800F08F
:104BE00074FE02280ED0207800F06FFE032809D052
:104BF00074793B201CB100F0DDFE002466E500F076
:104C000021FF63E57479BD201CB100F0D3FE0024C0
:104C10005CE500F017FF59E53A4B9B78D8067FF525
:104C200055AD394C207800F050FE02280ED0207887
:104C300000F04BFE032809D074793C201CB100F031
:104C4000B9FE002442E500F0FDFE3FE57479E32063
:104C500034B100F0AFFE2B2000F0ACFE002435E5AF
:104C600000F0F0FE2B2000F0EDFE2FE5254B9B78A9
:104C7000D9067FF52BAD244C207800F026FE0228C3
:104C80000ED0207800F021FE032809D074793D2051
:104C90001CB100F08FFE002418E500F0D3FE15E5EE
:104CA0007479E32034B100F085FE082000F082FE24
:104CB00000240BE500F0C6FE082000F0C3FE05E569
:104CC000104B9B78DA067FF501AD0F4C207800F091
:104CD000FCFD02280ED0207800F0F7FD032809D053
:104CE00074793E201CB100F065FE0024EEE400F073
:104CF000A9FEEBE473790BB90024E7E406F074FA3B
:104D00000024E3E494490020021F0020954B9B7887
:104D1000DB067FF5DBAC944C207800F0D6FD022852
:104D20000ED0207800F0D1FD032809D074793F20FF
:104D30001CB100F03FFE0024C8E400F083FEC5E48F
:104D40007379002BD8D006F03BFA0024BEE4854BE3
:104D50009B78DD067FF5BAAC834C207800F0B5FD7A
:104D600002280ED0207800F0B0FD032809D0747915
:104D700040201CB100F01EFE0024A7E400F062FEFB
:104D8000A4E47479AC201CB100F014FE00249DE46E
:104D900000F058FE9AE4734B9B78D8067FF596ACEA
:104DA000714C207800F091FD02280ED0207800F0A0
:104DB0008CFD032809D0747941201CB100F0FAFD64
:104DC000002483E400F03EFE80E47479AE201CB140
:104DD00000F0F0FD002479E400F034FE76E4614B4D
:104DE0009B78D9067FF572AC5F4C207800F06DFDA2
:104DF00002280ED0207800F068FD032809D07479CD
:104E000042201CB100F0D6FD00245FE400F01AFE41
:104E10005CE47479AB201CB100F0CCFD002455E4B7
:104E200000F010FE52E44F4B9B78DA067FF54EAC53
:104E30004D4C207800F049FD02280ED0207800F07B
:104E400044FD032809D0747943201CB100F0B2FD61
:104E500000243BE400F0F6FD38E47479A8201CB18E
:104E600000F0A8FD002431E400F0ECFD2EE43D4B01
:104E70009B78DB067FF52AAC3B4C207800F025FDC3
:104E800002280ED0207800F020FD032809D0747984
:104E900044201CB100F08EFD002417E400F0D2FD88
:104EA00014E47479AA201CB100F084FD00240DE400
:104EB00000F0C8FD0AE42B4B9B78DD067FF506ACBD
:104EC000294C207800F001FD022810D0207800F055
:104ED000FCFC03280BD07479452024B100F06AFD56
:104EE0000024FFF7F3BB00F0ADFDFFF7EFBB7479D3
:104EF000A92024B100F05EFD0024FFF7E7BB00F01D
:104F0000A1FDFFF7E3BB174B9B78D8067FF5DEAB1F
:104F1000164B1B7813F00A057FF4D8AB7479352053
:104F200024B100F047FD2C46FFF7D0BB00F08AFD0E
:104F3000FFF7CCBB0B4B9B78D9067FF5C7AB0B4B70
:104F40001B7813F00A057FF4C1AB7479292024B1D2
:104F500000F030FD2C46FFF7B9BB00F073FDFFF702
:104F6000B5BB00BF94490020021F0020061F00208F
:104F70007579DDB101F0DCFB10F0220F3FF4A6AB38
:104F80000122C04BC04C1A7001F0D2FB00F022008D
:104F9000207001F0DBFB462000F072FB01F08CFC7E
:104FA000207801F0CBFB0024FFF790BBB54B1A78BB
:104FB000002A3FF48BAB46201D702C4600F076FB98
:104FC00001F07AFCFFF782BB737913B90024FFF775
:104FD0007DBBAE4D0024AB7883F01002C2F300120B
:104FE00062F30413AB70286801F007FDF0238DF81D
:104FF0000830AB7804AAC3F300138DF809300523F9
:105000000092194602AA0F20ADF80A408DF80C4014
:1050100004948DF8144002F05BFEFFF757BB7379E0
:105020009B4A23B101211C461170FFF74FBB13703F
:10503000FFF74CBB7579002D3FF448AB01F0C2FC83
:105040002C4608F05DF9FFF741BBFDF7F5F8044683
:105050000028BBD17379002BB8D0FEF7C9FFFFF74A
:1050600035BB2C60FFF732BB7379002B3FF42EABBE
:1050700006F0CEF8D6287FF629ABFFF795FAFFF7B2
:1050800025BB7379002B3FF421AB06F0C1F85F28F4
:105090003FF61CABF1E77579002D3FF417AB05F037
:1050A00061FF00F083FA30B14FF0804320229A6113
:1050B0004FF480729A6106F025F895287FF606ABCA
:1050C00006F020F800F13C039BB2962B28BF9623F4
:1050D000DBB28DF810308DF811308DF81230FA22D5
:1050E000022336200499FFF72DFA2C46FFF7EEBA7B
:1050F0007579002D3FF4EAAA06F004F81E283FF661
:10510000E5AA0024002320461A461946013404F07B
:10511000B5F8442CF6D105F0F5FF00F13C039BB245
:10512000962B28BF9623DBB28DF810308DF8113006
:105130008DF81230FA22022342200499FFF702FA76
:105140002C46FFF7C3BA7379002B3FF43FAF002121
:105150000E20FFF79DFAFF234E4C8DF810308DF88E
:1051600011308DF81230FA2203230F200499FFF733
:10517000E9F9207800F0A9FB022808D1002000F00E
:105180005DFB002000F07BFF0024FFF79FBA207832
:1051900000F09BFB0328F7D1F0E77379002B3FF475
:1051A00015AF00210F20FFF773FAFF23394C8DF85C
:1051B00010308DF811308DF81230FA2203230E20B2
:1051C0000499FFF7BFF9207800F07FFB02280AD08E
:1051D000207800F07AFB032805D0022000F02EFB97
:1051E000002000F04CFF0024FFF770BA7379002B09
:1051F0003FF46CAA05F01CFF1D287FF467AA1F204E
:1052000005F012FF0024FFF761BA224D287800F064
:105210005CFB022811D1204B1B78DA067FF556AAD9
:10522000FDF70AF800287FF451AA7579E3205DB1F3
:1052300000F026FA2C46FFF749BA287800F045FB23
:1052400003287FF443AAE6E700F030FAFFF73EBAFE
:10525000287800F03AFB03287FF438AAFFF7DCBA7D
:1052600000F024FAFFF732BA084B0C4A1B780024EE
:1052700013F00E0318BF737903F001031370FFF7E7
:1052800025BA00BFE41E0020E51E0020944900203E
:10529000D41E0020021F0020B04900201C40002026
:1052A000F8B500252E461D4C237873B1606807F0D1
:1052B0008EFFA368984212D307F0D4FFE3686060C2
:1052C0004BB9636926706660C3B90135632D04F17B
:1052D0001804E9D1F8BD013BE360002BF1D0E3688D
:1052E000207C13F0010311D0FF28677CA17CE37CB4
:1052F00007D11A46384604F0F9F8E6E7E8B29847CD
:10530000E3E70A46394603F0B9FFDEE7FF281A460D
:1053100002D119461846EEE71946F4E74840002046
:105320007FB500F043F9A0B1042200210DF109007E
:10533000FBF722FA002204AB04928DF814200093AC
:10534000DD2205238DF8082019460F2002AA02F05D
:10535000BFFC00220B4B1A7001F07EFB03F056FFDE
:10536000094801F040FBFFF754F940B107F07AFF1C
:10537000FDF758F807B05DF804EBFEF7AFBB07B0D8
:105380005DF804FB970C0020B049002073B505F0D0
:10539000B9FE00F13C04A4B2962C28BF96243D4BE4
:1053A000E4B21E78A6B1002496238DF804408DF84F
:1053B00006308DF80540019803F07AF9C0F30742F2
:1053C000C0F30721C0B204F091F8204602B070BDCE
:1053D000314D286840B107F0FAFE40F6B8339842E4
:1053E00002D9FFF79DFF2E6007F0D4FC810705D599
:1053F000002321461A46022003F040FF274D28785B
:1054000000F063FA02280ED0287800F05EFA032834
:1054100009D0234B1B78DA0605D5002321461A460E
:10542000012003F02BFF1F4DFEF7B4FF2B7863B96B
:105430001D4E306807F0CBFEB0F5FA6F16D9012388
:105440002B7007F00FFF306010E0184B1B786BB922
:10545000FCF7F2FE38B9FEF7F1FFFFF717F807F097
:1054600001FF114B18602B78002BE1D0FFF718FFDC
:105470000F4B9B78DB0609D51625002328461A46D4
:105480002146013503F0FAFE232DF6D1FCF70AFF81
:1054900001209BE7E61E0020CC1E0020021F0020FA
:1054A000B0490020970C0020C01E0020D51E00200F
:1054B0009449002038B51C460B780D46CC2B43D0C0
:1054C00006D8AA2B17D0BB2B35D0552B0BD038BD07
:1054D000DD2B40D0F02BFAD1204B49789A7861F33C
:1054E00004129A7004E0002289786878FDF71CF9AC
:1054F00000232370EBE7194B1B7813F00E0F0DD030
:1055000004224FF480614FF080400AF09DFD042298
:105510004FF400714FF080400AF096FD0023237095
:105520006B780F4A003B18BF012301201370BDE8C0
:105530003840FDF7B7BB4FF400124FF080439A613B
:105540004FF080729A61D3E720224FF080439A6136
:105550004FF48072F6E7FFF7E3FEC9E794490020B5
:10556000DC1E002008B5104B00209A78197802F054
:105570000702C1F34201FCF7B9FF41F2883009F09C
:105580009AFA00F013F805F0BDFD4FF0804328B102
:1055900020229A614FF480729A6108BD4FF4001284
:1055A0009A614FF08072F7E79449002010B5054CDE
:1055B000002220464FF400710AF046FD2069C0F336
:1055C000402010BD0004004003280DD80B290BD843
:1055D000082A09D86C2301EBC10103FB0011034B1E
:1055E0000A4433F812007047012070473C1101084B
:1055F000032808D839B9054B82F0010202EB4000BC
:1056000033F8100070470120704700BF2C110108CB
:10561000A0F58073B3F5F85F10B526D210F4805F63
:1056200000F4807300F4007400F4806100F4006200
:105630000DD0002B0CBF002010200CB140F020003A
:1056400009B140F040000AB140F0800010BD181EC2
:1056500018BF01200CB140F0020009B140F0040075
:10566000002AF3D040F00800F0E70020EEE710B584
:105670000C46FFF7CDFF2346BDE810401847000059
:10568000A0F1E003072B10B5044600D940B920462D
:105690000449FFF7ECFFE0B2BDE8104000F08AB922
:1056A0000149F6E7055B00082D5F000810B50446C8
:1056B000C0B200F0C7F9A4F1E003072B00D92CB960
:1056C00003492046BDE81040FFF7D1BF0149F8E784
:1056D000175B00083F5F00080120704701207047FA
:1056E00008B5FFF7FBFF08BD012070470120704798
:1056F0007047704708B5FFF7FCFF08BD01207047F1
:105700007047704713B502AB03E903000F4B1B78DA
:10571000B3B99DF8053073B16AB100F063FD04467A
:105720000146009800F01CFD2046009902B0BDE83B
:10573000104001F0DBBB009800F034FD0446F3E7B5
:10574000009800F04FFD0099F0E700BF011F002016
:10575000034610B400885C880A4640EA04409988F1
:1057600010BCFFF7CFBF10B504460121FFF7F0FFD3
:105770002146FFF7B1FF30B101212046FFF7E8FFD6
:105780002146FFF7ADFF00F0010010BD38B5002144
:105790000446FFF7DDFF05462146FFF7A9FF214636
:1057A0002846FFF7A7FF38BD38B501210446FFF7AB
:1057B000CFFF21460546FFF797FFB8B3214628469D
:1057C000FEF77CFF90B32146284607F069F868B3DE
:1057D0002146284606F072FF40B32146284606F0CF
:1057E00093FA18B32146284606F068FAF0B121462C
:1057F000284602F049FEC8B12146284602F08EFE36
:10580000A0B12146284606F0A7FF78B121462846D8
:1058100001F0B4FC50B12146284601F0BFFC28B18C
:1058200021462846BDE8384001F0D4BC002038BDF0
:10583000012303FA00F0C0B200F0F3BB10B5044638
:105840000120A040C0B201F0CCF82046BDE81040D5
:10585000FFF7EEBF0120704708B5FFF7FBFF08BD5B
:1058600010B5044600F08CFB2046FFF747FF2046AA
:10587000FFF7F2FF10BD08B50120FFF7F1FFBDE80B
:10588000084007F03DBD08B50020FFF7E9FFBDE87F
:10589000084007F05BBD08B5FFF732FFFEF70DFAD1
:1058A00005F048FA00F033F8BDE80840012005F0A3
:1058B00011BB08B500F030F8002005F00BFBFFF736
:1058C00020FFBDE80840FEF7BAB9034600091CBF37
:1058D000034604209A081EBF13460230C0B25B087C
:1058E0001CBF0130C0B2704701207047704738B507
:1058F0000546FFF7F9FF044610B12846FFF7F6FF0B
:10590000204638BD704708B5FFF7F1FF08BD08B560
:105910000020FFF7F8FF08BD08B507F025FAFFF7EC
:10592000F2FF08BD10B507F01FFA074B04461A78BE
:10593000824207D0187007F095FC044B186020468F
:10594000FFF7E1FF10BD00BF001F0020FC1E00207C
:105950001FB56C4684E803009DF805300BB100F0DC
:1059600013FF0023ADF80E3094E80300ADF80C10DF
:10597000C9B2029002AC29B994E8030000F05EFEBF
:1059800004B010BD2046FFF7EEFE0028F4D1F7E783
:105990000379012B02D1008800F044BC704708B5A0
:1059A00029B106F047FBBDE8084006F017BC06F039
:1059B0009FFBF8E710B50446002840D0031FDBB278
:1059C000A02B0ED807F06AFA20B1204607F0F8FAAB
:1059D00000F072FF204607F0D5FABDE8104000F055
:1059E0006BBF00F12003DBB2072B07D800F00704E0
:1059F0000120A040C0B200F0A1FEEEE700F15B0381
:105A0000DBB2022B05D8BDE81040243880B207F085
:105A1000E7B900F15803DBB21A2B06D8BDE81040F5
:105A2000074A32F8130007F0F7B93334E4B2122C06
:105A300005D806F0FFFABDE8104006F0CFBB10BD58
:105A40009C14010808B50346A0B3021FD2B2A02AD5
:105A500005D807F0B5FABDE8084000F02DBF00F109
:105A60002002D2B2072A07D800F00703012098408D
:105A7000C0B200F06BFEEEE700F15B02D2B2022A88
:105A800004D8BDE80840002007F0AAB900F1580288
:105A9000D2B21A2A04D8BDE80840002007F0BCB9E9
:105AA0003333DBB2122B05D806F022FBBDE80840E9
:105AB00006F094BB08BD000038B50C460546FFF75C
:105AC00079FF9CB140F2E73009494FF47A72A4FBA8
:105AD000014120184FF0000341F10001FAF786FB65
:105AE00008F0E9FF2846FFF7ADFF38BD0120F7E7D2
:105AF000A086010008B539280CBF50210021FFF70E
:105B0000DBFF08BD08B528B100F018FEBDE808406D
:105B100000F0D2BE08BD08B528B100F017FEBDE800
:105B2000084000F0C9BE08BD2DE9F04787798146DD
:105B30000C46457900F0F2FD3F09064608B32E46B3
:105B4000FDB1C4F3072303F0F002402A0CD0E1B208
:105B500001F12002D2B2072A26D903F0E003202B5C
:105B600002D1012920D90FB3A04B5E7816F00406AC
:105B700007D0022000F0DCFE00F0D0FD80F001062E
:105B8000F6B2C4F3033ABAF10B0F3ED8DFE81AF0CD
:105B90001000100049004900A300BA003D003D007C
:105BA000BF001D01300130010026EAE73E46E8E76C
:105BB000C4F30723C4F3032713F0F00F18BF3F010A
:105BC000E4B285B157B104F12003DBB2072B3846AC
:105BD00000D92CB900F0B2FD00F06EFE204640E086
:105BE00000F0C2FDF8E72046FFF72CFF6FB104F18B
:105BF0002003DBB2072B384600D914B900F0A6FD0C
:105C000001E000F0B9FD00F057FEAAF1080ABAF170
:105C1000030F00F2428107F0A7F8BDE8F047FFF755
:105C200072BEC4F3072303F0F003C4F30328202B50
:105C3000E4B218BF4FEA08182CB1012C34D0002D63
:105C40003CD0DFB1CAE7694B5B785A0714D45DB129
:105C5000B8F1000F04D0404600F070FD00F02CFEBB
:105C60000020FFF7A7FED0E72846FFF7EBFEB8F1CC
:105C7000000FCAD04046C1E755B11FB94046FFF7F3
:105C800041FFC2E7012FC0D1404600F09DFDBCE7B7
:105C9000002FBAD14046FFF73EFF404600F0A2FD7C
:105CA000404600F07DFDB0E715B1052FADD8E5E722
:105CB000042FAAD84046FFF72EFFA6E7002FF9D001
:105CC000392C0CBF4FF4FA50012008F0F4FE2046A6
:105CD000FFF7B8FE99E714F4406FC4F3812307D0AF
:105CE000012B92D165B1C4F3090007F095F88CE758
:105CF00025B1C4F3090007F073F886E72846FAE7F0
:105D00002846F2E72946E0B2FFF749FE7DE714F4A2
:105D1000407F29D1002D7FF478AFC4F3421080007A
:105D2000C2B204F00F0014F0100300FA02F0C5B282
:105D30001EBF0F209040C043C4F3812418BFC3B2DC
:105D4000022C43EA050009D0032C0AD0012C02D012
:105D500000F072F959E700F067F956E700F074F9BE
:105D600053E700F05EF950E7C4F301220DB312F0DF
:105D7000010F3FF44AAFC4F342108000C2B204F0F6
:105D80000F0014F0100300FA02F0C5B21EBF0F207E
:105D90009040C043C4F3812418BFC3B2022C43EA2D
:105DA00005000CD0032C0DD0012C05D000F098F983
:105DB0002BE712F0020FDCE700F08AF925E700F08C
:105DC00097F922E700F04EF91FE7E7B2C4F3032486
:105DD00025B1204600F05AF9384650E73846FFF71B
:105DE0009AFE204600F05EF90FE700BFB0490020A0
:105DF0005FFA84F8A8F1F003042B39D8DFE803F048
:105E000003220E151E003DB1042F3FF6FEAEC4F373
:105E1000042000F051F9F8E6052FF6E7C4F304205A
:105E2000002DDFD100F032F9EFE625B1C4F30420F4
:105E300000F025F9E9E600F01FF9E6E6224B5B7871
:105E40005B0704D4C4F30420002DCBD0EAE72DB1C6
:105E50000321C4F3042000F049FDD6E6012000F040
:105E600067FD012F7FF6D1AE022000F061FDCCE688
:105E70002DB10FB14046F4E6C4F30420D2E74FB190
:105E8000B8F1390F0CBF4FF4FA50012008F013FE9F
:105E900040461DE7C4F30420A4E79EB100F036FCA1
:105EA00010F001000ED189F8050000F029FC00F087
:105EB000EDF8484600F01CF800F022FCBDE8F04781
:105EC00000F0F0B8BDE8F087B049002038B501888F
:105ED0000446407900F0B2F9054600F011F900F0EF
:105EE0009FF829462046BDE83840FFF71DBE000058
:105EF000037910B50446B3B1FFF756FC68B900F05A
:105F00000DFC80B1637973B1074B5B785B070AD5F1
:105F1000BDE81040022000F00BBD2046FFF7D6FF81
:105F20002046FFF733FC10BDB049002008B528B16A
:105F300000F01AFCBDE8084000F0BEBC08BD08B582
:105F400028B100F019FCBDE8084000F0B5BC08BD60
:105F500008B5002006F044FF002006F05DFF00F0C9
:105F600013FC00F0A9FC06F055F9BDE8084006F066
:105F700035B908B507F042F8BDE80840FFF7E8BFBB
:105F800008B500F0EBFBBDE80840FFF7F2BFC0F337
:105F90000333062BC2B213D094BF0E33063303F083
:105FA0000F03012B10D8F02A10D004D8E72A8CBF99
:105FB000002001207047F42A14BF00200120704700
:105FC000E72A03D9F12AF7E700207047012070473C
:105FD00008B50346007930B1188800F023F9BDE810
:105FE0000840FFF7D4BF08BD82B002AB03E903004D
:105FF00002B0704782B002AB03E9030002B0704701
:10600000704708B5FFF7FCFF08BD704708B5FFF7FC
:10601000FCFFFFF7F6FF014B187008BD021F0020C0
:106020007047FFF7F3BF0000024B1B781843FFF7E0
:10603000EDBF00BF021F0020024B1B781840FFF786
:10604000E5BF00BF021F0020024B1B785840FFF73E
:10605000DDBF00BF021F0020704708B5FFF7FCFF3F
:1060600008BD704708B5FFF7FCFFFFF7F6FF014BCF
:10607000187008BD061F00200020FFF7F3BF0123A2
:1060800003FA00F0C0B2FFF7EDBF0000012303FAEE
:1060900000F0034B1B781843C0B2FFF7E3BF00BF0B
:1060A000061F00200123034A8340107820EA0300E2
:1060B000FFF7D8BF061F0020012303FA00F0034BAF
:1060C0001B785840C0B2FFF7CDBF00BF061F0020AD
:1060D000024B1B781843FFF7C5BF00BF061F002007
:1060E000024B1B781840FFF7BDBF00BF061F002002
:1060F000024B1B785840FFF7B5BF00BF061F0020BA
:10610000704701F00703C90830B501EB41010124D4
:106110000139114400229C40E4B211F8015F20FAD9
:1061200002F343F300036B40234001326B40032A28
:106130000B70F2D130BD002210B500F00704C0088A
:1061400000EB4000014410468B5CE34003F0010388
:10615000934001321843032AC0B2F5D110BD0000AC
:1061600017B40C46ADF80400C1B2C0F307200B28E9
:106170000AD808290ED801EBC001084A014420467C
:1061800003B010BCFFF7BDBF031DDBB2012B01D86C
:10619000034AF4E703B010BC704700BF071F00209C
:1061A000031F002082B0ADF80400C3B2C0F3072083
:1061B0000B2808D8082B0DD803EBC0030749184457
:1061C00002B0FFF7B8BF0430C0B2012802D81846A9
:1061D0000349F5E7002002B0704700BF071F002009
:1061E000031F002073B507240C4BADF804001E7884
:1061F0000B4B1B781E4346FA04F3DB07E5B205D4CC
:10620000013CF8D20025284602B070BD284601990D
:1062100000F08BFE80B20128F2D0F4E7061F0020C8
:10622000021F002007B5ADF804000198FFF7DAFF60
:10623000019903B05DF804EB00F077BE13B5104B85
:10624000ADF804101B782BB1019802B0BDE81040E6
:10625000FFF7E8BF70B10198FFF7C4FF044601469D
:106260000198FFF77DFF2046019902B0BDE810407C
:1062700000F05BBE0198FFF795FF0446F3E700BF0F
:10628000011F002010B5012404FA01F104FA02F202
:106290000A43D1B202408A4204FA03F406BF204303
:1062A000C0B2A04310BD000008B513460A4601461F
:1062B00003480078FFF7E6FFBDE80840FFF7D2BECD
:1062C000061F0020F8B50C4B0C4E1C780C4D337893
:1062D000A34200D1F8BD05EBC40335F834005F8854
:1062E0009A88D98840EA074042EA01410134FFF721
:1062F00081FE04F00704EAE77B1F00207A1F0020DC
:106300003A1F0020064B10B418885C889A88D988F8
:1063100040EA044042EA014110BCFFF76BBE00BFF7
:10632000321F00201A4AF8B5937913F0F00F0AD102
:10633000537943B1174B18491B780D781688578845
:10634000164CAB4200D1F8BD04EBC3010879D0B1C3
:1063500034F83300B04216D14879A0B94888C01B40
:1063600080B2C7280FD80120937960F30713937187
:106370008B7960F307138B710548FFF7B9FDBDE812
:10638000F840FFF79FBF013303F00703D9E700BFD1
:10639000321F00207B1F00207A1F00203A1F0020A0
:1063A000F0B50D4B0D4C1B7826780D4CB34201D146
:1063B0000020F0BD04EBC3056F788F4206D114F8BE
:1063C0003370874202D16D79954203D1013303F0D6
:1063D0000703EBE70120ECE77B1F00207A1F00207A
:1063E0003A1F00202DE9FF47E8460446924D062259
:1063F00001464046FAF7CEF82B7967792279C3B97E
:10640000AAB18FB12046FFF7E3FD064660B108222E
:1064100021462846FAF7BEF82846FFF7B9FAFFF7F3
:1064200081FFFFF76FFF4CE02046FFF761FD01267B
:1064300047E0B4F802906B886E79A9EB03039BB236
:10644000002E00F0B280C72B00F28A80002A38D0DC
:10645000AB79298813F0F00F228850D191420FD1E7
:10646000002F40F0E380012262F30713AB71FFF7C6
:1064700049FF2846FFF73CFDAB79A371002620E0D9
:10648000002F40F0D38025783A4628466178FFF700
:1064900087FF2846FFF784FF05460028EED10098C5
:1064A000FFF7C0FEC0F30332032AC3B20DD8012A9E
:1064B00015D910F4706F17D0A27912F0F00F13D124
:1064C0002E46304604B0BDE8F087063202F00F02D7
:1064D000012A0ED92046FFF70BFD3546F0E710F4F0
:1064E000706F01D0002BEBD02033DBB2072BE7D944
:1064F000F0E7EF2BE4D90F33DBB2022BF7E7914241
:106500000AD14FB92046A371FFF7F2FC08222146B9
:106510002846FAF73FF884E72046FFF759FD0028A0
:1065200082D0002F80D0AB791F2B0FD92A8802A8E8
:10653000ADF808202A79ADF80A908DF80C200022D9
:106540008DF80E308DF80D20FFF7D2FC0822214681
:106550003948FAF71FF8FFF7E5FEFFF7D3FE66E7C5
:10656000AB7913F0F00A0ED198E80300FFF73CFD79
:106570002846FFF7BDFC082251462846FAF7FCF8EA
:10658000FFF7C0FE7AE7002A9BD029882288914233
:10659000C2D1002FC0D12046A371FFF7A9FC082269
:1065A00039462846FAF7E8F88BE7C72B34D8002A93
:1065B0003FF43DAF3E46002F3FF436AF2A88238894
:1065C0009A421CD1AB79DA0713D413F0F00210D041
:1065D000F02AA37106D0DBB2C3F30312013262F3D7
:1065E0000713A3712046FFF783FC082221461248B7
:1065F0008FE7082221461048F9F7CCFF61E72046D3
:10660000FFF7E6FC0028A1D1AB79204643F0010357
:10661000AB71FFF76DFC54E798E80300FFF7E4FC6B
:10662000082231462846FAF7A7F8FAE6AB7943F094
:106630000103AB7122E700BF321F0020F0B585B027
:106640006C4684E803002046FFF7CCFE284F064640
:10665000284D68B19DF804301BB194E80300FFF7A2
:10666000C9FC254C28783B78834226D105B0F0BD83
:106670009DF8042002AB94E8030083E80300002A9D
:10668000EFD038782A78441C04F0070494420AD0EA
:106690001946194B082203EBC000F9F77BFF3C7049
:1066A000FFF710FEDDE7FFF76BFC082231461348C9
:1066B0003E702E70FAF760F8D3E704EBC000FFF7E6
:1066C00091FE0028D2D02B7834F8330004EBC303BA
:1066D0005E889A88D98840EA064042EA0141FFF77D
:1066E00089FC2B78013303F007032B70BAE700BF56
:1066F0007A1F00207B1F00203A1F0020321F00203D
:10670000014B1878C0087047CC1F0020024B187846
:1067100000F00700704700BFCC1F0020034B187823
:1067200010F0070018BF0120704700BFCC1F0020E9
:10673000014B1878704700BFCF1F0020024B1A781A
:1067400010431870704700BFCF1F0020024A137813
:1067500023EA000313707047CF1F00200022014B73
:106760001A707047CF1F0020024B1A781043187020
:10677000704700BFD01F0020024A137823EA0003AD
:1067800013707047D01F00200022014B1A70704711
:10679000D01F0020704708B5FFF7FCFF08BD0000C0
:1067A00008B5054A1378034204D023EA00001070AC
:1067B000FFF7F1FF08BD00BFCD1F0020704708B5EF
:1067C000FFF7FCFF08BD000008B505490B7830EA6B
:1067D000030C03D003430B70FFF7F1FF08BD00BFAC
:1067E000CE1F002008B5054A1378034204D023EADF
:1067F00000001070FFF7E3FF08BD00BFCE1F0020B0
:1068000008B5044B1A781AB100201870FFF7D7FFAB
:1068100008BD00BFCE1F002010B5084B1C78084BE8
:106820001B781C43074B1B782BB11C4306F012FB53
:1068300008B1FFF7E5FF204610BD00BFCF1F0020C5
:10684000D01F0020CE1F002038B50B4C2568FFF765
:10685000E3FF28702468082220460849F9F766FEFD
:1068600048B1214608220548F9F794FE2046BDE8C4
:10687000384006F093BA38BDD00D0020C41F002068
:1068800038B50B4C2568FFF7C7FF687024682022D5
:1068900020460849F9F74AFE48B12146202205481A
:1068A000F9F778FE2046BDE8384006F081BA38BDD9
:1068B000D40D0020A41F002008B506F047FA40B10F
:1068C000064B93F90030002B03DABDE80840FFF7D0
:1068D000D7BFBDE80840FFF7B7BF00BFB0490020F1
:1068E000704708B5FFF7FCFF08BD0000094A10B566
:1068F000527852070AD5084C41EAC0012170FFF7CF
:10690000C5FB2078C008FFF7ECFF10BDBDE81040C4
:10691000FFF7BCBBB0490020CC1F0020002008B509
:10692000024B1870FFF7DDFF08BD00BFCC1F002031
:1069300008B50A4A137823EA0000107042070CD108
:1069400098420AD0064B5B785B0706D5C008FFF774
:10695000A9FBBDE80840FFF7E1BF08BDCC1F002040
:10696000B04900200246094808B54378C3F38001C6
:10697000914209D062F38203437000F036F8BDE81B
:1069800008400220FFF7D4BF08BD00BFB049002077
:10699000044B5878C0F3800080F0010000F0010043
:1069A000FFF7E0BFB04900200120FFF7DBBF002068
:1069B000FFF7D8BF704708B5002000F06AFCFFF76A
:1069C000F9FF08BD00F032BC08B500F020FC18B19A
:1069D000BDE8084005F00EBF08BD00F032BC00F075
:1069E0003BBC00F03CBC00F03EBC00F043BC00F0FF
:1069F00045BC00F047BC00F049BC00F04ABC00F0C8
:106A00004CBC00F04EBC000007B500F0FDFB00F0F0
:106A100008FC002368468DF8003000F019FC0120C6
:106A20000B4B187000F01BFC0A4B01A81B88ADF83B
:106A3000043000F01FFC02F0E9FBFBF731FC05F02D
:106A40000AFFFFF7B8FF02F0D5FB03B05DF804FBC7
:106A5000021F0020FE0D0108FFF7D6BF73B506F038
:106A600037FC0B4D04462B8883420ED00026ADF830
:106A7000006006F02DFCADF80460ADF8020002AB3A
:106A800013E90300FEF764FF2C8002B070BD00BF65
:106A9000E41F0020014B186800F060BBD81F0020E5
:106AA000014B1868704700BFDC1F002008B500F0DC
:106AB00045FB024B1860024B186008BDD81F002030
:106AC000DC1F0020014B1868704700BFD41F002056
:106AD00008B500F033FB024B1860024B186008BD8C
:106AE000D81F0020D41F0020014B1868704700BF3A
:106AF000E01F0020074B91421860074B196038BF18
:106B00001146064B1A60064B81422CBF1960186073
:106B1000704700BFDC1F0020D41F0020E01F0020B2
:106B2000D81F00207047704708B5FFF7FCFF08BD6D
:106B3000704708B5FFF7FCFFFFF7F6FF08BD704789
:106B4000704708B5FFF7FCFFFCF7C8FF08BD012040
:106B50007047000008B5054800F0CCFB01F0B6F91D
:106B6000FFF7E0FFBDE80840FFF7E3BF79710008D9
:106B7000FEF71CBD7047704708B5FFF7FBFFFDF738
:106B8000AFFAFFF7F8FF08BD08B5FFF71DFF08B91A
:106B9000FFF762FF0848FFF720FF0848FFF723FFD1
:106BA00004F022FEFFF71BFFFFF73BFA044B1878B7
:106BB000BDE80840FFF751BAE61F0020B0490020A9
:106BC000061F002008B506F04BFB00F0A3FA05F005
:106BD00056FE00F07DFD04F097FB00F093FCFFF7FC
:106BE000D3FF06F0B1F8FEF78DFE04F045F904F08E
:106BF000FFFD00F07FFDBDE80840FFF7A2BF70B5C4
:106C000004460D46164602F02BFD32462946204624
:106C1000BDE8704006F0C6BA08B5FEF7C7FC18B16B
:106C2000BDE8084006F091B808BD00002DE9F04F1E
:106C300085B0FFF78CFF88B9FFF710FFFFF7ECFF77
:106C400004F078F804F00AFC08B1FFF741FF05F002
:106C500009FB05B0BDE8F04FFEF764BEDFF8C88061
:106C600000F0A2FC46460024E0B236F8025B00F0D9
:106C700051FB0B2C54D0854204F10104F4D02B4B72
:106C80001B789B0701D500F04BFBFFF771FF002736
:106C900001905FFA87F9484600F03CFB38F8026B38
:106CA0000446B04236D04FF0000A01254640B6B245
:106CB0002E4224D0019B2C4214BF4FF0010B4FF009
:106CC000000BBBB15146484606F060FA90B98DF80A
:106CD00008A08DF8099006F0FBFA4FF00103ADF81B
:106CE0000A008DF80C308DF80DB002AB93E803006C
:106CF000FEF72EFE5A4651464846FFF780FF0AF13E
:106D000001035FFA83FA6D00BAF1090FADB2CFD17A
:106D100028F8024C01370C2FBBD1FFF7C7FE8DE7D7
:106D20008542ACD188E700BF98490020E61F0020CB
:106D300038B500F005F9B0F5A44F044643D2B0F5DC
:106D4000A04F80F0AC80DF2816D8CC2800F28A80D3
:106D5000A7280AD8A42878D8012804D0031F9BB2FA
:106D6000A12B28BF0024204638BDA0F1A8039BB268
:106D70001A2B6FD90024F6E7B0F5804F19D2B0F581
:106D8000005F80F0A080E728EDD9A0F580739BB26A
:106D9000B3F5F85FEED2C0F3072000F057F90546CF
:106DA000E0B200F0CDF82D0205F4F8550543ACB281
:106DB000D9E7C0B200F0C4F804F47064044344F4AA
:106DC0002044A4B2CFE7B0F5A54F21D245F25F230E
:106DD000984251D845F23F2398420ED845F21F23DE
:106DE000984242D80124C0F3850300F00300844098
:106DF00044EA431444F40D44E3E70124C0F382035E
:106E000000F00300844044EA431444F40C44D8E7FF
:106E100045F2BF2398420AD845F29F23984200F0DA
:106E20001F0034D84AF2F40444EA00249BE7A0F59A
:106E3000A543403B9BB21F2B9CD8040204F4F8549A
:106E400044F4204444F0F0048DE7A0F1240444F419
:106E50008044B6E7244B5834E4B233F8144044F489
:106E6000884480E740F4A044ABE74AF2F10300F025
:106E70001F0443EA042476E70124C0F3820300F0F0
:106E80000300844044EA431444F40A4499E700F0C0
:106E9000DDF8040204F4F85444F4005463E700F00D
:106EA0001F0000F0D3F8C30648BF0001C4F3431429
:106EB0004FEA04244CBF00F0F00000B2204340F43D
:106EC000104084B24FE7C0F3042000F0BFF805463D
:106ED000E0B200F035F82D0205F4F85545EA00045B
:106EE00044F400546DE700BFD214010882B0ADF83D
:106EF0000410CBB2C1F307210B2905D8082B11D8F8
:106F00001A4602B004F08BBDFD2905D153B9012208
:106F1000194602B004F090BDFC2903D113B91A46FA
:106F20001946F6E7002002B0704707B5ADF8041027
:106F30000199FFF7DBFF03B05DF804EBFFF7F8BE44
:106F4000E72850D8DF2807D8312865D00ED829285F
:106F500058D02A2867D07047A0F1E003072B42D809
:106F6000DFE803F01541242933413D42392804D09C
:106F7000822802D0352840D07047334B1A789207C8
:106F80005CD15B7813F0080F18BF292070472E4A98
:106F90001378D9074ED4527812F0010F23D013F092
:106FA000100F08BFE32018BF00207047264B1B7846
:106FB00013F0040FF2E7244A137859073CD45278AF
:106FC000D2073BD413F0100FEDE71F4B5A7891070F
:106FD00009D51B7813F0100F08BFE720E3E71A4B21
:106FE0001B781A07F6D47047174A1378190727D465
:106FF00052789107E6D5E4207047134B1B7813F0C5
:10700000200FC1E7104B1A7892061BD45B7813F05F
:10701000080F18BF392070470B4B1B7813F0400F37
:1070200018BF2A207047084B1B7813F0400F18BF79
:107030003120704739207047E2207047E0207047C8
:10704000E62070473520CEE7B049002010B5304C1F
:1070500021784B0713D500F01402A2F1040C00F0C4
:107060001803DCF1000242EB0C02A3F1080CDCF186
:10707000000343EB0C039A4218BF80F00C000B078F
:1070800013D500F01402A2F1140C00F01803DCF187
:10709000000242EB0C02A3F1180CDCF1000343EBFD
:1070A0000C039A4218BF80F00C006478E30713D5F4
:1070B00000F0110202F1FF3C00F01803DCF10002C5
:1070C00042EB0C02A3F1080CDCF1000343EB0C03D0
:1070D0009A4218BF80F00900A30711D500F01102F1
:1070E00000F01803A2F111046242A3F1180C6241EE
:1070F000DCF1000343EB0C039A4218BF80F0090057
:10710000CA0603D5030748BF00F0E70010BD00BF63
:10711000B04900200022014B1A607047B44900209A
:1071200010B50446FEF742FA20B906F09BF8024B70
:10713000241A1C6010BD00BFB449002008B5FEF73A
:1071400035FA18B1BDE8084006F08CB806F08AF8A8
:10715000014B1B68184408BDB449002010B5044613
:10716000FEF724FA20B12046BDE8104006F02FB803
:10717000FFF7E4FF001B10BD00207047A0F5A543FA
:10718000603B1F2B10B507D84C791CB900F01F00CD
:10719000FEF754FB204610BD0124FBE708B503466B
:1071A0004879A8B147F65B4293420ED047F65C425D
:1071B000934206D047F65A42934205D1FFF7F4FBBB
:1071C00001E0FFF7E5FB002008BDFFF7F0FBFAE761
:1071D0000120F9E708B50346487998B147F601421E
:1071E00093420CD047F60342934206D0B3F5F84FD2
:1071F00002D1FEF740FB002008BDFFF7E3FBFEF7DE
:1072000042FBF8E70120F7E7002000F061BE08B577
:10721000002000F0D8FD4FF6E363C31A58425841EE
:1072200008BD4FF6E361002000F034BE08B5002031
:1072300000F04EFEBDE808404FF6FF71002000F060
:1072400029BE10B50446022000F0AEFD207010BD2E
:107250000178022000F010BE032000F0A5BD014619
:10726000032000F009BE10B50446042000F0ABFD79
:10727000208010BD0188042000F00CBE08221721D8
:1072800000F028BE0822172100F0DCBD0F2000F01E
:10729000A9BD01460F2000F00BBE01460E2000F0F4
:1072A000EBBD08B5132000F09DFDA0F55D735842BD
:1072B000584108BD70B50E4605461446FFF7A1FBC0
:1072C000014680B13444B4F55D7F88BF40F2993403
:1072D00006F1250198BF2534641A2246284600F09D
:1072E000F9FD204670BD22462846F9F745FAF8E731
:1072F00000207047014B1860704700BFD80D002078
:10730000704708B5FFF7FCFF08BD704708B5FFF7E9
:10731000FCFF08BD014B33F810007047D249002034
:1073200070474FF4346007F0FDB900BF00BF00BFE5
:1073300000BF00BF00BF00BF00BF00BF00BF00BF55
:1073400000BF00BF00BF00BF00BF00BF00BF00BF45
:1073500000BF00BF00BF00BF00BF704708B5FFF708
:10736000E0FF08BD704708B5FFF7FCFF08BD00004F
:107370007FB5FEF71BF91E4D04461E4A60B300237D
:10738000107801A905EB400001930293039300F0EC
:10739000C5F9194E80B1194B0C22187801A905EBDB
:1073A0004000F9F7C3F80123337060B90024FFF7F8
:1073B000ADFF204604B070BD3378002BF6D00190AD
:1073C0000290039030700D4B0C22187801A905EB48
:1073D0004000F9F7DFF8EAE7084B1178187805EB79
:1073E000410105EB400000F0FBF9FFF7BCFFE0E7CF
:1073F000D2490020EA490020E71F0020B8490020B8
:1074000008B5302383F31188012100F00F03994060
:10741000202220F00F0008F017FE002383F31188CC
:1074200008BD000038B509240B4D55F8040B421C6B
:1074300001D0FFF7E5FF013C14F0FF04F5D106246D
:10744000064D55F8040B431C01D0FFF7D9FF013C52
:1074500014F0FF04F5D138BDDC0D0020000E002033
:107460002DE9F843DFF89480174658F82130054697
:107470005A1C0E4640D0302282F31188012223F09C
:107480000F0903F00F0302FA03F4214648462404CF
:1074900008F0DAFDC9F81840002484F31188FFF7DA
:1074A00044FF6FEA070C1648AA1E0A3550F8041B61
:1074B00032F8023FB1F1FF3F1AD021F00F0EDEF893
:1074C00010E001F00F012EFA01F1C90710D40124D8
:1074D0003B4313809542E9D158F82600431C01D064
:1074E000FFF78EFF21463046BDE8F843FFF736BF71
:1074F0000CEA03031380EDE7BDE8F883DC0D002000
:10750000000E0020F0B591B000F0DCF8F0B91F4C8F
:1075100001AD0FCC0FC594E8030085E803001C4EB5
:1075200001AF0FCF0FC695E80300083407AD86E81A
:1075300003000FCC0FC50FCC0FC52668154C2E606D
:1075400007AD0FCD0FC40FCD0FC4266000F0BAF801
:10755000002814BF002306230F4A13700F4AC3F1FB
:1075600006031370FFF75EFF182200210C48F9F79D
:1075700003F9182200210B48F9F7FEF800F04CF847
:1075800011B0BDE8F040FFF7BCBE00BF000E01081F
:10759000000E0020DC0D0020EA490020B849002040
:1075A000D2490020BA49002030B587B01822002106
:1075B0006846F9F7E1F8002501242246E9B2684659
:1075C0000135FFF74DFF6400092DA4B2F5D1182253
:1075D00069460E48F8F7AAFF002814BF01240024CA
:1075E00004D0182269460948F8F7D4FF084B224610
:1075F0001978084B054803EB410100F00FF80446E9
:10760000FFF7B6FE2043C0B207B030BDBA49002034
:10761000EA490020D2490020704700002DE9F041DE
:1076200006460D461446134F42B101233B7005F048
:1076300019FE114B18600020BDE8F08197F800801A
:10764000B8F1000FF7D00C4B186805F0C0FD00280A
:10765000F1D00C2231462846F8F768FF28B10C22F9
:1076600031462846F8F796FF4446002320463B70F3
:10767000E2E700BFE81F0020EC1F002010B5074C18
:1076800000224FF40071204608F0DEFC4FF4165043
:1076900007F048F82069C0F3402010BD0004004006
:1076A00038B5C82406F0C8FF054648B9013C4FF478
:1076B0007A70A4B207F0FFF9002CF3D106F0B0FF06
:1076C000284638BD014B5878704700BFF31F002093
:1076D00010B5FFF7E5FF064C2070FFF7CFFF607095
:1076E000FDF764FF18B1BDE8104000F045B810BDCB
:1076F000F31F002008B5FDF759FF18B9BDE8084091
:1077000000F03CB808BD0000034B187809288CBF76
:1077100000200120704700BFF21F002070B5144DFB
:1077200004462B780E46092B16D82046314600F029
:1077300055F80446C8B92B78FF2B1CBF01332B70BA
:107740002B78092B94BF0124002403D905F0C0FD38
:10775000084B1880204670BD064B188805F030FD98
:10776000B0F5FA7FE1D20024F4E700232B70F1E7B3
:10777000F21F0020F01F002005F056BE05F040BEAD
:10778000F8B504461E46BDF8187062B10C23434399
:10779000104DE85C1D44904238BF02466B880E488D
:1077A0001844F8F7F7FE204605F040FE054670B194
:1077B0006FB10C20074900FB04110A79CB880649F8
:1077C000BA4228BF3A4630461944F8F7E3FE284645
:1077D000F8BD00BF180E0020F81F002000F0CEB941
:1077E00000F008BA054B1A68054B92F83A1083F876
:1077F000901092F83B2083F8AC20704708150108E0
:10780000180E002003F054BE114B70B51C68032104
:1078100004F1390003F0EDFF94F83830834215D1BC
:1078200094F939200F2A11DC0C210A4B01FB023399
:107830009D685DB1AC4694F83B2094F83A0004F1A1
:107840005C0304F13C01BDE87040604770BD00BFBF
:1078500008150108180E00202DE9F04390461D463A
:107860000022012385B000930E46DDE90C971146F6
:107870000DF10F03FFF784FF044650B3D8F8000062
:1078800005F0A5FC63281CD90022BBB21146009369
:1078900030462B46FFF774FF39460446484603F04E
:1078A000A8FF9DF80F30834214BF002404F00104A8
:1078B0001CB105F0D7FCC8F80000204605B0BDE8B3
:1078C000F0833946484603F094FF9DF80F30834219
:1078D000DAD13A4649462846F8F75CFEEDE7000063
:1078E0001E4B2DE9F0411E68082386B006F11B08E7
:1078F0000193042103201A4ACDF8008004ABFFF75E
:10790000ABFF054620B1174FB27E3B789A4215D1A6
:10791000284606B0BDE8F0819DF80F109DF80E00D6
:1079200003F038FD044650B9002305201A461946D5
:107930000093FFF725FF2040C5B20BE0002440462E
:107940000DF10F020DF10E0103F00AFD0028E3D145
:10795000002CE9D1B37E3B70DAE700BF08150108BF
:107960009C2000207420002070B50C260E4B86B0A1
:107970001B680D4602330093012100200B4A01963B
:107980000DEB0603FFF768FF044628B132460848AE
:107990000DEB0601F8F7FEFD0C2228460449F8F726
:1079A000F9FD204606B070BD08150108942000209E
:1079B00080200020F7B5044608680D4617461E468D
:1079C00005F005FC632800D87FB10023204631462E
:1079D000BDF820200093FFF7D3FE044610B105F058
:1079E00041FC2860204603B0F0BD0124FAE72DE9F0
:1079F000F0411446069F05460E463A461946204673
:107A0000F8F794FD021E234631462846BDE8F041B2
:107A100018BF0122FFF7CEBF7FB5FFF741F80390F3
:107A2000FFF750F80490FFF75FF80C22064B059023
:107A30001B68009205492C336A440A20FFF7D7FFE0
:107A400007B05DF804FB00BF081501089020002076
:107A500007B50C21054B02461B6800910E33044903
:107A60000220FFF7C4FF03B05DF804FB081501080E
:107A7000982000201FB505F077F90122074B8DF8FB
:107A80000F001B68009206492A330DF10F020920EE
:107A9000FFF7ADFF05B05DF804FB00BF0815010856
:107AA000A420002037B501240E4B07201D680E4B83
:107AB00095F828101A7800948A1A18BF01220B49E9
:107AC000FFF778FF58B10A4B95F829101A7808206B
:107AD0008A1A18BF012207490094FFF76BFF03B011
:107AE00030BD00BF08150108061F00207C200020C3
:107AF000021F00207820002030B50E4D85B0286888
:107B000005F065FB632812D9FFF718FB002302304C
:107B1000039004220620009303A9FFF731FE0446D8
:107B200010B105F09FFB2860204605B030BD012450
:107B3000FAE700BFA02000202DE9F04706460F46D7
:107B40009046FFF7E1FD002814BF4FF00A094FF0FF
:107B50000109012539463046C04710B901354D4568
:107B600001DDBDE8F087044605FB05FA4FF47070AF
:107B7000013406F0D7FD5445F8D1EBE738B5164A85
:107B800004460D46FFF7D8FF20B329462046134A86
:107B9000FFF7D2FFF0B129462046114AFFF7CCFF8C
:107BA000C0B1294620460F4AFFF7C6FF90B12946CB
:107BB00020460D4AFFF7C0FF60B1294620460B4A18
:107BC000FFF7BAFF30B129462046BDE83840084AE1
:107BD000FFF7B2BF002038BD69790008517A00086C
:107BE000E1780008F97A0008A57A0008757A00089B
:107BF000197A000870B50E46054607F099FF294B23
:107C00000C221C683146A31C1846F8F7C3FC0C2153
:107C100003F0EFFD264606F80E0B07F08FFF07F086
:107C200087FF0C223146284604F11B05F8F7B2FC09
:107C300007F084FF07F07CFF284603F031FC0821A1
:107C4000284603F0D6FDA07607F078FF07F070FF16
:107C5000154B606A1A68904202D01860FFF760FA0C
:107C600007F06CFF07F064FF94F828200F4B1A70A0
:107C700094F829200E4B1A7007F060FF07F058FFA8
:107C800094F82A0005F06AF807F058FF07F050FF53
:107C900004F12C0007C8FEF72DFFBDE8704007F087
:107CA0004DBF00BF081501088C200020061F0020D2
:107CB000021F00200E2808DD0C22044B02FB0030BE
:107CC0003C2343805C238160C3807047180E0020F2
:107CD000F0B587B00E4617461D468DF80F00FFF72A
:107CE00013FD10B9002007B0F0BD9DF90F300E2B29
:107CF000F8DD202EF6D8202DF4D8002403210DF134
:107D000015008DF815308DF814408DF816608DF83B
:107D1000175003F06EFD154B8DF8140083F890603A
:107D200083F8AC50042223460B20009405A9FFF7EA
:107D300027FD0028D6D02346324639460C20009431
:107D4000FFF71EFD0028CDD0234601220D20009410
:107D50000DF10F01FFF714FD0028C3D02246214684
:107D60000C9B00950E20FFF70BFDBCE7180E0020C2
:107D7000FEF75CBF08B505F038FA05F0CDFFFEF759
:107D8000E9FE05F0CBFFFEF71DFF05F0D5FF05F07E
:107D9000D9FFFFF7EDFF05F0D7FF05F097FF03F0E0
:107DA000DDFDFEF7E9FEF2E7002307B501460122FB
:107DB0000DF107008DF8073000F08CF89DF80700F2
:107DC00003B05DF804FB002307B5014602220DF164
:107DD0000600ADF8063000F07DF8BDF8060003B0EF
:107DE0005DF804FB07B50422002301460DEB0200F9
:107DF000019300F06FF8019803B05DF804FB07B53C
:107E000001228DF8071001460DF1070000F067F818
:107E100003B05DF804FB07B50222ADF80610014679
:107E20000DF1060000F05BF803B05DF804FB07B548
:107E30000422019101460DEB020000F050F803B05E
:107E40005DF804FBF8B505461446D31D23F007037F
:107E500000AFADEB030D68460E4600F03BF822463E
:107E600069462846F8F762FB20B12246314628468B
:107E700000F035F8BD46F8BD38B50C460546FFF7AD
:107E800093FFA04205D021462846BDE83840FFF7C1
:107E9000B6BF38BD38B50C460546FFF794FFA04283
:107EA00005D021462846BDE83840FFF7B4BF38BDAD
:107EB00038B50C460546FFF795FFA04205D0214690
:107EC0002846BDE83840FFF7B2BF38BD00F014B90E
:107ED00000F038B80B460146184600F04DB80B4686
:107EE0000146184600F09CB808B5064B4FF4805286
:107EF00018460021F8F740FC41F2080200F58053D3
:107F00001A6008BDA820002010B5054C23792BB9B4
:107F100000F06BF908B10120207110BD0220FCE7D0
:107F2000A830002010B5064C237933B100F067F972
:107F300010B100230120237110BD0220FCE700BF17
:107F4000A830002038B5FFF7DFFF044618B9FFF767
:107F5000E9FF204638BD00F04AF90546FFF7C4FFA7
:107F6000012C06D1FFF7DEFF00280CBF002505F02D
:107F700001052C46EDE7000008B5034608469918B0
:107F8000B1F5805F05D804491944F8F703FB0120D7
:107F900008BD0020FCE700BFA82000200000000072
:107FA00038B500F024F9044608B3FFF7ADFF4FF4ED
:107FB000007205461249002000F03EF970B10EA390
:107FC000D3E900234FF480510D4803F060F90246D5
:107FD0000B464FF4805000F061F950B90024012D98
:107FE00001D1FFF79FFF41F20802064B1A602046BD
:107FF00038BD0224F3E700BF25232284E49CF2CBA2
:10800000A8200020A8300020044B1B68B3F5005FB7
:1080100001D3FFF7C5BF0120704700BFA830002083
:108020008318B3F5805F2DE9F34705460F461646E2
:108030001AD8304C00EB040841463846F8F776FA77
:10804000002854D0324639464046F8F7A3FAFFF7E5
:108050005BFF814630B104F580583EB9FFF7D4FF8D
:10806000044639E0FFF75EFF00243CE0052EB246EF
:1080700028BF4FF0050A052200210DF10300F8F793
:108080007BFBC5F3024343EACA03524639468DF8E7
:1080900000300DF103002B0A8DF801308DF80250ED
:1080A000F8F778FADDE90023D8F8000000F0F6F8D8
:1080B000044688B1D8F800300833C8F80030FFF71C
:1080C000A3FF0128044604D1A6EB0A0655445744F1
:1080D000C3E7022818BF0024B9F1010F03D1FFF74D
:1080E00021FF0028C0D0204602B0BDE8F08701245F
:1080F000F9E700BFA82000207FB5FFF7F5FE00F0EC
:108100006FF8044610B9FFF7EFFE5BE04FF4007222
:108110000020314900F075F82F4D044610B9FFF7E3
:10812000E3FEF0E72AA3D3E900234FF48051284669
:1081300003F0ADF806460C464FF4805002A900F05B
:1081400078F8DDE902239C4208BF964201D0FFF790
:10815000CBFE41F208046946204600F06AF8034667
:1081600040B3DDE9000350EA030220D010F0C00F55
:10817000CDE9020304F10804C1B2C0F3811318D1A0
:108180000A0400F47F46C0F3074002F4E0223043C3
:108190001043CA0800EBD101B1F5805F0AD80DF198
:1081A0000B012844F8F7F6F9B4F5005FD3D10123A9
:1081B00000E00023094A14603BB9FFF7F1FE0446D2
:1081C0000028A0D0204604B070BDFFF71DFFF6E7E1
:1081D00025232284E49CF2CBA8200020A830002094
:1081E00008B500F0DDF8012008BD0120704708B592
:1081F000002000F0D7F8B0FA80F0400908BD012057
:10820000704738B5D5002A460C4600F0E8F818B992
:1082100021462544A94203D1B0FA80F0400938BD77
:10822000D1E90023D243DB4341F8082B41F8043C59
:10823000F0E70122FFF7E5BF2DE9F0470646884643
:1082400015460027C0B0202DA94628BF4FF02009B1
:108250004FEAC90A5246684608EBC701F8F79AF98F
:1082600000246B464C450DD152466946304600F01D
:10827000D4F888B92D1B56442744E4D1012040B0DE
:10828000BDE8F087D3E90001C043C94343F8080BB8
:1082900043F8041C0134E5E70020F0E707B5CDE919
:1082A000002369460122FFF7C7FF03B05DF804FB16
:1082B000002208231146014805F00CBA0C080040C2
:1082C00008B5FFF7F5FF30B1062005F013FA05F009
:1082D00049FA002008BD4FF0FF30FBE7F7B51F4615
:1082E0008DF807100B0A090C064615468DF8040098
:1082F0008DF806308DF80510FFF7DAFFE8B104219C
:108300000DEB010005F01AFA044648B945B1022EFA
:108310000BD0032E0ED12846B9B205F019FA044647
:1083200005F020FA204603B0F0BD2846B9B205F0AA
:1083300005FAF4E74FF0FF34F2E74FF0FF34F1E7CE
:1083400010B5FFF7B5FF88B1052005F0D3F905F0AA
:10835000E3F9044605F006FA002C05DB14F0010FE2
:1083600014BF6FF003040024204610BD4FF0FF340B
:10837000FAE710B5044604F075FF4FF47A7303FB77
:10838000040404F06FFFA04204D2FFF7D9FF031DDD
:10839000F7D010BD6FF00100FBE70120FFF7E9BF48
:1083A00005F01AB900F58033B3F5002F10B5044677
:1083B00012D283B283B9FFF7F0FF78B9FFF780FFDD
:1083C00060B9034602462146D820FFF787FF28B947
:1083D000BDE81040FFF7E1BF4FF0FF3010BD2DE9C1
:1083E000F04107460D461646FFF7D7FF0446804684
:1083F00038B1324600212846F8F7BEF92046BDE8DC
:10840000F08133462A4639460320FFF767FF0446CA
:108410000028F3D032464146EDE72DE9F04106460B
:108420000F46154675B9FFF7B8FF044638B9FFF790
:108430003FFF30B3042005F05DF905F093F92046C5
:10844000BDE8F0815FFA86F8C8F58078A84528BFB6
:10845000A846FFF7A2FF04460028F0D1FFF730FF3F
:1084600004460028EBD143463A4631460220FFF746
:1084700035FF04460028E2D147444644A5EB0805F1
:10848000D0E74FF0FF34DAE738B54C790546002CD9
:1084900042D0FEF74DF900F02203A5F5F040203858
:1084A0000A280AD8DFE800F0060B0F14181D212651
:1084B0002A2F330002F041FD0024204638BD23B1AD
:1084C00002F0DEFDF8E7002BFAD002F0C5FDF3E77D
:1084D00023B102F039FEEFE7002BFAD002F022FEC2
:1084E000EAE723B102F058FEE6E7002BFAD002F0EB
:1084F0003FFEE1E723B102F077FEDDE7002BFAD083
:1085000002F05EFED8E723B102F0A2FED4E7002B12
:10851000FAD002F08FFECFE70124CEE738B54D79CF
:108520000446A5B9FEF704F900F02203A4F5F040D3
:1085300040380E2849D8DFE800F0080C0F12161B4F
:108540001F24282D31363A3F430002F00BFD284608
:1085500038BD02F01FFDFAE702F0EFFCF7E723B1A8
:1085600002F08EFDF3E7002BFAD002F075FDEEE786
:1085700023B102F0E9FDEAE7002BFAD002F0D2FDC8
:10858000E5E723B102F008FEE1E7002BFAD002F0A4
:10859000EFFDDCE723B102F027FED8E7002BFAD08D
:1085A00002F00EFED3E723B102F052FECFE7002B1C
:1085B000FAD002F03FFECAE723B102F066FEC6E73A
:1085C000002BFAD002F05EFEC1E70125BFE70000F4
:1085D00030B510F47F4F85B00190C0F30725C0F38C
:1085E000074217D109B1314B9A5C8DF80C208DF8F8
:1085F0000D208DF80E2000209DF80C3063F307004D
:108600009DF80D3063F30F209DF80E3063F3174093
:1086100005B030BD9DF8044061B3244B9A5C062040
:10862000FF236043591BB0FBF3F06FF05403434347
:1086300003EB440303EB4303DBB203FB05F4C3F199
:10864000FF036B4324121B12C4F1FF04C3F1FF03A9
:10865000514354435343C1F30721C4F30724C3F3E5
:108660000723D2B206281CD8DFE800F006080F1254
:10867000161B060092B2D2E714461A468DF80C403B
:108680008DF80D208DF80E10B5E70C461946F5E76C
:1086900023460C461146F0E710461C460A460146A2
:1086A000ECE7234614460A46F0E700BF2815010808
:1086B000012184B004B0FFF78BBF012830B501D889
:1086C000C0B230BDB0F5F75F88BFFF224FF00104A4
:1086D0009EBF42090832D2B2A3185910C3F347050E
:1086E000C3F34F035B439BB2834205D96A1ED2B2E8
:1086F0009442F1D9601EE3E7FF2902D06C1CE4B27A
:10870000F6E70846DDE70000074B188800EB40223B
:1087100000EB820000F55850193080B2188000EB51
:108720001020C0B2704700BFE80E002008B5014617
:10873000FFF7EAFF4843C0F3072008BD10F04003ED
:1087400016BFC2430246D2B210B502F00F0103B108
:108750000131094CC2F3011204EB42035B78594327
:1087600014F81230020603EB2113DBB244BF5B4264
:10877000DBB283F0800010BD0C1501081FB5C0F3FB
:10878000074401905008FFF7D9FFA0F180035BB2C6
:10879000002BBCBFC0F1800043B200205B00DBB205
:1087A00004FB03331B128DF80630019BDAB262F32F
:1087B0000700C3F3072262F30F20C3F3074363F3F9
:1087C000174004B010BD0000144B84B003EB41030C
:1087D000E521019093F86C30C0F307204B43C2EBC6
:1087E00013231C33002BB8BF5B42A0EBC3031BB2A7
:1087F00023EAE37300FB033300201B128DF80530DE
:10880000019BDAB262F30700C3F3072262F30F2081
:10881000C3F3074363F3174004B07047980C00207C
:10882000144B84B003EB4103E521019093F86C30C5
:10883000C0F307404B43C2EB13231C33002BB8BFDC
:108840005B42A0EBC3031BB223EAE37300FB0333D9
:1088500000201B128DF80630019BDAB262F307008C
:10886000C3F3072262F30F20C3F3074363F31740F8
:1088700004B07047980C002084B0019000208DF85F
:108880000420019BDAB262F30700C3F3072262F30C
:108890000F20C3F3074363F3174004B07047000091
:1088A00084B001900B4800EB410090F86C30002040
:1088B0009B1A8DF80430019BDAB262F30700C3F310
:1088C000072262F30F20C3F3074363F3174004B09A
:1088D000704700BF980C002084B001900B4800EB5B
:1088E000410090F86D3000209B1A8DF80430019BF8
:1088F000DAB262F30700C3F3072262F30F20C3F377
:10890000074363F3174004B0704700BF980C002082
:1089100030B5134B85B03431019003EB41046579D8
:1089200003EB4103A5F1200464B21B79002CBCBF0A
:10893000C5F1200464B29A1A2244C0B210448DF8E2
:1089400004000020019BDAB262F30700C3F30722A0
:1089500062F30F20C3F3074363F3174005B030BD44
:10896000980C002084B0019000209DF8102003EBAB
:10897000430302EB53038DF80430019BDAB262F338
:108980000700C3F3072262F30F20C3F3074363F327
:10899000174004B070471FB592B2019048B200284A
:1089A00002FB02F2BCBF494248B2C0F1380000FBF2
:1089B000002080B21C46FFF780FE00EB400004441C
:1089C00000208DF80440019BDAB262F30700C3F384
:1089D000072262F30F20C3F3074363F3174004B089
:1089E00010BD000084B0019003F13400104B03EB84
:1089F000400358791B792038703B4B4302FB00320F
:108A000000209DF80410002AB8BF7F3201EBE2126B
:108A10008DF80420019BDAB262F30700C3F307224A
:108A200062F30F20C3F3074363F3174004B07047AA
:108A3000980C002084B0019003F13400104B03EB3C
:108A4000400358791B792038703B4B4302FB0032BE
:108A500000209DF80410002AB8BF3F3201EBA2129B
:108A60008DF80420019BDAB262F30700C3F30722FA
:108A700062F30F20C3F3074363F3174004B070475A
:108A8000980C002030B5174C85B03433019004EBBE
:108A9000430425796379A5F1700464B2203B002C6E
:108AA00002FB03F3BCBFC5F1700464B2C4F1380229
:108AB00001FB023212EB4202C0B248BF7F3200EB30
:108AC000E21200208DF80420019BDAB262F3070065
:108AD000C3F3072262F30F20C3F3074363F3174086
:108AE00005B030BD980C002001F13403114984B069
:108AF000019001EB430148790B792028A3EB000397
:108B00004FF0000003EB4303DBB28CBFD2189A1A7C
:108B1000D2B28DF80420019BDAB262F30700C3F3EE
:108B2000072262F30F20C3F3074363F3174004B037
:108B3000704700BF980C00201FB5C4B201905008C8
:108B4000FFF7FCFDA0F180035BB2002BBCBFC0F1BE
:108B5000800043B20D205B00DBB24343002004EBF6
:108B600013238DF80430019BDAB262F30700C3F3DC
:108B7000072262F30F20C3F3074363F3174004B0E7
:108B800010BD000030B50D4685B00190C4B210464E
:108B9000FFF7D4FD124901EB450191F86C20024426
:108BA0000D20D2B2A2F180035BB2002BBCBFC2F198
:108BB000800253B25B00DBB24343002004EB13237B
:108BC0008DF80430019BDAB262F30700C3F3072289
:108BD00062F30F20C3F3074363F3174005B030BDC2
:108BE000980C0020114B84B0019003EB410393F8E3
:108BF0006C10C0B28B1A5BB2002BBCBF521A53B2BE
:108C00001922DBB2534300EB13208DF8040000203F
:108C1000019BDAB262F30700C3F3072262F30F206D
:108C2000C3F3074363F3174004B07047980C002068
:108C3000FF2928BFFF21C94384B00190C9B2C0F306
:108C4000074000FB0111002009128DF80610019B5E
:108C5000DAB262F30700C3F3072262F30F20C3F313
:108C6000074363F3174004B07047FF2928BFFF2173
:108C7000C94384B0C9B2019001EB8111C0B200EBCD
:108C8000112100208DF80410019BDAB262F3070075
:108C9000C3F3072262F30F20C3F3074363F31740C4
:108CA00004B0704784B003EB8302BDF8103001902C
:108CB00013449BB2FF2B28BFFF23DB43C0F30740C5
:108CC000DBB20344FF2B28BFFF2300208DF80630C2
:108CD000019BDAB262F30700C3F3072262F30F20AD
:108CE000C3F3074363F3174004B0704700291FB56F
:108CF000B8BF4942002AB8BF524209B2090112B2B4
:108D0000FF294FEA0212A8BFFF21FF2AA8BFFF22B6
:108D1000BDF8184009B21C4412B2A4B29142D4BFAB
:108D20006418A418A3B2FF2B28BFFF23DB430190D4
:108D3000DBB2C0F307400344FF2B28BFFF23002012
:108D40008DF80630019BDAB262F30700C3F3072205
:108D500062F30F20C3F3074363F3174004B010BD61
:108D60001FB5482B0190C0F3074030D8BDF818401C
:108D7000E31A9BB2FF2B28BFFF23083189B21029C9
:108D800005D902F1080189B2112928BFFF23DB436D
:108D9000DBB20344002AB8BF0332FF2B28BFFF23F6
:108DA00000200C498DF80630497801EBA2028DF8BD
:108DB0000420019BDAB262F30700C3F3072262F3D7
:108DC0000F20C3F3074363F3174004B010BDFF2324
:108DD000D3E700BFF049002084B0BDF81020C0F3F5
:108DE0000741D31A9BB2FF2B28BFFF23DBB2DA4324
:108DF000D2B21144FF2928BFFF2101900344002073
:108E00008DF804308DF80610019BDAB262F307008A
:108E1000C3F3072262F30F20C3F3074363F3174042
:108E200004B0704784B0BDF810200190D31A9BB2F3
:108E3000FF2B28BFFF23DB43C0F30740DBB2034413
:108E4000FF2B28BFFF2300208DF80630019BDAB2EC
:108E500062F30700C3F3072262F30F20C3F3074353
:108E600063F3174004B070477FB5164E1546735C28
:108E70000190C0F3074413B9FFF746FC7054705CCF
:108E800028444008FFF75AFCA0F180035BB2002B96
:108E9000BCBFC0F1800043B200205B00DBB204FB2A
:108EA00003331B128DF80630019BDAB262F3070020
:108EB000C3F3072262F30F20C3F3074363F31740A2
:108EC00004B070BD483200201FB5184B0190C0F3AC
:108ED000074401EB81011868154BC1EB811108446F
:108EE0001979C90800FB0100C0F30720FFF726FC31
:108EF000A0F180035BB2002BBCBFC0F1800043B285
:108F000000205B00DBB204FB03331B128DF806303C
:108F1000019BDAB262F30700C3F3072262F30F206A
:108F2000C3F3074363F3174004B010BDF8490020B2
:108F3000F0490020024B1A7810431870704700BFA8
:108F4000B230002010B5044620B90029ACBF002083
:108F5000802010BD80EAE073A3EBE0731BB2002910
:108F600003EB0102A7BFCB1A5B015B1A5201ABBF37
:108F700093FBF2F392FBF3F3C3F12003C3F160031D
:108F80005BB2D8B2002CBCBF4042C0B2E1E730B502
:108F9000C0F3072585B0EB1A01901046DCB2FFF74D
:108FA000D1FFC0EB801300EB830300201C44E3B22D
:108FB00005FB03331B128DF80530019BDAB262F317
:108FC0000700C3F3072262F30F20C3F3074363F3E1
:108FD000174005B030BD30B5C0F3074585B0EB1A7A
:108FE00001901046DCB2FFF7ADFFC0EB801300EB41
:108FF000830300201C44E3B205FB03331B128DF8EE
:109000000630019BDAB262F30700C3F3072262F372
:109010000F20C3F3074363F3174005B030BD30B5ED
:1090200085B09DF82040C0F30725019010461C1B19
:10903000FFF788FF2C44E4B2241A0020E3B205FBBA
:1090400003331B128DF80530019BDAB262F307007F
:10905000C3F3072262F30F20C3F3074363F3174000
:1090600005B030BD30B585B09DF82040C0F3074550
:10907000019010461C1BFFF765FF2C44E4B2241A34
:109080000020E3B205FB03331B128DF80630019B71
:10909000DAB262F30700C3F3072262F30F20C3F3CF
:1090A000074363F3174005B030BD1FB5019010466C
:1090B0001C46FFF747FF20448DF804000020019B69
:1090C000DAB262F30700C3F3072262F30F20C3F39F
:1090D000074363F3174004B010BD1FB59DF8184057
:1090E000019010461C1BFFF72DFFE4B2241A00204C
:1090F0008DF80440019BDAB262F30700C3F3072244
:1091000062F30F20C3F3074363F3174004B010BDAD
:1091100084B004B0FFF7CCBA2DE9F74FDFF8CCA04C
:1091200000EBC0080AEB08035B5C0746FF2B0E460A
:109130002BD000252E4A90444FF0000B05EBC504C0
:1091400003F134090AEB04010AEB4909144411F84C
:1091500001EBBEF1FF0F0ED0E8B2874218D15FFAE3
:109160008BF0864214D118F806002030FF2828BF63
:10917000FF2008F806000BF1010BBBF1090F04F109
:109180000104E4D101350C2DD6D103B0BDE8F08F38
:109190000EF1340E0AEB4E0E9EF8040099F804C04E
:1091A0009EF805E0ACEB000C99F805000191A0EBEE
:1091B0000E0080B240430CFB0C0080B20093FFF71E
:1091C0007CFA2828009B0199094AD4D894F800C059
:1091D000C0F12800C0B2102894BF84440CF1100CD8
:1091E0006046FF2828BFFF202070C4E7980C0020AD
:1091F000B430002008B50348FDF7FBFB0022024B0A
:109200001A7008BDF0490020B230002010B5094C9A
:10921000352320460322084900F8013BF7F7BAF945
:109220004FF67F732046A380FDF7E3FB0022034B3C
:109230001A7010BDF04900203C0E0108B230002029
:109240000020704770B504460E461546FFF7F8FF3C
:10925000054B04EBC4041C44A35DFF2B1EBF2B5421
:109260000130C0B270BD00BF980C0020014BDB681C
:10927000184700BF1815010870470000F7B50C46E5
:1092800015461E46FFF7F8FF00280ADB064F214669
:109290007C6833462A46A446019403B0BDE8F040FA
:1092A000604703B0F0BD00BF18150108F7B51F4BAC
:1092B0000546034493F8F430194234D01C4E1D4B3C
:1092C00034791B88E40804FB0333711C1C1203224D
:1092D0006846F7F75FF9E0B2FFF730FAA0F18004D3
:1092E00064B2002CBCBFC0F1800044B21F2077786C
:1092F000F678FFF71BFA6400E4B206FB0444074467
:1093000024128DF800708DF802400098FFF700FFDE
:10931000C0F30743C0F30722C1B2284603B0BDE83B
:10932000F040FFF7ABBF03B0F0BD00BF980C0020CA
:10933000F0490020F8490020F7B51F4B05460344CB
:1093400093F8F430194234D01C4E1D4B34791B88ED
:10935000E40804FB0333711C1C1203226846F7F770
:1093600019F9E0B2FFF7EAF9A0F1800464B2002C29
:10937000BCBFC0F1800044B21F20B778F678FFF779
:10938000D5F96400E4B206FB0444074424128DF8C6
:1093900001708DF802400098FFF7BAFEC0F3074352
:1093A000C0F30722C1B2284603B0BDE8F040FFF782
:1093B00065BF03B0F0BD00BF980C0020F04900204D
:1093C000F849002073B51B4B0446034493F8F4306E
:1093D00019422DD0184E194B35791B88ED0805FB25
:1093E0000333711C1D1203226846F7F7D3F8E8B265
:1093F000FFF7A4F9A0F180035BB2002BBCBFC0F162
:10940000800043B2F6785B00DBB206FB03331B122D
:109410008DF802300098FFF77BFEC0F30743C0F3DE
:109420000722C1B2204602B0BDE87040FFF726BF58
:1094300002B070BD980C0020F0490020F8490020CF
:1094400013B5124B0446034493F8F43019421BD071
:10945000FFF75AF98DF800008020FFF767F90C4BF1
:109460007F30DB788DF801008DF802300098FFF72F
:109470004FFEC0F30743C0F30722C1B2204602B03B
:10948000BDE81040FFF7FABE02B010BD980C0020F6
:10949000F049002037B5134B0446034493F8F430E9
:1094A00019421DD0104D0322691C6846F7F772F867
:1094B00003206D78FFF73AF96FF01F0303FB0055A7
:1094C0008DF800500098FFF723FEC0F30743C0F368
:1094D0000722C1B2204603B0BDE83040FFF7CEBE40
:1094E00003B030BD980C0020F0490020014B9B6870
:1094F000184700BF181501082DE9F04F524B87B0EF
:10950000DC78524E04EB44034FEAA30B9B08029312
:10951000FF23B3FBF4F3019383785BB10022114680
:109520001046FFF7E3FF6C2200214948F7F724F9C2
:10953000002333700025474FDFF814A13B78013337
:109540003B70D0464FF0000932785FFA89F31A4336
:1095500063D10393F7F794F93F4B9842039B5CDC8C
:109560008AF800402946184604AAFFF76BFE98B116
:1095700098F80020029B9DF810009A425CD9A2EB5B
:109580000B030BFB03F3A4EB0B0293FBF2F322465A
:10959000DBB21946FFF772FE09F10109B9F10C0FB0
:1095A00008F10908D0D10135EDB2092D0AF1010AFF
:1095B000C7D13B78019A934204BF00233B703378B4
:1095C0000133DBB21C2B3DD900233370234E0B2318
:1095D0003546671E3046294609220B2B04D190F8E8
:1095E00000C0644508BF077011F809CC013AA445D2
:1095F00024BF01F8097C0C7012F0FF0201F1010197
:1096000000F10100E9D1013B13F0FF03A5F10905C9
:10961000E0D1002007B0BDE8F08F98F80020002AC4
:10962000A0D094429ED939780198814204BF02F1BA
:10963000FF3288F8002095E76243B2FBFBF200237B
:10964000D2B2A6E73370E4E7F0490020B33000203F
:10965000B4300020B030002054555505173100209B
:109660002DE9F04F85B006460F461546FBF79EFFE5
:109670008046002852D0002D53D03946304602AAE9
:10968000FFF7E0FD0446DFF8D49099F8003023445A
:10969000082B23DDC4F1080A611C5246494409F134
:1096A0000100F6F777FF04F109015246494409F138
:1096B0000900F6F76FFF09EB44014FEA4A0219313E
:1096C00009F11900F6F766FF04F111015246494409
:1096D00009F11100F6F75EFF89F800A0002299F861
:1096E00000C011469146DFF874E00DF1080BD0B2CE
:1096F00000EB0C03DBB28442019314D86444E4B25F
:1097000009B1164B1C704DB1154B1B7803F0FC03CF
:10971000802B03D139463046FFF7FEFC05B0BDE88B
:10972000F08F2C46AFE7019B1BF801AB0EEB03005B
:109730000C4B0AF1340103EB41010B794979437079
:10974000019B41720C330EEB4303414680F811A09C
:1097500083F8019083F802900132C8E7233100209A
:10976000F0490020980C00200C4B1B68C3F38123A8
:10977000022B0CD0032B0ED0012B4FF0000203D094
:1097800011461420FFF7B2BE14211046FAE700215B
:1097900014220846F6E71422F2E700BFF849002039
:1097A000012070470120704708B5FFF7FBFF08BD97
:1097B00008B5FFF7F5FFFFF7F7FF08BDC0EBC000E6
:1097C00043000020DBB203F10E02D2B2442A63F35D
:1097D0000700134628BF442382B063F30F2002B072
:1097E000704700002DE9F04F074689B000780291DC
:1097F000FFF7E4FFDFF8BC802F4A98F80450C4B2AA
:109800006B081588C0F3072B03FB05552B4BC5F3DD
:10981000072503EB440603F1F409E3B29B4507D89F
:10982000BBF1430F8CBF0020012009B0BDE8F08FD1
:1098300014F809207B781A4238D096F86D2096F8F3
:109840006C10203A92B202FB02F070391FFA81FAD2
:109850000AFB0A0080B20392FEF72FFF98F801C0BE
:10986000034698F8020098F803E0039A4CEA0020B7
:1098700012B20FFA8AF1DDF808C040EA0E400095F6
:10988000E047C0F307238DF81C00C0F307408DF8B4
:109890001D308DF81E000798FFF73AFCC0F3074310
:1098A000C0F30722C1B22046FFF7E8FC02360134BC
:1098B000B3E700BFF0490020F8490020980C0020D1
:1098C0000149FFF78FBF00BF1F9000080149FFF754
:1098D00089BF00BF659000080149FFF783BF00BF43
:1098E000658900080149FFF77DBF00BFDB900008D4
:1098F0002DE9F04F074685B00078FFF75FFF8A46F5
:10990000DFF89880264A98F80450C4B26B0815888E
:10991000C0F3072B03FB0555224BC5F3072503EBCB
:10992000440603F1F409E3B29B4507D8BBF1430FAA
:109930008CBF0020012005B0BDE8F08F14F809208D
:109940007B781A4226D098F8023098F8010098F8EF
:1099500003C096F86D2096F86C1040EA0320203A78
:1099600070392B4640EA0C40D047C0F307238DF8EE
:109970000C00C0F307408DF80D308DF80E000398F1
:10998000FFF7C6FBC0F30743C0F30722C1B220466E
:10999000FFF774FC02360134C5E700BFF049002030
:1099A000F8490020980C00200149FFF7A1BF00BF33
:1099B0008F8F00080149FFF79BBF00BFD78F0008BA
:1099C0000149FFF795BF00BF978900080149FFF7DC
:1099D0008FBF00BFAB9000082DE9FF470646007817
:1099E000FFF7ECFE88461F4F1F4B3D791B88AD08E3
:1099F00002355D43DFF874A0C0F30729C5F30725DE
:109A0000C4B2E1B2894507D8B9F1430F8CBF002039
:109A1000012004B0BDE8F08714F80A2073781A42D8
:109A20001DD0B8787B782A4643EA0023F87843EAC9
:109A30000040C047C0F307238DF80C00C0F3074077
:109A40008DF80D308DF80E000398FFF761FBC0F321
:109A50000743C0F30722C1B22046FFF70FFC0134D1
:109A6000CFE700BFF0490020F84900208C0D00200E
:109A70000149FFF7B1BF00BF7D8700080149FFF72B
:109A8000ABBF00BFC98700080149FFF7A5BF00BFF2
:109A9000218800080149FFF79FBF00BF79880008AF
:109AA0000149FFF799BF00BFA18800080149FFF7EE
:109AB00093BF00BFD98800080149FFF78DBF00BFE1
:109AC000118900080149FFF787BF00BF398B0008E3
:109AD0000149FFF781BF00BF858B00080149FFF7EF
:109AE0007BBF00BFE58B0008837810B5044623B127
:109AF000442200210448F6F73FFE2046BDE810400E
:109B00000249FFF769BF00BF48320020698E000894
:109B10000149FFF761BF00BFC98E00082DE9F04F72
:109B2000814689B000780391FFF748FEDFF8A8A0CE
:109B30002A4A9AF80440C6B2A3081488C0F307253D
:109B400003FB0444C4F3072404F14000C0B2FEF751
:109B5000F5FDA0F180072046FEF7F0FDDFF880B0AC
:109B6000A0F180087FB24FFA88F8F3B29D4206D880
:109B7000432D8CBF0020012009B0BDE8F08F16F8FE
:109B80000B1099F80120114224D09AF802209AF87B
:109B900001009AF803C040EA02203946424640EAF2
:109BA0000C400094DDF80CC0E047C0F307238DF8AB
:109BB0001C00C0F307408DF81D308DF81E0007987B
:109BC000FFF7A6FAC0F30743C0F30722C1B230463D
:109BD000FFF754FB0136C8E7F0490020F8490020A0
:109BE0008C0D00200149FFF799BF00BFE5890008EF
:109BF0000149FFF793BF00BF358A00080149FFF70D
:109C00008DBF00BF858A00082DE9F04F334D074610
:109C100085B00078FFF7D2FD2E794FF6FF7301363D
:109C2000FF2E28BFFF268846B3FBF6F6DFF8B0B05C
:109C3000DFF8B0A0C0F30729C4B2E0B2814507D86D
:109C4000B9F1430F8CBF0020012005B0BDE8F08FB3
:109C500014F80B207B781A422ED09AF80030224953
:109C6000013B5BB21A0629D532462B79A878591CDC
:109C7000FF290B4628BFFF2303FB02226B78C2F3A8
:109C80000F2143EA0023E87843EA0040C047C0F3CD
:109C900007238DF80C00C0F307408DF80D308DF8C8
:109CA0000E000398FFF734FAC0F30743C0F307220E
:109CB000C1B22046FFF7E2FA0134BEE75A5C8242A5
:109CC0000AD103F10C020AEB420292F801C0927829
:109CD0004CEA0222B242C8D3013BC3E7F04900205C
:109CE0008C0D0020FC4900200D4A00200149FFF79F
:109CF0008BBF00BF318C00080149FFF785BF00BF53
:109D00006B8C00082DE9F04F82468DB008780492E4
:109D1000FFF754FD8B46414BC5B21B78C0F30729B2
:109D200003933F4B03EB4507F4330593EBB299459F
:109D300007D8B9F1430F8CBF002001200DB0BDE85A
:109D4000F08F059BEA5C9BF801301A4221D0D04687
:109D50000024032233490AA8F6F71CFC2F4B0AF112
:109D600001061E44039A5FFA88F39A4214D82E4BD8
:109D7000D87800FB044424128DF82A400A98FFF793
:109D8000C7F9C0F30743C0F30722C1B22846FFF763
:109D900075FA01350237C9E716F8013B97F86C10E0
:109DA00097F86D20C91AF37989B2D21A92B202FBE0
:109DB00002F001FB010080B207920691FEF77DFCE4
:109DC000194B164A93F804E008F10C030EF1010E4A
:109DD000BEF1FF0F28BF4FF0FF0E02EB430393F8D5
:109DE00001C09B78079A4CEA032C0EFB0CCC069919
:109DF000CCF30F238DF82A400093049C034612B243
:109E00000A9809B2A047C0F307238DF828008DF8FF
:109E10002930C0F3074408F10108A3E7FC490020FA
:109E2000980C0020F1490020F0490020044B014625
:109E30001B78044A013B23EAE373D8B2FFF762BF01
:109E4000FC490020A58C00080146024A0020FFF7CB
:109E500059BF00BFA58C0008044B01461B78044A7B
:109E6000013B23EAE373D8B2FFF74CBFFC49002063
:109E7000ED8C00080146024A0020FFF743BF00BFF7
:109E8000ED8C0008044B01461B78044A013B23EA91
:109E9000E373D8B2FFF736BFFC490020618D00089C
:109EA0000146024A0020FFF72DBF00BF618D000868
:109EB000044B01461B78044A013B23EAE373D8B202
:109EC000FFF720BFFC490020D98D00080146024A57
:109ED0000020FFF717BF00BFD98D0008044B0146D3
:109EE0001B78044A013B23EAE373D8B2FFF70ABFA9
:109EF000FC490020258E00080146024A0020FFF799
:109F000001BF00BF258E0008F7B506460078FFF7B1
:109F100055FC184AC5B25378C0F307249078164F01
:109F200043EA0023D07843EA0040FFF7F1F8C0F39A
:109F300007238DF80530C0F307438DF804008DF832
:109F40000630EBB29C4205D8432C8CBF0020012088
:109F500003B0F0BDEA5D73781A4208D028469DF838
:109F600006309DF805209DF80410FFF787F90135AC
:109F7000E7E700BFF04900208C0D00202DE9FF41EC
:109F800006460078FFF71AFCDFF89C80032208F1F0
:109F90000101C4B2C0F3072501A8F6F7FBFA019846
:109FA00098F80170FFF7B4F8C0F307238DF8093073
:109FB00098F804308DF808001F448DF80470C0F341
:109FC00007408DF80A000198FFF7A2F8C0F30723B5
:109FD0008DF80D30154FC0F307438DF80C008DF848
:109FE0000E30E3B29D4206D8432D8CBF00200120E5
:109FF00004B0BDE8F081E35D7278134211D0DB0755
:10A00000204643BF9DF80E309DF80D209DF80C10A2
:10A010009DF80A305CBF9DF809209DF80810FFF7F5
:10A020002DF90134DDE700BFF04900208C0D002040
:10A030002DE9FF4707460078FFF7C0FBDFF86C808B
:10A040000322C4B2C0F3072508F1010102A8F6F704
:10A05000A1FA98F80460DFF858900136B608A9F123
:10A06000870AE3B29D4206D8432D8CBF0020012011
:10A0700004B0BDE8F08714F809207B781A4213D0A9
:10A080001AF814301A0998F8013002FB06338DF8DB
:10A0900008300298FFF73CF8C0F30743C0F30722EB
:10A0A000C1B22046FFF7EAF80134DAE7F0490020B0
:10A0B0008C0D00202DE9FF4707460078FFF77EFB57
:10A0C000DFF870800322C4B2C0F3072508F1010154
:10A0D00002A8F6F75FFA98F80460DFF85C900136A2
:10A0E000B608A9F1880AE3B29D4206D8432D8CBF79
:10A0F0000020012004B0BDE8F08714F809207B7827
:10A100001A4214D01AF8143006FB03F298F8013002
:10A1100003EB52138DF808300298FEF7F9FFC0F3F5
:10A120000743C0F30722C1B22046FFF7A7F8013466
:10A13000D9E700BFF04900208C0D00202DE9F04F39
:10A14000074685B00078FFF739FB0A23354E88466D
:10A150003579DFF8D4A0B5FBF3F5344B02351B8815
:10A16000EDB25D43C0F30729C5F30725C4B2AAF1D8
:10A17000870BE1B2894507D8B9F1430F8CBF0020A6
:10A18000012005B0BDE8F08F14F80A207B781A4250
:10A1900029D01BF81430B078202B73782A4643EA74
:10A1A0000023F07843EA00401FD9C047C0F30723DB
:10A1B0008DF80800C0F307408DF809308DF80A00CB
:10A1C0000298FEF7A5FFC0F30722C0F307418DF800
:10A1D00005208DF806108DF80400C3B2D2B2C9B2C2
:10A1E0002046FFF74BF80134C3E7C047C0F307230D
:10A1F0008DF80C00C0F307408DF80D308DF80E007F
:10A200000398FEF785FFC0F30722C0F307438DF8DC
:10A2100005208DF806308DF80400DBB2D2B2C1B251
:10A22000DEE700BFF04900208C0D0020F849002037
:10A230000149FFF783BF00BFE98A0008F7B503783B
:10A240000546C3B91E4B1B791033FF2B28BFFF23D4
:10A250001A461C4B1B8802FB03330A22C3F30F234D
:10A26000B3FBF2F102FB11339BB223B94420FEF79A
:10A270005DFA154B18802878FFF7A0FA0446AB78F2
:10A28000C6B2C4F3072493B90F4F3888864210D85A
:10A29000A0420ED26978C0B2FFF7FCF845233B809C
:10A2A00007E030466978FFF7F5F80136F6B2A642C6
:10A2B000F7D3432C8CBF0020012003B0F0BD00BFBA
:10A2C000F0490020F8490020DA0E0020F7B50378A5
:10A2D0000546CBB91E4B1B791033FF2B28BFFF233C
:10A2E0001A461C4B1B8802FB03330522C3F30F23C2
:10A2F000B3FBF2F202EB82029B1A9BB223B9442019
:10A30000FEF714FA144B18802878FFF757FA044622
:10A31000AB78C6B2C4F3072493B90F4F388886428E
:10A3200010D8A0420ED26978C0B2FFF789F8452351
:10A330003B8007E030466978FFF782F80136F6B2D5
:10A34000A642F7D3432C8CBF0020012003B0F0BD00
:10A35000F0490020F8490020D80E00202DE9F04FE8
:10A36000804687B00078FFF729FAC3B2009398F8C7
:10A370000230C0F307264BB1002211461046FFF70A
:10A38000B5F86C2200213C48F6F7F6F998F8003051
:10A390006BB93A4C208802F013FF18288CBF0122B9
:10A3A0000022374B1A7002D902F092FF208000255C
:10A3B000DFF8D0B02C46A94603E0B9F10D0F54D810
:10A3C0000024314905EBC50A01EB0A031A19019271
:10A3D0001B5D009A934240D3B3423ED20B4493F8A4
:10A3E000F42098F8013009F101091A425FFA89F95D
:10A3F00033D0214B9BF803209A441AF80470A7F13C
:10A40000550323EAE373C3F1AA038DF810309BF8D8
:10A4100002308DF8113007F1AA03FF2B28BFFF236C
:10A4200003EB43030233DBB202FB03331B128DF851
:10A4300012300498FEF76CFEC0F30743C0F3072206
:10A44000C1B201980078FEF719FF0D4B1B7823B1BC
:10A45000013F27EAE7770AF804700134E4B2092CD7
:10A46000AFD10135EDB20C2DA7D1432E8CBF00200A
:10A47000012007B0BDE8F08FB4300020203100206B
:10A48000B1300020F0490020980C0020F7B5037887
:10A490000546CBB91E4B1B790533FF2B28BFFF2385
:10A4A0001A461C4B1B8802FB03330522C3F30F2300
:10A4B000B3FBF2F202EB82029B1A9BB223B9442057
:10A4C000FEF734F9144B18802878FFF777F9044623
:10A4D000AB78C6B2C4F3072493B90F4F38888642CD
:10A4E00010D8A0420ED26978C0B2FEF76BFF4523A8
:10A4F0003B8007E030466978FEF764FF0136F6B22C
:10A50000A642F7D3432C8CBF0020012003B0F0BD3E
:10A51000F0490020F8490020E00E0020F7B503784C
:10A520000546CBB91E4B1B790533FF2B28BFFF23F4
:10A530001A461C4B1B8802FB03330522C3F30F236F
:10A54000B3FBF2F202EB82029B1A9BB223B94420C6
:10A55000FEF7ECF8144B18802878FFF72FF9044623
:10A56000AB78C6B2C4F3072493B90F4F388886423C
:10A5700010D8A0420ED26978C0B2FEF7DDFE4523A6
:10A580003B8007E030466978FEF7D6FE0136F6B22A
:10A59000A642F7D3432C8CBF0020012003B0F0BDAE
:10A5A000F0490020F8490020DE0E0020F7B50378BE
:10A5B0000546CBB91E4B1B790533FF2B28BFFF2364
:10A5C0001A461C4B1B8802FB03330522C3F30F23DF
:10A5D000B3FBF2F202EB82029B1A9BB223B9442036
:10A5E000FEF7A4F8144B18802878FFF7E7F8044624
:10A5F000AB78C6B2C4F3072493B90F4F38888642AC
:10A6000010D8A0420ED26978C0B2FEF74FFE4523A3
:10A610003B8007E030466978FEF748FE0136F6B227
:10A62000A642F7D3432C8CBF0020012003B0F0BD1D
:10A63000F0490020F8490020DC0E002007B5007822
:10A64000FFF7BCF8C0F3072043288CBF002001208F
:10A6500003B05DF804FB13B50078FFF7AFF8C0F363
:10A6600007242146C0B2F7F75BFD432C8CBF0020C6
:10A67000012002B010BD00002DE9F04F764B8BB0E9
:10A680001B78764D834200904FD1754A2B78127813
:10A6900003F003039B1A18BF0123724C6278A37066
:10A6A0006B799A4205D00022114610466370FEF77E
:10A6B0001DFF009B342B3AD8013B332B51D8DFE8E8
:10A6C00013F059005E00620066006A006E007200BE
:10A6D00076007A007E00820086008A008E0092005A
:10A6E00096009A009E00A200A600AA00AE00B2004A
:10A6F000B600BA00BE00C200C600D50040010B0281
:10A70000B902BD02C102C502C902CD02D102D50201
:10A71000D902DD02E102E502E902ED02F102F502F1
:10A72000F902FD020103050309030123B5E7009BBC
:10A73000FF2B00F0D38200244A4B1A7801321A70A2
:10A74000002C40F0D0820221474A9B781170002BE8
:10A7500040F0C982009B002B40F0C5820323137098
:10A76000C1E2A478002CE7D0002211461046FEF783
:10A77000BDFEE0E73B48FFF7C7FB0446DCE739488E
:10A78000FFF7FCFBF9E73748FFF752FCF5E73548E0
:10A79000FFF790FCF1E73348FFF76AF9EDE731483E
:10A7A000FFF76CF9E9E72F48FFF76EF9E5E72D4869
:10A7B000FFF7FAF8E1E72B48FFF7FCF8DDE7294857
:10A7C000FFF77EF8D9E72748FFF780F8D5E7254857
:10A7D000FFF760F9D1E72348FFF762F9CDE7214899
:10A7E000FFF764F9C9E71F48FFF766F9C5E71D4899
:10A7F000FFF772F8C1E71B48FFF7E2F8BDE7194819
:10A80000FFF7E4F8B9E71748FFF76CF8B5E7154824
:10A81000FFF7E8F9B1E71348FFF7EAF9ADE71148A8
:10A82000FFF7ECF9A9E70F48FFF702FDA5E70D4890
:10A83000FFF704FDA1E70B48FFF748FD9DE7094836
:10A84000FFF740F999E70748FFF742F995E7054810
:10A85000FFF744F991E700BFE50E0020F049002022
:10A86000E60E0020E20E0020E70E0020237833B928
:10A87000A37823B14420FDF759FF904B187020783E
:10A88000FEF79CFFDFF83882DFF83892D8F8002016
:10A89000D9F80030ADF81C009A42C0F307263FD229
:10A8A000864F9DF81C303A78934226D8964224D998
:10A8B000854B134493F8F42063781A421DD0FDF7BA
:10A8C00023FF820731D500238DF820308DF8213009
:10A8D0008DF822300898FEF71BFCC0F30722C0F366
:10A8E00007438DF824008DF825208DF82630C1B25D
:10A8F000DBB23878D2B2FEF7C1FC432E10D9442027
:10A90000FDF714FF4FF4E0622979D9F8003001FB1C
:10A91000022203F50063A3EB12233870C8F800305D
:10A92000432E8CBF0024012406E7FDF7EDFE8DF8D1
:10A9300020008020FDF7FAFE7F30EB788DF82100B3
:10A94000C6E7DFF88891DFF87CA1D9F80020DAF8B3
:10A9500000309A423FF6EFAEA3785D4EB3B10022CD
:10A96000002711461046FEF7C1FDB046BB46FDF775
:10A97000CBFE830724D588F800B088F801B088F8AA
:10A9800002B00137442F08F10308F0D12078FEF718
:10A9900015FFADF82000C0F30727C0B200EB400858
:10A9A000DFF830B1B044C3B29F4228D8432F94BFE0
:10A9B000012400247FF6C0AE4FF00008013F3BE0C9
:10A9C000FDF7A2FE8DF824008020FDF7AFFEEB78A6
:10A9D0007F3007EB47028DF826308DF82500B3183D
:10A9E000099802920193FEF793FB029A019BB054DF
:10A9F000C0F30722C0F307405A709870C1E710F8FF
:10AA00000B2063781A4209D098F8023098F8012098
:10AA100098F800100190FEF731FC019808F1030846
:10AA20000130C0E701EB4100013101EB410103229C
:10AA300031443044F5F7AEFD5FFA88F1B94208F1D0
:10AA40000108EFDBFDF760FE10F0020F4FEA470848
:10AA500017D000234744F219F355537093702B79A4
:10AA600040F6B8321033FF2B28BFFF2303EB03134C
:10AA70001B12B2FBF3F3DAF800201344C9F80030DC
:10AA80005AE6FDF741FE8DF824008020FDF74EFECA
:10AA9000EB787F308DF826308DF825000998FEF789
:10AAA00037FB4744F05506EB0708C0F30723C0F314
:10AAB000074088F8013088F80200D0E722310020F2
:10AAC00098320020F8490020980C0020A032002085
:10AAD0007C3100208C0D0020A3784BB10022114660
:10AAE0001046FEF703FD302200218048F5F744FEB2
:10AAF0002078FEF763FE7E4BADF820001A687D4B90
:10AB0000C0F307241B689A4240F28F809DF82030E2
:10AB1000A87802936B784FF0000843EA0023E878A6
:10AB2000754F43EA0040FEF7F3FAC0F307238DF8B0
:10AB30002400C0F307408DF825308DF826006B4EB9
:10AB4000049706EB8803059307F10803039300239A
:10AB50000193059B13F8015B0593002D67D09DF8C9
:10AB600024A09DF825B09DF82650049B13F8010BF6
:10AB70000493039B13F801990393029B83420ED81D
:10AB800084420CD95C4B034493F8F4205B4B5B7814
:10AB90001A4204D02B465A465146FEF76FFB029BE1
:10ABA0004B450FD84C450DD9534B4B4493F8F420EB
:10ABB000524B5B781A4205D02B465A4651464846BE
:10ABC000FEF75CFB019B0133042B0193C1D108F11B
:10ABD0000108B8F10C0F07F10907B0D1432C24D9B3
:10ABE000002503223046711CF5F74AFDFDF78CFD68
:10ABF00010F0030F0CBF0123002301350C2DF3705F
:10AC000006F10406EDD13E4B40F6B8321B79103305
:10AC1000FF2B28BFFF2303EB03131B12B2FBF3F33D
:10AC2000334A12681344334A1360432C79E6AB4627
:10AC3000AA469AE73148FFF791FB9EE52F48FEF7B9
:10AC40005BFC9AE52D48FFF751F896E52B48FFF796
:10AC500053F892E52948FFF7E9F88EE52748FFF712
:10AC6000F3F88AE52548FFF7F7F886E52348FFF76C
:10AC700001F982E52148FFF705F97EE51F48FFF756
:10AC80000FF97AE51D48FFF713F976E51B48FFF742
:10AC90001DF972E51948FFF721F96EE51748FFF72E
:10ACA0002BF96AE51548FEF71FFF66E51348FFF725
:10ACB000EDFB62E51148FFF731FC5EE50F48FFF759
:10ACC00075FC5AE50D48FEF723FF56E50B48FFF7E4
:10ACD000B5FC52E50948FFF7BEFC4EE5FEF744FD22
:10ACE0000222084B1A700BB0BDE8F08F4C310020E7
:10ACF000F84900209C320020980C0020E20E002031
:10AD0000F0490020E70E00200120704737B5007899
:10AD10000138C0B2FEF752FDC0F30724C5B2214688
:10AD20002846FFF7F1FF21462846FAF72FFB03B02C
:10AD300030BD00002DE9F041424C2068FCF70EFACE
:10AD40000546FCF7FBF92060002406463E48A44671
:10AD500090F800E0C5F57F477146FF37E3B29E45A6
:10AD60000FD8BCF1000F00D00170384CDFF8E08044
:10AD7000257898F80070032D36D8DFE805F01A37EB
:10AD8000465204F10C0200EB4202537892F8028022
:10AD9000013443EA08239F4229BF5B1901F1FF31C7
:10ADA0005370C3F307233ABF4FF0010CC9B293703D
:10ADB000D4E70022274B24491A70274B2922274821
:10ADC0001E60F5F7E7FB264B1B784BB9FBF762FEDD
:10ADD000244B984204D8244B1B789A0718BF9D082F
:10ADE000012388F800502370BDE8F0813846FFF752
:10ADF00043FC002FF8D02378022B01D1FEF7D8FCBA
:10AE0000BDE8F0411348FFF781BF184B184A1F7087
:10AE1000154B1B78C3F301031370FEF727FA0323C6
:10AE2000E1E7144D2B7823B10F48FBF7E2FD002337
:10AE30002B70094B1868FCF791F90F28D4D900231F
:10AE4000D1E700BF9032002023310020E70E002020
:10AE50008C320020E20E0020F8490020FC4900203E
:10AE600094320020C0D40100F0490020E50E0020FB
:10AE7000E60E0020B230002070B50024104B114DBA
:10AE80001B68984710481022FF2100F8194BF5F76E
:10AE900073FC0E481022FF2100F8194BF5F76CFCEB
:10AEA00001230B4E28463370FBF7A1FD2B7834703D
:10AEB00013F0FC0F03D1BDE87040FEF7A7B970BDD9
:10AEC00018150108F0490020FC490020233100201A
:10AED000B230002070B504460A4E88B135787DB98D
:10AEE0002846FFF7C9FB084B084A1D70084B1B7822
:10AEF000C3F301031370FEF7B9F90322054B1A706F
:10AF0000347070BD94320020E50E0020E60E002063
:10AF1000F0490020E70E0020044A137883F0010373
:10AF200013700022024B1A70FEF704B8F04900209B
:10AF3000E70E00200020FFF7EFBF0120FFF7ECBF76
:10AF4000064A137813F0030304BF05490B7001216F
:10AF5000137861F301031370704700BFF0490020BC
:10AF6000E70E002008B5FFF7EBFFBDE80840012021
:10AF7000FDF7E0BF054B1A7892071EBF0021044A77
:10AF800011701A786FF301021A707047F0490020AF
:10AF9000E70E002008B5FFF7EDFFBDE808400120EF
:10AFA000FDF7C8BF024B187800F00300704700BFE0
:10AFB000F049002010B40B4C02462378084699074C
:10AFC0000ED04AB9012262F3870300222370064B98
:10AFD0001A7010BCFDF7AEBF342A88BF3422F2E7E6
:10AFE00010BC7047F0490020E70E00200021FFF759
:10AFF000E1BF000038B5FFF7BDFF0123084C094D44
:10B0000020462B70FBF7F3FC002320782B7083077E
:10B0100004D0BDE838408008FFF7E8BF38BD00BF66
:10B02000F0490020B23000200121FFF7C3BF00002B
:10B03000014B187880087047F0490020054B014605
:10B040001B789B080133352B34BF18460120FFF7CE
:10B05000B1BF00BFF04900200120FFF7EFBF0000A3
:10B06000064B01461B78C3F38503013B13F0FF0336
:10B0700014BF18463420FFF79DBF00BFF0490020E1
:10B080000120FFF7EDBF000030B4084C054618461C
:10B0900023789B0708D0962A28BF96226570A17056
:10B0A000E27030BCFDF746BF30BC7047F04900206D
:10B0B0000023FFF7E9BF0123FFF7E6BF07B503222F
:10B0C000094901A8F5F766FA00209DF8043063F3FA
:10B0D00007009DF8053063F30F209DF8063063F3F9
:10B0E000174003B05DF804FBF1490020014B58788C
:10B0F000704700BFF0490020014B9878704700BFAF
:10B10000F0490020014BD878704700BFF04900207B
:10B11000034903464878CA7808308978FFF7B4BFF6
:10B12000F04900200120FFF7F3BF0000054910B4EB
:10B130004C780346083CCA78A0B2897810BCFFF767
:10B14000A3BF00BFF04900200120FFF7EFBF0000C0
:10B1500010B4064C0346A178E2781031FF2928BFCD
:10B16000FF216078C9B210BCFFF78EBFF049002004
:10B170000120FFF7EDBF000010B4064C0346A17894
:10B18000E278103921EAE1716078C9B210BCFFF7AA
:10B190007BBF00BFF04900200120FFF7EDBF00009A
:10B1A00010B4064C0346E278A1781E32FF2A28BF6D
:10B1B000FF226078D2B210BCFFF766BFF0490020D2
:10B1C0000120FFF7EDBF000010B4064C0346E27803
:10B1D000A1781E3A22EAE2726078D2B210BCFFF780
:10B1E00053BF00BFF04900200120FFF7EDBF000072
:10B1F000024B18710020FDF79DBE00BFF0490020F2
:10B20000024B18710120FDF795BE00BFF0490020E8
:10B21000014B1879704700BFF0490020044A1379A8
:10B220002833FF2B28BFFF231371FDF783BE00BF18
:10B23000F04900200120FFF7F1BF0000034A137915
:10B24000283B23EAE3731371FDF774BEF049002035
:10B250000120FFF7F3BF0000084A5379FF2B08D005
:10B260004BB9012383F001030549CB5C5371FDF712
:10B2700061BE0023F6E70023F6E700BFF049002097
:10B28000141501080120FFF7E7BFFFF7FBBFF0B57A
:10B2900045180446194610460026AC4200D3F0BDBE
:10B2A00014F8012B4FEA011C424093184FEA021E8A
:10B2B00041EB01004CEA127C13EB0E0340EB0C0057
:10B2C0004FEA421E9B184FEA411C41EB00004CEA3A
:10B2D000D26C13EB0E0340EB0C004FEAC21E4FEA98
:10B2E000C11C17024CEA526C13EB0E034FEA01210A
:10B2F00040EB0C0041EA1261DA1940EB01013944DC
:10B30000B018CAE7FAF752B908B508220021034875
:10B31000F5F732FABDE8084000F036B9A432002053
:10B320008378C078013303F003031B1A5842584155
:10B33000704710B50446FFF7F3FF78B9A37801F022
:10B340007F01E01841EAC21101710120013303F0CD
:10B350000303A37023780133237010BD0020FCE7A2
:10B3600010B5C37884789C4211D003441B79C3F391
:10B37000C014C3F306030B701470C378013303F0D9
:10B380000303C370437801334370012010BD0020D4
:10B39000FCE700000A4601460148FFF7CABF00BFAC
:10B3A000A43200200A4601460148FFF7D9BF00BF7A
:10B3B000A432002070B50025FC2686B00DF10701EF
:10B3C0000DF10600FFF7EEFF044610B9284606B05F
:10B3D00070BD9DF806309DF807208DF8083062B3E7
:10B3E000FD238DF8093001F073FF4FF48173ADF840
:10B3F0000A00ADF80C30DDE90201FAF7A9FA642081
:10B4000003F059FB9DF806309DF807208DF81030A9
:10B41000E2B1FD238DF8113001F05AFF0223ADF89F
:10B420001200ADF8143006AB13E90300FAF790FAF6
:10B43000642003F040FB2546C0E78DF8096001F069
:10B4400047FF40F20313ADF80A00D2E78DF8116010
:10B4500001F03EFF0323ADF81200E2E710B5FFF75D
:10B4600051FF044610B1FFF7A5FF04460A4B1A78B6
:10B4700032B100221A70094B9A78DA701A785A7031
:10B4800000F0E6F8FFF73EFF18B1FFF793FF044323
:10B49000E4B2204610BD00BFAC320020A432002030
:10B4A00008B508220149F5F775F808BDA432002057
:10B4B0000122014B1A707047AC3200204FF4165035
:10B4C00003F030B969B1084B53F82000431C0AD08F
:10B4D000012100F00F032022994020F00F0004F01A
:10B4E000B3BD024BF0E77047B4320020B032002009
:10B4F00079B1094B53F820305A1C1FBF23F00F02BB
:10B50000106903F00F03D84014BF00F001000020C1
:10B510007047024BEEE700BFB4320020B03200208B
:10B52000704700002DE9F0410025154F3B78ECB243
:10B53000A3420CD8FFF7C2FF0026DFF848803B7813
:10B54000F5B2AB420DD8FFF7EBFFBDE8F08100216B
:10B550002046FFF7B7FF01212046FFF7B3FF013573
:10B56000E4E700212846FFF7C3FF012104462846EF
:10B57000FFF7BEFF44EA400408F805400136DEE765
:10B58000B8320020AE32002010B5FCF79BF8002244
:10B590000D4B0E4C1A70FCF795F880F001002070EE
:10B5A000FCF790F8FCF78EF818B1BDE81040FFF7F3
:10B5B000B9BF2378002BF8D0054B064A1A60064B1A
:10B5C000013A1A60F1E700BFB9320020B83200201A
:10B5D000B032002007040040B432002070B541EAC8
:10B5E0004203174A0446115CDBB201F003008342B8
:10B5F00024D043EA8103DBB21355124A124E157868
:10B60000124A03F00F03D35C325D254413445BB24E
:10B61000012BEDB2335503DD00212846FFF7BAFEBA
:10B620003357013303DA01212846FFF7B3FE3357BE
:10B63000002B03F00103B8BF5B42335570BD00BF60
:10B64000AE320020B9320020AD32002028160108A9
:10B65000F8B500250A4F3B78ECB2A34200D8F8BDFC
:10B6600000212046FFF744FF012106462046FFF750
:10B670003FFF314602462046FFF7B0FF0135EAE7BB
:10B68000B8320020C1F10301490040FA01F302225F
:10B6900013F0010F14BF0E23082302FA01F1014237
:10B6A0001ABFA3F12000C0B243F080007047000031
:10B6B00010B50A4C40F282224FF40041084804F0D1
:10B6C000C3FC204603F04CFF2046064903F0D2FE9F
:10B6D0002046BDE8104003F0E9BE00BF044F002043
:10B6E000000400403816010830B5044D00EB40005E
:10B6F0002C186270A370295430BD00BF254A002069
:10B7000070B5134605460E460024204632462946AB
:10B710000134FFF7E9FF442CF7D170BD2DE9F84F54
:10B7200008271D4D1D4C002695F800B095F801A086
:10B7300095F80290A4F1080831465846FFF7A2FF99
:10B740000136042E08F8010BF6D10026A4F10408F6
:10B7500031465046FFF796FF0136042E08F8010BDC
:10B76000F6D1A046002631464846FFF78BFF01364A
:10B77000042E08F8010BF6D10C37B7F54E7F05F112
:10B78000030504F10C04CED14FF46971BDE8F84F04
:10B79000034A044803F0A5BE254A0020C632002013
:10B7A000BA320020044F0020FBF70CB908B5FBF7B4
:10B7B00089FF002814BF01200720FBF7ABFD00F034
:10B7C000010008BD08B5FBF7EFFEC82003F073F9D0
:10B7D000FBF7EAFEFFF7EAFF28B1FFF7E5FFBDE858
:10B7E000084001F08DBD08BD08B5FFF7EBFF08BDAF
:10B7F000704703460144FF20994200D1704713F877
:10B80000012B5040082210F0800F4FEA400018BF73
:10B8100080F03100013AC0B2F5D1EDE72DE9F843EF
:10B82000154698460246002838D0B9B3B5B3ABB335
:10B83000034600241F4613F8100B60BB8446184EC5
:10B8400096F800E00EF10104E4B23470C4B10023B4
:10B850004FEA031912F80990A14511D001338B4228
:10B86000F6D1BCF1000F00D034703C7001F0FAFC4E
:10B87000089B05447D603078C7F80880FB6006E0CF
:10B88000631CA6454FF0010CDBB202D13370BDE85A
:10B89000F8831C46DAE701348C42CBD10020F6E76E
:10B8A000E036002030B568B181B18AB1002403468A
:10B8B00010F8105B954206D1002201201A705A60E0
:10B8C0009A60DA6030BD0134A142F0D10020F9E77E
:10B8D0001046F7E72DE9F041154604460E4601F003
:10B8E000C1FC2B680746C31A002B03DD2860002526
:10B8F000B54201D1BDE8F08194F80080B8F1000FA5
:10B900000DD06068C31B002B09DCA368E168984771
:10B910002378434503D128B163680344636001354C
:10B920001034E5E720706060A060E060F7E7000099
:10B9300007B50B460092082102460348FFF76EFF49
:10B9400003B05DF804FB00BF60360020024608210A
:10B950000148FFF7A7BF00BF603600200821024A58
:10B960000248FFF7B7BF00BFE43600206036002072
:10B9700013B50446012100680DF1070200F046F9F5
:10B9800023689DF807000133236002B010BD082032
:10B99000704700F097B800F0B2B800F0CCB800F0F3
:10B9A000E9B82DE9F84300F08BF800250026ECB249
:10B9B00012E05FFA87F94A4641462046F9F704FE4D
:10B9C000013703464A464146204600F098F8092FC1
:10B9D000EFD101360C2E03D000275FFA86F8E8E796
:10B9E000012200212046F9F703FE0122034600212F
:10B9F000204600F0BFF8002220461146F9F7F8FD76
:10BA00000022034611462046013500F0B3F8082D08
:10BA1000CCD1BDE8F88300F0C9B800F0DFB8072842
:10BA200010B406D80B2904D8082A02D810BC00F09C
:10BA300049B8002010BC7047072802D809B900F0A7
:10BA40007AB8002070471020704708B500F0DBF886
:10BA500080B208BD00F0DAB800F0F8B808B500F020
:10BA600030F8BDE8084000F00CB900000F2873B5AD
:10BA7000044613D800F0C7F8012101AA013800F0EC
:10BA8000C5F89DF804504DB900F0BDF806463CB924
:10BA900022460A4801A9019500F04CFD02B070BD94
:10BAA000B542FBD00121284601AA00F0AFF89DF86D
:10BAB00004300BB9013CE4B20135E8E771B9000884
:10BAC00070477047072838B517D80B2915D8082AAA
:10BAD00013D81225520005FB0122D82505FB0025AD
:10BAE00005F29D30FCF760F9040205F29E30FCF788
:10BAF0005BF9A4B2204380B238BD0020FCE70728E0
:10BB000038B51D4616D80B2914D8082A12D8122485
:10BB1000520004FB0122D82404FB0024190A04F279
:10BB20009D30FCF7A9F9E9B204F29E30BDE8384037
:10BB3000FCF7A2B938BD072870B5164618D8B9B9B0
:10BB4000002A4FEA800000F65D2514BF0020022085
:10BB50002844FCF729F9002E4FEA002414BF0120E5
:10BB600003202844FCF720F9A4B2204380B270BD22
:10BB70000020FCE7072870B516461D4615D8A1B968
:10BB80008000002A00F65D2414BF00200220190A5C
:10BB90002044FCF771F9002E14BF01200320E9B204
:10BBA0002044BDE87040FCF767B970BDF8B5144695
:10BBB000002700F29D355618B44200D1F8BD6FF44D
:10BBC0006773EB18B3F5D86F06D22846FCF7ECF88C
:10BBD000207001350134EFE72770FAE770B514469D
:10BBE00000F29D355618B44200D170BD6FF46773F2
:10BBF000EB18B3F5D86F03D228462178FCF73CF94F
:10BC000001340135EFE740F2835070472DE9F047EA
:10BC100000F67D2806460F461446454640F28259F6
:10BC20004FF0000AA5EB08039BB2BB4201D3BDE86D
:10BC3000F08733444B4506D82846FCF7B5F820700A
:10BC400001350134EEE784F800A0F9E72DE9F84367
:10BC500000F67D2806460F461446454640F28259B6
:10BC6000A5EB08039BB2BB4201D3BDE8F883334484
:10BC70004B4503D828462178FCF7FEF801340135FE
:10BC8000EEE70023F0B55A2440F2835640F67D25B6
:10BC900085B0CDE9003302930393013C01D105B097
:10BCA000F0BD102E374628BF102729463A46684671
:10BCB000FCF7C8F83D44F61BEFE7000047F61643D3
:10BCC000984210B50C461BD1FAF732FD62790D4B44
:10BCD00072B100F0AA00002815BF01220022352011
:10BCE00029201A7001F04EF9FAF7E6FD002010BD88
:10BCF0001B78002B14BF3520292001F061F9F3E7F0
:10BD00000120F4E7E836002010B504464879002801
:10BD100000F01081A4F5E044A3B2222B34D8864869
:10BD2000013CFAF760FE212C23D8DFE814F0710003
:10BD3000F1007D003400390082003E00870096004B
:10BD40004D00E80052009B005700A000CE005C00B0
:10BD5000A500D7006300AC00B60043008C0048008B
:10BD600091006A00B100C300E200E6002E007700F7
:10BD7000FA00714A137843F0010313706E48FAF722
:10BD800034FEFAF7FDF8002010BD6B4A537843F0FB
:10BD900008035370F2E7684A137843F00203ECE7B4
:10BDA000654A137843F00403E7E7634A137843F0E6
:10BDB0000803E2E7604A537843F00103E9E75E4A8B
:10BDC000537843F00203E4E75B4A137843F010032F
:10BDD000D3E7594A137843F02003CEE7564A137845
:10BDE00043F04003C9E7FAF7CBF8534A137843F01E
:10BDF0008003C2E7504A137823F00C0343F00C038E
:10BE0000BBE74D4A537823F0030343F00303C0E735
:10BE1000494B1A786FF300021A70AFE7464B5A7815
:10BE20006FF3C3025A70A9E7434B1A786FF34102CC
:10BE3000F2E7414B1A786FF38202EDE73E4B1A7836
:10BE40006FF3C302E8E73C4B5A786FF30002E9E76F
:10BE5000394B5A786FF34102E4E7374B1A786FF3A6
:10BE60000412D9E7344B1A786FF34512D4E7324BFA
:10BE70001A786FF38612CFE7FAF782F82E4B1A780A
:10BE80006FF3C712C8E72C4A137823F00C0374E74A
:10BE9000294A537823F003037BE727490B78C3F340
:10BEA000800282F00102D2B262F3820362F3C30322
:10BEB0000B7063E720494B78DA4302F0010262F32A
:10BEC000000362F341034B7058E71B490B78C3F33F
:10BED000801282F0010262F38613E9E7FAF750F864
:10BEE00015490B78C3F3C01282F0010262F3C71345
:10BEF000DEE70120FAF783FD40E70020FAE70E496C
:10BF00000B78C3F3001282F0010262F30413CFE74F
:10BF100009490B78C3F3000282F0010262F30003C7
:10BF2000C6E705494B78C3F3C00282F0010262F311
:10BF3000C303C8E7012027E7B049002000EB400316
:10BF4000C3EB031300EB830003B2002B07DAB3F15A
:10BF5000800001D503F17F0040F30720704703F113
:10BF60008000F9E7164B1B78D90707D5154B1878D1
:10BF700040007F281FD800B3C0B270479A0703D58E
:10BF8000104B18788000F4E75B0703D50D4B187849
:10BF9000C000EEE70C4B1B785BB10C4A09491278E4
:10BFA00008789342F4D25843C000B0FBF2F080B25C
:10BFB000DFE70820E0E77F2070470120704700BFDF
:10BFC000F4360020EC0E0020F5360020ED0E0020A7
:10BFD000144B1B78D90705D5134B18788008F8B196
:10BFE000C0B270479A0703D50F4B18784008F6E7A0
:10BFF0005B0705D50C4B18787F28F0D97F20704758
:10C000000A4B1B7853B10A4A0749127808789342C1
:10C0100036BF584380B2B0FBF2F0EDE70120DFE716
:10C0200001207047F4360020F00E0020F636002084
:10C03000F10E0020CD2808B505D1FFF793FF40424F
:10C04000294BD87008BDCE2802D1FFF78BFFF7E748
:10C05000CF2805D1FFF786FF4042234B9870F1E7C8
:10C06000D02802D1FFF77EFFF7E7D92804D1FFF7E8
:10C07000AFFF1D4B1871E5E7DA2803D1FFF7A8FFE2
:10C080004042F6E7DB2805D1FFF7A2FF4042164BFE
:10C090005871D7E7DC2802D1FFF79AFFF7E700F1E4
:10C0A0002F03DBB2072B08D801230F4AD13803FA3C
:10C0B00000F0537818435070C4E7DD2805D10B4ACF
:10C0C000137843F001031370BCE7DE2804D1074A5C
:10C0D000137843F00203F6E7DF28B3D1034A13785D
:10C0E00043F00403EFE700BFEE360020F4360020F3
:10C0F000364BCD2893F902200AD193F90310002979
:10C100000CDA0021D97052B90021314A117006E0D1
:10C11000CE280DD193F903100029F2DC72B11A79FF
:10C120005B7913435AB2002B4FD12A4B1A707047D8
:10C13000CF2806D1002AF1DA00229A7093F9032061
:10C14000E1E7D02802D1002AF6DCE7E7D92893F905
:10C15000041004D10029E1DD00211971DEE7DA289D
:10C1600002D10029DADAF7E7DB2893F9051004D1C8
:10C170000029D3DA00215971D0E7DC2802D1002947
:10C18000F8DCCBE700F12F01C9B2072907D801215C
:10C19000D1388140587820EA01005870BEE7DD2888
:10C1A00005D10D48017821F001010170B6E7DE28C4
:10C1B00004D10948017821F00201F6E7DF28ADD16A
:10C1C0000548017821F00401EFE77047EE360020C2
:10C1D000F5360020F6360020F436002008B501F0D0
:10C1E00077F8094BDA7899780A431CBF074A108020
:10C1F0001A795B7913431CBF054B18800248BDE8D0
:10C20000084000F0E1BD00BFEE360020EA36002015
:10C21000EC360020062208B500210548F4F7ACFAF8
:10C220000023044A1370044A1370044A137008BDB3
:10C23000EE360020F5360020F6360020F4360020D9
:10C2400090F902305BB990F9033043B990F90430AA
:10C250002BB990F90500003818BF01207047012064
:10C260007047000037B5594C062221466846F4F75E
:10C2700091F900239DF80220A370E370237163718C
:10C280009DF8033013430AD0514B188800F098FFF3
:10C2900050490B783BB3504A127890422CDC9DF801
:10C2A00004209DF8053013430BD04C4B188800F048
:10C2B00087FF4B490B78002B4ED04A4A12789042A8
:10C2C00053DC6946414800F0B5FE18B93F48FFF716
:10C2D000B7FF08B1FFF782FF062269463B48F4F733
:10C2E00059F903B030BD0A253F4A12786A4390429B
:10C2F000D5DD01330B7001E0FF2BFAD19DF902501F
:10C300003DB1FFF72FFE002DCCBF0123FF23584383
:10C31000A0709DF903503DB1FFF724FE002DCCBF66
:10C320000123FF235843E07094F902000028B6D09F
:10C3300094F90320002AB2D0FFF700FE30B1A070BC
:10C340001046FFF7FBFD20B1E070A8E70123A370C2
:10C35000F6E70123E370A2E70A25244A12786A432C
:10C360009042AEDD01330B7001E0FF2BFAD19DF955
:10C3700004503DB1FFF72CFE002DCCBF0123FF235D
:10C38000584320719DF905503DB1FFF721FE002D66
:10C39000CCBF0123FF235843607194F904000028A7
:10C3A0008FD094F90520002A8BD0FFF7C7FD30B15C
:10C3B00020711046FFF7C2FD20B1607181E70123B3
:10C3C0002371F6E7012363717BE700BFEE3600209F
:10C3D000EA360020F5360020EB0E0020EC36002077
:10C3E000F6360020EF0E0020EA0E0020EE0E0020B0
:10C3F0004B4B4C4A2DE9F04113F80080C308D55C43
:10C40000494A00F00700D65C484A0541D75C06411E
:10C4100015F0010547FA00F00C4606F0010600F0A1
:10C42000010711D0E120F9F7C5FA002C6AD0404885
:10C430004FF47A72A4FB00030021002300F2E730DE
:10C44000F3F7D4FE02F037FB8EB1E620F9F7B2FA2B
:10C45000002C59D036484FF47A72A4FB0003002117
:10C46000002300F2E730F3F7C1FE02F024FB21467F
:10C470004046F9F721FB002C48D02D484FF47A7242
:10C48000A4FB00030021002300F2E730F3F7AEFE27
:10C4900002F011FB86B1E620F9F7D4FAC4B32448C0
:10C4A0004FF47A72A4FB00030021002300F2E7306E
:10C4B000F3F79CFE02F0FFFA85B1E120F9F7C2FA2A
:10C4C00044B31B484FF47A72A4FB000300210023FD
:10C4D00000F2E730F3F78AFE02F0EDFAF7B12C2014
:10C4E000F9F708FBC4B112484FF47A72A4FB0004B8
:10C4F0000023002100F2E730F3F778FEBDE8F041B9
:10C5000002F0D9BA01209DE70120AEE70120BFE784
:10C510000120CFE70120DFE70120EFE7BDE8F08150
:10C520006C160108EC1601084C1601085C1601088F
:10C53000A08601002DE9F84F304C0546A2FB04030C
:10C540000E46174600234FF47A72002100F2E730BE
:10C55000F3F74CFEA04681463046A84788B1012833
:10C5600047D13046A847012804460CD13046A84799
:10C57000F9F7C0FA002F3AD0484602F09CFA002C96
:10C58000EAD1BDE8F88F022804D13046A847F9F770
:10C5900011FAEFE7032804D13046A847F9F752FA19
:10C5A000E8E70428E6D13046A8474FF0000B0446E0
:10C5B0004FF00A0A124BE15C11F004010ED1BBF1FD
:10C5C000000F12D040F2E7304FF47A720023CBFB19
:10C5D0000801F3F70BFE02F06EFACBE73046A847EE
:10C5E000303C0AFB0B4B0446E4E70120F3E7012053
:10C5F000C3E73946FFF7FCFEAEE700BFA0860100A7
:10C60000410E0108F8B5144642791D469DF8187090
:10C61000284B92B11C7000F05BFE274B188004F190
:10C620002003DBB2072B44D8012004F00704A0400C
:10C63000C0B2BDE8F840F9F765BA1E78A6422ED11F
:10C640001D4B188800F0BCFDC72828D8AE4205F164
:10C65000200415D006F12003DBB2072B06D80120F9
:10C6600006F00706B040C0B2F9F755FAE3B2072B5F
:10C6700006D8012005F007039840C0B2F9F742FA46
:10C680003846E4B2F9F736FA072C12D8012005F043
:10C690000705A840C0B2BDE8F840F9F73CBA04F17C
:10C6A0002003DBB2072B04D8012004F00704A040CC
:10C6B000F0E7F8BDF7360020F83600200346A3F572
:10C6C000F843183B07B50846062B3BD8DFE803F0D4
:10C6D000171E0410252C330026230093E12347F670
:10C6E0001A411A46FFF78EFF002003B05DF804FBE5
:10C6F00027230093E52347F61B411A46F2E726233A
:10C70000E022009347F61841E123EBE72723E422D8
:10C71000009347F61941E523E4E72623E22200933C
:10C7200047F61C41E123DDE72723E622009347F685
:10C730001D41E523D6E72823E522009347F61E4155
:10C740000123CFE7487918B10022024B1A70CCE7D9
:10C750000120CAE7F736002047F67743984270B5C4
:10C7600006D047F67843984229D00124204670BD70
:10C770004C7994B100F02CF8F9F788FC00F028F817
:10C78000044600F02BF8054600F02EF82946024634
:10C790002046F9F789FD0024E8E700F019F8F9F7D9
:10C7A00081FC00F015F8054600F018F8064600F088
:10C7B0001BF8314602462846F9F776FDD6E74C7954
:10C7C00014B100F00BF8D7E700F008F8E7E7000035
:10C7D000014B1878704700BFF30E0020014B18780A
:10C7E000704700BFF40E0020014B1878704700BF5F
:10C7F000F20E002007B50DF107020DF106010DF153
:10C80000050000F05EFA9DF80530262B0CD19DF84E
:10C810000630092B08D19DF80700A0F115035842F6
:10C82000584103B05DF804FB0020FAE720B115225F
:10C830000921262000F05CBAFF2211461046F9E7D4
:10C840007047704710B50446FFF7FBFF2046BDE870
:10C85000104000F067BA08B500F032FA0020FFF788
:10C86000E5FF0020FFF7EEFFFFF79BF8FFF7F6F874
:10C87000BDE8084015220921262000F039BA08B584
:10C88000FFF7DEFF00F048FAFFF7DBFFFFF7B2FF2C
:10C8900018B9BDE80840FFF7DEBF08BDFEF74ABB88
:10C8A00008B50346487940B1A3F5EE427F2A03D884
:10C8B000D8B2FFF7DBF8002008BD0120FCE700003C
:10C8C0002123054820210370002343701D2383701A
:10C8D0000423C370F6F7C2BAF14A002022230548A8
:10C8E0002021037001234370002383700623C3704B
:10C8F000F6F7B4BAF14A002023230448202103703C
:10C90000002343708370C370F6F7A8BAF14A002081
:10C91000F8B547788678BB19442B07DDFD230F480F
:10C9200043702021BDE8F840F6F798BA092E07D8E1
:10C930000025C41CEBB29E4204F1030403D8F8BDE9
:10C94000FE230648ECE7781914F8013C14F8022C91
:10C9500014F8031CFCF792FC0135EBE7F14A0020C8
:10C9600008B50020FEF742FBFEF704FBFEF7E8FAED
:10C97000BDE808403320FEF739BB000027230348F9
:10C980002021037044234370F6F768BAF14A00206F
:10C99000282303482021037002234370F6F75EBA70
:10C9A000F14A0020FF23037070470020704710B544
:10C9B00003780446013B032B0BD8DFE803F0020B9E
:10C9C0001215FEF79FFB9623C0EB0020B0FBF3F09F
:10C9D000607010BDFEF7E6FA0028F9D0FEF728FBDC
:10C9E000F6E7FEF715FCF3E7FEF780FB6070FEF755
:10C9F00083FBA070EDE738B503780446013B032BB9
:10CA00002CD8DFE803F002111E23FEF76FFB05466A
:10CA1000FEF772FB9723627801465A43A8B2120AC6
:10CA2000BDE83840FEF744BB43781BB9BDE8384049
:10CA3000FEF7A0BAFEF784FA6078BDE83840FEF74A
:10CA4000D5BA4078BDE83840FEF7D2BB4578847847
:10CA5000FEF758FB214602462846E1E738BD03466B
:10CA600010F8022B082A05D0092A05D0072A05D17B
:10CA7000FFF7C1BFFFF79BBFFCF7BCBBFF221A70DB
:10CA8000704708B54378032B03D1BDE80840FFF792
:10CA9000E6BFFFF787FF08BD70B504460D46FFF7F8
:10CAA00084FF002840F00B812378013B272B00F204
:10CAB0008380DFE813F028004B007C0096009C0088
:10CAC000A800AB00AB00AB0081008100B000B40057
:10CAD000BA00C500D000D300D600E100EC00F5009C
:10CAE000810081008100810081008100810081003E
:10CAF0008100810081003200350038003B003F009A
:10CB0000420045004800002363700D23A3702946AE
:10CB10002046BDE87040F6F7A1B9FFF7D1FEF6E771
:10CB2000FFF7DCFEF3E7FFF7E7FEF0E72046FFF74D
:10CB3000EFFEECE7FFF714FFE9E7FEF75BFAE6E745
:10CB4000FFF71CFFE3E7FFF723FFE0E76378013B14
:10CB5000052B31D8DFE803F0030D101F302500F05E
:10CB600081FB030EA370030CE370030A2371607151
:10CB7000CDE700F0D1F8F4E7002322461946A67865
:10CB8000F0180B28C3D801330E2BD170117102F1AC
:10CB90000202F5D1BBE70023A370E3702371637138
:10CBA000B5E70023A370E37023710823F7E76378E8
:10CBB000022B04D0052B10D0FF232370A7E7E378C6
:10CBC000A07840EA0320237940EA0340637940EAF1
:10CBD000036000BAFFF736FE99E7A078FFF75EFE24
:10CBE00095E7E278A1786078FEF7D3FEBDE7627939
:10CBF0002379A17843EA02235BBAE27860789BB29A
:10CC0000FEF7C9FE83E7FEF7CCFE80E72946204603
:10CC1000FFF737FF7BE7FEF716FF607077E7FEF759
:10CC200014FF030A6370A07071E76078A378E1785D
:10CC300040EA032040BA221D80B2FEF70BFF66E7F0
:10CC40006078A378E17840EA032040BA221D80B2E0
:10CC5000FEF702FF5BE7FEF701FF58E7FEF797FEDE
:10CC6000DBE76078A378E17840EA032040BA221D30
:10CC700080B2FEF7D0FE4AE76078A378E17840EA18
:10CC8000032040BA221D80B2FEF7C7FE3FE7E278DC
:10CC9000A178003A18BF01226078FEF77EFE64E7B3
:10CCA00062792379A17843EA0223E2785BBA003AF9
:10CCB00018BF012260789BB2FEF771FE27E770BDB6
:10CCC000704770B50D461446064620B140F29930C3
:10CCD000FBF76AF8307025B140F29A30FBF764F840
:10CCE000287024B140F29B30FBF75EF8207070BDD5
:10CCF00038B50D461446014640F29930FBF7BCF8B2
:10CD0000294640F29A30FBF7B7F82146BDE8384093
:10CD100040F29B30FBF7B0B808B54FF46770FBF7F3
:10CD200043F808BDC1B24FF46770FBF7A5B8000027
:10CD3000014B1860704700BFFC360020014B18689B
:10CD4000704700BFFC3600207047704708B500F000
:10CD5000F1F9431E5842584108BD0000014B1870BC
:10CD6000704700BF0437002010B5F8F71FFC10B95A
:10CD7000064B187810BD064B18680028FAD00068DA
:10CD80000028F7D0BDE81040004700BF043700205E
:10CD9000FC36002008B5FFF7E7FF08BD034B1B6812
:10CDA00013B15B6803B11847704700BFFC36002021
:10CDB000044A126822B1926812B10621017010472C
:10CDC000704700BFFC360020044A126822B1D268C6
:10CDD00012B1022101701047704700BFFC360020DD
:10CDE0000B4B07B51A8882420FD01880094B1B687D
:10CDF0005BB11B694BB103228DF80500000A8DF869
:10CE000006008DF8042001A8984703B05DF804FBE4
:10CE100002370020FC3600200C4B07B51A888242EE
:10CE200010D018800A4B1B6863B11B6953B10422F0
:10CE30008DF80500000A8DF806008DF804200DEB32
:10CE40000200984703B05DF804FB00BF00370020E4
:10CE5000FC3600200E4B10B51C680234FFF776FF3D
:10CE600068B10C4B93F90030002B08DA0A4B1C68B0
:10CE70001E230234002023449C4202D110BD06230D
:10CE8000F8E714F8012B002AF6D00130C0B2F3E71E
:10CE9000D00D0020B0490020D40D002010B504466C
:10CEA00018B3FFF753FFB0B1124B93F90030002BCA
:10CEB00011DAEF2C4FEAD40217D80F4B04F0070415
:10CEC0001B6813449A78012303FA04F4224214BF26
:10CED0001846002010BD094B1B689A1C083312F835
:10CEE000011BA14203D09A42F9D10020F2E70120B0
:10CEF000F0E700BFB0490020D40D0020D00D002085
:10CF00004FF0FF32002330B5841C14F8015B8D42D2
:10CF10000ED0B2F1FF3F02D1002D08BF1A460133F7
:10CF2000DDB2062D5BB2F0D1531C01D010448170EC
:10CF300030BD002210B5831C083013F8014B8C4221
:10CF400008BF03F8012C8342F7D110BDEF294FEA47
:10CF5000D10308D81844012301F0070103FA01F1B5
:10CF60008378194381707047EF294FEAD10308D8BD
:10CF70001844012301F007018B40817821EA030165
:10CF80008170704710B50446FFF7E0FE214650B1AE
:10CF9000084B93F90030002B05DABDE81040064B32
:10CFA0001868FFF7D3BF054BBDE810401868FFF7BE
:10CFB000A7BF00BFB0490020D40D0020D00D002035
:10CFC00010B50446FFF7C2FE214650B1084B93F955
:10CFD0000030002B05DABDE81040064B1868FFF75B
:10CFE000C3BF054BBDE810401868FFF7A2BF00BFE4
:10CFF000B0490020D40D0020D00D002008B5FFF767
:10D00000A5FE68B1084B93F90030002B08DA1E2208
:10D01000064B18680021BDE808400230F3F7ACBBAE
:10D02000034B06221868F5E7B0490020D40D002014
:10D03000D00D002042784B789A421DD190F90230F1
:10D040001BB191F902209A4216D190F903301BB11D
:10D0500091F903209A420FD190F905301BB191F953
:10D0600005209A4208D190F9040030B191F90430BA
:10D07000181A18BF012070470120704782B002B013
:10D08000704707B50190FFF7F9FF03B05DF804FBA7
:10D0900007B500284FF0040214BF022301230649FC
:10D0A0000DEB0200CB70F3F775FA0198FFF7E9FF7B
:10D0B00003B05DF804FB00BFF50E002007B50422A5
:10D0C000032306490DEB0200CB70F3F763FA0198D6
:10D0D000FFF7D7FF03B05DF804FB00BFF50E00209B
:10D0E000FFF7D6BF07B50422012306490DEB020066
:10D0F000CB70F3F74FFA0198FFF7C3FF03B05DF869
:10D1000004FB00BFF50E0020FFF7ECBF07B50038A9
:10D1100018BF01200422064988700DEB0200F3F7C6
:10D1200039FA0198FFF7ADFF03B05DF804FB00BFCB
:10D13000F50E0020014B9878704700BFF50E0020D7
:10D1400007B50422054948700DEB0200F3F722FAF7
:10D150000198FFF796FF03B05DF804FBF50E002081
:10D16000014B5878704700BFF50E002007B5042228
:10D17000054908700DEB0200F3F70CFA0198FFF770
:10D1800080FF03B05DF804FBF50E0020044B33F87C
:10D19000102001238B401A4214BF01200020704749
:10D1A0000637002042B90123044A8B4032F81010A0
:10D1B00021EA030122F81010704700BF0637002053
:10D1C00010B5044600F084F8001B80B210BD10B505
:10D1D000044600F047F8001B10BD10B504461022AD
:10D1E0000021F3F7C9FA204610BD08B501F0D8FDBB
:10D1F000BDE8084001F058BA08B5F8F74CFBBDE8A7
:10D20000084040F2A46001F056BC08B5F9F7A6FA50
:10D21000F9F7BAFAFFF7F2FEFEF7FCFF0020FFF77E
:10D22000DFFD0020FFF7F8FDBDE80840F8F741BB3F
:10D23000302383F31188064BDA69064B1A6000230A
:10D24000054A1360054A136083F31188704700BFD5
:10D25000304B0020283700202037002024370020C2
:10D26000FFF7E6BF70B501F045FA124D124B1349B6
:10D27000DC692B680A68E41AA242114A0AD9A3F5AC
:10D280008333E03B2B6015680E4B04F583342B444D
:10D29000E034136016680C604FF47A7501F033FACD
:10D2A000002109480023E4FB0501084AF2F79EFF2C
:10D2B000304470BD28370020304B0020203700203C
:10D2C0002437002088598F029F860100A086010024
:10D2D00008B5FFF7C7FF80B208BD0000BFF34F8F4E
:10D2E0000549064BCA6802F4E0621343CB60BFF302
:10D2F0004F8F00BFFDE700BF00ED00E00400FA051E
:10D3000008B5024A024B1A60FFF7E8FFEFBEADDE38
:10D31000FC6F00200A4A08B552F8041C094B9942D8
:10D320000CD1002342F8043C83F31488064B1A689E
:10D3300082F3088862B65B689847FEE708BD00BFC5
:10D3400000700020EFBEADDE00E0FF1F08B5FFF764
:10D35000C5FF000083B5284D284E002301210DF1A3
:10D3600007008DF8073000F0FFF898B19DF80730FE
:10D370000F2B0FD802F0DCFB9DF80740012184F051
:10D3800010030DF107008DF8073000F0C9F820B93F
:10D3900002F0D4FB00F09AF8DEE70C236343E95C6B
:10D3A000EA1861B90C236343E81887687FB90C2336
:10D3B00003FB0454217999B902F0C0FBCDE75388EF
:10D3C0003068184400F0BEF80028EBD1E0E7EA5CD2
:10D3D0003168C38840880B4401441046B847E6E7EB
:10D3E000E3883068184400F09BF8044602F0A6FB7E
:10D3F000002CB2D1CEE700BF180E0020081501089E
:10D4000007B500F0C9F80023FF2200934FF49A619A
:10D41000034B044801F01CFB03B05DF804FB00BFA4
:10D4200055D300083037002000F0C6B873B5044665
:10D4300000F04CF8E0B20F288DF806003FD802F05B
:10D4400077FB01210DF106009DF8066000F068F8F9
:10D4500028B9002402F072FB204602B070BDFF2301
:10D4600001210DF107008DF8073000F06BF804463C
:10D470000028EED09DF806309DF8072083F01003B9
:10D480009A42E6D10C2373430E4DE95CEA1869B960
:10D490000C2303FB065529790029DBD00A4AEB88C7
:10D4A0001068184400F04EF80446D3E75388064A43
:10D4B0001068184400F034F80028E9D1C9E70024C6
:10D4C000CAE700BF180E00200815010873B5302404
:10D4D00084F31188114D00262B685B69003B18BF4F
:10D4E00001238DF8073086F311889DF807300BB9BA
:10D4F00002B070BD84F3118828680C3001F036FE4C
:10D5000086F311889DF8073084F311882B685B69D6
:10D51000003B18BF01238DF80730E4E7040F00201B
:10D5200070B50646064B0C4618680A460368314635
:10D53000DD694FF4FA63A847031B5842584170BD98
:10D54000040F002070B50646064B0C4618680A46C4
:10D55000036831461D6A4FF4FA63A847031B58421B
:10D56000584170BD040F002038B5064B0C461B68AF
:10D570001A6895680A4601461846A847031B584290
:10D58000584138BD040F002008B5F6F751FA08BD20
:10D5900008B5F6F74DFA08BD10B5054C2046FFF763
:10D5A000F7FF20680349BDE8104001F023BF00BF2A
:10D5B000040F0020FC0E002010B5054C2046FFF79C
:10D5C000E3FF20680349BDE8104001F013BF00BF2E
:10D5D000040F0020FC0E0020184B10B51C785CBB1B
:10D5E000012208211A701648224602F02DFD22461B
:10D5F0002021134802F028FD22461021104802F095
:10D6000023FD4FF47A7001F056FA41F68222082188
:10D610000B4802F019FD40F282222021084802F056
:10D6200013FD40F282221021054802F00DFD05484D
:10D6300001F02EFF044B1C7010BD00BF003C002009
:10D6400000040040D04E0020183C002010B50446D5
:10D650001C4801F085FF1C48037823B1194801F0EC
:10D6600082FF002010BD21684B1CF7D0E288002A01
:10D67000F4D0164B92001A826279032A05D8DFE8AB
:10D6800002F0021A1D1F0022DA600124047021F04A
:10D690000F0001F00F019960224604FA01F1586071
:10D6A00002F0D2FC0949074801F0E4FE054801F008
:10D6B000FDFE2046D6E74FF48002E5E78022E3E74F
:10D6C000034AE1E7D04E0020183C0020043C002033
:10D6D000800040001FB5ADF80A300123019001A879
:10D6E0008DF808108DF809200393FFF7AFFF05B000
:10D6F0005DF804FB1FB501218DF807000DF10F0344
:10D7000004480DF1070201F0F8FE9DF80F0005B086
:10D710005DF804FBD04E0020002307B50121064828
:10D720000DF107028DF8073001F009FF9DF80700A1
:10D7300003B05DF804FB00BFD04E002008B50246E0
:10D74000024801F0EBFE002008BD00BFD04E0020D3
:10D7500008B50246024801F0F2FE002008BD00BFF5
:10D76000D04E002010B5084C23783BB1074801F09B
:10D77000ABFE064801F08CFE002323700348BDE891
:10D78000104001F0F0BE00BF183C0020D04E002039
:10D790000E4B10B51A78BAB901220D4C1A702060E0
:10D7A00040F282324FF480610A4802F04DFC4FF49F
:10D7B0000061084840F2823202F046FC2146BDE892
:10D7C0001040054801F016BE10BD00BF193C0020F6
:10D7D000080F002000080040184C00204FF0FF31D7
:10D7E00008B5024801F0E6FCC0B208BD244C002098
:10D7F0000A464FF0FF330146014801F080BD00BFEB
:10D80000484C002008B5034801F019FE80F00100E3
:10D81000C0B208BD184C002070B590F844200446F2
:10D8200002F07F03212B51D112F0800F90F8453088
:10D830001DD0022B17D0032B05D0012B17D1BDE82B
:10D84000704000F065BD90F8483090F8495053EAB8
:10D8500005253BD1FFF76EFC334B25641870012082
:10D86000A363E06370BDBDE8704000F08BBE0A2B7F
:10D8700023D00B2B12D0092B28D194F8483094F8E0
:10D88000491043EA012323F00203FBB9274BA363AA
:10D890000223E363264B01202364E3E794F8483036
:10D8A00094F8492053EA022303D194F84600FFF785
:10D8B0002DFC0023A363E363EDE794F84700FFF733
:10D8C00055FC2046BDE8704000F084BE02F09F0287
:10D8D000812A18D194F84530062B14D194F84920A8
:10D8E000616894F848304D6843EA0223204694F872
:10D8F000472094F84610A84770B14368A3630368B3
:10D90000E3630023C7E703260A4DD5F89C302BB903
:10D91000013E05F1A805F8D10020A3E7204698476D
:10D920000028F5D09EE700BF243C0020283C0020C2
:10D930007DD9000874110020F8B50F4C0022234651
:10D9400043F8042F90F84B7090F8496090F84650D7
:10D9500090F84A2090F8481090F8470042EA0722D1
:10D9600041EA062145EA002000F020FA20606068C4
:10D97000002818BF2046F8BD1C3C0020034693F841
:10D980004A2093F84B30074942EA0323022B0878D8
:10D9900004D1012801D0062802D14878FFF7D0BB76
:10D9A000704700BF283C002010B5064A064C11788D
:10D9B00024784B1C03F00F039C421EBF034C1370D2
:10D9C000605410BD214B0020224B0020114B002041
:10D9D000084608B5052935D8DFE801F020340320D2
:10D9E0002035302383F31188214800F016FB2148AD
:10D9F00000F013FB204800F010FB204800F01DFB56
:10DA0000002383F311881E4B1B7813B10520FFF709
:10DA1000CBFF0220BDE80840FFF7C6BFFFF7C4FFF9
:10DA2000302383F31188124800F0D0FA114800F037
:10DA3000CDFA114800F0CAFA104800F0DBFA0023D2
:10DA400083F3118808BD302383F31188084800F060
:10DA5000DEFA084800F0DBFA074800F0D8FA074879
:10DA600000F0D8FA002383F311880520D2E700BF25
:10DA7000741100201C120020C41200206C1300201E
:10DA8000253C0020102208B500210448F2F774FE5E
:10DA90000023034A1370034A137008BD114B002082
:10DAA000214B0020224B002070B52A4D2A4C00212A
:10DAB00028782378294E984233D101B1207070BD67
:10DAC00001222370264B1A70264B93F84F10081E24
:10DAD00018BF0120FFF7F2FAE9E700222370204B7C
:10DAE0001A70FFF792FB1F4B93F84F10081E18BFD8
:10DAF0000120FFF7F5FADAE723701A4B93F84F107D
:10DB0000081E18BF0120FFF7C3FAD0E700212370D9
:10DB10000846F8E72370FFF7E5FA0120FFF7F6FA69
:10DB2000C5E71A46B25C0133012103F00F03052A51
:10DB3000C1D80FF2080C5CF822F000BF15DB00081A
:10DB4000B7DA0008F9DA00080DDB0008C1DA0008CE
:10DB5000DBDA0008214B0020224B0020114B002073
:10DB6000253C0020384F002070B50546184C204653
:10DB700000F0A6F904F1A806204600F0D1F93046DD
:10DB800000F09EF904F5A874304600F0C9F920466B
:10DB900000F096F920460F4C00F0C2F9204600F044
:10DBA000ABF9204600F0CCF9284602F017F92846D8
:10DBB00001F016FD41F2883000F07DFF284606494D
:10DBC00001F0FBFC2846BDE8704002F0E5B800BF5C
:10DBD000741100206C130020FC1601082DE9F0419F
:10DBE00004461E4D02F0FAF8204601F0F9FC05F15A
:10DBF000A808284600F0B3F9194E05F5A877404665
:10DC000000F0ADF9384600F0AAF9304600F0CAF944
:10DC100041F2883000F04FFF284600F051F92846C5
:10DC200000F07EF9404600F04BF9404600F078F9EC
:10DC3000384600F045F9384600F072F9304600F0F9
:10DC40005BF9304600F07CF92046064901F0B5FC4E
:10DC50002046BDE8F04102F09FB800BF74110020DB
:10DC60006C130020FC16010837B50023A825054CCD
:10DC7000009305FB004042F2107300F055FA03B028
:10DC800030BD00BF7411002010B50446FFF752FAF2
:10DC90002146BDE8104008220120FFF7E5BF0146FC
:10DCA00020220020FFF7E0BF014606220020FFF7F8
:10DCB000DBBF014603220020FFF7D6BF20290A461A
:10DCC00003D101460220FFF7CFBF704710B5084CC3
:10DCD00088B0002320226946204600F092FA08B955
:10DCE00008B010BD20216846FEF7D6FEF1E700BF60
:10DCF0006C130020FFF70EBB7047704708B5FFF7A5
:10DD0000F9FF01F0BDFEFFF7F7FF08BD08B501F010
:10DD1000D3FEFFF7F2FF08BDFFF7F6B908B5FFF72E
:10DD2000B1FE0448FFF720FFBDE8084041F288300B
:10DD300000F0C1BE384F00200148FEF7F9BF00BF18
:10DD4000100F0020FFF7B0BE00F094BB30B5144BAD
:10DD500085B01C7814BB012268461A70FFF73DFAA3
:10DD60002346104A104C04A901EB630111F8100C72
:10DD700002EB43010509655D00F00F008D70002581
:10DD8000205CCD70591C023302EB4101202B8870BE
:10DD9000CD70E8D1422313700323537005B030BD1A
:10DDA0006E3C00202A3C0020DA18010810B51C4601
:10DDB000030A032B0FD007D8012B30D0022B07D139
:10DDC0005B20184A226010BD212B19D0222B1ED0B7
:10DDD00000200246F6E7C0B20328F9D8DFE800F0D9
:10DDE0000205080B0420104AECE712200F4AE9E76D
:10DDF00010200F4AE6E7FFF7A9FF0E4A1078E1E787
:10DE00000229E5D80C4B092053F82120DAE7022932
:10DE1000DED80A4B53F82120094B585CD2E7122078
:10DE2000084ACFE727170108D8170108DC170108AF
:10DE3000F01701082A3C00200C17010818170108E8
:10DE4000241701088217010813B5446BD4F8882001
:10DE50001378042B13D1012394F88C1012898B4072
:10DE600013420CD1204601A901F07AF8024630B1E4
:10DE7000019B94F88C10D4F8880001F02DFC02B0BE
:10DE800010BD10B5026F04461378042B13D1012383
:10DE900090F8741052898B4013420CD100F0B5FFFA
:10DEA000024640B1E36994F87410206F043BBDE86A
:10DEB000104001F0FFBB10BD406BFFF7E2BF000058
:10DEC0001FB500F15C03C36490F8843013B100F116
:10DED00070030365074B01210193D0F89030D0F80F
:10DEE000982000930290D0F8943001F016F805B015
:10DEF0005DF804FB49DE00081FB500F15C03036513
:10DF0000064B01210193836FD0F88020009302908B
:10DF1000C36F00F058FF05B05DF804FBB9DE0008E0
:10DF2000302383F31188D0F8883090F88C2003EBED
:10DF300082039861002380F8A03083F31188704732
:10DF4000302383F3118890F87430026F093342F85C
:10DF50002300002380F8843083F31188704710B5C4
:10DF60003023044683F3118890F88C20D0F8883051
:10DF7000053203EB820300225A6001236FF0010196
:10DF8000037200F0D8FD204600F0DEFFD4F8A43084
:10DF900013B1DA681868904700F0D0FC002383F3CF
:10DFA000118810BD10B53023044683F31188012376
:10DFB0006FF00101037200F0BEFD204600F01AFF71
:10DFC00000F0BCFC002383F3118810BD012310B5C1
:10DFD000044603726FF0010100F0ADFD204600F031
:10DFE000B3FFD4F8A43023B1BDE81040DA68186854
:10DFF000104710BD012310B5044603726FF00101F4
:10E0000000F099FD2046BDE8104000F0F3BE00236B
:10E010000372704700230372704710B5044690F8EE
:10E020008C1000F13802D0F8880001F003FB204684
:10E0300000F08AFF0023237210BD10B5044600F0E3
:10E04000D9FE002320462372BDE81040FFF719BF18
:10E0500000EB8103F7B59C6905460E4684B3302377
:10E0600083F311880023226984F8A03063699A42FF
:10E0700001D1E368B3B905EB8603DB685B691B6814
:10E0800083B1D4F8A43053B101A9204600F068FF51
:10E09000D4F8A43001469F68019A1868B847204612
:10E0A00000F06CFF204601A900F05AFF024648B17B
:10E0B000019B3146284601F00FFB002383F31188B2
:10E0C00003B0F0BD05EB8603DB681A68022AF4D1C1
:10E0D0005A691268002AF0D01B8A013B1340ECD128
:10E0E00005F14402E5E701F1090210B550F82240BC
:10E0F000CCB1302282F3118800EB8103DB689B698D
:10E100005B6853B1236F94F87420204603EB8203BD
:10E11000DB689B69596800F082FE2046FFF7B1FE7C
:10E12000002383F3118810BD2DE9F84F1E460446E5
:10E130000F46924630239DF8285083F31188D0F87B
:10E1400088301B78042B05D0002585F311882846DC
:10E15000BDE8F88F90F8A03023B101364FF0FF36BC
:10E1600018BF0026002383F311884FF030094FF0C9
:10E170000108334652463946204600F03AFF8245B0
:10E180001CD989F3118894F8A0304FF0000B0028B7
:10E1900008BF43F001036FF0010184F8A03020466E
:10E1A00084F8088000F0C7FC204600F0CDFE84F81B
:10E1B00008B000F0C3FB8BF31188DAE7002DC6D15D
:10E1C000204600F05BFF0125C1E7302383F311886F
:10E1D000026943699A4210D1C36883B10123D0F820
:10E1E000882090F88C1012898B4013420CBF0120BC
:10E1F0000020002383F3118870470020F9E71846B8
:10E20000F7E738B514460546302282F31188026FCD
:10E210001278042A03D0002080F3118838BD90F8CA
:10E22000842022B101334FF0FF3318BF00230022B6
:10E2300082F311882246284600F02CFEB0FA80F3C3
:10E240005B0985F88430231A58425841E6E70000FC
:10E25000006810B440B1054C8264E469083040F8AD
:10E26000044C10BCF2F796B910BC7047304B00203C
:10E270000168134631B18A6C03F108009A640831D1
:10E28000F2F788B9704710B50446006840B1826C57
:10E2900000210830F2F770FA002223681A605A60F1
:10E2A00010BD000010B40C78082C0BD850F82400D6
:10E2B00040B1054C8264E469083040F8044C10BC5D
:10E2C000F2F768B910BC7047304B0020082913469C
:10E2D00009D850F8211031B18A6C03F108009A6412
:10E2E0000831F2F757B9704770B50026051F00F1E5
:10E2F000200455F8040F38B1826C00210830F2F781
:10E300003BFA2B681E605E60A542F2D170BD000032
:10E3100038B590F848300446022B1CD890F84610C7
:10E32000082918D80D4AD25C022A14D8A8200C4B10
:10E3300000FB0233D3F8A40060B10A4D43682A46BB
:10E340000068984705F10803A363AB6C0120E36301
:10E350000023236438BD0020FCE700BF70110020BB
:10E3600074110020A03E0020036843B191001960A1
:10E3700003490B78002A18BF43F001030B70704764
:10E38000EC3E0020006810B10068C0F387007047C1
:10E39000036870B50BB9002070BD302383F311887A
:10E3A000036800211C685B6881F31188002CF2D09F
:10E3B0004FF47A76074A0848D569084AED1AE5FB12
:10E3C00006010023F1F712FF84428CBF00200120D8
:10E3D000E2E700BF304B00209F860100A0860100CD
:10E3E0004B1E072B0BD850F8213043B19100196018
:10E3F00003490B78002A18BF43F001030B707047E4
:10E40000EC3E0020082906D850F8210020B1006811
:10E41000C0F387007047002070470000082970B5DE
:10E4200001D9002070BD50F82130002BF9D03023E5
:10E4300083F3118850F8213000211C685B6881F358
:10E440001188002CEDD04FF47A76074A0748D56939
:10E45000074AED1AE5FB06010023F1F7C7FE8442E7
:10E460008CBF00200120DDE7304B00209F8601009B
:10E47000A0860100404B2DE9F74F1B78002B47D0B9
:10E4800000242546DFF8F4803D4E08F1080AD6F84E
:10E49000A4B0BBF1000F34D0002C3CD101273023B5
:10E4A00083F31188F9B2DBF81430DBF80000019136
:10E4B00098474FF00009002818BF45F0010589F37F
:10E4C00011882F48FFF781FEC0B1DBF818300199A1
:10E4D000DBF80000984788B1302383F31188274A7E
:10E4E000DBF804300199DBF80000984789F31188C4
:10E4F00051464846D8F84820FFF7B6FB0137092FA8
:10E50000CDD10134032C06F1A806C0D11A4B1D70E1
:10E5100003B0BDE8F08F302787F311880021DBF8C6
:10E520001430DBF8000098474FF00009002818BFAE
:10E5300045F0010589F311883046FFF746FE0028B3
:10E54000DFD04946DBF81830DBF800009847002898
:10E55000D7D087F31188094A4946DBF80430DBF845
:10E560000000984789F311885146D8F84820E0B256
:10E57000FFF77AFBC5E700BFEC3E0020543E0020C9
:10E580007411002010B590F848300446022B19D8B9
:10E5900090F84610082915D80B4AD25C022A11D8E7
:10E5A000A8200A4B00FB0233D3F8A40048B143690A
:10E5B00000689847064B1870A36301200023E063AE
:10E5C000236410BD0020FCE77011002074110020AE
:10E5D000503E002010B590F848300446022B19D860
:10E5E00090F84610082915D80B4AD25C022A11D897
:10E5F000A8200A4B00FB0233D3F8A40048B10369FA
:10E6000094F847200068984700230120A363E36340
:10E61000236410BD0020FCE770110020741100205D
:10E6200010B5044C204601F0D9FB2046BDE810404F
:10E6300000F0D6BF384F0020024B1878031F584215
:10E6400058417047384F002070477047FEE7000080
:10E6500070B50825134C606823680146A268043B26
:10E660008A4219D8D31C1B1AC11E23F003038A4205
:10E6700038BF00231844E368C11EDA1C121A22F0C6
:10E680000302994288BF00220021F2F775F8013D8C
:10E6900004F11004DFD170BD53F8046F41F8046B2E
:10E6A000DEE700BFEC18010838B501230025074C50
:10E6B0002370656000F044FB0549064800F04CF902
:10E6C0000223237085F3118838BD00BF284B00203A
:10E6D00070190108304B002072B60322024BD86536
:10E6E000024B1A70FEE700BF304B0020284B002081
:10E6F00000F054B8EFF3118020B9EFF30583302216
:10E7000082F31188704710B530B9EFF30584C4F374
:10E71000080414B180F3118810BD00F00FF984F3E0
:10E720001188F9E7034A516853685B1A9842FBD88D
:10E73000704700BF001000E010B50A4C23699A68CA
:10E7400091420CD85A6881600360426010609A68F8
:10E750005860511A99604FF0FF33A36110BD1B68D8
:10E76000891AECE7304B00200361002310B410BC81
:10E77000C2604361FFF7E0BF036881689A680A449A
:10E780009A60426813605A6000234FF0FF320360C2
:10E79000014B9A61704700BF304B002070B5124D9D
:10E7A0002A46EB690133EB6152F8103F934206D0E1
:10E7B00030269A68013A9A602C69A36803B170BD4B
:10E7C000226861680A605160236083F311882046E3
:10E7D000E3682169984786F3118861690029EBD0C5
:10E7E0002046FFF7A9FFE7E7304B002000238268AF
:10E7F000037503691B6899689142FBD25A680360EC
:10E800004260106058607047002382680375036996
:10E810001B6899689142FBD85A6803604260106097
:10E820005860704708B50846302383F311880A7D85
:10E830000023052A06D8DFE802F00B050503120EB7
:10E84000826913604FF0FF338361FFF7CFFF00232E
:10E8500083F3118808BD826993680133936042682D
:10E86000036813605A60EDE7FFF7C0BF054BD96836
:10E8700008751868026853601A6001220275D86032
:10E88000F1F79EBC304B002030B50C4B0446DD68E0
:10E890004B1C87B00FD02B466846094AFFF764FF30
:10E8A0002046FFF7E3FF009B13B16846FFF764FFC4
:10E8B000A86907B030BDFFF7D9FFF9E7304B00205A
:10E8C00025E8000838B50C4D8161EB6881689A68CD
:10E8D0000446914203D8BDE83840FFF787BF184689
:10E8E000FFF792FF0123014623752046EC60BDE847
:10E8F0003840F1F765BC00BF304B0020044B1A686C
:10E90000DB6890689B68984294BF002001207047A4
:10E91000304B0020084B10B51C68D8682268536043
:10E920001A6001222275DC60FFF76EFF0146204667
:10E93000BDE81040F1F744BC304B0020044B1A688E
:10E94000DB6892689B689A4201D9FFF7E3BF704782
:10E95000304B002030BFFDE770B5002504461A4B50
:10E9600086B05860856201630E4600F0A3F904F199
:10E970001003236163614FF0FF33A361134BE56123
:10E98000D9692B460A462046C4E9082304F134011C
:10E9900080230F4A24606460A560E562E56500F0AD
:10E9A0001DF801230B4AE060037500927268684607
:10E9B0000192B268CDE90223074BCDE9043500F09E
:10E9C0003FF806B070BD00BF284B0020304B002040
:10E9D0007C1901088119010855E9000802228B60A1
:10E9E0004B62002308618A8208460B62CB61704744
:10E9F0008368C168A3F14C0243F81C2C026943F8F8
:10EA00004C2C42690C4843F8482C0C4A43F8180C2B
:10EA100043F82C2C022203F8142C002243F8201C6B
:10EA200003F8132C43F8041C43F8082C43F80C2C6F
:10EA3000A3F12800704700BF304B0020D10100082F
:10EA400008B5FFF7D5FFBDE80840FFF70DBF000090
:10EA500038B5302484F311882839441844F8243C0C
:10EA6000049B002544F8203C0A4BA4F1240144F8FF
:10EA7000043C0223A382084BE16020462946A260A1
:10EA8000236162622562E561FFF71CFF85F311884F
:10EA9000204638BDD1010008304B0020024BDB6816
:10EAA00098610F20FFF7E2BE304B0020302383F344
:10EAB0001188FFF7F3BF08B50146302383F31188AF
:10EAC0000820FFF7E1FE002383F3118808BD000052
:10EAD000054BDB6821B1036098610320FFF7D4BECA
:10EAE0004FF0FF30704700BF304B002003460068F6
:10EAF00020B100221A608161FFF7B6BE70470000A6
:10EB0000064BDB6839B1426818605A601360436095
:10EB10000420FFF7B9BE4FF0FF307047304B0020A4
:10EB200003460068834205D002681A605360816121
:10EB3000FFF79ABE704738B504460D4620688442F8
:10EB400000D138BD036823605C608561FFF78CFEEF
:10EB5000F4E7034610B51B68984203D09C688A68A6
:10EB60009442F8D25A680B604A601160596010BD37
:10EB700000230060406083607047000038B5816802
:10EB8000164B0446DD6891B92B6A8560C360286224
:10EB900038BD8B600B7D7BB1062B14D10B684A68A6
:10EBA000886913605A60FFF7D4FF8B699968AB6876
:10EBB0008A689A42EDD306E04A680B6808461360FB
:10EBC0005A60FFF751FE20462946FFF7C2FFAC61AD
:10EBD0000620BDE83840FFF749BE00BF304B00209B
:10EBE00008B5302383F31188FFF7C8FF002383F3B0
:10EBF000118808BD154A0346D16810B5302282F34A
:10EC00001188C26800680A6298421BD0486A82B9BB
:10EC10008860186802681A605360026A9860DA6057
:10EC20000362FFF721FEFFF789FE002383F31188BB
:10EC300010BD1468A24203D0A468A04238BF204689
:10EC4000D268E4E700238360EFE700BF304B002089
:10EC5000C3691943037DC1610A2B03D1836919423A
:10EC600005D170470B2B06D183698B4303D1002359
:10EC70008361FFF7F9BD704770B506460D4604681D
:10EC8000B44200D170BDE3682B43E36015B1236942
:10EC90001D4203D0A1686068FFF7DAFF2468EFE740
:10ECA000EFF30983203383F30988002383F311886A
:10ECB00070470000302080F3118862B60C4B0D4A7B
:10ECC000D96821F4E0610904090C0A43DA60D3F839
:10ECD000FC20094942F08072C3F8FC200A6842F027
:10ECE00001020A602022DA7783F82200704700BF11
:10ECF00000ED00E00003FA05001000E0302310B53D
:10ED000083F311880B4B5B6813F400630FD0EFF3B0
:10ED100009844FF08073203CE36184F30988FFF796
:10ED2000EDFD10B1044BA36110BD044BFBE783F371
:10ED30001188F9E700ED00E0E3010008E6010008B2
:10ED4000024B034A1A60034A5A607047904B0020F6
:10ED5000904F002000700020F0B50B4D0446D5E91F
:10ED60000067BB1B9A420CD8731E0B441A444942DD
:10ED700002EA01000444A74203D3A64201D82C6052
:10ED8000F0BD0020FCE700BF904B002008B5302309
:10ED900083F31188FFF7E0FF002383F3118808BD98
:10EDA00008B500F043FF01F041F900F000FB00F06E
:10EDB00055FB00F0F4FBFEF7A9FFBDE8084000F0AA
:10EDC00000B801F09BB90172002130B5039C0433F7
:10EDD00003FB0425C361049B00600363059B406043
:10EDE000C160426102618561046242628162C16206
:10EDF000436330BD0022416AC260416101618262A9
:10EE00006FF00101C262FFF796BE03694269934247
:10EE100001D1C2680AB9181D704700207047036904
:10EE20001960C26800210132C260C269134482695C
:10EE30000361934224BF436A0361FFF771BE38B593
:10EE400004460D46E3683BB162690020131D126859
:10EE5000A3621344E36207E0237A33B929462046CC
:10EE6000FFF74EFE0028EDDA38BD6FF00100FBE73A
:10EE7000C368C269013BC36043691344826943614B
:10EE8000934224BF436A436100238362036B03B14F
:10EE9000184770472DE9F84F04460E4690469946AC
:10EEA0004FF0300A8AF311880025AB46A76A4FB9A4
:10EEB00049462046FFF7C3FF20B187F31188284653
:10EEC000BDE8F88FE76AA16A7A1AA8EB05079742AE
:10EED00028BF1746402F16D930464022F1F75AFB7B
:10EEE000A36A40364033A3624035A26AE36A9A427D
:10EEF00002D32046FFF7BCFF8BF311884545DED2D5
:10EF00008AF31188D2E730463A46F1F743FBA36A09
:10EF10003E443B44A3623D44E7E710B5029C043302
:10EF20000172C36103FB042100238362C362039B5C
:10EF300000600363049B4060C460426102618161C0
:10EF400004624262436310BD026A6FF00101C26055
:10EF5000426A4261026100228262C262FFF7EBBD37
:10EF6000034640691A69824201D1DB681BB950F837
:10EF7000043B0B60704700231846FAE7C368C26978
:10EF80000133C360436900211344826943619342A2
:10EF900024BF436A4361FFF7C3BD38B504460D463D
:10EFA000E3683BB1236900201A1DA262E2691344A1
:10EFB000E36207E0237A33B929462046FFF7A0FD34
:10EFC0000028EDDA38BD6FF00100FBE70369196036
:10EFD000C268013AC260C269134482690361934204
:10EFE00024BF436A036100238362036B03B11847A4
:10EFF00070472DE9F84F04460E46904699464FF06B
:10F00000300A8AF311880025AB46A76A4FB94946F2
:10F010002046FFF7C2FF20B187F311882846BDE8DC
:10F02000F88FE76AA06A3A1AA8EB0507974228BF4B
:10F030001746402F18D931464022F1F7ABFAA36AA0
:10F0400040364033A3624035A26AE36A9A4204D351
:10F05000E16920460439FFF7B9FF8BF31188454574
:10F06000DCD28AF31188D0E731463A46F1F792FABA
:10F07000A36A3E443B44A3623D44E5E7302208B521
:10F0800082F31188816A29B103690439C91A01D050
:10F09000FFF79CFF002383F3118808BDF8B51546E0
:10F0A00082680B46AA428169066938BF8568761A6C
:10F0B000B54204460BD218462A46F1F76BFAA3690B
:10F0C0002B44A361A36828465B1BA360F8BD0CD941
:10F0D00018463246F1F75EFAAF1B3A46E168304413
:10F0E000F1F758FAE3683B44EBE718462A46F1F794
:10F0F00051FAE368E5E72DE9F041044615468368D7
:10F100002769934238BF856840690E463F1ABD4261
:10F110000BD22A46F1F73EFA63692B446361A36878
:10F1200028465B1BA360BDE8F0810CD93A46A5EBED
:10F130000708F1F72FFA4246E068F119F1F72AFAC9
:10F14000E3684344EAE72A46F1F724FAE368E5E78F
:10F1500010B50024C361029BC1608161416111440B
:10F160000060406084600161036210BDC2686FF09E
:10F1700001018261426100228260FFF7DCBC08B5B8
:10F1800082694369934201D1826882B982680132FF
:10F1900082605A1C426119700369426900219A42D7
:10F1A00024BFC3684361FFF7BBFC002008BD4FF0DC
:10F1B000FF30FBE770B5302304460D4683F311881A
:10F1C000A668A6B1A368A269013BA360531CA36112
:10F1D00015782269934224BFE368A361E3690BB108
:10F1E00020469847002383F31188284607E02946E4
:10F1F0002046FFF785FC0028E2DA86F3118870BD0F
:10F200002DE9F74F04460E4617469846D0F81C9055
:10F210004FF0300A8AF311884FF0000B154665B1A4
:10F220002A4631462046FFF739FF034660B941467A
:10F230002046FFF765FC0028F1D0002383F31188F6
:10F24000781B03B0BDE8F08FB9F1000F03D0019037
:10F250002046C847019B8BF31188ED1A1E448AF3A0
:10F260001188DCE7C361009BC16081614161114489
:10F27000006040608260016103627047F8B5044637
:10F280000D461646302383F31188A768A7B1A368FB
:10F29000013BA36063695A1C62611D702369626946
:10F2A0009A4224BFE3686361E3690BB12046984743
:10F2B000002080F3118807E031462046FFF720FC4C
:10F2C0000028E2DA87F31188F8BD8369426910B536
:10F2D0009A4201D182687AB9826800210132826043
:10F2E0005A1C82611C7803699A4224BFC3688361F7
:10F2F000FFF716FC204610BD4FF0FF30FBE72DE96D
:10F30000F74F04460E4617469846D0F81C904FF02B
:10F31000300A8AF311884FF0000B154665B12A4672
:10F3200031462046FFF7E7FE034660B941462046D6
:10F33000FFF7E6FB0028F1D0002383F31188781B48
:10F3400003B0BDE8F08FB9F1000F03D00190204663
:10F35000C847019B8BF31188ED1A1E448AF311886C
:10F36000DCE70C30FFF74CBF4FF0FF330C30FFF7FA
:10F3700047BF3030FFF7C3BF4FF0FF333030FFF7E8
:10F38000BEBF0C30FFF716BF4FF0FF310C30FFF758
:10F3900011BF3030FFF772BF4FF0FF323030FFF750
:10F3A0006DBF012914BF6FF013000020704700F0FB
:10F3B00055BF000037B5154602460B460C490446BA
:10F3C00042F8041B4260012200F1540102720090D5
:10F3D00080220C30FFF7BCFE2B468022009404F103
:10F3E000D40104F13000FFF73DFF03B030BD00BF92
:10F3F0008819010810B53023044683F3118800F002
:10F400004DFF02230020237280F3118810BD38B510
:10F41000436904460D461BB904210844FFF72CFC40
:10F42000294604F10C00FFF7AAFE002806DA201D89
:10F430004FF40061BDE83840FFF71EBC38BD3023F3
:10F4400083F311880023406983F31188B0FA80F0B8
:10F45000400970474FF0FF31FFF73ABB01F008B8A1
:10F460000123037000230C3040F8083C40F8043CB2
:10F47000FFF77EBB10B53023044683F3118841604B
:10F4800001F00CF802230020237080F3118810BDD6
:10F4900010B53023044683F3118801F073F800237C
:10F4A00001226360227083F3118810BD302383F33F
:10F4B0001188436899685A684FF480338B40936190
:10F4C000002383F311887047302383F31188436846
:10F4D00099685A6801238B409361002383F3118854
:10F4E000704710B5302484F311880324047001F0B0
:10F4F0008CF8002383F3118810BD38B504463025FD
:10F5000085F31188032504F8085B01F067F82046AD
:10F51000FFF7A0FF002383F3118838BD10B5302317
:10F52000044683F31188032304F8083B01F06DF8C7
:10F530002046FFF78FFF002383F3118810BD10B51D
:10F540003023044683F31188032304F8083B01F0B9
:10F5500074F82046FFF77EFF002383F3118810BD67
:10F560000C30FFF73DBB0C30FFF744BB10B5044631
:10F57000002101F01DFC0021204601F00BFC636816
:10F580001B6813B1062120469847A36823F0011396
:10F59000A3600023E363062384F8343010BD01F038
:10F5A0006DBA012303700023C36183620362C362E7
:10F5B0004362036343608360704738B50446302379
:10F5C00083F3118800254160C5600561456185614F
:10F5D00001F05AFA0223237085F31188284638BDBA
:10F5E00070B53023044683F3118801F065FA25468F
:10F5F00000260123666005F80C3B1C3455F8043BDB
:10F600007BB1586920B16FF001010C30FFF76EFA41
:10F6100055F8043C986920B16FF001010C30FFF7F8
:10F6200065FAA54245F8046CE8D1FFF787F986F33F
:10F63000118870BD70B500EB8103054650690E4618
:10F640001446DA6018B114220021F1F795F8A06988
:10F6500018B114220021F1F78FF831462846BDE891
:10F66000704001F047BAF8B504460027836800F1FE
:10F67000100503F00113836000F11C0655F8043BEC
:10F680007BB1586920B16FF001010C30FFF72EFA01
:10F6900055F8043C986920B16FF001010C30FFF778
:10F6A00025FAB54245F8047CE8D12046BDE8F8408B
:10F6B00001F0ACBAF0B4012500EB8104E46847899D
:10F6C000A4698D403D43458123600023A2606360AF
:10F6D000E360F0BC01F00CBBF0B4012500EB810449
:10F6E000E468078964698D403D43058123600023F8
:10F6F000A2606360E360F0BC01F01ABB2DE9F04149
:10F700000223002504464FF030080370C564C5632A
:10F71000856000F10C0600F11C0756F8043BABB104
:10F7200088F3118856F8043C586920B16FF0010144
:10F730000C30FFF7DBF956F8043C986920B16FF004
:10F7400001010C30FFF7D2F985F31188BE4246F86B
:10F75000045CE2D1204684F8345001F039FA636841
:10F760001B6823B12046BDE8F04100211847BDE8E1
:10F77000F081F8B503780446052B29D080F8503085
:10F780000523037043681B680BB1042198470026CA
:10F790003027A66004F10C051C3455F8043BABB1CE
:10F7A00087F3118855F8043C586920B16FF00101C6
:10F7B0000C30FFF79BF955F8043C986920B16FF0C5
:10F7C00001010C30FFF792F986F31188A542E4D1CC
:10F7D000F8BD0178052906D190F8502043680270E1
:10F7E0001B6803B11847704770B590F83430044671
:10F7F0003BB1836823F0011383600023C36380F867
:10F8000034300021204604F1440201F055FA6368C7
:10F810009B684BB994F8443013F060052BD0204618
:10F82000BDE87040FFF7A2BE204698470028F1D0FF
:10F8300094F84B2094F84A3043EA0223E26B9A4250
:10F8400088BFE36394F94430E16B002B80F20281BE
:10F85000002900F0F780092384F83430302383F343
:10F86000118800212046E36BA26BFFF735FF0023D0
:10F8700083F3118870BD94F8452003F07F0343EAB9
:10F88000022340F20232934200F0C98021D8B3F53E
:10F89000807F4CD00DD8012B43D0022B00F09780F5
:10F8A000002BBCD104F14C02A2630222E263236468
:10F8B000BEE7B3F5817F00F09F80B3F5407FAED106
:10F8C00094F84630012BAAD1B4F84C3043F002032F
:10F8D00036E0B3F5006F51D01BD8B3F5A06F35D02B
:10F8E000A3F5C063012B9AD894F84920616894F875
:10F8F00048304E6843EA0223204694F8462094F8A4
:10F900004710B04700288AD04368A3630368E363C5
:10F910001AE0B3F5106F36D040F6024293427FF4FE
:10F920007EAF544BA3630223E3630023BFE794F845
:10F930004630012B7FF473AFB4F84C3023F0020350
:10F94000A4F84C30A563E563256471E7B4F844304E
:10F95000B3F5A06F0ED194F84630204684F84E30AF
:10F9600001F0C0F863681B6813B101212046984775
:10F97000032323700023A363E36398E704F14F0399
:10F98000A3630123C3E72378042B10D1302383F32F
:10F9900011882046FFF767FE85F31188032163680D
:10F9A00084F84F5021701B680BB12046984794F89B
:10F9B0004630002BDED084F84F3004232370636878
:10F9C0001B68002BD6D0022120469847D2E794F836
:10F9D000483020461D0603F00F010AD501F050F90A
:10F9E000012804D002287FF41AAF234B9AE7234B57
:10F9F00098E701F029F9F3E794F84630002B7FF4FB
:10FA00000EAF94F8483013F00F01B3D01A06204619
:10FA100002D501F0E5F9ADE701F0D6F9AAE794F8CF
:10FA20004630002B7FF4FBAE94F8483013F00F0102
:10FA3000A0D01B06204602D501F0BAF99AE701F0E2
:10FA4000A9F997E71423204684F83430BDE87040C4
:10FA500001F042B961B1152384F83430302383F3C7
:10FA6000118800212046E36BA26BFFF723FEFEE620
:10FA70000B23E8E7B4190108B0190108B21901080D
:10FA800008B500F0D5F80B4B9A6C42F020029A644E
:10FA90009A6C9A6C42F040029A649A6C9A6C42F0AA
:10FAA00080029A649A6C9A6C42F480729A649B6C9D
:10FAB00008BD00BF000C01407047002070471623AE
:10FAC00003604FF0FF3070471846704700207047C2
:10FAD00008B51346002158221846F0F74DFE4FF4A2
:10FAE00000524260002008BD0120704710B500227E
:10FAF000044608460121FFF749F918B90C234FF0D5
:10FB0000FF30236010BD000008B50248FEF7E4FD99
:10FB1000F0F704FDB619010808B50248FEF7DCFD50
:10FB2000F0F7FCFCBB19010801207047704700008A
:10FB30000148FFF755B800BFF41300200148FFF754
:10FB400059B800BFF41300200122090100F16043FD
:10FB500003F56143C9B283F8001300F01F039A4014
:10FB600043099B0003F1604303F56143C3F880211F
:10FB70001A607047012200F01F039A4043099B005E
:10FB800003F1604303F56143C3F88020C3F880218B
:10FB9000002300F1604000F5614080F800337047B9
:10FBA000090100F16040C9B200F56D40017670476F
:10FBB00017498A68022A12D0032A26D0154B164903
:10FBC000012A08BF0B46124A926902F07F020132F5
:10FBD00052080132B3FBF2F3104A13607047104A27
:10FBE0000B68526F49686FEA921201290CBF0A49EB
:10FBF0000C4902F0030203324A4303F01F030133AE
:10FC00005B080133B2FBF3F3DDE7074BDBE700BF33
:10FC1000000C014000127A00006CDC020414002089
:10FC2000000401400048E801001BB700FFF7C0BF17
:10FC300013B50C20032440F2BE71314B314A9C6253
:10FC4000D862C2F8941000219962D9629C62D8628D
:10FC50008020C3F81C0CD3F81C0CC3F81C0C0091BA
:10FC600001914FF40141C3F8481C4FF6FC71A3F514
:10FC7000744319630F2119600223136501234BF6A6
:10FC80008031D364936D03F001030193009B013332
:10FC90000093019B13B9009B8B42F3D1019B03B9E5
:10FCA000FEE7194B19498024C3F800140021A3F57D
:10FCB000884399611C62196A0120196220215860E9
:10FCC00019601968196019680143196054679067D1
:10FCD000D16F0329FCD102229A6001220021DA604F
:10FCE000074A9162D1629A6C42F400429A649A6C1B
:10FCF000DA6C42F40062DA64DB6C02B010BD00BF63
:10FD000000000140000401400050014013000003C6
:10FD1000134B834223D1134B02201A6C124942F435
:10FD200080721A641A6C42F002021A64D3F88820B6
:10FD300042F00202C3F88820D3F8882022F00202A1
:10FD4000C3F8882001225A63DA670864DA66082259
:10FD50005A615A695A615A6942F001025A61704700
:10FD6000384F0020000C0140004C0140084B8342FA
:10FD70000CD1084B5A6902F008025A6100225A61FC
:10FD8000DA66DA671A6C22F002021A64704700BF62
:10FD9000384F0020000C01400F4A936C43F400439D
:10FDA00043F0200393644FF080436FF4C0521A6312
:10FDB0004FF07072DA624FF020721A6000225A60BF
:10FDC0009A60DA604FF44C325A62012203F5A03394
:10FDD0005A700722DA727047000C01400E4A6FF425
:10FDE0008051936C43F4004343F0200393644FF03D
:10FDF00080436FF4C0521A6300221A609A60DA607E
:10FE000019634FF0807119604FF4805159605A6244
:10FE10004FF080529A617047000C014010B5074CBA
:10FE20006369DB0704D5064A13680BB1506898472D
:10FE300001236361BDE81040FEF760BF0018004079
:10FE4000984B002010B5074C63699B0704D5064A00
:10FE500093680BB1D068984702236361BDE81040F6
:10FE6000FEF74CBF00180040984B002010B5074C1F
:10FE700063695B0704D5064A13690BB1506998475B
:10FE800004236361BDE81040FEF738BF001800404E
:10FE9000984B002010B5074C63691B0704D5064A30
:10FEA00093690BB1D069984708236361BDE810409E
:10FEB000FEF724BF00180040984B002010B5074CF7
:10FEC0006369DB0604D5064A136A0BB1506A98478A
:10FED00010236361BDE81040FEF710BF001800401A
:10FEE000984B0020164B10B55C69A30604D5154A43
:10FEF000936A0BB1D06A9847600604D5114A136B18
:10FF00000BB1506B9847210604D50E4A936B0BB189
:10FF1000D06B9847E20504D50A4A136C0BB1506CBC
:10FF20009847A30504D5074A936C0BB1D06C98474A
:10FF3000BDE810404FF47872014B5A61FEF7DEBE07
:10FF400000180040984B00201A4B10B55C69620500
:10FF500004D5194A136D0BB1506D9847230504D58C
:10FF6000154A936D0BB1D06D9847E00404D5124A41
:10FF7000136E0BB1506E9847A10404D50E4A936ED0
:10FF80000BB1D06E9847620404D50B4A136F0BB1C6
:10FF9000506F9847230404D5074A936F0BB1D06F75
:10FFA0009847BDE810404FF47C42024B5A61FEF77F
:10FFB000A5BE00BF00180040984B0020062108B5E0
:10FFC0000846FFF7C1FD06210720FFF7BDFD06210A
:10FFD0000820FFF7B9FD06210920FFF7B5FD06212E
:10FFE0000A20FFF7B1FD06211020FFF7ADFDBDE8A7
:10FFF000084006212120FFF7A7BD08B50620FFF71E
:020000040801F1
:10000000B9FD0720FFF7B6FD0820FFF7B3FD092073
:10001000FFF7B0FD0A20FFF7ADFD1020FFF7AAFDA6
:10002000BDE808402120FFF7A5BD000000231946C8
:10003000044A0133102B1160516002F10802F8D11B
:10004000704700BF984B0020C9434FF05533016300
:1000500002F003015943016042F380014160C2F3A1
:10006000C10159438160C2F341115943C160C2F3D8
:10007000C1214B43C3624FF01133C2F3C3125A4341
:1000800002624262704700001A4B70B59C6C0F26EA
:1000900044F4C0649C649B6C012301F003048B4016
:1000A00021F0030101F1804101F5A0518D68A40008
:1000B000C0F38320A04006FA04F425EA040528438F
:1000C0008860D8430C4912F0010F8C6814BF1C43A0
:1000D00004408C6012F0020FCA6814BF1A43024039
:1000E000CA60054A536111680B43136053680340AB
:1000F000536070BD000C0140001800404FF0E02339
:1001000040F2BF325A6100229A61072208210B2077
:100110001A61FFF745BD08B5302383F31188FEF758
:10012000E7FA002383F3118808BD08B5FFF7F3FF52
:10013000BDE80840FEF7E2BD024A536843F00203FF
:100140005360704700380040024A536843F002038E
:100150005360704700840040F8B5D0F854610546FC
:100160007369D806DCB20AD5302383F311884FF4C3
:100170008061281DFEF780FD002383F31188302362
:1001800083F311882F1D14F00F032FD183F31188EF
:100190007368980714D5A10612D5302383F311880C
:1001A000E818FFF792F8002841DA0821281DFEF729
:1001B00063FD736823F002037360002383F31188E7
:1001C00073689A0711D563060FD5302383F311881E
:1001D0006A6CAB6C9A4205D1AB6B1BB11021281D28
:1001E000FEF74AFD002383F31188F8BD14F0020FD7
:1001F00014BF4FF480710021620748BF41F0200115
:10020000230748BF41F0400114F00104384618BFED
:1002100041F08001FEF730FD33682CB195F858119C
:1002200028461940FFF7F3F87469E4B2ABE7306091
:10023000C3E7000008B50348FFF78EFFBDE808409C
:10024000FEF75CBD744D002008B50348FFF784FF3E
:10025000BDE80840FEF752BD184C002010B5094C0F
:1002600000212046084AFFF7A5F8084B0021C4F8F2
:100270005431074C074A2046FFF79CF8064BC4F858
:10028000543110BD744D0020390101080038004080
:10029000184C0020490101080084004038B5374D52
:1002A000037A002918BF0D46012B044635D1344B83
:1002B000984217D1334B0A219A6C1E2042F4804297
:1002C0009A649A6CD3F8902042F48042C3F890204C
:1002D000D3F8902022F48042C3F89020D3F89030D5
:1002E000FFF732FC284B9C4217D1264B0821DA6CD1
:1002F000202042F00802DA64DA6CD3F8942042F04D
:100300000802C3F89420D3F8942022F00802C3F81E
:100310009420D3F89430FFF717FCD4F85431E979DE
:100320001A6902F050020A4329681A614A0802F168
:10033000B76202F55842B2FBF1F202F00F01C3F8C6
:10034000C0108021D960C2F3071119600021C2F3E7
:1003500007325A60D96068792A790243A879024342
:10036000DA600122C3F89C10C3F898205A6842F062
:1003700005025A60FF2384F8583138BDC0190108BE
:10038000744D0020000C0140184C002070B504464C
:10039000C5692E6BC26A6B6A9A4234BFC36A6B6AC4
:1003A000013B30D2E36A002B39D1EB620223237088
:1003B00063681B680BB120469847302383F311888C
:1003C000002104F10800FEF791FB002383F311885C
:1003D000F30717D5286A228E666AE36A616AD31A20
:1003E0003344121A934228BF134699424FF6FF71C5
:1003F00038BF636A013B1BD2636A1BB9EB6A23F007
:100400000103EB6270BD296EE26A013AE262A26A00
:10041000002AC5D01170A26A0132A262C0E7E26A66
:10042000EB699A429EBFE36A03F1FF33EB61CFE7CA
:10043000626A013A6262226A0AB92966DAE712F848
:10044000010B28662262D5E708B50348FFF79EFF37
:10045000BDE80840FEF752BCD04E002008B5034866
:10046000FFF794FFBDE80840FEF748BC044F0020AA
:1004700010B5064C2046FEF7F3FF054BE361054C33
:100480002046FEF7EDFF044BE36110BDD04E002087
:1004900000300040044F00200090004010B5037869
:1004A0000446012B45D1344B98421FD1334B0A21CE
:1004B0009A6C1A2042F480529A649A6CD3F8902075
:1004C00042F48052C3F89020D3F8902022F4805256
:1004D000C3F89020D3F89030FFF736FB6268E369E9
:1004E000128A5A611A6942F001021A61244B9C4235
:1004F0001FD1224B0921DA6C1B2042F01002DA6472
:10050000DA6CD3F8942042F01002C3F89420D3F8A8
:10051000942022F01002C3F89420D3F89430FFF70F
:1005200013FB6268E369128A5A611A6942F0010298
:100530001A616168E269CB8989890B4343F007033B
:100540009BB21360238E4BB9012393619169994249
:100550000DD10133B3F5807FF7D12386002393615A
:10056000D361D36A23F0FF03D362936C10BD012BD8
:1005700008BF0023F1E700BFD04E0020000C01406F
:10058000044F002010B503780446022B1FD100222F
:10059000C3699A60DA6A22F0FF02DA629B6C0C4B44
:1005A000984208D11A20FFF7E5FA0A4B9A6C22F418
:1005B00080529A649B6C084B9C4208D11B20FFF729
:1005C000D9FA044BDA6C22F01002DA64DB6C10BD4D
:1005D000D04E0020000C0140044F002010B50C4606
:1005E00091B18362038E4162C1625908A14228BF62
:1005F0002146C369026299610139D961DA6A42F020
:100600001102DA6201229A6010BD10B50C4699B150
:1006100000238362038E4162C1625908A14228BF50
:100620002146C369026299610139D961DA6A42F0EF
:100630001102DA6201229A6010BD10B50C4699B120
:1006400000230362038E4162C1625908A14228BFA0
:100650002146C369826299610139D961DA6A42F03F
:100660001102DA6201229A6010BD000010B590F804
:1006700034300446B3B1063BDAB20F2A11D80F2B3F
:100680000FD8DFE803F00F0E0E080F0F0E0E0E0E40
:100690000E0E0E0E0F0F036C03B19847002384F863
:1006A000343010BD00216022064B99735A7499733F
:1006B0005A7463681B6813B10621204698470623C5
:1006C000EDE700BF0040014090F8342010B5152A36
:1006D00004460CD8012393400C4A134208D19B02D4
:1006E00005D5036C03B19847002384F8343010BD5E
:1006F00000216022064B99735A7499735A744368A7
:100700001B680BB1062198470623EEE7410E100047
:10071000004001400146F8B5284C861C04EB8603D6
:100720005F682748BB698173027DD20739D5254AA6
:100730009D68817390F817E002EB810C827D42EA9C
:100740000E22A81885422DD19868104498605868E8
:10075000104458601868801A1860188A013880B2EE
:1007600018827B8A934200D808BB012303FA01F266
:10077000638923EA0203638104EB86035B68DB6819
:100780000BB10E489847302383F3118804EB86049D
:100790006368986941680C30FEF7A8F9002383F379
:1007A0001188F8BD9CF800E005F801EBCAE7044A9F
:1007B000137D03F0FE031375F3E700BF384F0020ED
:1007C0000040014020400140F8B5214C871C04EB5B
:1007D00087035E680146726950681568A84219D39C
:1007E000012303FA01F2238923EA02032381B36878
:1007F0000BB120469847302383F3118804EB87041C
:100800006368002158690C30FEF770F9002383F308
:10081000118817E00F4B9973136918445060281A18
:10082000DED0348A844228BF0446906814610344B1
:100830000948936000EB81001C44A34203D10122CC
:10084000044B5A74F8BD13F8012B0270F5E700BF92
:10085000384F002000400140204001402DE9F04188
:10086000844B9B799C07DFB202D58348FEF7B1FF2A
:10087000780702D58048FEF741FF390713D57E4C33
:100880006368DB6823B97B4AD37A03F0F703D3723A
:100890002378052B02D17848FEF79BFF6368DB685D
:1008A0000BB175489847734B9A781D7902F0FF0693
:1008B000EDB252B9002D3AD1FB0702D56E48FEF7D2
:1008C00058FFBDE8F041FEF719BAF20720D5002223
:1008D000694CE0689A7393F811C01CF0040F5FFA3A
:1008E0008CF11CBF5A7484F83420CB0605D58022C5
:1008F000604B5A74002384F8343094F834300BB1D0
:10090000062B24D1CC0703D5436800215A489847C9
:10091000B20702D50120FFF757FF730702D5022067
:10092000FFF752FF340702D50320FFF74DFFA8075A
:1009300002D50120FFF7EEFE690702D50220FFF77E
:10094000E9FE2A07B8D50320FFF7E4FEB4E7092B38
:100950004CD1DFF820C19CF81130DAB213F0020359
:10096000D6D102F01102112AD2D042698CF80E3091
:1009700051681369D2F800E019445160BEEB0101DF
:10098000B0F8108016D0414528BF414694681161E7
:10099000234493605A18934207D1038A99422CBF8B
:1009A00002210A218CF81110B2E713F8014B8CF8E0
:1009B0002040F0E7434504D10A238CF8113011613F
:1009C000A6E7238923F00103238183680BB12A481A
:1009D0009847302383F311880021E36858690C306D
:1009E000FEF784F8002383F3118891E7152B8FD14C
:1009F000DFF880E09EF81130D90789D5002283699D
:100A0000D3F808C08EF80E209EF81620D1B26244AA
:100A1000944527D19A680A449A605A680A445A60F1
:100A20001A68521A1A601A8A013A92B21A82438AD2
:100A30008B424FF000010F4B997300D8BAB948228E
:100A40005A74638923F001036381E368DB6813B19F
:100A5000002109489847302383F31188E368986997
:100A60004168BCE79EF820800CF8018BD0E740225B
:100A70005A744DE700400140384F00200148FEF70E
:100A800090BD00BF384F002010B50478012C0ED166
:100A9000074AC260FFF73CF90022064B0D21DA72CB
:100AA000DC715A720E20BDE81040FFF74DB810BD42
:100AB000C81901080040014010B503780446012B15
:100AC0000CD00E20FFF756F80022054B2046DA72B4
:100AD000DA715A72BDE81040FFF748B910BD00BF87
:100AE0000040014090F84E20014B1A70704700BF43
:100AF0000040014000EB8100344BC26801F00F015F
:100B000010B59973106800F00300002956D0022830
:100B10002CD003282AD0012827D153690BB9936917
:100B20001BB3E020294B9874108AC0F3C7001874D7
:100B3000402058740820587458740120DC7900FA59
:100B400001F149B241EA0400C0B2D871C020587521
:100B5000528AC2F3C702DA7480221A7510221A75FB
:100B60001A755A7A1143C9B2597210BD506980B1D1
:100B700000209874108AC0F3C7001874402058747D
:100B80000820587458740120DC7988402043C0B292
:100B9000D8719369002BE8D000200C4B5875528A0D
:100BA000C2F3C702DA7480221A7510221A751A75F8
:100BB0000122587A02FA01F10143D4E70028D4D186
:100BC000DA7942F00102DA71CFE700BF004001405C
:100BD000002208B50B4BDA715A724268D2681AB11A
:100BE000DA7A42F00802DA72074B0021C360FFF79D
:100BF00081FF0122034B5A70DA7A42F00102DA7265
:100C000008BD00BF00400140C819010870B50D4B78
:100C10000021DA79402602F00102DA71082401226B
:100C20008025102059729A730132D2B2042A997425
:100C30005E745C745C7459751D7518751875F2D105
:100C400070BD00BF004001400C4B01F00F029A73D1
:100C500041B95A7C52070ED4D87910F0010018BF60
:100C600002207047187D10F0200004D15B7A1341F8
:100C700013F0010FF3E70120704700BF004001406F
:100C80000C4B01F00F029A7341B95A7C52070ED4F3
:100C9000D87910F0010018BF02207047587C10F07E
:100CA000100004D1DB79134113F0010FF3E70120A9
:100CB000704700BF0040014001F00F03054901EB00
:100CC000830102F10803087802F8010B9342FAD17C
:100CD000704700BF204001404822044B01F00F0143
:100CE00099735A74002380F83430704700400140F3
:100CF00010B501F00F0400EB8101CB6899690A6817
:100D000072B1588A1318013BB3FBF0F39BB20B820C
:100D1000064B9C7334B11A7D02F0FE021A7510BDA9
:100D20000123F4E740225A74F9E700BF0040014074
:100D300000EB810311F00F0170B508BF4025DC689E
:100D400008BF124B626904BF99735D74238A1568EA
:100D50000F4CAB4228BF2B461361926804EB810411
:100D6000D518AA4205D1094A917331B101235374B0
:100D700070BD12F8016B2670F3E7517CC168098AD7
:100D80008B422CBF02230A23F1E700BF0040014041
:100D900020400140054B01F00F01997311B1202251
:100DA0001A75704760225A74704700BF00400140B6
:100DB000044B01F00F01997311B110225A7470475E
:100DC0006022FBE700400140044B01F00F019973E2
:100DD00011B180221A757047597470470040014064
:100DE000044B01F00F01997311B140225A747047FE
:080DF0005974704700400140F6
:100DF800000000B400B4801400000040010000406E
:100E08000200004003000040040000400D080040BC
:100E18000C0400400D0400400E0400400608004089
:100E2800070800400808004009080040040800407E
:100E38000508004000FF96000020202020202020E8
:100E48002020282828282820202020202020202072
:100E58002020202020202020208810101010101082
:100E680010101010101010101004040404040404CE
:100E78000404041010101010101041414141414168
:100E8800010101010101010101010101010101014A
:100E9800010101011010101010104242424242425A
:100EA800020202020202020202020202020202021A
:100EB80002020202101010102000000000000000C2
:100EC800000000000000000000000000000000001A
:100ED800000000000000000000000000000000000A
:100EE80000000000000000000000000000000000FA
:100EF80000000000000000000000000000000000EA
:100F080000000000000000000000000000000000D9
:100F180000000000000000000000000000000000C9
:100F280000000000000000000000000000000000B9
:100F3800000000000000000000000000040C002079
:100F48000000000000000000000000000000000099
:100F58000000000000000000000000000000000089
:100F68000000000000000000000000000000000079
:100F78000000000000000000000000000000000069
:100F88000000000000000000000000000000000059
:100F98000000000000000000000000000000000049
:100FA8001B1A191817161D1E1F2000000000FF002D
:100FB800FF55FFAAFF2BFFBFFF6A01010008004091
:100FC80001080040020800400308004006000040F5
:100FD8000A0400400B040040FFFFFFFFFFFFFFFF74
:100FE8000C0400400D0400400E04004006080040B8
:100FF80007080040080800400908004004080040AD
:1010080005080040610D0A00450050004F004D00E2
:1010180041004B0045005200000032002E00340011
:101028004700200044006F006E0067006C006500F8
:10103800000053706C697436352D310053706C693B
:101048007436352D320053706C697436352D330083
:1010580053706C69743635204254340053706C698F
:10106800743635204254350000080040010800401D
:101078000208004003080040060000400A0400403F
:101088000B040040FFFFFFFFFFFFFFFF0C040040C1
:101098000D0400400E040040060800400708004008
:1010A80008080040090800400408004005080040FE
:1010B8000948032181620C21C162084890F8100395
:1010C800074900F00F000A68824200D0086000203B
:1010D800401C2328FCDB70470000014000F0FF1F84
:1010E800040401400748032181620C21C1620648BB
:1010F800016801F00F01082901D90821016000BF2A
:1011080000BF704700000140040401400000004097
:1011180001000040020000400300004004000040BD
:101128000D080040A900AA00A900AA00A900AA0069
:10113800A900AA0000000000000000000000000054
:1011480000000000000035001E001F0020002100E4
:1011580022002300000000002B0014001A000800E1
:1011680015001700000000000000390004001600F8
:10117800070009000A00000000000000E1001D004F
:101188001B00060019000500000000000000E00038
:10119800E300E200000000002C0000000000000056
:1011A8000000000000000000000000000000000037
:1011B800000024002500260027002D002E00000036
:1011C8002A00A8001C0018000C00120013002F00B1
:1011D800300031004C000B000D000E000F003300F2
:1011E8003400000028004B001100100036003700C2
:1011F80038000000E50052004E0000002C000000FE
:10120800E6002152E400500051004F0000000000A9
:10121800000000000000000000000000000029009D
:101228003A003B003C003D003E003F00000000004B
:101238004378007E017E027E037E170000000000D6
:101248000000390004000252070009000A000000EB
:1012580000000000E1001D00427806001900057E2C
:10126800000000000000067E0B70E2000000000095
:10127800077E0000000000000000000000000000E1
:101288000000000000000000000040004100420093
:101298004300440045000000037CA8001C0018001F
:1012A8000C001200130046784578310049000B0005
:1012B8000D000E000F0048784778000028004A000B
:1012C800137010003600370038000000E500497838
:1012D8004D0000002C000000E6000000E4004C78FF
:1012E8004A784B7800000000000000000000000071
:1012F80000000000000035001E001F002000210033
:1013080022002300000000002B0014001A0008002F
:101318001500170000000000000039000400160046
:10132800070009000A00000000000000E1001D009D
:101338001B00060019000500000000000000E00086
:10134800E200E300000000002C00000000000000A4
:101358000000000000000000000000000000000085
:10136800000024002500260027002D002E00000084
:101378002A00A8001C0018000C00120013002F00FF
:10138800300031004C000B000D000E000F00330040
:101398003400000028004B00110010003600370010
:1013A80038000000E50052004E0000002C0000004C
:1013B800E7002352E400500051004F0000000000F5
:1013C80000000000000000000000000000002900EC
:1013D8003A003B003C003D003E003F00000000009A
:1013E8004378007E017E027E037E17000000000025
:1013F8000000390000521600070009000A0000002A
:1014080000000000E1001D00427806001900057E7A
:10141800000000000000067EE200E300000000007B
:10142800077E00000000000000000000000000002F
:1014380000000000000000000000400041004200E1
:101448004300440045000000037CA8001C0018006D
:101458000C001200130046784578310049000B0053
:101468000D000E000F0048784778000028004A0059
:10147800137010003600370038000000E500497886
:101488004D0000002C000000E700E600E4004C7866
:101498004A784B78E200E900EA00B500B600B700E8
:1014A800CD008301CC008A0192019401210223021C
:1014B80024022502260227022A02B300B4006F0084
:1014C80070009F01CB019F02A002E200E900EA0040
:1014D800B500B600B700CD008301CC008A019201A7
:1014E80094012102230224022502260227022A024D
:1014F800B300B4006F0070009F01CB019F02A002EF
:10150800F81F0020003131295A1B750AFF0000001E
:10151800B1B60008E9B6000801B700081DB7000811
:10152800000101010101010101010202020202029E
:101538000202020303030303030303040404040471
:101548000404050505050506060606060707070738
:101558000708080808090909090A0A0A0B0B0B0CED
:101568000C0C0D0D0D0E0E0E0F0F0F10101111118A
:10157800121213131414151516161717181819190B
:101588001A1A1B1B1C1D1D1E1E1F20202122222370
:101598002424252626272829292A2B2C2D2D2E2FB1
:1015A80030313232333435363738393A3B3C3D3EC8
:1015B8003F404142434445464748494A4C4D4E4FB7
:1015C80050515354555658595A5B5D5E5F61626479
:1015D800656668696B6C6D6F7072737577787A7B06
:1015E8007D7E8082838587888A8C8E8F919395965D
:1015F800989A9C9EA0A2A3A5A7A9ABADAFB1B3B57D
:10160800B7BABCBEC0C2C4C6C9CBCDCFD1D4D6D858
:10161800DBDDDFE2E4E7E9EBEEF0F3F5F8FAFDFFF6
:1016280000FF0100010000FFFF0000010001FF00B2
:1016380000000000000400400F000000000000004F
:101648002000000000000000000000000000000072
:101658000000000000000000000000000000000082
:101668000000000000000000000000002A2B2800F5
:101678000000000000000000000000000000002939
:10168800000000002C1E3420212224342627252E79
:10169800362D3738271E1F202122232425263333B1
:1016A800362E37381F0405060708090A0B0C0D0EDD
:1016B8000F101112131415161718191A1B1C1D2FA9
:1016C8003130232D350405060708090A0B0C0D0EC9
:1016D8000F101112131415161718191A1B1C1D2F89
:1016E8003130354C000000007E0F00D4FFFFFFC7EB
:1016F80000000078D1D9000839D9000819D80008A5
:101708000000000039170108521701087217010874
:101718009417010802180108241801084422B60980
:10172800025B00030100A0FA0904000001030101A3
:101738000009211101000122440007058103080066
:101748000109040100020300000009211101000140
:10175800222200070582032000010705020320005A
:101768000109040200010300000009211101000120
:1017780022B60007058303200001120100020000C1
:1017880000402D34C6E430000102030105010906BA
:10179800A101050719E029E715002501950875013C
:1017A80081029501750881010507190029FF1500B7
:1017B80026FF0095067508810005081901290515F9
:1017C800002501950575019102950175039101C0E8
:1017D800040309041203450050004F004D00410066
:1017E8004B004500520000001003530070006C00CD
:1017F800690074003600350000000660FF0961A129
:10180800010962150026FF00952075088102096309
:10181800150026FF00952075089102C005010902F0
:10182800A10185020901A10005091901290815006E
:1018380025019508750181020501093009311581D5
:10184800257F95027508810609381581257F950140
:1018580075088106050C0A38021581257F950175E2
:10186800088106C0C005010980A101850319012A64
:10187800B700150126B700950175108100C0050C49
:101888000901A101850419012AA002150126A00257
:10189800950175108100C005010906A1018506059D
:1018A8000719E029E715002501950875018102054A
:1018B80007190029EF1500250195F075018102052A
:1018C800081901290595057501910295017503917E
:1018D80001C0303132333435363738394142434428
:1018E80045460000C42201088C4F00208C4F002080
:1018F8008C4F0020C42201080000000000000000F6
:1019080000000000C42201080000000000000000E0
:1019180000000000C42201080000000000000000D0
:1019280000000000C42201080000000000000000C0
:1019380000000000C42201080000000000000000B0
:1019480000000000C42201080000000000000000A0
:1019580000000000C4220108000000000000000090
:1019680000000000633000006C190108F03E002000
:10197800004000206D61696E0069646C65000000BC
:101988000000000079F3000869F3000899F30008E3
:1019980089F3000893F3000883F3000873F3000841
:1019A80063F30008A3F30008000001000000657855
:1019B8006974006B696C6C000096000003000000FD
:1019C80000000000E9F700086D060108C9060108D3
:1019D80040004000004000200040002001000000BE
:1019E800144000205245454E54206D616C6C6F6365
:1019F8002073756363656564656400002E2E2F2E61
:101A08002E2F2E2E2F2E2E2F2E2E2F2E2E2F2E2EE9
:101A18002F2E2E2F6E65776C69622F6C6962632F8B
:101A28007374646C69622F72616E642E63000000C7
:101A38002C2066756E6374696F6E3A200000000092
:101A4800617373657274696F6E2022257322206634
:101A580061696C65643A2066696C65202225732289
:101A68002C206C696E65202564257325730A000097
:101A7800232D302B20000000686C4C0065666745FC
:101A88004647000030313233343536373839414231
:101A98004344454600000000303132333435363790
:0C1AA8003839616263646566000000006C
:081AB40090E7FE7F0100000035
:101ABC00040C002000000000880F0108680F0108CA
:101ACC00480F0108000000000000000000000000AA
:101ADC0000000000000000000000000000000000FA
:101AEC0000000000000000000000000000000000EA
:101AFC0000000000000000000000000000000000DA
:101B0C0000000000000000000000000000000000C9
:101B1C00000000000000FF000927000889270008CA
:101B2C0051290008D12700082D28000800000000CA
:101B3C0001000000C0270900000000640E0802012B
:101B4C000101010101010001FFFFFFFFFFFFFFFF8A
:101B5C00FF1C1B1A19181716FFFF1011121314155E
:101B6C00FFFFFF020F0E0D0C0BFFFFFF0306070814
:101B7C00090AFFFFFF040105FFFF00FFFFFFFFFF46
:101B8C00FFFFFFFFFFFFFF1D1E1F202122FF23FF72
:101B9C002C2B2A2928272625242D2E2F303132FFB5
:101BAC0033343C3B3A3938FF373635FF3DFF3E3F47
:101BBC00404142434140134005200930024024403B
:101BCC001F302D303B30483056304F2041203420D0
:101BDC002620182003101510221030103E104C1027
:101BEC0053004500370029001C000E000000600067
:101BFC006E007C008A009800A500BA00D210BE10BE
:101C0C00AC109F1091108310751067105A105D2046
:101C1C006B20792086209420A220B820D220D230AC
:101C2C00C130AE309B308D308030723064306B40C0
:101C3C0086409440A240B040BF40D240040404040B
:101C4C000404040404040404040404040404040448
:101C5C000404040404040404040404040404040438
:101C6C000404040404040404040404040404040428
:101C7C000404040404040404040404040404040418
:101C8C007C1F0020841F0020F17200080008004017
:101C9C000108004002080040030800400600004014
:101CAC000A0400400B040040FFFFFFFFFFFFFFFF93
:101CBC000000004001000040020000400300004012
:101CCC00040000400D08004000000000010000006E
:101CDC0000000000000000000C00020000000000EA
:101CEC000C000E00000000000000000000000000CE
:101CFC0001001A00000000000000000008001B009A
:101D0C000000000000000000000000000578000842
:101D1C000400240000000000000000000100280066
:101D2C00000000000000000001002900000000007D
:101D3C000000000001002A0000000000000000006C
:101D4C000C002C0000000000000000000400380013
:101D5C0000000000E577000820003C0000000000B7
:101D6C0000000000010039000000000009780008A4
:101D7C000000000020005C000000000000000000DB
:101D8C000000000000000000450045004500450033
:101D9C00450000FF00FFFF03390501140A1E015026
:101DAC0008280301020000010000000000C201002D
:101DBC0003000000744D002000960000030000009A
:101DCC0061D1000889DC00089FDC0008A9DC000850
:101DDC00B3DC0008BDDC00080000000000000000BF
:101DEC0002000000000000000000000000000000E5
:101DFC0000000000000000000000000000000000D7
:101E0C0000000000000000000000000000000000C6
:101E1C0000000000000000000000000000000000B6
:101E2C00060000000000000000000000030000009D
:101E3C000000000000000000000000000000000096
:101E4C000000000000000000000000000000000086
:101E5C000000000000000000000000000000000076
:101E6C000000000000000000000000000300000063
:101E7C000000000000000000000000000000000056
:101E8C000000000000000000000000000000000046
:101E9C000000000000000000000000000000000036
:101EAC000000000000000000000000000000000026
:101EBC00000000000000000020000000C00F002007
:101ECC000C10002071E2000851E2000887E20008C3
:101EDC0069E3000885E3000891E3000800000000B6
:101EEC0000000000040000000000000000000000E2
:101EFC0000000000000000000000000000000000D6
:101F0C0000000000000000000000000000000000C5
:101F1C0000000000000000000000000000000000B5
:101F2C0000000000030000000000000000000000A2
:101F3C00060000000000000000000000000000008F
:101F4C000000000000000000000000000000000085
:101F5C000000000000000000000000000000000075
:101F6C000000000000000000000000000000000065
:101F7C00200000000000000000000000280F0020DE
:101F8C00740F00202C10002000000000781000209E
:101F9C000000000000000000C4100020CDE200088A
:101FAC00A5E20008E9E20008E1E3000805E4000806
:101FBC001DE400080000000000000000000000000C
:101FCC000000000000000000000000000000000005
:101FDC0000000000000000000000000000000000F5
:101FEC0000000000000000000000000000000000E5
:101FFC0000000000000000000000000008000000CD
:10200C00041100205011002071E2000851E2000878
:10201C0087E2000869E3000885E3000891E3000803
:10202C0001020000000000000000000000000000A1
:10203C000000000000000000000000000000000094
:10204C000000000000000000000000000000000084
:10205C000000000000000000000000000300000071
:10206C000000000051E0000800000000200000000B
:10207C000000000000000000020000000000000052
:10208C000000000000000000000000000000000044
:10209C000000000000000000000000000000000034
:1020AC00000000000000000000000000384F00207D
:1020BC00030000000400000020000000C03D0020D0
:1020CC000000000000000000E810002000000000EC
:1020DC0000000000000000000000000000000000F4
:1020EC0000000000000000000000000000000000E4
:1020FC0000000000000000000000000000000000D4
:10210C0000000000030000000000000051E0000887
:10211C0000000000080000000000000000000000AB
:10212C0002000000000000000000000000000000A1
:10213C000000000000000000000000000000000093
:10214C000000000000000000000000000000000083
:10215C0000000000384F00200100000004000000C7
:10216C0008000000703C002000000000000000008F
:10217C0054110020000000000000000000000000CE
:10218C000000000000000000000000000000000043
:10219C000000000000000000000000000000000033
:1021AC000000000000000000000000000300000020
:1021BC000000000051E00008E7E0000820002000CB
:1021CC000000000000000000020000000000000001
:1021DC0000000000000000000000000000000000F3
:1021EC0000000000000000000000000000000000E3
:1021FC00000000000000000001000000384F00202B
:10220C00020000000400000020000000A03C0020A0
:10221C000000000000000000101000200000000072
:10222C0000000000000000000000000000000000A2
:10223C000000000000000000000000000000000092
:10224C000000000000000000000000000000000082
:10225C000000000000000000000000000000000072
:10226C000000000000000000000000000000000062
:10227C000000000000000000000000000000000052
:10228C00000000000000000000000000384F00209B
:10229C00020000000400000020000000303D00207F
:1022AC0000000000F4130020F413002000000000D4
:0822BC000000000000D8B80585
:04000005080001B935
:00000001FF
